episode,total_steps,wall_s,algo,level,return_scaled,return_raw,length,secondary,x_pos_max,covered_px,pages,flag_get,death_cause,warped,time_left,coins,score,areas,max_area
0,50,6.7,rainbow_cnn_dqn,,-4.5,,50,0,,,,,,,,,,,
1,100,9.2,rainbow_cnn_dqn,,-6.9,,50,0,,,,,,,,,,,
2,150,9.6,rainbow_cnn_dqn,,-5.1,,50,0,,,,,,,,,,,
3,200,10.0,rainbow_cnn_dqn,,-6.3,,50,0,,,,,,,,,,,
4,250,10.3,rainbow_cnn_dqn,,-6.3,,50,0,,,,,,,,,,,
5,300,11.0,rainbow_cnn_dqn,,-5.1,,50,0,,,,,,,,,,,
6,350,11.4,rainbow_cnn_dqn,,-5.7,,50,0,,,,,,,,,,,
7,400,11.8,rainbow_cnn_dqn,,-6.9,,50,0,,,,,,,,,,,
8,450,12.1,rainbow_cnn_dqn,,-6.9,,50,0,,,,,,,,,,,
9,500,12.5,rainbow_cnn_dqn,,-7.5,,50,0,,,,,,,,,,,
10,550,12.9,rainbow_cnn_dqn,,-2.7,,50,0,,,,,,,,,,,
11,600,13.3,rainbow_cnn_dqn,,-8.1,,50,0,,,,,,,,,,,
12,650,13.6,rainbow_cnn_dqn,,-6.3,,50,0,,,,,,,,,,,
13,700,14.0,rainbow_cnn_dqn,,-6.3,,50,0,,,,,,,,,,,
14,750,14.4,rainbow_cnn_dqn,,-6.9,,50,0,,,,,,,,,,,
15,800,14.8,rainbow_cnn_dqn,,-6.3,,50,0,,,,,,,,,,,
16,850,15.1,rainbow_cnn_dqn,,-6.3,,50,0,,,,,,,,,,,
17,900,15.5,rainbow_cnn_dqn,,-6.3,,50,0,,,,,,,,,,,
18,950,15.9,rainbow_cnn_dqn,,-4.5,,50,0,,,,,,,,,,,
19,1000,16.2,rainbow_cnn_dqn,,-6.9,,50,0,,,,,,,,,,,
20,1050,16.6,rainbow_cnn_dqn,,-6.3,,50,0,,,,,,,,,,,
21,1100,17.0,rainbow_cnn_dqn,,-7.5,,50,0,,,,,,,,,,,
22,1150,17.4,rainbow_cnn_dqn,,-4.5,,50,0,,,,,,,,,,,
23,1200,17.7,rainbow_cnn_dqn,,-4.5,,50,0,,,,,,,,,,,
24,1250,18.1,rainbow_cnn_dqn,,-5.7,,50,0,,,,,,,,,,,
25,1300,18.5,rainbow_cnn_dqn,,-3.9,,50,0,,,,,,,,,,,
26,1350,18.8,rainbow_cnn_dqn,,-6.9,,50,0,,,,,,,,,,,
27,1400,19.2,rainbow_cnn_dqn,,-6.9,,50,0,,,,,,,,,,,
28,1450,19.6,rainbow_cnn_dqn,,-0.9,,50,0,,,,,,,,,,,
29,1500,20.0,rainbow_cnn_dqn,,-4.5,,50,0,,,,,,,,,,,
30,1550,20.3,rainbow_cnn_dqn,,-6.9,,50,0,,,,,,,,,,,
31,1600,20.7,rainbow_cnn_dqn,,-2.7,,50,0,,,,,,,,,,,
32,1650,21.4,rainbow_cnn_dqn,,-4.5,,50,0,,,,,,,,,,,
33,1700,21.8,rainbow_cnn_dqn,,-6.3,,50,0,,,,,,,,,,,
34,1750,22.1,rainbow_cnn_dqn,,-2.1,,50,0,,,,,,,,,,,
35,1800,22.5,rainbow_cnn_dqn,,-7.5,,50,0,,,,,,,,,,,
36,1850,22.9,rainbow_cnn_dqn,,-3.3,,50,0,,,,,,,,,,,
37,1900,23.3,rainbow_cnn_dqn,,-6.9,,50,0,,,,,,,,,,,
38,1950,23.6,rainbow_cnn_dqn,,-6.3,,50,0,,,,,,,,,,,
39,2000,24.0,rainbow_cnn_dqn,,-4.5,,50,0,,,,,,,,,,,
40,2050,24.4,rainbow_cnn_dqn,,-6.9,,50,0,,,,,,,,,,,
41,2100,24.7,rainbow_cnn_dqn,,-3.9,,50,0,,,,,,,,,,,
42,2150,25.1,rainbow_cnn_dqn,,-3.9,,50,0,,,,,,,,,,,
43,2200,25.5,rainbow_cnn_dqn,,-2.7,,50,0,,,,,,,,,,,
44,2250,25.9,rainbow_cnn_dqn,,-7.5,,50,0,,,,,,,,,,,
45,2300,26.2,rainbow_cnn_dqn,,-5.7,,50,0,,,,,,,,,,,
46,2350,26.6,rainbow_cnn_dqn,,-3.9,,50,0,,,,,,,,,,,
47,2400,27.0,rainbow_cnn_dqn,,-6.9,,50,0,,,,,,,,,,,
48,2450,27.3,rainbow_cnn_dqn,,-5.1,,50,0,,,,,,,,,,,
49,2500,27.7,rainbow_cnn_dqn,,-2.1,,50,0,,,,,,,,,,,
50,2550,28.1,rainbow_cnn_dqn,,-5.1,,50,0,,,,,,,,,,,
51,2600,28.5,rainbow_cnn_dqn,,0.3,,50,0,,,,,,,,,,,
52,2650,28.8,rainbow_cnn_dqn,,-6.3,,50,0,,,,,,,,,,,
53,2700,29.2,rainbow_cnn_dqn,,-7.5,,50,0,,,,,,,,,,,
54,2750,29.6,rainbow_cnn_dqn,,-3.9,,50,0,,,,,,,,,,,
55,2800,30.0,rainbow_cnn_dqn,,0.9,,50,0,,,,,,,,,,,
56,2850,30.3,rainbow_cnn_dqn,,-5.7,,50,0,,,,,,,,,,,
57,2900,30.7,rainbow_cnn_dqn,,-6.9,,50,0,,,,,,,,,,,
58,2950,31.1,rainbow_cnn_dqn,,-6.3,,50,0,,,,,,,,,,,
59,3000,31.8,rainbow_cnn_dqn,,-7.5,,50,0,,,,,,,,,,,
60,3050,32.1,rainbow_cnn_dqn,,-2.7,,50,0,,,,,,,,,,,
61,3100,32.5,rainbow_cnn_dqn,,-6.3,,50,0,,,,,,,,,,,
62,3150,32.9,rainbow_cnn_dqn,,-3.9,,50,0,,,,,,,,,,,
63,3200,33.2,rainbow_cnn_dqn,,-4.5,,50,0,,,,,,,,,,,
64,3250,33.6,rainbow_cnn_dqn,,-5.1,,50,0,,,,,,,,,,,
65,3300,34.0,rainbow_cnn_dqn,,-6.9,,50,0,,,,,,,,,,,
66,3350,34.4,rainbow_cnn_dqn,,-6.9,,50,0,,,,,,,,,,,
67,3400,34.7,rainbow_cnn_dqn,,-3.3,,50,0,,,,,,,,,,,
68,3450,35.1,rainbow_cnn_dqn,,-3.3,,50,0,,,,,,,,,,,
69,3500,35.5,rainbow_cnn_dqn,,-6.9,,50,0,,,,,,,,,,,
70,3550,35.8,rainbow_cnn_dqn,,-4.5,,50,0,,,,,,,,,,,
71,3600,36.2,rainbow_cnn_dqn,,-6.3,,50,0,,,,,,,,,,,
72,3650,36.6,rainbow_cnn_dqn,,-6.9,,50,0,,,,,,,,,,,
73,3700,37.0,rainbow_cnn_dqn,,-5.1,,50,0,,,,,,,,,,,
74,3750,37.3,rainbow_cnn_dqn,,-5.7,,50,0,,,,,,,,,,,
75,3800,37.7,rainbow_cnn_dqn,,-6.3,,50,0,,,,,,,,,,,
76,3850,38.1,rainbow_cnn_dqn,,-6.3,,50,0,,,,,,,,,,,
77,3900,38.4,rainbow_cnn_dqn,,-2.7,,50,0,,,,,,,,,,,
78,3950,38.8,rainbow_cnn_dqn,,-4.5,,50,0,,,,,,,,,,,
79,4000,39.2,rainbow_cnn_dqn,,-6.9,,50,0,,,,,,,,,,,
80,4050,39.6,rainbow_cnn_dqn,,-3.9,,50,0,,,,,,,,,,,
81,4100,39.9,rainbow_cnn_dqn,,-2.1,,50,0,,,,,,,,,,,
82,4150,40.3,rainbow_cnn_dqn,,-5.7,,50,0,,,,,,,,,,,
83,4200,40.7,rainbow_cnn_dqn,,-5.7,,50,0,,,,,,,,,,,
84,4250,41.0,rainbow_cnn_dqn,,-7.5,,50,0,,,,,,,,,,,
85,4300,41.4,rainbow_cnn_dqn,,-6.9,,50,0,,,,,,,,,,,
86,4350,42.2,rainbow_cnn_dqn,,-5.1,,50,0,,,,,,,,,,,
87,4400,42.6,rainbow_cnn_dqn,,-6.9,,50,0,,,,,,,,,,,
88,4450,43.0,rainbow_cnn_dqn,,-2.7,,50,0,,,,,,,,,,,
89,4500,43.4,rainbow_cnn_dqn,,-3.9,,50,0,,,,,,,,,,,
90,4550,43.8,rainbow_cnn_dqn,,-6.9,,50,0,,,,,,,,,,,
91,4600,44.1,rainbow_cnn_dqn,,-3.3,,50,0,,,,,,,,,,,
92,4650,44.5,rainbow_cnn_dqn,,-4.5,,50,0,,,,,,,,,,,
93,4700,44.9,rainbow_cnn_dqn,,-6.3,,50,0,,,,,,,,,,,
94,4750,45.3,rainbow_cnn_dqn,,-0.9,,50,0,,,,,,,,,,,
95,4800,45.7,rainbow_cnn_dqn,,-5.7,,50,0,,,,,,,,,,,
96,4850,46.0,rainbow_cnn_dqn,,-2.1,,50,0,,,,,,,,,,,
97,4900,46.4,rainbow_cnn_dqn,,-5.1,,50,0,,,,,,,,,,,
98,4950,46.8,rainbow_cnn_dqn,,-5.1,,50,0,,,,,,,,,,,
99,5000,47.1,rainbow_cnn_dqn,,-7.5,,50,0,,,,,,,,,,,
100,5050,47.5,rainbow_cnn_dqn,,-5.7,,50,0,,,,,,,,,,,
101,5100,47.9,rainbow_cnn_dqn,,-6.3,,50,0,,,,,,,,,,,
102,5150,48.3,rainbow_cnn_dqn,,-7.5,,50,0,,,,,,,,,,,
103,5200,48.6,rainbow_cnn_dqn,,-3.9,,50,0,,,,,,,,,,,
104,5250,49.0,rainbow_cnn_dqn,,-7.5,,50,0,,,,,,,,,,,
105,5300,49.4,rainbow_cnn_dqn,,-1.5,,50,0,,,,,,,,,,,
106,5350,49.7,rainbow_cnn_dqn,,-5.1,,50,0,,,,,,,,,,,
107,5400,50.1,rainbow_cnn_dqn,,-5.7,,50,0,,,,,,,,,,,
108,5450,50.5,rainbow_cnn_dqn,,-3.3,,50,0,,,,,,,,,,,
109,5500,50.9,rainbow_cnn_dqn,,-5.1,,50,0,,,,,,,,,,,
110,5550,51.2,rainbow_cnn_dqn,,-5.7,,50,0,,,,,,,,,,,
111,5600,51.6,rainbow_cnn_dqn,,-5.1,,50,0,,,,,,,,,,,
112,5650,52.0,rainbow_cnn_dqn,,-5.1,,50,0,,,,,,,,,,,
113,5700,52.6,rainbow_cnn_dqn,,-7.5,,50,0,,,,,,,,,,,
114,5750,53.0,rainbow_cnn_dqn,,-6.3,,50,0,,,,,,,,,,,
115,5800,53.4,rainbow_cnn_dqn,,-5.7,,50,0,,,,,,,,,,,
116,5850,53.8,rainbow_cnn_dqn,,-3.9,,50,0,,,,,,,,,,,
117,5900,54.1,rainbow_cnn_dqn,,-6.3,,50,0,,,,,,,,,,,
118,5950,54.5,rainbow_cnn_dqn,,-5.7,,50,0,,,,,,,,,,,
119,6000,54.9,rainbow_cnn_dqn,,-5.1,,50,0,,,,,,,,,,,
120,6050,55.2,rainbow_cnn_dqn,,-6.9,,50,0,,,,,,,,,,,
121,6100,55.6,rainbow_cnn_dqn,,-4.5,,50,0,,,,,,,,,,,
122,6150,56.0,rainbow_cnn_dqn,,-4.5,,50,0,,,,,,,,,,,
123,6200,56.4,rainbow_cnn_dqn,,-5.1,,50,0,,,,,,,,,,,
124,6250,56.7,rainbow_cnn_dqn,,-0.9,,50,0,,,,,,,,,,,
125,6300,57.1,rainbow_cnn_dqn,,-5.7,,50,0,,,,,,,,,,,
126,6350,57.5,rainbow_cnn_dqn,,-6.3,,50,0,,,,,,,,,,,
127,6400,57.9,rainbow_cnn_dqn,,-6.9,,50,0,,,,,,,,,,,
128,6450,58.2,rainbow_cnn_dqn,,-6.9,,50,0,,,,,,,,,,,
129,6500,58.6,rainbow_cnn_dqn,,-6.9,,50,0,,,,,,,,,,,
130,6550,59.0,rainbow_cnn_dqn,,-2.7,,50,0,,,,,,,,,,,
131,6600,59.3,rainbow_cnn_dqn,,-6.3,,50,0,,,,,,,,,,,
132,6650,59.7,rainbow_cnn_dqn,,-4.5,,50,0,,,,,,,,,,,
133,6700,60.1,rainbow_cnn_dqn,,-5.7,,50,0,,,,,,,,,,,
134,6750,60.5,rainbow_cnn_dqn,,-6.3,,50,0,,,,,,,,,,,
135,6800,60.8,rainbow_cnn_dqn,,-8.1,,50,0,,,,,,,,,,,
136,6850,61.2,rainbow_cnn_dqn,,-2.1,,50,0,,,,,,,,,,,
137,6900,61.6,rainbow_cnn_dqn,,-1.5,,50,0,,,,,,,,,,,
138,6950,62.0,rainbow_cnn_dqn,,-2.1,,50,0,,,,,,,,,,,
139,7000,62.3,rainbow_cnn_dqn,,-6.9,,50,0,,,,,,,,,,,
140,7050,63.0,rainbow_cnn_dqn,,2.1,,50,0,,,,,,,,,,,
141,7100,63.4,rainbow_cnn_dqn,,-1.5,,50,0,,,,,,,,,,,
142,7150,63.8,rainbow_cnn_dqn,,-2.7,,50,0,,,,,,,,,,,
143,7200,64.1,rainbow_cnn_dqn,,-6.3,,50,0,,,,,,,,,,,
144,7250,64.5,rainbow_cnn_dqn,,-6.9,,50,0,,,,,,,,,,,
145,7300,64.9,rainbow_cnn_dqn,,-5.7,,50,0,,,,,,,,,,,
146,7350,65.3,rainbow_cnn_dqn,,-7.5,,50,0,,,,,,,,,,,
147,7400,65.6,rainbow_cnn_dqn,,-3.9,,50,0,,,,,,,,,,,
148,7450,66.0,rainbow_cnn_dqn,,-7.5,,50,0,,,,,,,,,,,
149,7500,66.4,rainbow_cnn_dqn,,-7.5,,50,0,,,,,,,,,,,
150,7550,66.7,rainbow_cnn_dqn,,-2.1,,50,0,,,,,,,,,,,
151,7600,67.1,rainbow_cnn_dqn,,-5.7,,50,0,,,,,,,,,,,
152,7650,67.5,rainbow_cnn_dqn,,-2.7,,50,0,,,,,,,,,,,
153,7700,67.9,rainbow_cnn_dqn,,-2.7,,50,0,,,,,,,,,,,
154,7750,68.2,rainbow_cnn_dqn,,-5.7,,50,0,,,,,,,,,,,
155,7800,68.6,rainbow_cnn_dqn,,-7.5,,50,0,,,,,,,,,,,
156,7850,69.0,rainbow_cnn_dqn,,-8.1,,50,0,,,,,,,,,,,
157,7900,69.4,rainbow_cnn_dqn,,-5.7,,50,0,,,,,,,,,,,
158,7950,69.7,rainbow_cnn_dqn,,-3.9,,50,0,,,,,,,,,,,
159,8000,70.1,rainbow_cnn_dqn,,-5.1,,50,0,,,,,,,,,,,
160,8050,70.5,rainbow_cnn_dqn,,-2.7,,50,0,,,,,,,,,,,
161,8100,70.8,rainbow_cnn_dqn,,-5.1,,50,0,,,,,,,,,,,
162,8150,71.2,rainbow_cnn_dqn,,-6.3,,50,0,,,,,,,,,,,
163,8200,71.6,rainbow_cnn_dqn,,-6.3,,50,0,,,,,,,,,,,
164,8250,72.0,rainbow_cnn_dqn,,-6.3,,50,0,,,,,,,,,,,
165,8300,72.3,rainbow_cnn_dqn,,-5.7,,50,0,,,,,,,,,,,
166,8350,72.7,rainbow_cnn_dqn,,-6.3,,50,0,,,,,,,,,,,
167,8400,73.5,rainbow_cnn_dqn,,-5.1,,50,0,,,,,,,,,,,
168,8450,73.9,rainbow_cnn_dqn,,-5.1,,50,0,,,,,,,,,,,
169,8500,74.2,rainbow_cnn_dqn,,-6.9,,50,0,,,,,,,,,,,
170,8550,74.6,rainbow_cnn_dqn,,-5.7,,50,0,,,,,,,,,,,
171,8600,75.0,rainbow_cnn_dqn,,-6.9,,50,0,,,,,,,,,,,
172,8650,75.4,rainbow_cnn_dqn,,-5.7,,50,0,,,,,,,,,,,
173,8700,75.7,rainbow_cnn_dqn,,3.9,,50,0,,,,,,,,,,,
174,8750,76.1,rainbow_cnn_dqn,,-5.7,,50,0,,,,,,,,,,,
175,8800,76.5,rainbow_cnn_dqn,,-6.9,,50,0,,,,,,,,,,,
176,8850,76.9,rainbow_cnn_dqn,,-5.7,,50,0,,,,,,,,,,,
177,8900,77.2,rainbow_cnn_dqn,,-6.3,,50,0,,,,,,,,,,,
178,8950,77.6,rainbow_cnn_dqn,,-4.5,,50,0,,,,,,,,,,,
179,9000,78.0,rainbow_cnn_dqn,,-3.3,,50,0,,,,,,,,,,,
180,9050,78.3,rainbow_cnn_dqn,,-5.1,,50,0,,,,,,,,,,,
181,9100,78.7,rainbow_cnn_dqn,,-6.9,,50,0,,,,,,,,,,,
182,9150,79.1,rainbow_cnn_dqn,,-5.7,,50,0,,,,,,,,,,,
183,9200,79.5,rainbow_cnn_dqn,,-5.1,,50,0,,,,,,,,,,,
184,9250,79.8,rainbow_cnn_dqn,,-7.5,,50,0,,,,,,,,,,,
185,9300,80.2,rainbow_cnn_dqn,,-7.5,,50,0,,,,,,,,,,,
186,9350,80.6,rainbow_cnn_dqn,,-6.9,,50,0,,,,,,,,,,,
187,9400,81.0,rainbow_cnn_dqn,,-5.7,,50,0,,,,,,,,,,,
188,9450,81.3,rainbow_cnn_dqn,,-6.9,,50,0,,,,,,,,,,,
189,9500,81.7,rainbow_cnn_dqn,,-5.7,,50,0,,,,,,,,,,,
190,9550,82.1,rainbow_cnn_dqn,,-7.5,,50,0,,,,,,,,,,,
191,9600,82.4,rainbow_cnn_dqn,,-8.1,,50,0,,,,,,,,,,,
192,9650,82.8,rainbow_cnn_dqn,,-4.5,,50,0,,,,,,,,,,,
193,9700,83.2,rainbow_cnn_dqn,,-6.3,,50,0,,,,,,,,,,,
194,9750,83.9,rainbow_cnn_dqn,,-6.3,,50,0,,,,,,,,,,,
195,9800,84.2,rainbow_cnn_dqn,,-5.1,,50,0,,,,,,,,,,,
196,9850,84.6,rainbow_cnn_dqn,,-5.1,,50,0,,,,,,,,,,,
197,9900,85.0,rainbow_cnn_dqn,,-5.7,,50,0,,,,,,,,,,,
198,9950,85.4,rainbow_cnn_dqn,,-7.5,,50,0,,,,,,,,,,,
199,10000,85.7,rainbow_cnn_dqn,,-3.9,,50,0,,,,,,,,,,,
200,10050,86.1,rainbow_cnn_dqn,,-4.5,,50,0,,,,,,,,,,,
201,10100,86.5,rainbow_cnn_dqn,,-3.9,,50,0,,,,,,,,,,,
202,10150,86.8,rainbow_cnn_dqn,,-6.3,,50,0,,,,,,,,,,,
203,10200,87.2,rainbow_cnn_dqn,,-2.1,,50,0,,,,,,,,,,,
204,10250,87.6,rainbow_cnn_dqn,,-5.1,,50,0,,,,,,,,,,,
205,10300,88.0,rainbow_cnn_dqn,,-6.9,,50,0,,,,,,,,,,,
206,10350,88.3,rainbow_cnn_dqn,,-1.5,,50,0,,,,,,,,,,,
207,10400,88.7,rainbow_cnn_dqn,,-4.5,,50,0,,,,,,,,,,,
208,10450,89.1,rainbow_cnn_dqn,,-6.3,,50,0,,,,,,,,,,,
209,10500,89.5,rainbow_cnn_dqn,,-5.1,,50,0,,,,,,,,,,,
210,10550,89.8,rainbow_cnn_dqn,,-3.3,,50,0,,,,,,,,,,,
211,10600,90.2,rainbow_cnn_dqn,,-3.9,,50,0,,,,,,,,,,,
212,10650,90.6,rainbow_cnn_dqn,,-6.3,,50,0,,,,,,,,,,,
213,10700,91.0,rainbow_cnn_dqn,,-6.9,,50,0,,,,,,,,,,,
214,10750,91.3,rainbow_cnn_dqn,,-6.9,,50,0,,,,,,,,,,,
215,10800,91.7,rainbow_cnn_dqn,,-6.9,,50,0,,,,,,,,,,,
216,10850,92.1,rainbow_cnn_dqn,,-6.9,,50,0,,,,,,,,,,,
217,10900,92.4,rainbow_cnn_dqn,,-7.5,,50,0,,,,,,,,,,,
218,10950,92.8,rainbow_cnn_dqn,,-8.1,,50,0,,,,,,,,,,,
219,11000,93.2,rainbow_cnn_dqn,,-6.3,,50,0,,,,,,,,,,,
220,11050,93.6,rainbow_cnn_dqn,,-7.5,,50,0,,,,,,,,,,,
221,11100,94.2,rainbow_cnn_dqn,,-0.9,,50,0,,,,,,,,,,,
222,11150,94.6,rainbow_cnn_dqn,,-7.5,,50,0,,,,,,,,,,,
223,11200,95.0,rainbow_cnn_dqn,,-6.9,,50,0,,,,,,,,,,,
224,11250,95.3,rainbow_cnn_dqn,,-6.3,,50,0,,,,,,,,,,,
225,11300,95.7,rainbow_cnn_dqn,,-4.5,,50,0,,,,,,,,,,,
226,11350,96.1,rainbow_cnn_dqn,,-5.7,,50,0,,,,,,,,,,,
227,11400,96.5,rainbow_cnn_dqn,,-4.5,,50,0,,,,,,,,,,,
228,11450,96.8,rainbow_cnn_dqn,,-3.3,,50,0,,,,,,,,,,,
229,11500,97.2,rainbow_cnn_dqn,,-6.3,,50,0,,,,,,,,,,,
230,11550,97.6,rainbow_cnn_dqn,,-3.3,,50,0,,,,,,,,,,,
231,11600,98.0,rainbow_cnn_dqn,,-4.5,,50,0,,,,,,,,,,,
232,11650,98.4,rainbow_cnn_dqn,,-6.3,,50,0,,,,,,,,,,,
233,11700,98.7,rainbow_cnn_dqn,,-5.7,,50,0,,,,,,,,,,,
234,11750,99.1,rainbow_cnn_dqn,,-6.3,,50,0,,,,,,,,,,,
235,11800,99.5,rainbow_cnn_dqn,,-2.1,,50,0,,,,,,,,,,,
236,11850,99.9,rainbow_cnn_dqn,,-5.7,,50,0,,,,,,,,,,,
237,11900,100.2,rainbow_cnn_dqn,,-6.9,,50,0,,,,,,,,,,,
238,11950,100.6,rainbow_cnn_dqn,,-5.1,,50,0,,,,,,,,,,,
239,12000,101.0,rainbow_cnn_dqn,,-2.1,,50,0,,,,,,,,,,,
240,12050,101.4,rainbow_cnn_dqn,,-5.7,,50,0,,,,,,,,,,,
241,12100,101.7,rainbow_cnn_dqn,,-5.7,,50,0,,,,,,,,,,,
242,12150,102.1,rainbow_cnn_dqn,,-2.1,,50,0,,,,,,,,,,,
243,12200,102.5,rainbow_cnn_dqn,,3.9,,50,0,,,,,,,,,,,
244,12250,102.8,rainbow_cnn_dqn,,-5.7,,50,0,,,,,,,,,,,
245,12300,103.2,rainbow_cnn_dqn,,3.3,,50,0,,,,,,,,,,,
246,12350,103.6,rainbow_cnn_dqn,,-8.1,,50,0,,,,,,,,,,,
247,12400,104.0,rainbow_cnn_dqn,,0.9,,50,0,,,,,,,,,,,
248,12450,104.6,rainbow_cnn_dqn,,-6.3,,50,0,,,,,,,,,,,
249,12500,105.0,rainbow_cnn_dqn,,-3.3,,50,0,,,,,,,,,,,
250,12550,105.4,rainbow_cnn_dqn,,-6.9,,50,0,,,,,,,,,,,
251,12600,105.7,rainbow_cnn_dqn,,3.9,,50,0,,,,,,,,,,,
252,12650,106.1,rainbow_cnn_dqn,,-5.1,,50,0,,,,,,,,,,,
253,12700,106.5,rainbow_cnn_dqn,,-3.9,,50,0,,,,,,,,,,,
254,12750,106.9,rainbow_cnn_dqn,,-6.9,,50,0,,,,,,,,,,,
255,12800,107.2,rainbow_cnn_dqn,,-6.9,,50,0,,,,,,,,,,,
256,12850,107.6,rainbow_cnn_dqn,,-6.3,,50,0,,,,,,,,,,,
257,12900,108.0,rainbow_cnn_dqn,,-3.9,,50,0,,,,,,,,,,,
258,12950,108.3,rainbow_cnn_dqn,,-6.9,,50,0,,,,,,,,,,,
259,13000,108.7,rainbow_cnn_dqn,,-3.3,,50,0,,,,,,,,,,,
260,13050,109.1,rainbow_cnn_dqn,,-4.5,,50,0,,,,,,,,,,,
261,13100,109.5,rainbow_cnn_dqn,,-2.1,,50,0,,,,,,,,,,,
262,13150,109.9,rainbow_cnn_dqn,,-5.7,,50,0,,,,,,,,,,,
263,13200,110.3,rainbow_cnn_dqn,,-5.7,,50,0,,,,,,,,,,,
264,13250,110.6,rainbow_cnn_dqn,,-8.1,,50,0,,,,,,,,,,,
265,13300,111.0,rainbow_cnn_dqn,,-3.9,,50,0,,,,,,,,,,,
266,13350,111.4,rainbow_cnn_dqn,,-2.7,,50,0,,,,,,,,,,,
267,13400,111.8,rainbow_cnn_dqn,,-4.5,,50,0,,,,,,,,,,,
268,13450,112.2,rainbow_cnn_dqn,,-6.3,,50,0,,,,,,,,,,,
269,13500,112.5,rainbow_cnn_dqn,,-6.9,,50,0,,,,,,,,,,,
270,13550,112.9,rainbow_cnn_dqn,,-6.3,,50,0,,,,,,,,,,,
271,13600,113.3,rainbow_cnn_dqn,,-5.1,,50,0,,,,,,,,,,,
272,13650,113.7,rainbow_cnn_dqn,,-6.3,,50,0,,,,,,,,,,,
273,13700,114.0,rainbow_cnn_dqn,,-5.1,,50,0,,,,,,,,,,,
274,13750,114.4,rainbow_cnn_dqn,,-4.5,,50,0,,,,,,,,,,,
275,13800,115.2,rainbow_cnn_dqn,,-6.9,,50,0,,,,,,,,,,,
276,13850,115.6,rainbow_cnn_dqn,,-5.1,,50,0,,,,,,,,,,,
277,13900,116.0,rainbow_cnn_dqn,,-6.3,,50,0,,,,,,,,,,,
278,13950,116.3,rainbow_cnn_dqn,,-6.3,,50,0,,,,,,,,,,,
279,14000,116.7,rainbow_cnn_dqn,,-5.1,,50,0,,,,,,,,,,,
280,14050,117.1,rainbow_cnn_dqn,,-6.3,,50,0,,,,,,,,,,,
281,14100,117.4,rainbow_cnn_dqn,,-5.7,,50,0,,,,,,,,,,,
282,14150,117.8,rainbow_cnn_dqn,,-5.7,,50,0,,,,,,,,,,,
283,14200,118.2,rainbow_cnn_dqn,,-4.5,,50,0,,,,,,,,,,,
284,14250,118.5,rainbow_cnn_dqn,,-3.3,,50,0,,,,,,,,,,,
285,14300,118.9,rainbow_cnn_dqn,,-6.9,,50,0,,,,,,,,,,,
286,14350,119.3,rainbow_cnn_dqn,,-2.1,,50,0,,,,,,,,,,,
287,14400,119.7,rainbow_cnn_dqn,,-6.9,,50,0,,,,,,,,,,,
288,14450,120.0,rainbow_cnn_dqn,,-2.1,,50,0,,,,,,,,,,,
289,14500,120.4,rainbow_cnn_dqn,,-5.7,,50,0,,,,,,,,,,,
290,14550,120.8,rainbow_cnn_dqn,,-6.3,,50,0,,,,,,,,,,,
291,14600,121.2,rainbow_cnn_dqn,,-6.3,,50,0,,,,,,,,,,,
292,14650,121.5,rainbow_cnn_dqn,,-7.5,,50,0,,,,,,,,,,,
293,14700,121.9,rainbow_cnn_dqn,,-6.3,,50,0,,,,,,,,,,,
294,14750,122.3,rainbow_cnn_dqn,,-6.3,,50,0,,,,,,,,,,,
295,14800,122.6,rainbow_cnn_dqn,,-2.7,,50,0,,,,,,,,,,,
296,14850,123.0,rainbow_cnn_dqn,,-6.3,,50,0,,,,,,,,,,,
297,14900,123.4,rainbow_cnn_dqn,,-0.3,,50,0,,,,,,,,,,,
298,14950,123.8,rainbow_cnn_dqn,,-8.1,,50,0,,,,,,,,,,,
299,15000,124.1,rainbow_cnn_dqn,,-7.5,,50,0,,,,,,,,,,,
300,15050,124.5,rainbow_cnn_dqn,,-6.3,,50,0,,,,,,,,,,,
301,15100,124.9,rainbow_cnn_dqn,,-6.9,,50,0,,,,,,,,,,,
302,15150,125.6,rainbow_cnn_dqn,,-3.9,,50,0,,,,,,,,,,,
303,15200,125.9,rainbow_cnn_dqn,,-4.5,,50,0,,,,,,,,,,,
304,15250,126.3,rainbow_cnn_dqn,,-6.3,,50,0,,,,,,,,,,,
305,15300,126.7,rainbow_cnn_dqn,,-6.9,,50,0,,,,,,,,,,,
306,15350,127.0,rainbow_cnn_dqn,,-2.1,,50,0,,,,,,,,,,,
307,15400,127.4,rainbow_cnn_dqn,,-5.1,,50,0,,,,,,,,,,,
308,15450,127.8,rainbow_cnn_dqn,,-3.9,,50,0,,,,,,,,,,,
309,15500,128.2,rainbow_cnn_dqn,,3.9,,50,0,,,,,,,,,,,
310,15550,128.5,rainbow_cnn_dqn,,-5.7,,50,0,,,,,,,,,,,
311,15600,128.9,rainbow_cnn_dqn,,-6.9,,50,0,,,,,,,,,,,
312,15650,129.3,rainbow_cnn_dqn,,-0.9,,50,0,,,,,,,,,,,
313,15700,129.7,rainbow_cnn_dqn,,-3.9,,50,0,,,,,,,,,,,
314,15750,130.0,rainbow_cnn_dqn,,-8.1,,50,0,,,,,,,,,,,
315,15800,130.4,rainbow_cnn_dqn,,-0.3,,50,0,,,,,,,,,,,
316,15850,130.8,rainbow_cnn_dqn,,-5.7,,50,0,,,,,,,,,,,
317,15900,131.2,rainbow_cnn_dqn,,-0.9,,50,0,,,,,,,,,,,
318,15950,131.5,rainbow_cnn_dqn,,-6.3,,50,0,,,,,,,,,,,
319,16000,131.9,rainbow_cnn_dqn,,-2.1,,50,0,,,,,,,,,,,
320,16050,132.3,rainbow_cnn_dqn,,-4.5,,50,0,,,,,,,,,,,
321,16100,132.6,rainbow_cnn_dqn,,-5.7,,50,0,,,,,,,,,,,
322,16150,133.0,rainbow_cnn_dqn,,-1.5,,50,0,,,,,,,,,,,
323,16200,133.4,rainbow_cnn_dqn,,-7.5,,50,0,,,,,,,,,,,
324,16250,133.8,rainbow_cnn_dqn,,-5.1,,50,0,,,,,,,,,,,
325,16300,134.1,rainbow_cnn_dqn,,-3.9,,50,0,,,,,,,,,,,
326,16350,134.5,rainbow_cnn_dqn,,-6.9,,50,0,,,,,,,,,,,
327,16400,134.9,rainbow_cnn_dqn,,-6.3,,50,0,,,,,,,,,,,
328,16450,135.2,rainbow_cnn_dqn,,-6.9,,50,0,,,,,,,,,,,
329,16500,135.9,rainbow_cnn_dqn,,-5.1,,50,0,,,,,,,,,,,
330,16550,136.3,rainbow_cnn_dqn,,-7.5,,50,0,,,,,,,,,,,
331,16600,136.7,rainbow_cnn_dqn,,-6.3,,50,0,,,,,,,,,,,
332,16650,137.0,rainbow_cnn_dqn,,-5.7,,50,0,,,,,,,,,,,
333,16700,137.4,rainbow_cnn_dqn,,-5.7,,50,0,,,,,,,,,,,
334,16750,137.8,rainbow_cnn_dqn,,-7.5,,50,0,,,,,,,,,,,
335,16800,138.2,rainbow_cnn_dqn,,-6.3,,50,0,,,,,,,,,,,
336,16850,138.5,rainbow_cnn_dqn,,-6.9,,50,0,,,,,,,,,,,
337,16900,138.9,rainbow_cnn_dqn,,-6.9,,50,0,,,,,,,,,,,
338,16950,139.3,rainbow_cnn_dqn,,-3.9,,50,0,,,,,,,,,,,
339,17000,139.7,rainbow_cnn_dqn,,-6.3,,50,0,,,,,,,,,,,
340,17050,140.0,rainbow_cnn_dqn,,-6.9,,50,0,,,,,,,,,,,
341,17100,140.4,rainbow_cnn_dqn,,-5.7,,50,0,,,,,,,,,,,
342,17150,140.8,rainbow_cnn_dqn,,-5.1,,50,0,,,,,,,,,,,
343,17200,141.2,rainbow_cnn_dqn,,-5.1,,50,0,,,,,,,,,,,
344,17250,141.5,rainbow_cnn_dqn,,-6.9,,50,0,,,,,,,,,,,
345,17300,141.9,rainbow_cnn_dqn,,-6.3,,50,0,,,,,,,,,,,
346,17350,142.3,rainbow_cnn_dqn,,-4.5,,50,0,,,,,,,,,,,
347,17400,142.6,rainbow_cnn_dqn,,-5.1,,50,0,,,,,,,,,,,
348,17450,143.0,rainbow_cnn_dqn,,-5.7,,50,0,,,,,,,,,,,
349,17500,143.4,rainbow_cnn_dqn,,-6.9,,50,0,,,,,,,,,,,
350,17550,143.8,rainbow_cnn_dqn,,-2.1,,50,0,,,,,,,,,,,
351,17600,144.1,rainbow_cnn_dqn,,-4.5,,50,0,,,,,,,,,,,
352,17650,144.5,rainbow_cnn_dqn,,-6.3,,50,0,,,,,,,,,,,
353,17700,144.9,rainbow_cnn_dqn,,-7.5,,50,0,,,,,,,,,,,
354,17750,145.2,rainbow_cnn_dqn,,-0.9,,50,0,,,,,,,,,,,
355,17800,145.6,rainbow_cnn_dqn,,-6.9,,50,0,,,,,,,,,,,
356,17850,146.3,rainbow_cnn_dqn,,-6.9,,50,0,,,,,,,,,,,
357,17900,146.7,rainbow_cnn_dqn,,0.3,,50,0,,,,,,,,,,,
358,17950,147.0,rainbow_cnn_dqn,,-7.5,,50,0,,,,,,,,,,,
359,18000,147.4,rainbow_cnn_dqn,,-7.5,,50,0,,,,,,,,,,,
360,18050,147.8,rainbow_cnn_dqn,,-4.5,,50,0,,,,,,,,,,,
361,18100,148.2,rainbow_cnn_dqn,,-6.9,,50,0,,,,,,,,,,,
362,18150,148.5,rainbow_cnn_dqn,,-6.3,,50,0,,,,,,,,,,,
363,18200,148.9,rainbow_cnn_dqn,,-8.1,,50,0,,,,,,,,,,,
364,18250,149.3,rainbow_cnn_dqn,,-5.7,,50,0,,,,,,,,,,,
365,18300,149.6,rainbow_cnn_dqn,,-6.9,,50,0,,,,,,,,,,,
366,18350,150.0,rainbow_cnn_dqn,,-3.3,,50,0,,,,,,,,,,,
367,18400,150.4,rainbow_cnn_dqn,,-3.3,,50,0,,,,,,,,,,,
368,18450,150.8,rainbow_cnn_dqn,,-2.7,,50,0,,,,,,,,,,,
369,18500,151.1,rainbow_cnn_dqn,,-6.9,,50,0,,,,,,,,,,,
370,18550,151.5,rainbow_cnn_dqn,,1.5,,50,0,,,,,,,,,,,
371,18600,151.9,rainbow_cnn_dqn,,-2.7,,50,0,,,,,,,,,,,
372,18650,152.3,rainbow_cnn_dqn,,-6.9,,50,0,,,,,,,,,,,
373,18700,152.6,rainbow_cnn_dqn,,-6.3,,50,0,,,,,,,,,,,
374,18750,153.0,rainbow_cnn_dqn,,-6.9,,50,0,,,,,,,,,,,
375,18800,153.4,rainbow_cnn_dqn,,-5.1,,50,0,,,,,,,,,,,
376,18850,153.7,rainbow_cnn_dqn,,-6.3,,50,0,,,,,,,,,,,
377,18900,154.1,rainbow_cnn_dqn,,-5.7,,50,0,,,,,,,,,,,
378,18950,154.5,rainbow_cnn_dqn,,-7.5,,50,0,,,,,,,,,,,
379,19000,154.9,rainbow_cnn_dqn,,-6.9,,50,0,,,,,,,,,,,
380,19050,155.2,rainbow_cnn_dqn,,-5.7,,50,0,,,,,,,,,,,
381,19100,155.6,rainbow_cnn_dqn,,-5.1,,50,0,,,,,,,,,,,
382,19150,156.0,rainbow_cnn_dqn,,-7.5,,50,0,,,,,,,,,,,
383,19200,156.8,rainbow_cnn_dqn,,-8.1,,50,0,,,,,,,,,,,
384,19250,157.2,rainbow_cnn_dqn,,-5.7,,50,0,,,,,,,,,,,
385,19300,157.6,rainbow_cnn_dqn,,-5.7,,50,0,,,,,,,,,,,
386,19350,157.9,rainbow_cnn_dqn,,-6.9,,50,0,,,,,,,,,,,
387,19400,158.3,rainbow_cnn_dqn,,-7.5,,50,0,,,,,,,,,,,
388,19450,158.7,rainbow_cnn_dqn,,2.7,,50,0,,,,,,,,,,,
389,19500,159.0,rainbow_cnn_dqn,,-6.3,,50,0,,,,,,,,,,,
390,19550,159.4,rainbow_cnn_dqn,,-6.9,,50,0,,,,,,,,,,,
391,19600,159.8,rainbow_cnn_dqn,,-5.1,,50,0,,,,,,,,,,,
392,19650,160.2,rainbow_cnn_dqn,,-1.5,,50,0,,,,,,,,,,,
393,19700,160.5,rainbow_cnn_dqn,,-4.5,,50,0,,,,,,,,,,,
394,19750,160.9,rainbow_cnn_dqn,,0.3,,50,0,,,,,,,,,,,
395,19800,161.3,rainbow_cnn_dqn,,-2.7,,50,0,,,,,,,,,,,
396,19850,161.7,rainbow_cnn_dqn,,-4.5,,50,0,,,,,,,,,,,
397,19900,162.0,rainbow_cnn_dqn,,-7.5,,50,0,,,,,,,,,,,
398,19950,162.4,rainbow_cnn_dqn,,-5.7,,50,0,,,,,,,,,,,
399,20000,162.8,rainbow_cnn_dqn,,-5.7,,50,0,,,,,,,,,,,
400,20050,165.5,rainbow_cnn_dqn,,-6.9,,50,0,,,,,,,,,,,
401,20100,166.0,rainbow_cnn_dqn,,-6.9,,50,0,,,,,,,,,,,
402,20150,166.5,rainbow_cnn_dqn,,-8.7,,50,0,,,,,,,,,,,
403,20200,167.4,rainbow_cnn_dqn,,-6.9,,50,0,,,,,,,,,,,
404,20250,167.9,rainbow_cnn_dqn,,-9.3,,50,0,,,,,,,,,,,
405,20300,168.4,rainbow_cnn_dqn,,-8.7,,50,0,,,,,,,,,,,
406,20350,168.9,rainbow_cnn_dqn,,-9.3,,50,0,,,,,,,,,,,
407,20400,169.4,rainbow_cnn_dqn,,-9.3,,50,0,,,,,,,,,,,
408,20450,169.9,rainbow_cnn_dqn,,-9.3,,50,0,,,,,,,,,,,
409,20500,170.4,rainbow_cnn_dqn,,-9.3,,50,0,,,,,,,,,,,
410,20550,170.9,rainbow_cnn_dqn,,-8.7,,50,0,,,,,,,,,,,
411,20600,171.4,rainbow_cnn_dqn,,3.9,,50,0,,,,,,,,,,,
412,20650,171.8,rainbow_cnn_dqn,,3.9,,50,0,,,,,,,,,,,
413,20700,172.3,rainbow_cnn_dqn,,3.9,,50,0,,,,,,,,,,,
414,20750,172.8,rainbow_cnn_dqn,,1.5,,50,0,,,,,,,,,,,
415,20800,173.3,rainbow_cnn_dqn,,3.3,,50,0,,,,,,,,,,,
416,20850,173.8,rainbow_cnn_dqn,,-3.3,,50,0,,,,,,,,,,,
417,20900,174.3,rainbow_cnn_dqn,,-6.9,,50,0,,,,,,,,,,,
418,20950,174.8,rainbow_cnn_dqn,,-6.9,,50,0,,,,,,,,,,,
419,21000,175.3,rainbow_cnn_dqn,,-5.7,,50,0,,,,,,,,,,,
420,21050,175.8,rainbow_cnn_dqn,,-5.1,,50,0,,,,,,,,,,,
421,21100,176.3,rainbow_cnn_dqn,,2.1,,50,0,,,,,,,,,,,
422,21150,176.8,rainbow_cnn_dqn,,3.9,,50,0,,,,,,,,,,,
423,21200,177.3,rainbow_cnn_dqn,,3.9,,50,0,,,,,,,,,,,
424,21250,178.1,rainbow_cnn_dqn,,-3.3,,50,0,,,,,,,,,,,
425,21300,178.6,rainbow_cnn_dqn,,3.9,,50,0,,,,,,,,,,,
426,21350,179.1,rainbow_cnn_dqn,,-2.7,,50,0,,,,,,,,,,,
427,21400,179.7,rainbow_cnn_dqn,,-3.3,,50,0,,,,,,,,,,,
428,21450,180.1,rainbow_cnn_dqn,,-2.1,,50,0,,,,,,,,,,,
429,21500,180.6,rainbow_cnn_dqn,,-6.9,,50,0,,,,,,,,,,,
430,21550,181.1,rainbow_cnn_dqn,,-5.1,,50,0,,,,,,,,,,,
431,21600,181.6,rainbow_cnn_dqn,,-5.1,,50,0,,,,,,,,,,,
432,21650,182.1,rainbow_cnn_dqn,,0.3,,50,0,,,,,,,,,,,
433,21700,182.6,rainbow_cnn_dqn,,-3.3,,50,0,,,,,,,,,,,
434,21750,183.1,rainbow_cnn_dqn,,-4.5,,50,0,,,,,,,,,,,
435,21800,183.6,rainbow_cnn_dqn,,-4.5,,50,0,,,,,,,,,,,
436,21850,184.1,rainbow_cnn_dqn,,2.1,,50,0,,,,,,,,,,,
437,21900,184.6,rainbow_cnn_dqn,,1.5,,50,0,,,,,,,,,,,
438,21950,185.1,rainbow_cnn_dqn,,3.9,,50,0,,,,,,,,,,,
439,22000,185.6,rainbow_cnn_dqn,,3.9,,50,0,,,,,,,,,,,
440,22050,186.1,rainbow_cnn_dqn,,3.9,,50,0,,,,,,,,,,,
441,22100,186.6,rainbow_cnn_dqn,,3.9,,50,0,,,,,,,,,,,
442,22150,187.1,rainbow_cnn_dqn,,3.9,,50,0,,,,,,,,,,,
443,22200,187.5,rainbow_cnn_dqn,,-2.1,,50,0,,,,,,,,,,,
444,22250,188.0,rainbow_cnn_dqn,,-3.9,,50,0,,,,,,,,,,,
445,22300,188.8,rainbow_cnn_dqn,,3.9,,50,0,,,,,,,,,,,
446,22350,189.3,rainbow_cnn_dqn,,-0.3,,50,0,,,,,,,,,,,
447,22400,189.8,rainbow_cnn_dqn,,3.9,,50,0,,,,,,,,,,,
448,22450,190.3,rainbow_cnn_dqn,,2.7,,50,0,,,,,,,,,,,
449,22500,190.8,rainbow_cnn_dqn,,2.7,,50,0,,,,,,,,,,,
450,22550,191.3,rainbow_cnn_dqn,,3.9,,50,0,,,,,,,,,,,
451,22600,191.8,rainbow_cnn_dqn,,3.9,,50,0,,,,,,,,,,,
452,22650,192.3,rainbow_cnn_dqn,,-3.9,,50,0,,,,,,,,,,,
453,22700,192.8,rainbow_cnn_dqn,,-2.7,,50,0,,,,,,,,,,,
454,22750,193.2,rainbow_cnn_dqn,,-1.5,,50,0,,,,,,,,,,,
455,22800,193.7,rainbow_cnn_dqn,,-6.9,,50,0,,,,,,,,,,,
456,22850,194.2,rainbow_cnn_dqn,,-2.7,,50,0,,,,,,,,,,,
457,22900,194.7,rainbow_cnn_dqn,,-2.7,,50,0,,,,,,,,,,,
458,22950,195.2,rainbow_cnn_dqn,,-0.9,,50,0,,,,,,,,,,,
459,23000,195.7,rainbow_cnn_dqn,,-1.5,,50,0,,,,,,,,,,,
460,23050,196.2,rainbow_cnn_dqn,,2.1,,50,0,,,,,,,,,,,
461,23100,196.7,rainbow_cnn_dqn,,0.3,,50,0,,,,,,,,,,,
462,23150,197.1,rainbow_cnn_dqn,,-1.5,,50,0,,,,,,,,,,,
463,23200,197.6,rainbow_cnn_dqn,,-5.1,,50,0,,,,,,,,,,,
464,23250,198.1,rainbow_cnn_dqn,,-0.9,,50,0,,,,,,,,,,,
465,23300,198.6,rainbow_cnn_dqn,,-3.9,,50,0,,,,,,,,,,,
466,23350,199.4,rainbow_cnn_dqn,,3.9,,50,0,,,,,,,,,,,
467,23400,199.9,rainbow_cnn_dqn,,-1.5,,50,0,,,,,,,,,,,
468,23450,200.4,rainbow_cnn_dqn,,-3.9,,50,0,,,,,,,,,,,
469,23500,200.9,rainbow_cnn_dqn,,3.9,,50,0,,,,,,,,,,,
470,23550,201.4,rainbow_cnn_dqn,,-3.9,,50,0,,,,,,,,,,,
471,23600,201.9,rainbow_cnn_dqn,,-3.3,,50,0,,,,,,,,,,,
472,23650,202.4,rainbow_cnn_dqn,,-3.9,,50,0,,,,,,,,,,,
473,23700,202.9,rainbow_cnn_dqn,,-4.5,,50,0,,,,,,,,,,,
474,23750,203.4,rainbow_cnn_dqn,,-2.1,,50,0,,,,,,,,,,,
475,23800,203.8,rainbow_cnn_dqn,,-4.5,,50,0,,,,,,,,,,,
476,23850,204.3,rainbow_cnn_dqn,,-0.9,,50,0,,,,,,,,,,,
477,23900,204.8,rainbow_cnn_dqn,,-3.9,,50,0,,,,,,,,,,,
478,23950,205.3,rainbow_cnn_dqn,,-0.9,,50,0,,,,,,,,,,,
479,24000,205.8,rainbow_cnn_dqn,,-3.3,,50,0,,,,,,,,,,,
480,24050,206.3,rainbow_cnn_dqn,,-6.3,,50,0,,,,,,,,,,,
481,24100,206.8,rainbow_cnn_dqn,,-3.3,,50,0,,,,,,,,,,,
482,24150,207.3,rainbow_cnn_dqn,,3.9,,50,0,,,,,,,,,,,
483,24200,207.7,rainbow_cnn_dqn,,-5.1,,50,0,,,,,,,,,,,
484,24250,208.2,rainbow_cnn_dqn,,3.9,,50,0,,,,,,,,,,,
485,24300,208.7,rainbow_cnn_dqn,,-0.3,,50,0,,,,,,,,,,,
486,24350,209.2,rainbow_cnn_dqn,,-1.5,,50,0,,,,,,,,,,,
487,24400,210.2,rainbow_cnn_dqn,,-0.3,,50,0,,,,,,,,,,,
488,24450,210.7,rainbow_cnn_dqn,,-3.9,,50,0,,,,,,,,,,,
489,24500,211.2,rainbow_cnn_dqn,,0.9,,50,0,,,,,,,,,,,
490,24550,211.7,rainbow_cnn_dqn,,-0.3,,50,0,,,,,,,,,,,
491,24600,212.2,rainbow_cnn_dqn,,0.3,,50,0,,,,,,,,,,,
492,24650,212.6,rainbow_cnn_dqn,,0.3,,50,0,,,,,,,,,,,
493,24700,213.1,rainbow_cnn_dqn,,-6.3,,50,0,,,,,,,,,,,
494,24750,213.6,rainbow_cnn_dqn,,-5.7,,50,0,,,,,,,,,,,
495,24803,214.1,rainbow_cnn_dqn,,4.2,,53,0,,,,,,,,,,,
496,24853,214.7,rainbow_cnn_dqn,,-2.7,,50,0,,,,,,,,,,,
497,24903,215.1,rainbow_cnn_dqn,,-3.3,,50,0,,,,,,,,,,,
498,24953,215.6,rainbow_cnn_dqn,,0.3,,50,0,,,,,,,,,,,
499,25003,216.1,rainbow_cnn_dqn,,-4.5,,50,0,,,,,,,,,,,
500,25053,216.6,rainbow_cnn_dqn,,3.9,,50,0,,,,,,,,,,,
501,25103,217.1,rainbow_cnn_dqn,,-5.1,,50,0,,,,,,,,,,,
502,25153,217.6,rainbow_cnn_dqn,,-2.7,,50,0,,,,,,,,,,,
503,25203,218.1,rainbow_cnn_dqn,,-0.9,,50,0,,,,,,,,,,,
504,25253,218.6,rainbow_cnn_dqn,,-6.9,,50,0,,,,,,,,,,,
505,25303,219.1,rainbow_cnn_dqn,,-3.3,,50,0,,,,,,,,,,,
506,25353,219.5,rainbow_cnn_dqn,,0.3,,50,0,,,,,,,,,,,
507,25403,220.0,rainbow_cnn_dqn,,-3.9,,50,0,,,,,,,,,,,
508,25453,220.9,rainbow_cnn_dqn,,-3.3,,50,0,,,,,,,,,,,
509,25503,221.3,rainbow_cnn_dqn,,-0.9,,50,0,,,,,,,,,,,
510,25553,221.8,rainbow_cnn_dqn,,2.1,,50,0,,,,,,,,,,,
511,25603,222.3,rainbow_cnn_dqn,,3.9,,50,0,,,,,,,,,,,
512,25653,222.8,rainbow_cnn_dqn,,-3.3,,50,0,,,,,,,,,,,
513,25703,223.3,rainbow_cnn_dqn,,-1.5,,50,0,,,,,,,,,,,
514,25753,223.8,rainbow_cnn_dqn,,0.3,,50,0,,,,,,,,,,,
515,25803,224.3,rainbow_cnn_dqn,,-5.7,,50,0,,,,,,,,,,,
516,25853,224.8,rainbow_cnn_dqn,,-5.7,,50,0,,,,,,,,,,,
517,25903,225.3,rainbow_cnn_dqn,,2.1,,50,0,,,,,,,,,,,
518,25953,225.8,rainbow_cnn_dqn,,3.9,,50,0,,,,,,,,,,,
519,26003,226.2,rainbow_cnn_dqn,,-5.7,,50,0,,,,,,,,,,,
520,26053,226.7,rainbow_cnn_dqn,,-5.1,,50,0,,,,,,,,,,,
521,26103,227.2,rainbow_cnn_dqn,,-5.1,,50,0,,,,,,,,,,,
522,26153,227.7,rainbow_cnn_dqn,,-4.5,,50,0,,,,,,,,,,,
523,26203,228.2,rainbow_cnn_dqn,,-3.3,,50,0,,,,,,,,,,,
524,26253,228.7,rainbow_cnn_dqn,,-7.5,,50,0,,,,,,,,,,,
525,26303,229.2,rainbow_cnn_dqn,,-2.7,,50,0,,,,,,,,,,,
526,26353,229.7,rainbow_cnn_dqn,,-5.1,,50,0,,,,,,,,,,,
527,26403,230.2,rainbow_cnn_dqn,,-3.9,,50,0,,,,,,,,,,,
528,26453,230.7,rainbow_cnn_dqn,,-5.7,,50,0,,,,,,,,,,,
529,26503,231.5,rainbow_cnn_dqn,,0.9,,50,0,,,,,,,,,,,
530,26553,231.9,rainbow_cnn_dqn,,1.5,,50,0,,,,,,,,,,,
531,26603,232.4,rainbow_cnn_dqn,,-2.7,,50,0,,,,,,,,,,,
532,26653,232.9,rainbow_cnn_dqn,,-5.1,,50,0,,,,,,,,,,,
533,26703,233.4,rainbow_cnn_dqn,,-6.9,,50,0,,,,,,,,,,,
534,26753,233.9,rainbow_cnn_dqn,,-6.3,,50,0,,,,,,,,,,,
535,26803,234.4,rainbow_cnn_dqn,,-6.3,,50,0,,,,,,,,,,,
536,26853,234.9,rainbow_cnn_dqn,,-5.1,,50,0,,,,,,,,,,,
537,26903,235.4,rainbow_cnn_dqn,,-5.7,,50,0,,,,,,,,,,,
538,26953,235.9,rainbow_cnn_dqn,,-5.7,,50,0,,,,,,,,,,,
539,27003,236.4,rainbow_cnn_dqn,,-0.3,,50,0,,,,,,,,,,,
540,27053,236.8,rainbow_cnn_dqn,,-3.9,,50,0,,,,,,,,,,,
541,27103,237.3,rainbow_cnn_dqn,,-1.5,,50,0,,,,,,,,,,,
542,27153,237.8,rainbow_cnn_dqn,,-5.7,,50,0,,,,,,,,,,,
543,27203,238.3,rainbow_cnn_dqn,,-7.5,,50,0,,,,,,,,,,,
544,27253,238.8,rainbow_cnn_dqn,,-5.1,,50,0,,,,,,,,,,,
545,27303,239.3,rainbow_cnn_dqn,,-4.5,,50,0,,,,,,,,,,,
546,27353,239.8,rainbow_cnn_dqn,,-7.5,,50,0,,,,,,,,,,,
547,27403,240.3,rainbow_cnn_dqn,,1.5,,50,0,,,,,,,,,,,
548,27453,240.8,rainbow_cnn_dqn,,-6.3,,50,0,,,,,,,,,,,
549,27503,241.3,rainbow_cnn_dqn,,-6.9,,50,0,,,,,,,,,,,
550,27553,242.1,rainbow_cnn_dqn,,-5.7,,50,0,,,,,,,,,,,
551,27603,242.6,rainbow_cnn_dqn,,-7.5,,50,0,,,,,,,,,,,
552,27653,243.1,rainbow_cnn_dqn,,-8.1,,50,0,,,,,,,,,,,
553,27703,243.5,rainbow_cnn_dqn,,-8.1,,50,0,,,,,,,,,,,
554,27753,244.0,rainbow_cnn_dqn,,-4.5,,50,0,,,,,,,,,,,
555,27803,244.5,rainbow_cnn_dqn,,-6.3,,50,0,,,,,,,,,,,
556,27853,245.1,rainbow_cnn_dqn,,-5.7,,50,0,,,,,,,,,,,
557,27903,245.6,rainbow_cnn_dqn,,-1.5,,50,0,,,,,,,,,,,
558,27953,246.1,rainbow_cnn_dqn,,-7.5,,50,0,,,,,,,,,,,
559,28003,246.6,rainbow_cnn_dqn,,-7.5,,50,0,,,,,,,,,,,
560,28053,247.1,rainbow_cnn_dqn,,-4.5,,50,0,,,,,,,,,,,
561,28103,247.6,rainbow_cnn_dqn,,1.5,,50,0,,,,,,,,,,,
562,28153,248.1,rainbow_cnn_dqn,,-2.1,,50,0,,,,,,,,,,,
563,28203,248.6,rainbow_cnn_dqn,,3.9,,50,0,,,,,,,,,,,
564,28253,249.1,rainbow_cnn_dqn,,-6.3,,50,0,,,,,,,,,,,
565,28303,249.5,rainbow_cnn_dqn,,-1.5,,50,0,,,,,,,,,,,
566,28353,250.0,rainbow_cnn_dqn,,-0.3,,50,0,,,,,,,,,,,
567,28403,250.5,rainbow_cnn_dqn,,3.9,,50,0,,,,,,,,,,,
568,28453,251.0,rainbow_cnn_dqn,,-5.1,,50,0,,,,,,,,,,,
569,28503,251.5,rainbow_cnn_dqn,,-4.5,,50,0,,,,,,,,,,,
570,28553,252.0,rainbow_cnn_dqn,,-6.9,,50,0,,,,,,,,,,,
571,28603,252.9,rainbow_cnn_dqn,,-4.5,,50,0,,,,,,,,,,,
572,28653,253.4,rainbow_cnn_dqn,,-6.9,,50,0,,,,,,,,,,,
573,28703,253.9,rainbow_cnn_dqn,,-6.3,,50,0,,,,,,,,,,,
574,28753,254.4,rainbow_cnn_dqn,,-5.7,,50,0,,,,,,,,,,,
575,28803,254.9,rainbow_cnn_dqn,,-1.5,,50,0,,,,,,,,,,,
576,28853,255.4,rainbow_cnn_dqn,,-5.7,,50,0,,,,,,,,,,,
577,28903,255.9,rainbow_cnn_dqn,,-0.9,,50,0,,,,,,,,,,,
578,28953,256.4,rainbow_cnn_dqn,,-4.5,,50,0,,,,,,,,,,,
579,29003,256.8,rainbow_cnn_dqn,,-2.1,,50,0,,,,,,,,,,,
580,29053,257.3,rainbow_cnn_dqn,,-5.7,,50,0,,,,,,,,,,,
581,29103,257.8,rainbow_cnn_dqn,,-6.9,,50,0,,,,,,,,,,,
582,29153,258.3,rainbow_cnn_dqn,,-6.9,,50,0,,,,,,,,,,,
583,29203,258.8,rainbow_cnn_dqn,,-7.5,,50,0,,,,,,,,,,,
584,29253,259.3,rainbow_cnn_dqn,,3.9,,50,0,,,,,,,,,,,
585,29303,259.8,rainbow_cnn_dqn,,0.3,,50,0,,,,,,,,,,,
586,29353,260.3,rainbow_cnn_dqn,,-4.5,,50,0,,,,,,,,,,,
587,29403,260.8,rainbow_cnn_dqn,,-4.5,,50,0,,,,,,,,,,,
588,29453,261.3,rainbow_cnn_dqn,,3.9,,50,0,,,,,,,,,,,
589,29503,261.7,rainbow_cnn_dqn,,-7.5,,50,0,,,,,,,,,,,
590,29553,262.2,rainbow_cnn_dqn,,-8.1,,50,0,,,,,,,,,,,
591,29603,262.7,rainbow_cnn_dqn,,-5.7,,50,0,,,,,,,,,,,
592,29653,263.5,rainbow_cnn_dqn,,-7.5,,50,0,,,,,,,,,,,
593,29703,264.0,rainbow_cnn_dqn,,-4.5,,50,0,,,,,,,,,,,
594,29753,264.5,rainbow_cnn_dqn,,-5.7,,50,0,,,,,,,,,,,
595,29803,265.0,rainbow_cnn_dqn,,-6.3,,50,0,,,,,,,,,,,
596,29853,265.5,rainbow_cnn_dqn,,-2.7,,50,0,,,,,,,,,,,
597,29903,266.0,rainbow_cnn_dqn,,-6.3,,50,0,,,,,,,,,,,
598,29953,266.5,rainbow_cnn_dqn,,-8.7,,50,0,,,,,,,,,,,
599,30003,267.0,rainbow_cnn_dqn,,-6.9,,50,0,,,,,,,,,,,
600,30053,267.5,rainbow_cnn_dqn,,-3.9,,50,0,,,,,,,,,,,
601,30103,267.9,rainbow_cnn_dqn,,-7.5,,50,0,,,,,,,,,,,
602,30153,268.4,rainbow_cnn_dqn,,-8.1,,50,0,,,,,,,,,,,
603,30203,268.9,rainbow_cnn_dqn,,-3.3,,50,0,,,,,,,,,,,
604,30253,269.4,rainbow_cnn_dqn,,-2.7,,50,0,,,,,,,,,,,
605,30303,269.9,rainbow_cnn_dqn,,-6.9,,50,0,,,,,,,,,,,
606,30353,270.4,rainbow_cnn_dqn,,-2.1,,50,0,,,,,,,,,,,
607,30403,270.9,rainbow_cnn_dqn,,-8.1,,50,0,,,,,,,,,,,
608,30453,271.4,rainbow_cnn_dqn,,-6.9,,50,0,,,,,,,,,,,
609,30503,271.9,rainbow_cnn_dqn,,-7.5,,50,0,,,,,,,,,,,
610,30553,272.4,rainbow_cnn_dqn,,-3.3,,50,0,,,,,,,,,,,
611,30603,272.9,rainbow_cnn_dqn,,-6.3,,50,0,,,,,,,,,,,
612,30653,273.4,rainbow_cnn_dqn,,-8.7,,50,0,,,,,,,,,,,
613,30703,274.2,rainbow_cnn_dqn,,-5.7,,50,0,,,,,,,,,,,
614,30753,274.7,rainbow_cnn_dqn,,-7.5,,50,0,,,,,,,,,,,
615,30803,275.1,rainbow_cnn_dqn,,-2.1,,50,0,,,,,,,,,,,
616,30853,275.6,rainbow_cnn_dqn,,-5.7,,50,0,,,,,,,,,,,
617,30903,276.1,rainbow_cnn_dqn,,-8.1,,50,0,,,,,,,,,,,
618,30953,276.6,rainbow_cnn_dqn,,-6.9,,50,0,,,,,,,,,,,
619,31003,277.1,rainbow_cnn_dqn,,-5.1,,50,0,,,,,,,,,,,
620,31053,277.6,rainbow_cnn_dqn,,-6.9,,50,0,,,,,,,,,,,
621,31103,278.0,rainbow_cnn_dqn,,0.3,,50,0,,,,,,,,,,,
622,31153,278.5,rainbow_cnn_dqn,,-7.5,,50,0,,,,,,,,,,,
623,31203,279.0,rainbow_cnn_dqn,,-2.7,,50,0,,,,,,,,,,,
624,31253,279.5,rainbow_cnn_dqn,,-3.3,,50,0,,,,,,,,,,,
625,31303,280.0,rainbow_cnn_dqn,,-2.1,,50,0,,,,,,,,,,,
626,31353,280.5,rainbow_cnn_dqn,,3.3,,50,0,,,,,,,,,,,
627,31403,281.0,rainbow_cnn_dqn,,-2.7,,50,0,,,,,,,,,,,
628,31453,281.5,rainbow_cnn_dqn,,3.3,,50,0,,,,,,,,,,,
629,31503,281.9,rainbow_cnn_dqn,,-4.5,,50,0,,,,,,,,,,,
630,31553,282.4,rainbow_cnn_dqn,,3.9,,50,0,,,,,,,,,,,
631,31603,282.9,rainbow_cnn_dqn,,-3.9,,50,0,,,,,,,,,,,
632,31653,283.4,rainbow_cnn_dqn,,-5.7,,50,0,,,,,,,,,,,
633,31703,283.9,rainbow_cnn_dqn,,-1.5,,50,0,,,,,,,,,,,
634,31753,284.7,rainbow_cnn_dqn,,-8.1,,50,0,,,,,,,,,,,
635,31803,285.2,rainbow_cnn_dqn,,-3.3,,50,0,,,,,,,,,,,
636,31853,285.7,rainbow_cnn_dqn,,-7.5,,50,0,,,,,,,,,,,
637,31903,286.1,rainbow_cnn_dqn,,-6.3,,50,0,,,,,,,,,,,
638,31953,286.6,rainbow_cnn_dqn,,-1.5,,50,0,,,,,,,,,,,
639,32003,287.1,rainbow_cnn_dqn,,-1.5,,50,0,,,,,,,,,,,
640,32053,287.6,rainbow_cnn_dqn,,-6.9,,50,0,,,,,,,,,,,
641,32103,288.1,rainbow_cnn_dqn,,-2.1,,50,0,,,,,,,,,,,
642,32153,288.6,rainbow_cnn_dqn,,-3.9,,50,0,,,,,,,,,,,
643,32203,289.1,rainbow_cnn_dqn,,-1.5,,50,0,,,,,,,,,,,
644,32253,289.6,rainbow_cnn_dqn,,-7.5,,50,0,,,,,,,,,,,
645,32303,290.0,rainbow_cnn_dqn,,-3.9,,50,0,,,,,,,,,,,
646,32353,290.5,rainbow_cnn_dqn,,-1.5,,50,0,,,,,,,,,,,
647,32403,291.0,rainbow_cnn_dqn,,-5.7,,50,0,,,,,,,,,,,
648,32453,291.5,rainbow_cnn_dqn,,-8.1,,50,0,,,,,,,,,,,
649,32503,292.0,rainbow_cnn_dqn,,-4.5,,50,0,,,,,,,,,,,
650,32553,292.5,rainbow_cnn_dqn,,-2.7,,50,0,,,,,,,,,,,
651,32603,293.0,rainbow_cnn_dqn,,-5.1,,50,0,,,,,,,,,,,
652,32653,293.4,rainbow_cnn_dqn,,-2.1,,50,0,,,,,,,,,,,
653,32703,293.9,rainbow_cnn_dqn,,3.9,,50,0,,,,,,,,,,,
654,32753,294.4,rainbow_cnn_dqn,,-8.1,,50,0,,,,,,,,,,,
655,32803,295.2,rainbow_cnn_dqn,,-5.1,,50,0,,,,,,,,,,,
656,32853,295.7,rainbow_cnn_dqn,,-8.7,,50,0,,,,,,,,,,,
657,32903,296.2,rainbow_cnn_dqn,,-9.3,,50,0,,,,,,,,,,,
658,32953,296.7,rainbow_cnn_dqn,,0.3,,50,0,,,,,,,,,,,
659,33003,297.2,rainbow_cnn_dqn,,3.9,,50,0,,,,,,,,,,,
660,33053,297.7,rainbow_cnn_dqn,,-2.7,,50,0,,,,,,,,,,,
661,33103,298.2,rainbow_cnn_dqn,,-6.9,,50,0,,,,,,,,,,,
662,33153,298.6,rainbow_cnn_dqn,,3.9,,50,0,,,,,,,,,,,
663,33203,299.1,rainbow_cnn_dqn,,-0.9,,50,0,,,,,,,,,,,
664,33253,299.6,rainbow_cnn_dqn,,0.3,,50,0,,,,,,,,,,,
665,33303,300.1,rainbow_cnn_dqn,,-5.1,,50,0,,,,,,,,,,,
666,33353,300.6,rainbow_cnn_dqn,,-6.3,,50,0,,,,,,,,,,,
667,33403,301.1,rainbow_cnn_dqn,,-6.3,,50,0,,,,,,,,,,,
668,33453,301.6,rainbow_cnn_dqn,,3.9,,50,0,,,,,,,,,,,
669,33503,302.1,rainbow_cnn_dqn,,-7.5,,50,0,,,,,,,,,,,
670,33553,302.6,rainbow_cnn_dqn,,-3.9,,50,0,,,,,,,,,,,
671,33603,303.1,rainbow_cnn_dqn,,-5.1,,50,0,,,,,,,,,,,
672,33653,303.5,rainbow_cnn_dqn,,2.1,,50,0,,,,,,,,,,,
673,33703,304.0,rainbow_cnn_dqn,,-2.1,,50,0,,,,,,,,,,,
674,33753,304.5,rainbow_cnn_dqn,,-3.9,,50,0,,,,,,,,,,,
675,33803,305.0,rainbow_cnn_dqn,,3.9,,50,0,,,,,,,,,,,
676,33853,306.0,rainbow_cnn_dqn,,-0.9,,50,0,,,,,,,,,,,
677,33903,306.5,rainbow_cnn_dqn,,-5.1,,50,0,,,,,,,,,,,
678,33953,307.0,rainbow_cnn_dqn,,3.9,,50,0,,,,,,,,,,,
679,34003,307.5,rainbow_cnn_dqn,,0.3,,50,0,,,,,,,,,,,
680,34053,308.0,rainbow_cnn_dqn,,3.9,,50,0,,,,,,,,,,,
681,34103,308.5,rainbow_cnn_dqn,,-5.7,,50,0,,,,,,,,,,,
682,34153,309.0,rainbow_cnn_dqn,,-0.9,,50,0,,,,,,,,,,,
683,34203,309.5,rainbow_cnn_dqn,,-0.9,,50,0,,,,,,,,,,,
684,34253,310.0,rainbow_cnn_dqn,,-2.1,,50,0,,,,,,,,,,,
685,34303,310.4,rainbow_cnn_dqn,,-0.3,,50,0,,,,,,,,,,,
686,34353,310.9,rainbow_cnn_dqn,,-0.9,,50,0,,,,,,,,,,,
687,34403,311.4,rainbow_cnn_dqn,,3.9,,50,0,,,,,,,,,,,
688,34453,311.9,rainbow_cnn_dqn,,3.9,,50,0,,,,,,,,,,,
689,34503,312.4,rainbow_cnn_dqn,,-2.1,,50,0,,,,,,,,,,,
690,34553,312.9,rainbow_cnn_dqn,,-3.3,,50,0,,,,,,,,,,,
691,34603,313.4,rainbow_cnn_dqn,,-0.9,,50,0,,,,,,,,,,,
692,34653,314.0,rainbow_cnn_dqn,,-1.5,,50,0,,,,,,,,,,,
693,34703,314.5,rainbow_cnn_dqn,,-4.5,,50,0,,,,,,,,,,,
694,34753,315.0,rainbow_cnn_dqn,,-2.1,,50,0,,,,,,,,,,,
695,34803,315.5,rainbow_cnn_dqn,,3.9,,50,0,,,,,,,,,,,
696,34853,316.0,rainbow_cnn_dqn,,0.9,,50,0,,,,,,,,,,,
697,34903,316.8,rainbow_cnn_dqn,,-0.9,,50,0,,,,,,,,,,,
698,34953,317.3,rainbow_cnn_dqn,,3.9,,50,0,,,,,,,,,,,
699,35003,317.8,rainbow_cnn_dqn,,2.7,,50,0,,,,,,,,,,,
700,35053,318.3,rainbow_cnn_dqn,,3.9,,50,0,,,,,,,,,,,
701,35103,318.7,rainbow_cnn_dqn,,3.9,,50,0,,,,,,,,,,,
702,35153,319.2,rainbow_cnn_dqn,,0.3,,50,0,,,,,,,,,,,
703,35203,319.7,rainbow_cnn_dqn,,-0.9,,50,0,,,,,,,,,,,
704,35253,320.2,rainbow_cnn_dqn,,0.9,,50,0,,,,,,,,,,,
705,35303,320.7,rainbow_cnn_dqn,,-3.3,,50,0,,,,,,,,,,,
706,35353,321.2,rainbow_cnn_dqn,,3.9,,50,0,,,,,,,,,,,
707,35407,321.7,rainbow_cnn_dqn,,4.3,,54,0,,,,,,,,,,,
708,35457,322.2,rainbow_cnn_dqn,,3.9,,50,0,,,,,,,,,,,
709,35507,322.7,rainbow_cnn_dqn,,3.9,,50,0,,,,,,,,,,,
710,35557,323.2,rainbow_cnn_dqn,,3.9,,50,0,,,,,,,,,,,
711,35612,323.7,rainbow_cnn_dqn,,4.4,,55,0,,,,,,,,,,,
712,35662,324.2,rainbow_cnn_dqn,,3.9,,50,0,,,,,,,,,,,
713,35712,324.7,rainbow_cnn_dqn,,3.9,,50,0,,,,,,,,,,,
714,35762,325.2,rainbow_cnn_dqn,,3.9,,50,0,,,,,,,,,,,
715,35812,325.7,rainbow_cnn_dqn,,-1.5,,50,0,,,,,,,,,,,
716,35862,326.2,rainbow_cnn_dqn,,3.9,,50,0,,,,,,,,,,,
717,35912,326.7,rainbow_cnn_dqn,,-0.9,,50,0,,,,,,,,,,,
718,35962,327.5,rainbow_cnn_dqn,,2.7,,50,0,,,,,,,,,,,
719,36012,328.0,rainbow_cnn_dqn,,3.9,,50,0,,,,,,,,,,,
720,36062,328.5,rainbow_cnn_dqn,,3.9,,50,0,,,,,,,,,,,
721,36112,329.0,rainbow_cnn_dqn,,3.9,,50,0,,,,,,,,,,,
722,36162,329.5,rainbow_cnn_dqn,,-3.3,,50,0,,,,,,,,,,,
723,36212,330.0,rainbow_cnn_dqn,,2.7,,50,0,,,,,,,,,,,
724,36262,330.4,rainbow_cnn_dqn,,-0.9,,50,0,,,,,,,,,,,
725,36312,330.9,rainbow_cnn_dqn,,-5.7,,50,0,,,,,,,,,,,
726,36362,331.4,rainbow_cnn_dqn,,-4.5,,50,0,,,,,,,,,,,
727,36412,331.9,rainbow_cnn_dqn,,-1.5,,50,0,,,,,,,,,,,
728,36462,332.4,rainbow_cnn_dqn,,0.9,,50,0,,,,,,,,,,,
729,36512,332.9,rainbow_cnn_dqn,,0.9,,50,0,,,,,,,,,,,
730,36562,333.4,rainbow_cnn_dqn,,3.9,,50,0,,,,,,,,,,,
731,36612,333.8,rainbow_cnn_dqn,,-4.5,,50,0,,,,,,,,,,,
732,36643,334.1,rainbow_cnn_dqn,,2.0,,31,0,,,,,,,,,,,
733,36693,334.6,rainbow_cnn_dqn,,3.9,,50,0,,,,,,,,,,,
734,36743,335.1,rainbow_cnn_dqn,,3.9,,50,0,,,,,,,,,,,
735,36793,335.6,rainbow_cnn_dqn,,3.3,,50,0,,,,,,,,,,,
736,36843,336.1,rainbow_cnn_dqn,,2.7,,50,0,,,,,,,,,,,
737,36893,336.6,rainbow_cnn_dqn,,3.3,,50,0,,,,,,,,,,,
738,36943,337.1,rainbow_cnn_dqn,,3.9,,50,0,,,,,,,,,,,
739,36993,337.9,rainbow_cnn_dqn,,3.9,,50,0,,,,,,,,,,,
740,37043,338.4,rainbow_cnn_dqn,,3.9,,50,0,,,,,,,,,,,
741,37093,338.8,rainbow_cnn_dqn,,-0.3,,50,0,,,,,,,,,,,
742,37143,339.3,rainbow_cnn_dqn,,1.5,,50,0,,,,,,,,,,,
743,37193,339.8,rainbow_cnn_dqn,,3.9,,50,0,,,,,,,,,,,
744,37243,340.3,rainbow_cnn_dqn,,3.9,,50,0,,,,,,,,,,,
745,37274,340.6,rainbow_cnn_dqn,,2.0,,31,0,,,,,,,,,,,
746,37324,341.1,rainbow_cnn_dqn,,3.9,,50,0,,,,,,,,,,,
747,37379,341.6,rainbow_cnn_dqn,,4.4,,55,0,,,,,,,,,,,
748,37429,342.1,rainbow_cnn_dqn,,3.9,,50,0,,,,,,,,,,,
749,37488,342.7,rainbow_cnn_dqn,,4.8,,59,0,,,,,,,,,,,
750,37538,343.2,rainbow_cnn_dqn,,3.9,,50,0,,,,,,,,,,,
751,37588,343.7,rainbow_cnn_dqn,,3.9,,50,0,,,,,,,,,,,
752,37619,344.0,rainbow_cnn_dqn,,2.0,,31,0,,,,,,,,,,,
753,37669,344.5,rainbow_cnn_dqn,,3.9,,50,0,,,,,,,,,,,
754,37723,345.0,rainbow_cnn_dqn,,4.3,,54,0,,,,,,,,,,,
755,37773,345.5,rainbow_cnn_dqn,,3.9,,50,0,,,,,,,,,,,
756,37823,346.0,rainbow_cnn_dqn,,3.9,,50,0,,,,,,,,,,,
757,37873,346.4,rainbow_cnn_dqn,,2.7,,50,0,,,,,,,,,,,
758,37923,346.9,rainbow_cnn_dqn,,3.9,,50,0,,,,,,,,,,,
759,37954,347.2,rainbow_cnn_dqn,,2.0,,31,0,,,,,,,,,,,
760,38004,347.7,rainbow_cnn_dqn,,0.3,,50,0,,,,,,,,,,,
761,38054,348.5,rainbow_cnn_dqn,,3.9,,50,0,,,,,,,,,,,
762,38104,349.0,rainbow_cnn_dqn,,3.9,,50,0,,,,,,,,,,,
763,38154,349.5,rainbow_cnn_dqn,,3.9,,50,0,,,,,,,,,,,
764,38204,350.0,rainbow_cnn_dqn,,3.9,,50,0,,,,,,,,,,,
765,38254,350.5,rainbow_cnn_dqn,,3.9,,50,0,,,,,,,,,,,
766,38304,351.0,rainbow_cnn_dqn,,3.9,,50,0,,,,,,,,,,,
767,38354,351.5,rainbow_cnn_dqn,,3.9,,50,0,,,,,,,,,,,
768,38404,351.9,rainbow_cnn_dqn,,3.9,,50,0,,,,,,,,,,,
769,38454,352.4,rainbow_cnn_dqn,,3.9,,50,0,,,,,,,,,,,
770,38504,352.9,rainbow_cnn_dqn,,0.3,,50,0,,,,,,,,,,,
771,38560,353.5,rainbow_cnn_dqn,,4.5,,56,0,,,,,,,,,,,
772,38610,353.9,rainbow_cnn_dqn,,3.9,,50,0,,,,,,,,,,,
773,38652,354.4,rainbow_cnn_dqn,,3.1,,42,0,,,,,,,,,,,
774,38702,354.8,rainbow_cnn_dqn,,3.9,,50,0,,,,,,,,,,,
775,38752,355.3,rainbow_cnn_dqn,,3.9,,50,0,,,,,,,,,,,
776,38802,355.8,rainbow_cnn_dqn,,0.3,,50,0,,,,,,,,,,,
777,38850,356.3,rainbow_cnn_dqn,,3.7,,48,0,,,,,,,,,,,
778,38900,356.8,rainbow_cnn_dqn,,-3.3,,50,0,,,,,,,,,,,
779,38949,357.2,rainbow_cnn_dqn,,3.8,,49,0,,,,,,,,,,,
780,38999,357.7,rainbow_cnn_dqn,,3.9,,50,0,,,,,,,,,,,
781,39049,358.2,rainbow_cnn_dqn,,3.9,,50,0,,,,,,,,,,,
782,39099,359.2,rainbow_cnn_dqn,,3.9,,50,0,,,,,,,,,,,
783,39149,359.7,rainbow_cnn_dqn,,3.9,,50,0,,,,,,,,,,,
784,39193,360.2,rainbow_cnn_dqn,,3.3,,44,0,,,,,,,,,,,
785,39243,360.7,rainbow_cnn_dqn,,3.9,,50,0,,,,,,,,,,,
786,39293,361.1,rainbow_cnn_dqn,,3.9,,50,0,,,,,,,,,,,
787,39347,361.7,rainbow_cnn_dqn,,4.3,,54,0,,,,,,,,,,,
788,39397,362.2,rainbow_cnn_dqn,,3.9,,50,0,,,,,,,,,,,
789,39447,362.6,rainbow_cnn_dqn,,3.9,,50,0,,,,,,,,,,,
790,39506,363.2,rainbow_cnn_dqn,,4.8,,59,0,,,,,,,,,,,
791,39556,363.7,rainbow_cnn_dqn,,3.9,,50,0,,,,,,,,,,,
792,39606,364.2,rainbow_cnn_dqn,,3.9,,50,0,,,,,,,,,,,
793,39658,364.7,rainbow_cnn_dqn,,4.1,,52,0,,,,,,,,,,,
794,39708,365.2,rainbow_cnn_dqn,,3.9,,50,0,,,,,,,,,,,
795,39758,365.7,rainbow_cnn_dqn,,3.9,,50,0,,,,,,,,,,,
796,39812,366.2,rainbow_cnn_dqn,,4.3,,54,0,,,,,,,,,,,
797,39873,366.8,rainbow_cnn_dqn,,5.0,,61,0,,,,,,,,,,,
798,39926,367.3,rainbow_cnn_dqn,,4.2,,53,0,,,,,,,,,,,
799,39976,367.8,rainbow_cnn_dqn,,3.9,,50,0,,,,,,,,,,,
800,40026,368.3,rainbow_cnn_dqn,,3.9,,50,0,,,,,,,,,,,
801,40076,368.8,rainbow_cnn_dqn,,3.9,,50,0,,,,,,,,,,,
802,40126,369.6,rainbow_cnn_dqn,,3.9,,50,0,,,,,,,,,,,
803,40176,370.1,rainbow_cnn_dqn,,3.9,,50,0,,,,,,,,,,,
804,40226,370.6,rainbow_cnn_dqn,,3.9,,50,0,,,,,,,,,,,
805,40276,371.1,rainbow_cnn_dqn,,3.9,,50,0,,,,,,,,,,,
806,40307,371.4,rainbow_cnn_dqn,,2.0,,31,0,,,,,,,,,,,
807,40363,372.0,rainbow_cnn_dqn,,4.5,,56,0,,,,,,,,,,,
808,40413,372.5,rainbow_cnn_dqn,,3.9,,50,0,,,,,,,,,,,
809,40463,373.0,rainbow_cnn_dqn,,3.9,,50,0,,,,,,,,,,,
810,40516,373.5,rainbow_cnn_dqn,,4.2,,53,0,,,,,,,,,,,
811,40567,374.0,rainbow_cnn_dqn,,4.0,,51,0,,,,,,,,,,,
812,40624,374.6,rainbow_cnn_dqn,,4.6,,57,0,,,,,,,,,,,
813,40680,375.1,rainbow_cnn_dqn,,4.5,,56,0,,,,,,,,,,,
814,40730,375.6,rainbow_cnn_dqn,,3.9,,50,0,,,,,,,,,,,
815,40780,376.1,rainbow_cnn_dqn,,3.9,,50,0,,,,,,,,,,,
816,40830,376.6,rainbow_cnn_dqn,,3.9,,50,0,,,,,,,,,,,
817,40880,377.1,rainbow_cnn_dqn,,3.9,,50,0,,,,,,,,,,,
818,40933,377.6,rainbow_cnn_dqn,,4.2,,53,0,,,,,,,,,,,
819,40988,378.1,rainbow_cnn_dqn,,4.4,,55,0,,,,,,,,,,,
820,41043,378.7,rainbow_cnn_dqn,,4.4,,55,0,,,,,,,,,,,
821,41129,379.5,rainbow_cnn_dqn,,8.4,,86,1,,,,,,,,,,,
822,41179,380.4,rainbow_cnn_dqn,,3.9,,50,0,,,,,,,,,,,
823,41229,380.9,rainbow_cnn_dqn,,3.9,,50,0,,,,,,,,,,,
824,41285,381.5,rainbow_cnn_dqn,,4.5,,56,0,,,,,,,,,,,
825,41337,382.0,rainbow_cnn_dqn,,4.1,,52,0,,,,,,,,,,,
826,41387,382.5,rainbow_cnn_dqn,,3.9,,50,0,,,,,,,,,,,
827,41437,383.0,rainbow_cnn_dqn,,3.9,,50,0,,,,,,,,,,,
828,41487,383.5,rainbow_cnn_dqn,,-5.7,,50,0,,,,,,,,,,,
829,41545,384.1,rainbow_cnn_dqn,,4.7,,58,0,,,,,,,,,,,
830,41595,384.6,rainbow_cnn_dqn,,3.9,,50,0,,,,,,,,,,,
831,41645,385.1,rainbow_cnn_dqn,,-6.3,,50,0,,,,,,,,,,,
832,41702,385.6,rainbow_cnn_dqn,,4.6,,57,0,,,,,,,,,,,
833,41752,386.1,rainbow_cnn_dqn,,3.9,,50,0,,,,,,,,,,,
834,41802,386.6,rainbow_cnn_dqn,,3.9,,50,0,,,,,,,,,,,
835,41852,387.1,rainbow_cnn_dqn,,3.9,,50,0,,,,,,,,,,,
836,41902,387.6,rainbow_cnn_dqn,,3.9,,50,0,,,,,,,,,,,
837,41952,388.1,rainbow_cnn_dqn,,3.9,,50,0,,,,,,,,,,,
838,42004,388.6,rainbow_cnn_dqn,,4.1,,52,0,,,,,,,,,,,
839,42054,389.1,rainbow_cnn_dqn,,3.9,,50,0,,,,,,,,,,,
840,42104,389.6,rainbow_cnn_dqn,,3.9,,50,0,,,,,,,,,,,
841,42154,390.1,rainbow_cnn_dqn,,3.9,,50,0,,,,,,,,,,,
842,42204,390.9,rainbow_cnn_dqn,,3.9,,50,0,,,,,,,,,,,
843,42270,391.5,rainbow_cnn_dqn,,6.4,,66,1,,,,,,,,,,,
844,42320,392.0,rainbow_cnn_dqn,,3.9,,50,0,,,,,,,,,,,
845,42370,392.5,rainbow_cnn_dqn,,3.9,,50,0,,,,,,,,,,,
846,42425,393.0,rainbow_cnn_dqn,,4.4,,55,0,,,,,,,,,,,
847,42475,393.5,rainbow_cnn_dqn,,3.9,,50,0,,,,,,,,,,,
848,42525,394.0,rainbow_cnn_dqn,,0.9,,50,0,,,,,,,,,,,
849,42575,394.5,rainbow_cnn_dqn,,3.9,,50,0,,,,,,,,,,,
850,42625,395.0,rainbow_cnn_dqn,,3.9,,50,0,,,,,,,,,,,
851,42675,395.5,rainbow_cnn_dqn,,3.9,,50,0,,,,,,,,,,,
852,42725,396.0,rainbow_cnn_dqn,,3.9,,50,0,,,,,,,,,,,
853,42775,396.4,rainbow_cnn_dqn,,3.9,,50,0,,,,,,,,,,,
854,42825,396.9,rainbow_cnn_dqn,,3.9,,50,0,,,,,,,,,,,
855,42886,397.5,rainbow_cnn_dqn,,5.0,,61,0,,,,,,,,,,,
856,42979,398.4,rainbow_cnn_dqn,,9.1,,93,1,,,,,,,,,,,
857,43029,398.9,rainbow_cnn_dqn,,3.9,,50,0,,,,,,,,,,,
858,43095,399.6,rainbow_cnn_dqn,,6.4,,66,1,,,,,,,,,,,
859,43145,400.1,rainbow_cnn_dqn,,3.9,,50,0,,,,,,,,,,,
860,43207,400.7,rainbow_cnn_dqn,,6.0,,62,1,,,,,,,,,,,
861,43262,401.5,rainbow_cnn_dqn,,4.4,,55,0,,,,,,,,,,,
862,43312,402.0,rainbow_cnn_dqn,,3.9,,50,0,,,,,,,,,,,
863,43362,402.5,rainbow_cnn_dqn,,3.9,,50,0,,,,,,,,,,,
864,43429,403.2,rainbow_cnn_dqn,,6.5,,67,1,,,,,,,,,,,
865,43479,403.7,rainbow_cnn_dqn,,3.9,,50,0,,,,,,,,,,,
866,43529,404.1,rainbow_cnn_dqn,,3.9,,50,0,,,,,,,,,,,
867,43583,404.7,rainbow_cnn_dqn,,4.3,,54,0,,,,,,,,,,,
868,43633,405.2,rainbow_cnn_dqn,,3.9,,50,0,,,,,,,,,,,
869,43683,405.6,rainbow_cnn_dqn,,3.9,,50,0,,,,,,,,,,,
870,43733,406.1,rainbow_cnn_dqn,,3.9,,50,0,,,,,,,,,,,
871,43786,406.7,rainbow_cnn_dqn,,4.2,,53,0,,,,,,,,,,,
872,43836,407.2,rainbow_cnn_dqn,,3.9,,50,0,,,,,,,,,,,
873,43886,407.6,rainbow_cnn_dqn,,3.9,,50,0,,,,,,,,,,,
874,43937,408.1,rainbow_cnn_dqn,,4.0,,51,0,,,,,,,,,,,
875,43987,408.6,rainbow_cnn_dqn,,3.9,,50,0,,,,,,,,,,,
876,44038,409.1,rainbow_cnn_dqn,,4.0,,51,0,,,,,,,,,,,
877,44088,409.6,rainbow_cnn_dqn,,3.9,,50,0,,,,,,,,,,,
878,44138,410.1,rainbow_cnn_dqn,,0.3,,50,0,,,,,,,,,,,
879,44188,410.6,rainbow_cnn_dqn,,2.1,,50,0,,,,,,,,,,,
880,44242,411.1,rainbow_cnn_dqn,,4.3,,54,0,,,,,,,,,,,
881,44292,411.9,rainbow_cnn_dqn,,3.9,,50,0,,,,,,,,,,,
882,44347,412.5,rainbow_cnn_dqn,,4.4,,55,0,,,,,,,,,,,
883,44397,413.0,rainbow_cnn_dqn,,3.9,,50,0,,,,,,,,,,,
884,44447,413.4,rainbow_cnn_dqn,,2.1,,50,0,,,,,,,,,,,
885,44497,413.9,rainbow_cnn_dqn,,3.9,,50,0,,,,,,,,,,,
886,44547,414.4,rainbow_cnn_dqn,,3.9,,50,0,,,,,,,,,,,
887,44597,414.9,rainbow_cnn_dqn,,3.9,,50,0,,,,,,,,,,,
888,44647,415.4,rainbow_cnn_dqn,,3.9,,50,0,,,,,,,,,,,
889,44717,416.1,rainbow_cnn_dqn,,6.8,,70,1,,,,,,,,,,,
890,44785,416.8,rainbow_cnn_dqn,,6.6,,68,1,,,,,,,,,,,
891,44839,417.3,rainbow_cnn_dqn,,4.3,,54,0,,,,,,,,,,,
892,44889,417.8,rainbow_cnn_dqn,,3.9,,50,0,,,,,,,,,,,
893,44958,418.4,rainbow_cnn_dqn,,6.7,,69,1,,,,,,,,,,,
894,45008,418.9,rainbow_cnn_dqn,,3.9,,50,0,,,,,,,,,,,
895,45058,419.4,rainbow_cnn_dqn,,3.9,,50,0,,,,,,,,,,,
896,45108,419.9,rainbow_cnn_dqn,,3.9,,50,0,,,,,,,,,,,
897,45158,420.4,rainbow_cnn_dqn,,3.9,,50,0,,,,,,,,,,,
898,45204,420.9,rainbow_cnn_dqn,,3.5,,46,0,,,,,,,,,,,
899,45268,421.5,rainbow_cnn_dqn,,6.2,,64,1,,,,,,,,,,,
900,45332,422.6,rainbow_cnn_dqn,,6.2,,64,1,,,,,,,,,,,
901,45401,423.3,rainbow_cnn_dqn,,6.7,,69,1,,,,,,,,,,,
902,45451,423.8,rainbow_cnn_dqn,,3.9,,50,0,,,,,,,,,,,
903,45519,424.4,rainbow_cnn_dqn,,6.6,,68,1,,,,,,,,,,,
904,45569,424.9,rainbow_cnn_dqn,,3.9,,50,0,,,,,,,,,,,
905,45619,425.4,rainbow_cnn_dqn,,3.9,,50,0,,,,,,,,,,,
906,45669,425.9,rainbow_cnn_dqn,,3.9,,50,0,,,,,,,,,,,
907,45719,426.4,rainbow_cnn_dqn,,3.9,,50,0,,,,,,,,,,,
908,45769,426.9,rainbow_cnn_dqn,,3.9,,50,0,,,,,,,,,,,
909,45819,427.4,rainbow_cnn_dqn,,3.9,,50,0,,,,,,,,,,,
910,45869,427.9,rainbow_cnn_dqn,,3.9,,50,0,,,,,,,,,,,
911,45919,428.4,rainbow_cnn_dqn,,3.9,,50,0,,,,,,,,,,,
912,45969,428.9,rainbow_cnn_dqn,,3.9,,50,0,,,,,,,,,,,
913,46015,429.3,rainbow_cnn_dqn,,3.5,,46,0,,,,,,,,,,,
914,46085,430.0,rainbow_cnn_dqn,,6.8,,70,1,,,,,,,,,,,
915,46151,430.7,rainbow_cnn_dqn,,6.4,,66,1,,,,,,,,,,,
916,46195,431.1,rainbow_cnn_dqn,,3.3,,44,0,,,,,,,,,,,
917,46249,431.6,rainbow_cnn_dqn,,4.3,,54,0,,,,,,,,,,,
918,46313,432.2,rainbow_cnn_dqn,,6.2,,64,1,,,,,,,,,,,
919,46376,433.2,rainbow_cnn_dqn,,6.1,,63,1,,,,,,,,,,,
920,46439,433.8,rainbow_cnn_dqn,,6.1,,63,1,,,,,,,,,,,
921,46489,434.3,rainbow_cnn_dqn,,3.9,,50,0,,,,,,,,,,,
922,46575,435.1,rainbow_cnn_dqn,,8.4,,86,1,,,,,,,,,,,
923,46625,435.6,rainbow_cnn_dqn,,3.9,,50,0,,,,,,,,,,,
924,46694,436.3,rainbow_cnn_dqn,,6.7,,69,1,,,,,,,,,,,
925,46762,436.9,rainbow_cnn_dqn,,6.6,,68,1,,,,,,,,,,,
926,46831,437.6,rainbow_cnn_dqn,,6.7,,69,1,,,,,,,,,,,
927,46881,438.1,rainbow_cnn_dqn,,3.9,,50,0,,,,,,,,,,,
928,46931,438.6,rainbow_cnn_dqn,,3.9,,50,0,,,,,,,,,,,
929,46981,439.1,rainbow_cnn_dqn,,3.9,,50,0,,,,,,,,,,,
930,47049,439.7,rainbow_cnn_dqn,,6.6,,68,1,,,,,,,,,,,
931,47099,440.2,rainbow_cnn_dqn,,3.9,,50,0,,,,,,,,,,,
932,47149,440.7,rainbow_cnn_dqn,,3.9,,50,0,,,,,,,,,,,
933,47216,441.4,rainbow_cnn_dqn,,6.5,,67,1,,,,,,,,,,,
934,47266,441.9,rainbow_cnn_dqn,,3.9,,50,0,,,,,,,,,,,
935,47352,442.7,rainbow_cnn_dqn,,8.4,,86,1,,,,,,,,,,,
936,47438,443.9,rainbow_cnn_dqn,,8.4,,86,1,,,,,,,,,,,
937,47488,444.4,rainbow_cnn_dqn,,3.9,,50,0,,,,,,,,,,,
938,47554,445.0,rainbow_cnn_dqn,,6.4,,66,1,,,,,,,,,,,
939,47620,445.7,rainbow_cnn_dqn,,6.4,,66,1,,,,,,,,,,,
940,47684,446.3,rainbow_cnn_dqn,,6.2,,64,1,,,,,,,,,,,
941,47725,446.7,rainbow_cnn_dqn,,3.0,,41,0,,,,,,,,,,,
942,47777,447.2,rainbow_cnn_dqn,,4.1,,52,0,,,,,,,,,,,
943,47839,447.8,rainbow_cnn_dqn,,6.0,,62,1,,,,,,,,,,,
944,47886,448.3,rainbow_cnn_dqn,,3.6,,47,0,,,,,,,,,,,
945,47972,449.2,rainbow_cnn_dqn,,8.4,,86,1,,,,,,,,,,,
946,48031,449.8,rainbow_cnn_dqn,,4.8,,59,0,,,,,,,,,,,
947,48081,450.3,rainbow_cnn_dqn,,3.9,,50,0,,,,,,,,,,,
948,48143,450.9,rainbow_cnn_dqn,,6.0,,62,1,,,,,,,,,,,
949,48194,451.5,rainbow_cnn_dqn,,4.0,,51,0,,,,,,,,,,,
950,48244,451.9,rainbow_cnn_dqn,,3.9,,50,0,,,,,,,,,,,
951,48294,452.4,rainbow_cnn_dqn,,3.9,,50,0,,,,,,,,,,,
952,48344,452.9,rainbow_cnn_dqn,,3.9,,50,0,,,,,,,,,,,
953,48413,453.6,rainbow_cnn_dqn,,6.7,,69,1,,,,,,,,,,,
954,48499,454.7,rainbow_cnn_dqn,,8.4,,86,1,,,,,,,,,,,
955,48549,455.2,rainbow_cnn_dqn,,3.9,,50,0,,,,,,,,,,,
956,48595,455.7,rainbow_cnn_dqn,,3.5,,46,0,,,,,,,,,,,
957,48664,456.4,rainbow_cnn_dqn,,6.7,,69,1,,,,,,,,,,,
958,48732,457.0,rainbow_cnn_dqn,,6.6,,68,1,,,,,,,,,,,
959,48795,457.6,rainbow_cnn_dqn,,6.1,,63,1,,,,,,,,,,,
960,48856,458.2,rainbow_cnn_dqn,,5.0,,61,0,,,,,,,,,,,
961,48923,458.8,rainbow_cnn_dqn,,6.5,,67,1,,,,,,,,,,,
962,48973,459.3,rainbow_cnn_dqn,,3.9,,50,0,,,,,,,,,,,
963,49042,460.0,rainbow_cnn_dqn,,6.7,,69,1,,,,,,,,,,,
964,49096,460.5,rainbow_cnn_dqn,,4.3,,54,0,,,,,,,,,,,
965,49146,461.0,rainbow_cnn_dqn,,3.9,,50,0,,,,,,,,,,,
966,49200,461.6,rainbow_cnn_dqn,,4.3,,54,0,,,,,,,,,,,
967,49250,462.0,rainbow_cnn_dqn,,3.9,,50,0,,,,,,,,,,,
968,49336,462.9,rainbow_cnn_dqn,,8.4,,86,1,,,,,,,,,,,
969,49391,463.4,rainbow_cnn_dqn,,4.4,,55,0,,,,,,,,,,,
970,49461,464.1,rainbow_cnn_dqn,,6.8,,70,1,,,,,,,,,,,
971,49530,465.1,rainbow_cnn_dqn,,6.7,,69,1,,,,,,,,,,,
972,49616,465.9,rainbow_cnn_dqn,,8.4,,86,1,,,,,,,,,,,
973,49666,466.4,rainbow_cnn_dqn,,3.9,,50,0,,,,,,,,,,,
974,49716,466.9,rainbow_cnn_dqn,,3.9,,50,0,,,,,,,,,,,
975,49783,467.6,rainbow_cnn_dqn,,6.5,,67,1,,,,,,,,,,,
976,49833,468.0,rainbow_cnn_dqn,,3.9,,50,0,,,,,,,,,,,
977,49903,468.7,rainbow_cnn_dqn,,6.8,,70,1,,,,,,,,,,,
978,49953,469.2,rainbow_cnn_dqn,,3.9,,50,0,,,,,,,,,,,
979,50023,469.9,rainbow_cnn_dqn,,6.8,,70,1,,,,,,,,,,,
980,50073,470.4,rainbow_cnn_dqn,,3.9,,50,0,,,,,,,,,,,
981,50123,470.9,rainbow_cnn_dqn,,3.9,,50,0,,,,,,,,,,,
982,50178,471.4,rainbow_cnn_dqn,,4.4,,55,0,,,,,,,,,,,
983,50248,472.1,rainbow_cnn_dqn,,6.8,,70,1,,,,,,,,,,,
984,50315,472.8,rainbow_cnn_dqn,,6.5,,67,1,,,,,,,,,,,
985,50367,473.3,rainbow_cnn_dqn,,4.1,,52,0,,,,,,,,,,,
986,50453,474.1,rainbow_cnn_dqn,,8.4,,86,1,,,,,,,,,,,
987,50523,474.8,rainbow_cnn_dqn,,6.8,,70,1,,,,,,,,,,,
988,50573,475.6,rainbow_cnn_dqn,,3.9,,50,0,,,,,,,,,,,
989,50623,476.1,rainbow_cnn_dqn,,3.9,,50,0,,,,,,,,,,,
990,50693,476.8,rainbow_cnn_dqn,,6.8,,70,1,,,,,,,,,,,
991,50743,477.3,rainbow_cnn_dqn,,3.9,,50,0,,,,,,,,,,,
992,50793,478.0,rainbow_cnn_dqn,,3.9,,50,0,,,,,,,,,,,
993,50843,478.5,rainbow_cnn_dqn,,3.9,,50,0,,,,,,,,,,,
994,50893,479.0,rainbow_cnn_dqn,,3.9,,50,0,,,,,,,,,,,
995,50943,479.4,rainbow_cnn_dqn,,3.9,,50,0,,,,,,,,,,,
996,50993,479.9,rainbow_cnn_dqn,,3.9,,50,0,,,,,,,,,,,
997,51043,480.4,rainbow_cnn_dqn,,3.9,,50,0,,,,,,,,,,,
998,51095,480.9,rainbow_cnn_dqn,,4.1,,52,0,,,,,,,,,,,
999,51165,481.6,rainbow_cnn_dqn,,6.8,,70,1,,,,,,,,,,,
1000,51215,482.1,rainbow_cnn_dqn,,3.9,,50,0,,,,,,,,,,,
1001,51265,483.4,rainbow_cnn_dqn,,3.9,,50,0,,,,,,,,,,,
1002,51334,484.0,rainbow_cnn_dqn,,6.7,,69,1,,,,,,,,,,,
1003,51420,484.9,rainbow_cnn_dqn,,8.4,,86,1,,,,,,,,,,,
1004,51470,485.4,rainbow_cnn_dqn,,3.9,,50,0,,,,,,,,,,,
1005,51520,486.2,rainbow_cnn_dqn,,3.9,,50,0,,,,,,,,,,,
1006,51577,486.7,rainbow_cnn_dqn,,4.6,,57,0,,,,,,,,,,,
1007,51628,487.2,rainbow_cnn_dqn,,4.0,,51,0,,,,,,,,,,,
1008,51678,487.7,rainbow_cnn_dqn,,3.9,,50,0,,,,,,,,,,,
1009,51728,488.2,rainbow_cnn_dqn,,3.9,,50,0,,,,,,,,,,,
1010,51780,488.7,rainbow_cnn_dqn,,4.1,,52,0,,,,,,,,,,,
1011,51830,489.2,rainbow_cnn_dqn,,3.9,,50,0,,,,,,,,,,,
1012,51892,489.8,rainbow_cnn_dqn,,6.0,,62,1,,,,,,,,,,,
1013,51943,490.3,rainbow_cnn_dqn,,4.0,,51,0,,,,,,,,,,,
1014,51994,490.8,rainbow_cnn_dqn,,4.0,,51,0,,,,,,,,,,,
1015,52044,491.3,rainbow_cnn_dqn,,3.9,,50,0,,,,,,,,,,,
1016,52094,491.8,rainbow_cnn_dqn,,3.9,,50,0,,,,,,,,,,,
1017,52151,492.4,rainbow_cnn_dqn,,4.6,,57,0,,,,,,,,,,,
1018,52201,492.9,rainbow_cnn_dqn,,3.9,,50,0,,,,,,,,,,,
1019,52258,493.4,rainbow_cnn_dqn,,4.6,,57,0,,,,,,,,,,,
1020,52308,493.9,rainbow_cnn_dqn,,3.9,,50,0,,,,,,,,,,,
1021,52363,494.5,rainbow_cnn_dqn,,4.4,,55,0,,,,,,,,,,,
1022,52414,495.0,rainbow_cnn_dqn,,4.0,,51,0,,,,,,,,,,,
1023,52469,495.5,rainbow_cnn_dqn,,4.4,,55,0,,,,,,,,,,,
1024,52532,496.1,rainbow_cnn_dqn,,6.1,,63,1,,,,,,,,,,,
1025,52582,496.9,rainbow_cnn_dqn,,3.9,,50,0,,,,,,,,,,,
1026,52632,497.4,rainbow_cnn_dqn,,3.9,,50,0,,,,,,,,,,,
1027,52718,498.3,rainbow_cnn_dqn,,8.4,,86,1,,,,,,,,,,,
1028,52768,498.7,rainbow_cnn_dqn,,3.9,,50,0,,,,,,,,,,,
1029,52819,499.2,rainbow_cnn_dqn,,4.0,,51,0,,,,,,,,,,,
1030,52869,499.7,rainbow_cnn_dqn,,3.9,,50,0,,,,,,,,,,,
1031,52919,500.2,rainbow_cnn_dqn,,3.9,,50,0,,,,,,,,,,,
1032,52984,500.9,rainbow_cnn_dqn,,6.3,,65,1,,,,,,,,,,,
1033,53070,501.7,rainbow_cnn_dqn,,8.4,,86,1,,,,,,,,,,,
1034,53156,502.6,rainbow_cnn_dqn,,8.4,,86,1,,,,,,,,,,,
1035,53209,503.1,rainbow_cnn_dqn,,4.2,,53,0,,,,,,,,,,,
1036,53262,503.6,rainbow_cnn_dqn,,4.2,,53,0,,,,,,,,,,,
1037,53312,504.1,rainbow_cnn_dqn,,3.9,,50,0,,,,,,,,,,,
1038,53359,504.5,rainbow_cnn_dqn,,3.6,,47,0,,,,,,,,,,,
1039,53412,505.1,rainbow_cnn_dqn,,4.2,,53,0,,,,,,,,,,,
1040,53470,505.6,rainbow_cnn_dqn,,4.7,,58,0,,,,,,,,,,,
1041,53520,506.1,rainbow_cnn_dqn,,3.9,,50,0,,,,,,,,,,,
1042,53570,506.6,rainbow_cnn_dqn,,3.9,,50,0,,,,,,,,,,,
1043,53640,507.6,rainbow_cnn_dqn,,6.8,,70,1,,,,,,,,,,,
1044,53690,508.1,rainbow_cnn_dqn,,3.9,,50,0,,,,,,,,,,,
1045,53751,508.7,rainbow_cnn_dqn,,5.0,,61,0,,,,,,,,,,,
1046,53837,509.6,rainbow_cnn_dqn,,8.4,,86,1,,,,,,,,,,,
1047,53887,510.0,rainbow_cnn_dqn,,3.9,,50,0,,,,,,,,,,,
1048,53937,510.6,rainbow_cnn_dqn,,3.9,,50,0,,,,,,,,,,,
1049,54005,511.2,rainbow_cnn_dqn,,6.6,,68,1,,,,,,,,,,,
1050,54055,511.7,rainbow_cnn_dqn,,3.9,,50,0,,,,,,,,,,,
1051,54105,512.2,rainbow_cnn_dqn,,3.9,,50,0,,,,,,,,,,,
1052,54167,512.8,rainbow_cnn_dqn,,6.0,,62,1,,,,,,,,,,,
1053,54235,513.5,rainbow_cnn_dqn,,6.6,,68,1,,,,,,,,,,,
1054,54296,514.1,rainbow_cnn_dqn,,5.0,,61,0,,,,,,,,,,,
1055,54346,514.6,rainbow_cnn_dqn,,3.9,,50,0,,,,,,,,,,,
1056,54413,515.2,rainbow_cnn_dqn,,6.5,,67,1,,,,,,,,,,,
1057,54464,515.7,rainbow_cnn_dqn,,4.0,,51,0,,,,,,,,,,,
1058,54521,516.3,rainbow_cnn_dqn,,4.6,,57,0,,,,,,,,,,,
1059,54587,516.9,rainbow_cnn_dqn,,6.4,,66,1,,,,,,,,,,,
1060,54637,517.4,rainbow_cnn_dqn,,3.9,,50,0,,,,,,,,,,,
1061,54707,518.5,rainbow_cnn_dqn,,6.8,,70,1,,,,,,,,,,,
1062,54757,519.0,rainbow_cnn_dqn,,3.9,,50,0,,,,,,,,,,,
1063,54807,519.5,rainbow_cnn_dqn,,3.9,,50,0,,,,,,,,,,,
1064,54857,520.0,rainbow_cnn_dqn,,3.9,,50,0,,,,,,,,,,,
1065,54907,520.5,rainbow_cnn_dqn,,3.9,,50,0,,,,,,,,,,,
1066,54959,521.0,rainbow_cnn_dqn,,4.1,,52,0,,,,,,,,,,,
1067,55018,521.6,rainbow_cnn_dqn,,4.8,,59,0,,,,,,,,,,,
1068,55068,522.1,rainbow_cnn_dqn,,3.9,,50,0,,,,,,,,,,,
1069,55129,522.7,rainbow_cnn_dqn,,5.0,,61,0,,,,,,,,,,,
1070,55179,523.2,rainbow_cnn_dqn,,3.9,,50,0,,,,,,,,,,,
1071,55229,523.7,rainbow_cnn_dqn,,3.9,,50,0,,,,,,,,,,,
1072,55279,524.2,rainbow_cnn_dqn,,3.9,,50,0,,,,,,,,,,,
1073,55329,524.7,rainbow_cnn_dqn,,3.9,,50,0,,,,,,,,,,,
1074,55379,525.2,rainbow_cnn_dqn,,3.9,,50,0,,,,,,,,,,,
1075,55430,525.7,rainbow_cnn_dqn,,4.0,,51,0,,,,,,,,,,,
1076,55480,526.2,rainbow_cnn_dqn,,3.9,,50,0,,,,,,,,,,,
1077,55530,526.6,rainbow_cnn_dqn,,3.9,,50,0,,,,,,,,,,,
1078,55581,527.1,rainbow_cnn_dqn,,4.0,,51,0,,,,,,,,,,,
1079,55631,527.6,rainbow_cnn_dqn,,3.9,,50,0,,,,,,,,,,,
1080,55681,528.1,rainbow_cnn_dqn,,3.9,,50,0,,,,,,,,,,,
1081,55731,528.9,rainbow_cnn_dqn,,3.9,,50,0,,,,,,,,,,,
1082,55781,529.4,rainbow_cnn_dqn,,3.9,,50,0,,,,,,,,,,,
1083,55847,530.1,rainbow_cnn_dqn,,6.4,,66,1,,,,,,,,,,,
1084,55897,530.6,rainbow_cnn_dqn,,3.9,,50,0,,,,,,,,,,,
1085,55947,531.1,rainbow_cnn_dqn,,3.9,,50,0,,,,,,,,,,,
1086,56017,531.8,rainbow_cnn_dqn,,6.8,,70,1,,,,,,,,,,,
1087,56072,532.3,rainbow_cnn_dqn,,4.4,,55,0,,,,,,,,,,,
1088,56122,532.8,rainbow_cnn_dqn,,3.9,,50,0,,,,,,,,,,,
1089,56172,533.3,rainbow_cnn_dqn,,3.9,,50,0,,,,,,,,,,,
1090,56222,533.8,rainbow_cnn_dqn,,3.9,,50,0,,,,,,,,,,,
1091,56272,534.3,rainbow_cnn_dqn,,3.9,,50,0,,,,,,,,,,,
1092,56322,534.7,rainbow_cnn_dqn,,3.9,,50,0,,,,,,,,,,,
1093,56378,535.3,rainbow_cnn_dqn,,4.5,,56,0,,,,,,,,,,,
1094,56430,535.8,rainbow_cnn_dqn,,4.1,,52,0,,,,,,,,,,,
1095,56495,536.4,rainbow_cnn_dqn,,6.3,,65,1,,,,,,,,,,,
1096,56553,537.0,rainbow_cnn_dqn,,4.7,,58,0,,,,,,,,,,,
1097,56612,537.6,rainbow_cnn_dqn,,4.8,,59,0,,,,,,,,,,,
1098,56679,538.3,rainbow_cnn_dqn,,6.5,,67,1,,,,,,,,,,,
1099,56734,538.8,rainbow_cnn_dqn,,4.4,,55,0,,,,,,,,,,,
1100,56799,539.8,rainbow_cnn_dqn,,6.3,,65,1,,,,,,,,,,,
1101,56849,540.3,rainbow_cnn_dqn,,3.9,,50,0,,,,,,,,,,,
1102,56911,540.9,rainbow_cnn_dqn,,6.0,,62,1,,,,,,,,,,,
1103,56961,541.4,rainbow_cnn_dqn,,3.9,,50,0,,,,,,,,,,,
1104,57011,541.9,rainbow_cnn_dqn,,3.9,,50,0,,,,,,,,,,,
1105,57061,542.4,rainbow_cnn_dqn,,3.9,,50,0,,,,,,,,,,,
1106,57111,542.8,rainbow_cnn_dqn,,3.9,,50,0,,,,,,,,,,,
1107,57161,543.3,rainbow_cnn_dqn,,3.9,,50,0,,,,,,,,,,,
1108,57211,543.8,rainbow_cnn_dqn,,3.9,,50,0,,,,,,,,,,,
1109,57261,544.3,rainbow_cnn_dqn,,3.9,,50,0,,,,,,,,,,,
1110,57311,544.8,rainbow_cnn_dqn,,3.9,,50,0,,,,,,,,,,,
1111,57367,545.3,rainbow_cnn_dqn,,4.5,,56,0,,,,,,,,,,,
1112,57417,546.1,rainbow_cnn_dqn,,3.9,,50,0,,,,,,,,,,,
1113,57467,546.6,rainbow_cnn_dqn,,3.9,,50,0,,,,,,,,,,,
1114,57517,547.1,rainbow_cnn_dqn,,3.9,,50,0,,,,,,,,,,,
1115,57576,547.6,rainbow_cnn_dqn,,4.8,,59,0,,,,,,,,,,,
1116,57626,548.1,rainbow_cnn_dqn,,3.9,,50,0,,,,,,,,,,,
1117,57676,548.6,rainbow_cnn_dqn,,3.9,,50,0,,,,,,,,,,,
1118,57735,549.2,rainbow_cnn_dqn,,4.8,,59,0,,,,,,,,,,,
1119,57785,550.0,rainbow_cnn_dqn,,3.9,,50,0,,,,,,,,,,,
1120,57835,550.5,rainbow_cnn_dqn,,3.9,,50,0,,,,,,,,,,,
1121,57885,551.0,rainbow_cnn_dqn,,3.9,,50,0,,,,,,,,,,,
1122,57935,551.5,rainbow_cnn_dqn,,3.9,,50,0,,,,,,,,,,,
1123,57985,552.0,rainbow_cnn_dqn,,3.9,,50,0,,,,,,,,,,,
1124,58035,552.5,rainbow_cnn_dqn,,3.9,,50,0,,,,,,,,,,,
1125,58105,553.2,rainbow_cnn_dqn,,6.8,,70,1,,,,,,,,,,,
1126,58157,553.7,rainbow_cnn_dqn,,4.1,,52,0,,,,,,,,,,,
1127,58207,554.2,rainbow_cnn_dqn,,3.9,,50,0,,,,,,,,,,,
1128,58257,554.7,rainbow_cnn_dqn,,3.9,,50,0,,,,,,,,,,,
1129,58307,555.2,rainbow_cnn_dqn,,3.9,,50,0,,,,,,,,,,,
1130,58357,555.7,rainbow_cnn_dqn,,3.9,,50,0,,,,,,,,,,,
1131,58407,556.2,rainbow_cnn_dqn,,3.9,,50,0,,,,,,,,,,,
1132,58457,556.7,rainbow_cnn_dqn,,3.9,,50,0,,,,,,,,,,,
1133,58507,557.2,rainbow_cnn_dqn,,3.9,,50,0,,,,,,,,,,,
1134,58557,557.7,rainbow_cnn_dqn,,3.9,,50,0,,,,,,,,,,,
1135,58617,558.3,rainbow_cnn_dqn,,4.9,,60,0,,,,,,,,,,,
1136,58667,558.8,rainbow_cnn_dqn,,3.9,,50,0,,,,,,,,,,,
1137,58728,559.4,rainbow_cnn_dqn,,5.0,,61,0,,,,,,,,,,,
1138,58792,560.0,rainbow_cnn_dqn,,6.2,,64,1,,,,,,,,,,,
1139,58842,560.9,rainbow_cnn_dqn,,3.9,,50,0,,,,,,,,,,,
1140,58892,561.4,rainbow_cnn_dqn,,3.9,,50,0,,,,,,,,,,,
1141,58946,561.9,rainbow_cnn_dqn,,4.3,,54,0,,,,,,,,,,,
1142,59002,562.5,rainbow_cnn_dqn,,4.5,,56,0,,,,,,,,,,,
1143,59060,563.0,rainbow_cnn_dqn,,4.7,,58,0,,,,,,,,,,,
1144,59126,563.7,rainbow_cnn_dqn,,6.4,,66,1,,,,,,,,,,,
1145,59184,564.3,rainbow_cnn_dqn,,4.7,,58,0,,,,,,,,,,,
1146,59246,564.9,rainbow_cnn_dqn,,6.0,,62,1,,,,,,,,,,,
1147,59303,565.4,rainbow_cnn_dqn,,4.6,,57,0,,,,,,,,,,,
1148,59353,565.9,rainbow_cnn_dqn,,3.9,,50,0,,,,,,,,,,,
1149,59403,566.4,rainbow_cnn_dqn,,3.9,,50,0,,,,,,,,,,,
1150,59461,567.0,rainbow_cnn_dqn,,4.7,,58,0,,,,,,,,,,,
1151,59511,567.5,rainbow_cnn_dqn,,3.9,,50,0,,,,,,,,,,,
1152,59580,568.2,rainbow_cnn_dqn,,6.7,,69,1,,,,,,,,,,,
1153,59641,568.8,rainbow_cnn_dqn,,5.0,,61,0,,,,,,,,,,,
1154,59727,569.6,rainbow_cnn_dqn,,8.4,,86,1,,,,,,,,,,,
1155,59789,570.2,rainbow_cnn_dqn,,6.0,,62,1,,,,,,,,,,,
1156,59839,570.7,rainbow_cnn_dqn,,3.9,,50,0,,,,,,,,,,,
1157,59905,571.7,rainbow_cnn_dqn,,6.4,,66,1,,,,,,,,,,,
1158,59955,572.2,rainbow_cnn_dqn,,3.9,,50,0,,,,,,,,,,,
1159,60012,572.8,rainbow_cnn_dqn,,4.6,,57,0,,,,,,,,,,,
1160,60062,573.3,rainbow_cnn_dqn,,3.9,,50,0,,,,,,,,,,,
1161,60117,573.8,rainbow_cnn_dqn,,4.4,,55,0,,,,,,,,,,,
1162,60167,574.3,rainbow_cnn_dqn,,3.9,,50,0,,,,,,,,,,,
1163,60217,574.8,rainbow_cnn_dqn,,3.9,,50,0,,,,,,,,,,,
1164,60267,575.3,rainbow_cnn_dqn,,3.9,,50,0,,,,,,,,,,,
1165,60324,575.9,rainbow_cnn_dqn,,4.6,,57,0,,,,,,,,,,,
1166,60410,576.7,rainbow_cnn_dqn,,8.4,,86,1,,,,,,,,,,,
1167,60496,577.5,rainbow_cnn_dqn,,8.4,,86,1,,,,,,,,,,,
1168,60546,578.0,rainbow_cnn_dqn,,3.9,,50,0,,,,,,,,,,,
1169,60606,578.6,rainbow_cnn_dqn,,4.9,,60,0,,,,,,,,,,,
1170,60661,579.2,rainbow_cnn_dqn,,4.4,,55,0,,,,,,,,,,,
1171,60711,579.6,rainbow_cnn_dqn,,3.9,,50,0,,,,,,,,,,,
1172,60761,580.1,rainbow_cnn_dqn,,3.9,,50,0,,,,,,,,,,,
1173,60811,580.7,rainbow_cnn_dqn,,3.9,,50,0,,,,,,,,,,,
1174,60861,581.2,rainbow_cnn_dqn,,3.9,,50,0,,,,,,,,,,,
1175,60911,582.1,rainbow_cnn_dqn,,3.9,,50,0,,,,,,,,,,,
1176,60961,582.6,rainbow_cnn_dqn,,3.9,,50,0,,,,,,,,,,,
1177,61011,583.0,rainbow_cnn_dqn,,3.9,,50,0,,,,,,,,,,,
1178,61069,583.6,rainbow_cnn_dqn,,4.7,,58,0,,,,,,,,,,,
1179,61119,584.1,rainbow_cnn_dqn,,3.9,,50,0,,,,,,,,,,,
1180,61169,584.6,rainbow_cnn_dqn,,3.9,,50,0,,,,,,,,,,,
1181,61228,585.2,rainbow_cnn_dqn,,4.8,,59,0,,,,,,,,,,,
1182,61278,585.7,rainbow_cnn_dqn,,3.9,,50,0,,,,,,,,,,,
1183,61335,586.3,rainbow_cnn_dqn,,4.6,,57,0,,,,,,,,,,,
1184,61385,586.8,rainbow_cnn_dqn,,3.9,,50,0,,,,,,,,,,,
1185,61435,587.3,rainbow_cnn_dqn,,3.9,,50,0,,,,,,,,,,,
1186,61486,587.8,rainbow_cnn_dqn,,4.0,,51,0,,,,,,,,,,,
1187,61553,588.5,rainbow_cnn_dqn,,6.5,,67,1,,,,,,,,,,,
1188,61603,589.0,rainbow_cnn_dqn,,3.9,,50,0,,,,,,,,,,,
1189,61653,589.5,rainbow_cnn_dqn,,3.9,,50,0,,,,,,,,,,,
1190,61723,590.2,rainbow_cnn_dqn,,6.8,,70,1,,,,,,,,,,,
1191,61790,590.9,rainbow_cnn_dqn,,6.5,,67,1,,,,,,,,,,,
1192,61840,591.5,rainbow_cnn_dqn,,3.9,,50,0,,,,,,,,,,,
1193,61890,592.0,rainbow_cnn_dqn,,3.9,,50,0,,,,,,,,,,,
1194,61940,592.9,rainbow_cnn_dqn,,3.9,,50,0,,,,,,,,,,,
1195,61990,593.4,rainbow_cnn_dqn,,3.9,,50,0,,,,,,,,,,,
1196,62076,594.2,rainbow_cnn_dqn,,8.4,,86,1,,,,,,,,,,,
1197,62126,594.7,rainbow_cnn_dqn,,3.9,,50,0,,,,,,,,,,,
1198,62176,595.2,rainbow_cnn_dqn,,3.9,,50,0,,,,,,,,,,,
1199,62227,595.7,rainbow_cnn_dqn,,4.0,,51,0,,,,,,,,,,,
1200,62277,596.2,rainbow_cnn_dqn,,3.9,,50,0,,,,,,,,,,,
1201,62327,596.7,rainbow_cnn_dqn,,3.9,,50,0,,,,,,,,,,,
1202,62377,597.2,rainbow_cnn_dqn,,3.9,,50,0,,,,,,,,,,,
1203,62427,597.7,rainbow_cnn_dqn,,3.9,,50,0,,,,,,,,,,,
1204,62494,598.3,rainbow_cnn_dqn,,6.5,,67,1,,,,,,,,,,,
1205,62561,599.0,rainbow_cnn_dqn,,6.5,,67,1,,,,,,,,,,,
1206,62611,599.5,rainbow_cnn_dqn,,3.9,,50,0,,,,,,,,,,,
1207,62680,600.2,rainbow_cnn_dqn,,6.7,,69,1,,,,,,,,,,,
1208,62738,600.7,rainbow_cnn_dqn,,4.7,,58,0,,,,,,,,,,,
1209,62788,601.2,rainbow_cnn_dqn,,3.9,,50,0,,,,,,,,,,,
1210,62838,601.8,rainbow_cnn_dqn,,3.9,,50,0,,,,,,,,,,,
1211,62888,602.3,rainbow_cnn_dqn,,3.9,,50,0,,,,,,,,,,,
1212,62947,603.0,rainbow_cnn_dqn,,4.8,,59,0,,,,,,,,,,,
1213,63005,604.1,rainbow_cnn_dqn,,4.7,,58,0,,,,,,,,,,,
1214,63091,604.9,rainbow_cnn_dqn,,8.4,,86,1,,,,,,,,,,,
1215,63147,605.5,rainbow_cnn_dqn,,4.5,,56,0,,,,,,,,,,,
1216,63197,606.0,rainbow_cnn_dqn,,3.9,,50,0,,,,,,,,,,,
1217,63252,606.6,rainbow_cnn_dqn,,4.4,,55,0,,,,,,,,,,,
1218,63302,607.1,rainbow_cnn_dqn,,3.9,,50,0,,,,,,,,,,,
1219,63352,607.6,rainbow_cnn_dqn,,3.9,,50,0,,,,,,,,,,,
1220,63414,608.2,rainbow_cnn_dqn,,6.0,,62,1,,,,,,,,,,,
1221,63464,608.7,rainbow_cnn_dqn,,3.9,,50,0,,,,,,,,,,,
1222,63531,609.3,rainbow_cnn_dqn,,6.5,,67,1,,,,,,,,,,,
1223,63581,609.8,rainbow_cnn_dqn,,3.9,,50,0,,,,,,,,,,,
1224,63642,610.4,rainbow_cnn_dqn,,5.0,,61,0,,,,,,,,,,,
1225,63696,611.0,rainbow_cnn_dqn,,4.3,,54,0,,,,,,,,,,,
1226,63746,611.5,rainbow_cnn_dqn,,3.9,,50,0,,,,,,,,,,,
1227,63796,611.9,rainbow_cnn_dqn,,3.9,,50,0,,,,,,,,,,,
1228,63846,612.4,rainbow_cnn_dqn,,3.9,,50,0,,,,,,,,,,,
1229,63896,612.9,rainbow_cnn_dqn,,3.9,,50,0,,,,,,,,,,,
1230,63946,613.4,rainbow_cnn_dqn,,3.9,,50,0,,,,,,,,,,,
1231,64007,614.0,rainbow_cnn_dqn,,5.0,,61,0,,,,,,,,,,,
1232,64057,615.2,rainbow_cnn_dqn,,3.9,,50,0,,,,,,,,,,,
1233,64115,615.8,rainbow_cnn_dqn,,4.7,,58,0,,,,,,,,,,,
1234,64165,616.3,rainbow_cnn_dqn,,3.9,,50,0,,,,,,,,,,,
1235,64215,616.8,rainbow_cnn_dqn,,3.9,,50,0,,,,,,,,,,,
1236,64265,617.3,rainbow_cnn_dqn,,3.9,,50,0,,,,,,,,,,,
1237,64315,617.7,rainbow_cnn_dqn,,3.9,,50,0,,,,,,,,,,,
1238,64365,618.2,rainbow_cnn_dqn,,3.9,,50,0,,,,,,,,,,,
1239,64419,618.8,rainbow_cnn_dqn,,4.3,,54,0,,,,,,,,,,,
1240,64469,619.3,rainbow_cnn_dqn,,3.9,,50,0,,,,,,,,,,,
1241,64519,619.7,rainbow_cnn_dqn,,3.9,,50,0,,,,,,,,,,,
1242,64578,620.3,rainbow_cnn_dqn,,4.8,,59,0,,,,,,,,,,,
1243,64634,620.9,rainbow_cnn_dqn,,4.5,,56,0,,,,,,,,,,,
1244,64684,621.4,rainbow_cnn_dqn,,3.9,,50,0,,,,,,,,,,,
1245,64734,621.9,rainbow_cnn_dqn,,3.9,,50,0,,,,,,,,,,,
1246,64784,622.4,rainbow_cnn_dqn,,3.9,,50,0,,,,,,,,,,,
1247,64834,622.9,rainbow_cnn_dqn,,3.9,,50,0,,,,,,,,,,,
1248,64884,623.3,rainbow_cnn_dqn,,3.9,,50,0,,,,,,,,,,,
1249,64934,623.8,rainbow_cnn_dqn,,3.9,,50,0,,,,,,,,,,,
1250,64984,624.3,rainbow_cnn_dqn,,3.9,,50,0,,,,,,,,,,,
1251,65034,624.8,rainbow_cnn_dqn,,3.9,,50,0,,,,,,,,,,,
1252,65088,625.7,rainbow_cnn_dqn,,4.3,,54,0,,,,,,,,,,,
1253,65138,626.2,rainbow_cnn_dqn,,3.9,,50,0,,,,,,,,,,,
1254,65188,626.6,rainbow_cnn_dqn,,3.9,,50,0,,,,,,,,,,,
1255,65244,627.2,rainbow_cnn_dqn,,4.5,,56,0,,,,,,,,,,,
1256,65301,627.8,rainbow_cnn_dqn,,4.6,,57,0,,,,,,,,,,,
1257,65358,628.4,rainbow_cnn_dqn,,4.6,,57,0,,,,,,,,,,,
1258,65408,628.8,rainbow_cnn_dqn,,3.9,,50,0,,,,,,,,,,,
1259,65458,629.3,rainbow_cnn_dqn,,3.9,,50,0,,,,,,,,,,,
1260,65508,629.8,rainbow_cnn_dqn,,3.9,,50,0,,,,,,,,,,,
1261,65558,630.3,rainbow_cnn_dqn,,3.9,,50,0,,,,,,,,,,,
1262,65608,630.8,rainbow_cnn_dqn,,3.9,,50,0,,,,,,,,,,,
1263,65658,631.3,rainbow_cnn_dqn,,3.9,,50,0,,,,,,,,,,,
1264,65708,631.8,rainbow_cnn_dqn,,3.9,,50,0,,,,,,,,,,,
1265,65758,632.3,rainbow_cnn_dqn,,3.9,,50,0,,,,,,,,,,,
1266,65815,632.9,rainbow_cnn_dqn,,4.6,,57,0,,,,,,,,,,,
1267,65865,633.3,rainbow_cnn_dqn,,3.9,,50,0,,,,,,,,,,,
1268,65925,633.9,rainbow_cnn_dqn,,4.9,,60,0,,,,,,,,,,,
1269,65992,634.6,rainbow_cnn_dqn,,6.5,,67,1,,,,,,,,,,,
1270,66048,635.1,rainbow_cnn_dqn,,4.5,,56,0,,,,,,,,,,,
1271,66098,636.0,rainbow_cnn_dqn,,3.9,,50,0,,,,,,,,,,,
1272,66148,636.5,rainbow_cnn_dqn,,3.9,,50,0,,,,,,,,,,,
1273,66207,637.0,rainbow_cnn_dqn,,4.8,,59,0,,,,,,,,,,,
1274,66264,637.6,rainbow_cnn_dqn,,4.6,,57,0,,,,,,,,,,,
1275,66314,638.1,rainbow_cnn_dqn,,3.9,,50,0,,,,,,,,,,,
1276,66364,638.6,rainbow_cnn_dqn,,3.9,,50,0,,,,,,,,,,,
1277,66414,639.1,rainbow_cnn_dqn,,3.9,,50,0,,,,,,,,,,,
1278,66471,639.6,rainbow_cnn_dqn,,4.6,,57,0,,,,,,,,,,,
1279,66521,640.1,rainbow_cnn_dqn,,3.9,,50,0,,,,,,,,,,,
1280,66577,640.7,rainbow_cnn_dqn,,4.5,,56,0,,,,,,,,,,,
1281,66632,641.2,rainbow_cnn_dqn,,4.4,,55,0,,,,,,,,,,,
1282,66682,641.7,rainbow_cnn_dqn,,3.9,,50,0,,,,,,,,,,,
1283,66743,642.3,rainbow_cnn_dqn,,5.0,,61,0,,,,,,,,,,,
1284,66799,642.9,rainbow_cnn_dqn,,4.5,,56,0,,,,,,,,,,,
1285,66849,643.4,rainbow_cnn_dqn,,3.9,,50,0,,,,,,,,,,,
1286,66916,644.0,rainbow_cnn_dqn,,6.5,,67,1,,,,,,,,,,,
1287,66970,644.5,rainbow_cnn_dqn,,4.3,,54,0,,,,,,,,,,,
1288,67025,645.1,rainbow_cnn_dqn,,4.4,,55,0,,,,,,,,,,,
1289,67075,645.6,rainbow_cnn_dqn,,3.9,,50,0,,,,,,,,,,,
1290,67137,646.5,rainbow_cnn_dqn,,6.0,,62,1,,,,,,,,,,,
1291,67187,647.0,rainbow_cnn_dqn,,3.9,,50,0,,,,,,,,,,,
1292,67237,647.5,rainbow_cnn_dqn,,3.9,,50,0,,,,,,,,,,,
1293,67297,648.1,rainbow_cnn_dqn,,4.9,,60,0,,,,,,,,,,,
1294,67353,648.6,rainbow_cnn_dqn,,4.5,,56,0,,,,,,,,,,,
1295,67409,649.2,rainbow_cnn_dqn,,4.5,,56,0,,,,,,,,,,,
1296,67459,649.7,rainbow_cnn_dqn,,3.9,,50,0,,,,,,,,,,,
1297,67509,650.2,rainbow_cnn_dqn,,3.9,,50,0,,,,,,,,,,,
1298,67574,650.8,rainbow_cnn_dqn,,6.3,,65,1,,,,,,,,,,,
1299,67624,651.3,rainbow_cnn_dqn,,3.9,,50,0,,,,,,,,,,,
1300,67681,651.9,rainbow_cnn_dqn,,4.6,,57,0,,,,,,,,,,,
1301,67737,652.4,rainbow_cnn_dqn,,4.5,,56,0,,,,,,,,,,,
1302,67794,653.0,rainbow_cnn_dqn,,4.6,,57,0,,,,,,,,,,,
1303,67844,653.5,rainbow_cnn_dqn,,3.9,,50,0,,,,,,,,,,,
1304,67902,654.1,rainbow_cnn_dqn,,4.7,,58,0,,,,,,,,,,,
1305,67952,654.6,rainbow_cnn_dqn,,3.9,,50,0,,,,,,,,,,,
1306,68006,655.1,rainbow_cnn_dqn,,4.3,,54,0,,,,,,,,,,,
1307,68056,655.7,rainbow_cnn_dqn,,3.9,,50,0,,,,,,,,,,,
1308,68115,656.2,rainbow_cnn_dqn,,4.8,,59,0,,,,,,,,,,,
1309,68165,657.1,rainbow_cnn_dqn,,3.9,,50,0,,,,,,,,,,,
1310,68215,657.6,rainbow_cnn_dqn,,3.9,,50,0,,,,,,,,,,,
1311,68301,658.4,rainbow_cnn_dqn,,8.4,,86,1,,,,,,,,,,,
1312,68351,658.9,rainbow_cnn_dqn,,3.9,,50,0,,,,,,,,,,,
1313,68401,659.4,rainbow_cnn_dqn,,3.9,,50,0,,,,,,,,,,,
1314,68452,659.9,rainbow_cnn_dqn,,4.0,,51,0,,,,,,,,,,,
1315,68502,660.4,rainbow_cnn_dqn,,3.9,,50,0,,,,,,,,,,,
1316,68552,660.9,rainbow_cnn_dqn,,3.9,,50,0,,,,,,,,,,,
1317,68638,661.7,rainbow_cnn_dqn,,8.4,,86,1,,,,,,,,,,,
1318,68724,662.6,rainbow_cnn_dqn,,8.4,,86,1,,,,,,,,,,,
1319,68774,663.1,rainbow_cnn_dqn,,3.9,,50,0,,,,,,,,,,,
1320,68824,663.5,rainbow_cnn_dqn,,3.9,,50,0,,,,,,,,,,,
1321,68878,664.1,rainbow_cnn_dqn,,4.3,,54,0,,,,,,,,,,,
1322,68928,664.6,rainbow_cnn_dqn,,3.9,,50,0,,,,,,,,,,,
1323,68985,665.1,rainbow_cnn_dqn,,4.6,,57,0,,,,,,,,,,,
1324,69035,665.6,rainbow_cnn_dqn,,3.9,,50,0,,,,,,,,,,,
1325,69100,666.2,rainbow_cnn_dqn,,6.3,,65,1,,,,,,,,,,,
1326,69150,666.7,rainbow_cnn_dqn,,3.9,,50,0,,,,,,,,,,,
1327,69200,667.6,rainbow_cnn_dqn,,3.9,,50,0,,,,,,,,,,,
1328,69250,668.0,rainbow_cnn_dqn,,3.9,,50,0,,,,,,,,,,,
1329,69310,668.6,rainbow_cnn_dqn,,4.9,,60,0,,,,,,,,,,,
1330,69368,669.2,rainbow_cnn_dqn,,4.7,,58,0,,,,,,,,,,,
1331,69430,669.8,rainbow_cnn_dqn,,6.0,,62,1,,,,,,,,,,,
1332,69480,670.3,rainbow_cnn_dqn,,3.9,,50,0,,,,,,,,,,,
1333,69544,670.9,rainbow_cnn_dqn,,6.2,,64,1,,,,,,,,,,,
1334,69611,671.5,rainbow_cnn_dqn,,6.5,,67,1,,,,,,,,,,,
1335,69674,672.1,rainbow_cnn_dqn,,6.1,,63,1,,,,,,,,,,,
1336,69724,672.6,rainbow_cnn_dqn,,3.9,,50,0,,,,,,,,,,,
1337,69792,673.3,rainbow_cnn_dqn,,6.6,,68,1,,,,,,,,,,,
1338,69845,673.8,rainbow_cnn_dqn,,4.2,,53,0,,,,,,,,,,,
1339,69904,674.4,rainbow_cnn_dqn,,4.8,,59,0,,,,,,,,,,,
1340,69962,674.9,rainbow_cnn_dqn,,4.7,,58,0,,,,,,,,,,,
1341,70015,675.4,rainbow_cnn_dqn,,4.2,,53,0,,,,,,,,,,,
1342,70065,675.9,rainbow_cnn_dqn,,3.9,,50,0,,,,,,,,,,,
1343,70151,676.7,rainbow_cnn_dqn,,8.4,,86,1,,,,,,,,,,,
1344,70237,677.6,rainbow_cnn_dqn,,8.4,,86,1,,,,,,,,,,,
1345,70287,678.4,rainbow_cnn_dqn,,3.9,,50,0,,,,,,,,,,,
1346,70347,679.0,rainbow_cnn_dqn,,4.9,,60,0,,,,,,,,,,,
1347,70397,679.5,rainbow_cnn_dqn,,3.9,,50,0,,,,,,,,,,,
1348,70454,680.3,rainbow_cnn_dqn,,4.6,,57,0,,,,,,,,,,,
1349,70512,680.9,rainbow_cnn_dqn,,4.7,,58,0,,,,,,,,,,,
1350,70577,681.5,rainbow_cnn_dqn,,6.3,,65,1,,,,,,,,,,,
1351,70642,682.1,rainbow_cnn_dqn,,6.3,,65,1,,,,,,,,,,,
1352,70702,682.7,rainbow_cnn_dqn,,4.9,,60,0,,,,,,,,,,,
1353,70758,683.3,rainbow_cnn_dqn,,4.5,,56,0,,,,,,,,,,,
1354,70818,683.8,rainbow_cnn_dqn,,4.9,,60,0,,,,,,,,,,,
1355,70871,684.3,rainbow_cnn_dqn,,4.2,,53,0,,,,,,,,,,,
1356,70937,685.0,rainbow_cnn_dqn,,6.4,,66,1,,,,,,,,,,,
1357,70997,685.6,rainbow_cnn_dqn,,4.9,,60,0,,,,,,,,,,,
1358,71055,686.1,rainbow_cnn_dqn,,4.7,,58,0,,,,,,,,,,,
1359,71110,686.7,rainbow_cnn_dqn,,4.4,,55,0,,,,,,,,,,,
1360,71160,687.2,rainbow_cnn_dqn,,3.9,,50,0,,,,,,,,,,,
1361,71218,687.7,rainbow_cnn_dqn,,4.7,,58,0,,,,,,,,,,,
1362,71268,688.2,rainbow_cnn_dqn,,3.9,,50,0,,,,,,,,,,,
1363,71333,689.2,rainbow_cnn_dqn,,6.3,,65,1,,,,,,,,,,,
1364,71396,689.8,rainbow_cnn_dqn,,6.1,,63,1,,,,,,,,,,,
1365,71450,690.3,rainbow_cnn_dqn,,4.3,,54,0,,,,,,,,,,,
1366,71507,690.8,rainbow_cnn_dqn,,4.6,,57,0,,,,,,,,,,,
1367,71557,691.3,rainbow_cnn_dqn,,3.9,,50,0,,,,,,,,,,,
1368,71615,691.9,rainbow_cnn_dqn,,4.7,,58,0,,,,,,,,,,,
1369,71665,692.4,rainbow_cnn_dqn,,3.9,,50,0,,,,,,,,,,,
1370,71715,692.8,rainbow_cnn_dqn,,3.9,,50,0,,,,,,,,,,,
1371,71770,693.4,rainbow_cnn_dqn,,4.4,,55,0,,,,,,,,,,,
1372,71832,694.0,rainbow_cnn_dqn,,6.0,,62,1,,,,,,,,,,,
1373,71896,694.6,rainbow_cnn_dqn,,6.2,,64,1,,,,,,,,,,,
1374,71955,695.2,rainbow_cnn_dqn,,4.8,,59,0,,,,,,,,,,,
1375,72019,695.8,rainbow_cnn_dqn,,6.2,,64,1,,,,,,,,,,,
1376,72076,696.3,rainbow_cnn_dqn,,4.6,,57,0,,,,,,,,,,,
1377,72142,697.0,rainbow_cnn_dqn,,6.4,,66,1,,,,,,,,,,,
1378,72198,697.5,rainbow_cnn_dqn,,4.5,,56,0,,,,,,,,,,,
1379,72264,698.2,rainbow_cnn_dqn,,6.4,,66,1,,,,,,,,,,,
1380,72331,698.8,rainbow_cnn_dqn,,6.5,,67,1,,,,,,,,,,,
1381,72382,699.6,rainbow_cnn_dqn,,4.0,,51,0,,,,,,,,,,,
1382,72432,700.1,rainbow_cnn_dqn,,3.9,,50,0,,,,,,,,,,,
1383,72482,700.6,rainbow_cnn_dqn,,3.9,,50,0,,,,,,,,,,,
1384,72546,701.2,rainbow_cnn_dqn,,6.2,,64,1,,,,,,,,,,,
1385,72602,701.8,rainbow_cnn_dqn,,4.5,,56,0,,,,,,,,,,,
1386,72658,702.3,rainbow_cnn_dqn,,4.5,,56,0,,,,,,,,,,,
1387,72708,702.8,rainbow_cnn_dqn,,3.9,,50,0,,,,,,,,,,,
1388,72770,703.4,rainbow_cnn_dqn,,6.0,,62,1,,,,,,,,,,,
1389,72820,703.9,rainbow_cnn_dqn,,3.9,,50,0,,,,,,,,,,,
1390,72876,704.4,rainbow_cnn_dqn,,4.5,,56,0,,,,,,,,,,,
1391,72941,705.1,rainbow_cnn_dqn,,6.3,,65,1,,,,,,,,,,,
1392,73003,705.7,rainbow_cnn_dqn,,6.0,,62,1,,,,,,,,,,,
1393,73065,706.3,rainbow_cnn_dqn,,6.0,,62,1,,,,,,,,,,,
1394,73125,706.9,rainbow_cnn_dqn,,4.9,,60,0,,,,,,,,,,,
1395,73183,707.4,rainbow_cnn_dqn,,4.7,,58,0,,,,,,,,,,,
1396,73242,708.0,rainbow_cnn_dqn,,4.8,,59,0,,,,,,,,,,,
1397,73301,708.6,rainbow_cnn_dqn,,4.8,,59,0,,,,,,,,,,,
1398,73355,709.1,rainbow_cnn_dqn,,4.3,,54,0,,,,,,,,,,,
1399,73417,709.7,rainbow_cnn_dqn,,6.0,,62,1,,,,,,,,,,,
1400,73467,710.5,rainbow_cnn_dqn,,3.9,,50,0,,,,,,,,,,,
1401,73529,711.1,rainbow_cnn_dqn,,6.0,,62,1,,,,,,,,,,,
1402,73583,711.6,rainbow_cnn_dqn,,4.3,,54,0,,,,,,,,,,,
1403,73638,712.2,rainbow_cnn_dqn,,4.4,,55,0,,,,,,,,,,,
1404,73696,712.7,rainbow_cnn_dqn,,4.7,,58,0,,,,,,,,,,,
1405,73753,713.3,rainbow_cnn_dqn,,4.6,,57,0,,,,,,,,,,,
1406,73809,713.8,rainbow_cnn_dqn,,4.5,,56,0,,,,,,,,,,,
1407,73871,714.4,rainbow_cnn_dqn,,6.0,,62,1,,,,,,,,,,,
1408,73921,714.9,rainbow_cnn_dqn,,3.9,,50,0,,,,,,,,,,,
1409,73983,715.5,rainbow_cnn_dqn,,6.0,,62,1,,,,,,,,,,,
1410,74037,716.0,rainbow_cnn_dqn,,4.3,,54,0,,,,,,,,,,,
1411,74092,716.6,rainbow_cnn_dqn,,4.4,,55,0,,,,,,,,,,,
1412,74149,717.1,rainbow_cnn_dqn,,4.6,,57,0,,,,,,,,,,,
1413,74204,717.7,rainbow_cnn_dqn,,4.4,,55,0,,,,,,,,,,,
1414,74258,718.2,rainbow_cnn_dqn,,4.3,,54,0,,,,,,,,,,,
1415,74314,718.7,rainbow_cnn_dqn,,4.5,,56,0,,,,,,,,,,,
1416,74368,719.3,rainbow_cnn_dqn,,4.3,,54,0,,,,,,,,,,,
1417,74421,719.8,rainbow_cnn_dqn,,4.2,,53,0,,,,,,,,,,,
1418,74475,720.3,rainbow_cnn_dqn,,4.3,,54,0,,,,,,,,,,,
1419,74538,721.3,rainbow_cnn_dqn,,6.1,,63,1,,,,,,,,,,,
1420,74600,721.9,rainbow_cnn_dqn,,6.0,,62,1,,,,,,,,,,,
1421,74654,722.5,rainbow_cnn_dqn,,4.3,,54,0,,,,,,,,,,,
1422,74710,723.0,rainbow_cnn_dqn,,4.5,,56,0,,,,,,,,,,,
1423,74765,723.6,rainbow_cnn_dqn,,4.4,,55,0,,,,,,,,,,,
1424,74827,724.2,rainbow_cnn_dqn,,6.0,,62,1,,,,,,,,,,,
1425,74881,724.7,rainbow_cnn_dqn,,4.3,,54,0,,,,,,,,,,,
1426,74942,725.3,rainbow_cnn_dqn,,5.0,,61,0,,,,,,,,,,,
1427,74997,725.8,rainbow_cnn_dqn,,4.4,,55,0,,,,,,,,,,,
1428,75051,726.4,rainbow_cnn_dqn,,4.3,,54,0,,,,,,,,,,,
1429,75108,726.9,rainbow_cnn_dqn,,4.6,,57,0,,,,,,,,,,,
1430,75172,727.5,rainbow_cnn_dqn,,6.2,,64,1,,,,,,,,,,,
1431,75230,728.1,rainbow_cnn_dqn,,4.7,,58,0,,,,,,,,,,,
1432,75285,728.6,rainbow_cnn_dqn,,4.4,,55,0,,,,,,,,,,,
1433,75339,729.1,rainbow_cnn_dqn,,4.3,,54,0,,,,,,,,,,,
1434,75397,729.7,rainbow_cnn_dqn,,4.7,,58,0,,,,,,,,,,,
1435,75455,730.3,rainbow_cnn_dqn,,4.7,,58,0,,,,,,,,,,,
1436,75510,730.8,rainbow_cnn_dqn,,4.4,,55,0,,,,,,,,,,,
1437,75567,731.7,rainbow_cnn_dqn,,4.6,,57,0,,,,,,,,,,,
1438,75620,732.2,rainbow_cnn_dqn,,4.2,,53,0,,,,,,,,,,,
1439,75684,732.8,rainbow_cnn_dqn,,6.2,,64,1,,,,,,,,,,,
1440,75741,733.4,rainbow_cnn_dqn,,4.6,,57,0,,,,,,,,,,,
1441,75797,733.9,rainbow_cnn_dqn,,4.5,,56,0,,,,,,,,,,,
1442,75851,734.4,rainbow_cnn_dqn,,4.3,,54,0,,,,,,,,,,,
1443,75903,734.9,rainbow_cnn_dqn,,4.1,,52,0,,,,,,,,,,,
1444,75958,735.5,rainbow_cnn_dqn,,4.4,,55,0,,,,,,,,,,,
1445,76012,736.0,rainbow_cnn_dqn,,4.3,,54,0,,,,,,,,,,,
1446,76067,736.5,rainbow_cnn_dqn,,4.4,,55,0,,,,,,,,,,,
1447,76123,737.1,rainbow_cnn_dqn,,4.5,,56,0,,,,,,,,,,,
1448,76177,737.6,rainbow_cnn_dqn,,4.3,,54,0,,,,,,,,,,,
1449,76240,738.2,rainbow_cnn_dqn,,6.1,,63,1,,,,,,,,,,,
1450,76290,738.7,rainbow_cnn_dqn,,3.9,,50,0,,,,,,,,,,,
1451,76352,739.3,rainbow_cnn_dqn,,6.0,,62,1,,,,,,,,,,,
1452,76407,739.8,rainbow_cnn_dqn,,4.4,,55,0,,,,,,,,,,,
1453,76461,740.4,rainbow_cnn_dqn,,4.3,,54,0,,,,,,,,,,,
1454,76511,740.8,rainbow_cnn_dqn,,3.9,,50,0,,,,,,,,,,,
1455,76573,741.5,rainbow_cnn_dqn,,6.0,,62,1,,,,,,,,,,,
1456,76631,742.4,rainbow_cnn_dqn,,4.7,,58,0,,,,,,,,,,,
1457,76696,743.0,rainbow_cnn_dqn,,6.3,,65,1,,,,,,,,,,,
1458,76762,743.6,rainbow_cnn_dqn,,6.4,,66,1,,,,,,,,,,,
1459,76815,744.1,rainbow_cnn_dqn,,4.2,,53,0,,,,,,,,,,,
1460,76874,744.7,rainbow_cnn_dqn,,4.8,,59,0,,,,,,,,,,,
1461,76930,745.3,rainbow_cnn_dqn,,4.5,,56,0,,,,,,,,,,,
1462,76993,745.9,rainbow_cnn_dqn,,6.1,,63,1,,,,,,,,,,,
1463,77059,746.5,rainbow_cnn_dqn,,6.4,,66,1,,,,,,,,,,,
1464,77123,747.1,rainbow_cnn_dqn,,6.2,,64,1,,,,,,,,,,,
1465,77187,747.8,rainbow_cnn_dqn,,6.2,,64,1,,,,,,,,,,,
1466,77245,748.3,rainbow_cnn_dqn,,4.7,,58,0,,,,,,,,,,,
1467,77301,748.9,rainbow_cnn_dqn,,4.5,,56,0,,,,,,,,,,,
1468,77357,749.4,rainbow_cnn_dqn,,4.5,,56,0,,,,,,,,,,,
1469,77413,750.0,rainbow_cnn_dqn,,4.5,,56,0,,,,,,,,,,,
1470,77467,750.5,rainbow_cnn_dqn,,4.3,,54,0,,,,,,,,,,,
1471,77521,751.0,rainbow_cnn_dqn,,4.3,,54,0,,,,,,,,,,,
1472,77579,751.6,rainbow_cnn_dqn,,4.7,,58,0,,,,,,,,,,,
1473,77633,752.1,rainbow_cnn_dqn,,4.3,,54,0,,,,,,,,,,,
1474,77688,753.3,rainbow_cnn_dqn,,4.4,,55,0,,,,,,,,,,,
1475,77741,753.8,rainbow_cnn_dqn,,4.2,,53,0,,,,,,,,,,,
1476,77797,754.3,rainbow_cnn_dqn,,4.5,,56,0,,,,,,,,,,,
1477,77860,755.0,rainbow_cnn_dqn,,6.1,,63,1,,,,,,,,,,,
1478,77918,755.5,rainbow_cnn_dqn,,4.7,,58,0,,,,,,,,,,,
1479,78008,756.4,rainbow_cnn_dqn,,8.8,,90,1,,,,,,,,,,,
1480,78058,756.9,rainbow_cnn_dqn,,3.9,,50,0,,,,,,,,,,,
1481,78113,757.4,rainbow_cnn_dqn,,4.4,,55,0,,,,,,,,,,,
1482,78168,758.0,rainbow_cnn_dqn,,4.4,,55,0,,,,,,,,,,,
1483,78223,758.5,rainbow_cnn_dqn,,4.4,,55,0,,,,,,,,,,,
1484,78278,759.0,rainbow_cnn_dqn,,4.4,,55,0,,,,,,,,,,,
1485,78346,759.7,rainbow_cnn_dqn,,6.6,,68,1,,,,,,,,,,,
1486,78446,760.7,rainbow_cnn_dqn,,10.7,,100,2,,,,,,,,,,,
1487,78501,761.2,rainbow_cnn_dqn,,4.4,,55,0,,,,,,,,,,,
1488,78551,761.7,rainbow_cnn_dqn,,3.9,,50,0,,,,,,,,,,,
1489,78607,762.3,rainbow_cnn_dqn,,4.5,,56,0,,,,,,,,,,,
1490,78662,762.8,rainbow_cnn_dqn,,4.4,,55,0,,,,,,,,,,,
1491,78719,763.7,rainbow_cnn_dqn,,4.6,,57,0,,,,,,,,,,,
1492,78774,764.2,rainbow_cnn_dqn,,4.4,,55,0,,,,,,,,,,,
1493,78830,764.8,rainbow_cnn_dqn,,4.5,,56,0,,,,,,,,,,,
1494,78897,765.5,rainbow_cnn_dqn,,6.5,,67,1,,,,,,,,,,,
1495,78967,766.1,rainbow_cnn_dqn,,6.8,,70,1,,,,,,,,,,,
1496,79031,768.4,rainbow_cnn_dqn,,6.2,,64,1,,,,,,,,,,,
1497,79098,769.1,rainbow_cnn_dqn,,6.5,,67,1,,,,,,,,,,,
1498,79163,769.7,rainbow_cnn_dqn,,6.3,,65,1,,,,,,,,,,,
1499,79229,770.4,rainbow_cnn_dqn,,6.4,,66,1,,,,,,,,,,,
1500,79287,771.0,rainbow_cnn_dqn,,4.7,,58,0,,,,,,,,,,,
1501,79388,773.1,rainbow_cnn_dqn,,10.8,,101,2,,,,,,,,,,,
1502,79457,774.2,rainbow_cnn_dqn,,6.7,,69,1,,,,,,,,,,,
1503,79523,774.9,rainbow_cnn_dqn,,6.4,,66,1,,,,,,,,,,,
1504,79576,775.4,rainbow_cnn_dqn,,4.2,,53,0,,,,,,,,,,,
1505,79644,776.1,rainbow_cnn_dqn,,6.6,,68,1,,,,,,,,,,,
1506,79699,776.6,rainbow_cnn_dqn,,4.4,,55,0,,,,,,,,,,,
1507,79767,777.3,rainbow_cnn_dqn,,6.6,,68,1,,,,,,,,,,,
1508,79835,777.9,rainbow_cnn_dqn,,6.6,,68,1,,,,,,,,,,,
1509,79889,778.5,rainbow_cnn_dqn,,4.3,,54,0,,,,,,,,,,,
1510,79954,779.1,rainbow_cnn_dqn,,6.3,,65,1,,,,,,,,,,,
1511,80011,779.7,rainbow_cnn_dqn,,4.6,,57,0,,,,,,,,,,,
1512,80063,780.2,rainbow_cnn_dqn,,4.1,,52,0,,,,,,,,,,,
1513,80157,781.1,rainbow_cnn_dqn,,9.2,,94,1,,,,,,,,,,,
1514,80249,782.0,rainbow_cnn_dqn,,9.0,,92,1,,,,,,,,,,,
1515,80383,783.3,rainbow_cnn_dqn,,15.0,,134,3,,,,,,,,,,,
1516,80437,783.8,rainbow_cnn_dqn,,4.3,,54,0,,,,,,,,,,,
1517,80506,784.9,rainbow_cnn_dqn,,6.7,,69,1,,,,,,,,,,,
1518,80564,785.4,rainbow_cnn_dqn,,4.7,,58,0,,,,,,,,,,,
1519,80633,786.1,rainbow_cnn_dqn,,6.7,,69,1,,,,,,,,,,,
1520,80690,786.7,rainbow_cnn_dqn,,4.6,,57,0,,,,,,,,,,,
1521,80746,787.2,rainbow_cnn_dqn,,4.5,,56,0,,,,,,,,,,,
1522,80802,787.8,rainbow_cnn_dqn,,4.5,,56,0,,,,,,,,,,,
1523,80857,788.3,rainbow_cnn_dqn,,4.4,,55,0,,,,,,,,,,,
1524,80948,789.2,rainbow_cnn_dqn,,8.9,,91,1,,,,,,,,,,,
1525,81011,789.8,rainbow_cnn_dqn,,6.1,,63,1,,,,,,,,,,,
1526,81076,790.5,rainbow_cnn_dqn,,6.3,,65,1,,,,,,,,,,,
1527,81140,791.2,rainbow_cnn_dqn,,6.2,,64,1,,,,,,,,,,,
1528,81194,791.7,rainbow_cnn_dqn,,4.3,,54,0,,,,,,,,,,,
1529,81263,792.4,rainbow_cnn_dqn,,6.7,,69,1,,,,,,,,,,,
1530,81333,793.1,rainbow_cnn_dqn,,6.8,,70,1,,,,,,,,,,,
1531,81396,793.7,rainbow_cnn_dqn,,6.1,,63,1,,,,,,,,,,,
1532,81451,794.2,rainbow_cnn_dqn,,4.4,,55,0,,,,,,,,,,,
1533,81511,795.1,rainbow_cnn_dqn,,4.9,,60,0,,,,,,,,,,,
1534,81565,795.7,rainbow_cnn_dqn,,4.3,,54,0,,,,,,,,,,,
1535,81631,796.3,rainbow_cnn_dqn,,6.4,,66,1,,,,,,,,,,,
1536,81697,797.0,rainbow_cnn_dqn,,6.4,,66,1,,,,,,,,,,,
1537,81766,797.6,rainbow_cnn_dqn,,6.7,,69,1,,,,,,,,,,,
1538,81820,798.2,rainbow_cnn_dqn,,4.3,,54,0,,,,,,,,,,,
1539,81886,798.8,rainbow_cnn_dqn,,6.4,,66,1,,,,,,,,,,,
1540,81940,799.4,rainbow_cnn_dqn,,4.3,,54,0,,,,,,,,,,,
1541,82030,800.2,rainbow_cnn_dqn,,8.8,,90,1,,,,,,,,,,,
1542,82083,800.8,rainbow_cnn_dqn,,4.2,,53,0,,,,,,,,,,,
1543,82141,801.3,rainbow_cnn_dqn,,4.7,,58,0,,,,,,,,,,,
1544,82211,802.0,rainbow_cnn_dqn,,6.8,,70,1,,,,,,,,,,,
1545,82266,802.6,rainbow_cnn_dqn,,4.4,,55,0,,,,,,,,,,,
1546,82370,803.6,rainbow_cnn_dqn,,11.1,,104,2,,,,,,,,,,,
1547,82428,804.1,rainbow_cnn_dqn,,4.7,,58,0,,,,,,,,,,,
1548,82480,804.7,rainbow_cnn_dqn,,4.1,,52,0,,,,,,,,,,,
1549,82533,805.5,rainbow_cnn_dqn,,4.2,,53,0,,,,,,,,,,,
1550,82587,806.1,rainbow_cnn_dqn,,4.3,,54,0,,,,,,,,,,,
1551,82655,806.7,rainbow_cnn_dqn,,6.6,,68,1,,,,,,,,,,,
1552,82724,807.4,rainbow_cnn_dqn,,6.7,,69,1,,,,,,,,,,,
1553,82780,808.0,rainbow_cnn_dqn,,4.5,,56,0,,,,,,,,,,,
1554,82834,808.5,rainbow_cnn_dqn,,4.3,,54,0,,,,,,,,,,,
1555,82890,809.0,rainbow_cnn_dqn,,4.5,,56,0,,,,,,,,,,,
1556,82982,809.9,rainbow_cnn_dqn,,9.0,,92,1,,,,,,,,,,,
1557,83037,810.5,rainbow_cnn_dqn,,4.4,,55,0,,,,,,,,,,,
1558,83106,811.2,rainbow_cnn_dqn,,6.7,,69,1,,,,,,,,,,,
1559,83159,811.7,rainbow_cnn_dqn,,4.2,,53,0,,,,,,,,,,,
1560,83252,812.6,rainbow_cnn_dqn,,9.1,,93,1,,,,,,,,,,,
1561,83320,813.3,rainbow_cnn_dqn,,6.6,,68,1,,,,,,,,,,,
1562,83387,813.9,rainbow_cnn_dqn,,6.5,,67,1,,,,,,,,,,,
1563,83457,814.6,rainbow_cnn_dqn,,6.8,,70,1,,,,,,,,,,,
1564,83560,815.6,rainbow_cnn_dqn,,11.0,,103,2,,,,,,,,,,,
1565,83651,816.8,rainbow_cnn_dqn,,8.9,,91,1,,,,,,,,,,,
1566,83720,817.5,rainbow_cnn_dqn,,6.7,,69,1,,,,,,,,,,,
1567,83813,818.4,rainbow_cnn_dqn,,9.1,,93,1,,,,,,,,,,,
1568,83869,819.0,rainbow_cnn_dqn,,4.5,,56,0,,,,,,,,,,,
1569,83926,819.5,rainbow_cnn_dqn,,4.6,,57,0,,,,,,,,,,,
1570,83996,820.2,rainbow_cnn_dqn,,6.8,,70,1,,,,,,,,,,,
1571,84118,821.4,rainbow_cnn_dqn,,12.9,,122,2,,,,,,,,,,,
1572,84188,822.1,rainbow_cnn_dqn,,6.8,,70,1,,,,,,,,,,,
1573,84370,823.8,rainbow_cnn_dqn,,20.7,,182,4,,,,,,,,,,,
1574,84440,824.5,rainbow_cnn_dqn,,6.8,,70,1,,,,,,,,,,,
1575,84491,825.0,rainbow_cnn_dqn,,4.0,,51,0,,,,,,,,,,,
1576,84560,825.7,rainbow_cnn_dqn,,6.7,,69,1,,,,,,,,,,,
1577,84615,826.2,rainbow_cnn_dqn,,4.4,,55,0,,,,,,,,,,,
1578,84701,827.4,rainbow_cnn_dqn,,8.4,,86,1,,,,,,,,,,,
1579,84793,828.3,rainbow_cnn_dqn,,9.0,,92,1,,,,,,,,,,,
1580,84860,829.0,rainbow_cnn_dqn,,6.5,,67,1,,,,,,,,,,,
1581,84916,829.5,rainbow_cnn_dqn,,4.5,,56,0,,,,,,,,,,,
1582,84982,830.2,rainbow_cnn_dqn,,6.4,,66,1,,,,,,,,,,,
1583,85112,831.4,rainbow_cnn_dqn,,13.7,,130,2,,,,,,,,,,,
1584,85182,832.1,rainbow_cnn_dqn,,6.8,,70,1,,,,,,,,,,,
1585,85284,833.1,rainbow_cnn_dqn,,10.9,,102,2,,,,,,,,,,,
1586,85414,834.4,rainbow_cnn_dqn,,13.7,,130,2,,,,,,,,,,,
1587,85545,835.6,rainbow_cnn_dqn,,13.8,,131,2,,,,,,,,,,,
1588,85687,837.0,rainbow_cnn_dqn,,15.8,,142,3,,,,,,,,,,,
1589,85757,838.4,rainbow_cnn_dqn,,6.8,,70,1,,,,,,,,,,,
1590,85807,838.8,rainbow_cnn_dqn,,3.9,,50,0,,,,,,,,,,,
1591,85899,839.7,rainbow_cnn_dqn,,9.0,,92,1,,,,,,,,,,,
1592,85967,840.4,rainbow_cnn_dqn,,6.6,,68,1,,,,,,,,,,,
1593,86057,841.3,rainbow_cnn_dqn,,8.8,,90,1,,,,,,,,,,,
1594,86161,842.3,rainbow_cnn_dqn,,11.1,,104,2,,,,,,,,,,,
1595,86253,843.2,rainbow_cnn_dqn,,9.0,,92,1,,,,,,,,,,,
1596,86358,844.2,rainbow_cnn_dqn,,11.2,,105,2,,,,,,,,,,,
1597,86408,844.7,rainbow_cnn_dqn,,3.9,,50,0,,,,,,,,,,,
1598,86550,846.1,rainbow_cnn_dqn,,15.8,,142,3,,,,,,,,,,,
1599,86619,846.8,rainbow_cnn_dqn,,6.7,,69,1,,,,,,,,,,,
1600,86714,847.7,rainbow_cnn_dqn,,9.3,,95,1,,,,,,,,,,,
1601,86808,848.9,rainbow_cnn_dqn,,9.2,,94,1,,,,,,,,,,,
1602,86860,849.5,rainbow_cnn_dqn,,4.1,,52,0,,,,,,,,,,,
1603,86995,850.8,rainbow_cnn_dqn,,15.1,,135,3,,,,,,,,,,,
1604,87088,851.7,rainbow_cnn_dqn,,9.1,,93,1,,,,,,,,,,,
1605,87217,852.9,rainbow_cnn_dqn,,13.6,,129,2,,,,,,,,,,,
1606,87308,853.8,rainbow_cnn_dqn,,8.9,,91,1,,,,,,,,,,,
1607,87489,855.6,rainbow_cnn_dqn,,20.6,,181,4,,,,,,,,,,,
1608,87559,856.3,rainbow_cnn_dqn,,6.8,,70,1,,,,,,,,,,,
1609,87661,857.3,rainbow_cnn_dqn,,10.9,,102,2,,,,,,,,,,,
1610,87716,857.9,rainbow_cnn_dqn,,4.4,,55,0,,,,,,,,,,,
1611,87821,858.9,rainbow_cnn_dqn,,11.2,,105,2,,,,,,,,,,,
1612,87913,860.2,rainbow_cnn_dqn,,9.0,,92,1,,,,,,,,,,,
1613,88043,861.4,rainbow_cnn_dqn,,13.7,,130,2,,,,,,,,,,,
1614,88112,862.1,rainbow_cnn_dqn,,6.7,,69,1,,,,,,,,,,,
1615,88204,863.0,rainbow_cnn_dqn,,9.0,,92,1,,,,,,,,,,,
1616,88297,863.9,rainbow_cnn_dqn,,9.1,,93,1,,,,,,,,,,,
1617,88351,864.4,rainbow_cnn_dqn,,4.3,,54,0,,,,,,,,,,,
1618,88437,865.3,rainbow_cnn_dqn,,8.4,,86,1,,,,,,,,,,,
1619,88605,866.9,rainbow_cnn_dqn,,18.4,,168,3,,,,,,,,,,,
1620,88708,867.9,rainbow_cnn_dqn,,11.0,,103,2,,,,,,,,,,,
1621,88841,869.2,rainbow_cnn_dqn,,14.0,,133,2,,,,,,,,,,,
1622,88933,870.1,rainbow_cnn_dqn,,9.0,,92,1,,,,,,,,,,,
1623,89066,871.7,rainbow_cnn_dqn,,14.0,,133,2,,,,,,,,,,,
1624,89158,872.6,rainbow_cnn_dqn,,9.0,,92,1,,,,,,,,,,,
1625,89288,873.9,rainbow_cnn_dqn,,13.7,,130,2,,,,,,,,,,,
1626,89342,874.4,rainbow_cnn_dqn,,4.3,,54,0,,,,,,,,,,,
1627,89433,875.3,rainbow_cnn_dqn,,8.9,,91,1,,,,,,,,,,,
1628,89570,876.7,rainbow_cnn_dqn,,15.3,,137,3,,,,,,,,,,,
1629,89697,877.9,rainbow_cnn_dqn,,13.4,,127,2,,,,,,,,,,,
1630,89819,879.1,rainbow_cnn_dqn,,12.9,,122,2,,,,,,,,,,,
1631,89888,879.7,rainbow_cnn_dqn,,6.7,,69,1,,,,,,,,,,,
1632,90023,881.1,rainbow_cnn_dqn,,15.1,,135,3,,,,,,,,,,,
1633,90304,884.1,rainbow_cnn_dqn,,32.4,,281,6,,,,,,,,,,,
1634,90446,885.5,rainbow_cnn_dqn,,15.8,,142,3,,,,,,,,,,,
1635,90654,887.6,rainbow_cnn_dqn,,23.3,,208,4,,,,,,,,,,,
1636,90708,888.1,rainbow_cnn_dqn,,4.3,,54,0,,,,,,,,,,,
1637,90800,889.0,rainbow_cnn_dqn,,9.0,,92,1,,,,,,,,,,,
1638,90893,889.9,rainbow_cnn_dqn,,9.1,,93,1,,,,,,,,,,,
1639,90988,890.9,rainbow_cnn_dqn,,9.3,,95,1,,,,,,,,,,,
1640,91085,891.8,rainbow_cnn_dqn,,9.5,,97,1,,,,,,,,,,,
1641,91178,893.0,rainbow_cnn_dqn,,9.1,,93,1,,,,,,,,,,,
1642,91247,893.7,rainbow_cnn_dqn,,6.7,,69,1,,,,,,,,,,,
1643,91341,894.7,rainbow_cnn_dqn,,9.2,,94,1,,,,,,,,,,,
1644,91398,895.2,rainbow_cnn_dqn,,4.6,,57,0,,,,,,,,,,,
1645,91467,895.9,rainbow_cnn_dqn,,6.7,,69,1,,,,,,,,,,,
1646,91712,898.3,rainbow_cnn_dqn,,27.9,,245,5,,,,,,,,,,,
1647,91839,899.5,rainbow_cnn_dqn,,13.4,,127,2,,,,,,,,,,,
1648,91908,900.2,rainbow_cnn_dqn,,6.7,,69,1,,,,,,,,,,,
1649,92001,901.9,rainbow_cnn_dqn,,9.1,,93,1,,,,,,,,,,,
1650,92123,903.1,rainbow_cnn_dqn,,12.9,,122,2,,,,,,,,,,,
1651,92192,904.2,rainbow_cnn_dqn,,6.7,,69,1,,,,,,,,,,,
1652,92298,905.2,rainbow_cnn_dqn,,11.3,,106,2,,,,,,,,,,,
1653,92533,907.5,rainbow_cnn_dqn,,26.9,,235,5,,,,,,,,,,,
1654,92628,908.4,rainbow_cnn_dqn,,9.3,,95,1,,,,,,,,,,,
1655,92698,909.1,rainbow_cnn_dqn,,6.8,,70,1,,,,,,,,,,,
1656,92768,909.8,rainbow_cnn_dqn,,6.8,,70,1,,,,,,,,,,,
1657,92985,911.9,rainbow_cnn_dqn,,25.1,,217,5,,,,,,,,,,,
1658,93090,912.9,rainbow_cnn_dqn,,11.2,,105,2,,,,,,,,,,,
1659,93196,913.9,rainbow_cnn_dqn,,11.3,,106,2,,,,,,,,,,,
1660,93297,915.3,rainbow_cnn_dqn,,10.8,,101,2,,,,,,,,,,,
1661,93511,917.4,rainbow_cnn_dqn,,24.8,,214,5,,,,,,,,,,,
1662,93615,918.4,rainbow_cnn_dqn,,11.1,,104,2,,,,,,,,,,,
1663,93752,920.0,rainbow_cnn_dqn,,15.3,,137,3,,,,,,,,,,,
1664,93816,920.7,rainbow_cnn_dqn,,6.2,,64,1,,,,,,,,,,,
1665,93944,921.9,rainbow_cnn_dqn,,13.5,,128,2,,,,,,,,,,,
1666,94008,922.6,rainbow_cnn_dqn,,6.2,,64,1,,,,,,,,,,,
1667,94252,924.9,rainbow_cnn_dqn,,27.8,,244,5,,,,,,,,,,,
1668,94315,925.9,rainbow_cnn_dqn,,6.1,,63,1,,,,,,,,,,,
1669,94560,928.3,rainbow_cnn_dqn,,27.9,,245,5,,,,,,,,,,,
1670,94690,929.6,rainbow_cnn_dqn,,13.7,,130,2,,,,,,,,,,,
1671,94754,930.3,rainbow_cnn_dqn,,6.2,,64,1,,,,,,,,,,,
1672,94884,931.6,rainbow_cnn_dqn,,13.7,,130,2,,,,,,,,,,,
1673,95119,933.9,rainbow_cnn_dqn,,26.9,,235,5,,,,,,,,,,,
1674,95318,935.8,rainbow_cnn_dqn,,22.4,,199,4,,,,,,,,,,,
1675,95525,938.2,rainbow_cnn_dqn,,23.2,,207,4,,,,,,,,,,,
1676,95735,940.2,rainbow_cnn_dqn,,23.5,,210,4,,,,,,,,,,,
1677,95918,942.0,rainbow_cnn_dqn,,20.8,,183,4,,,,,,,,,,,
1678,96024,943.1,rainbow_cnn_dqn,,11.3,,106,2,,,,,,,,,,,
1679,96232,945.1,rainbow_cnn_dqn,,23.3,,208,4,,,,,,,,,,,
1680,96338,946.1,rainbow_cnn_dqn,,11.3,,106,2,,,,,,,,,,,
1681,96509,947.8,rainbow_cnn_dqn,,18.7,,171,3,,,,,,,,,,,
1682,96649,949.5,rainbow_cnn_dqn,,15.6,,140,3,,,,,,,,,,,
1683,96812,951.1,rainbow_cnn_dqn,,17.9,,163,3,,,,,,,,,,,
1684,96918,952.1,rainbow_cnn_dqn,,11.3,,106,2,,,,,,,,,,,
1685,97117,954.1,rainbow_cnn_dqn,,22.4,,199,4,,,,,,,,,,,
1686,97223,955.1,rainbow_cnn_dqn,,11.3,,106,2,,,,,,,,,,,
1687,97429,957.1,rainbow_cnn_dqn,,23.1,,206,4,,,,,,,,,,,
1688,97611,958.9,rainbow_cnn_dqn,,20.7,,182,4,,,,,,,,,,,
1689,97852,961.6,rainbow_cnn_dqn,,27.5,,241,5,,,,,,,,,,,
1690,98034,963.4,rainbow_cnn_dqn,,20.7,,182,4,,,,,,,,,,,
1691,98253,965.5,rainbow_cnn_dqn,,25.3,,219,5,,,,,,,,,,,
1692,98573,968.6,rainbow_cnn_dqn,,37.2,,320,7,,,,,,,,,,,
1693,98751,970.4,rainbow_cnn_dqn,,20.3,,178,4,,,,,,,,,,,
1694,98816,971.4,rainbow_cnn_dqn,,6.3,,65,1,,,,,,,,,,,
1695,98880,972.0,rainbow_cnn_dqn,,6.2,,64,1,,,,,,,,,,,
1696,99121,974.4,rainbow_cnn_dqn,,27.5,,241,5,,,,,,,,,,,
1697,99253,975.7,rainbow_cnn_dqn,,13.9,,132,2,,,,,,,,,,,
1698,99353,976.7,rainbow_cnn_dqn,,10.7,,100,2,,,,,,,,,,,
1699,99483,977.9,rainbow_cnn_dqn,,13.7,,130,2,,,,,,,,,,,
1700,99588,979.0,rainbow_cnn_dqn,,11.2,,105,2,,,,,,,,,,,
1701,99796,981.1,rainbow_cnn_dqn,,23.3,,208,4,,,,,,,,,,,
1702,99866,982.2,rainbow_cnn_dqn,,6.8,,70,1,,,,,,,,,,,
1703,100073,984.3,rainbow_cnn_dqn,,23.2,,207,4,,,,,,,,,,,
1704,100506,988.5,rainbow_cnn_dqn,,51.2,,433,10,,,,,,,,,,,
1705,100628,989.7,rainbow_cnn_dqn,,12.9,,122,2,,,,,,,,,,,
1706,100734,990.8,rainbow_cnn_dqn,,11.3,,106,2,,,,,,,,,,,
1707,101090,994.2,rainbow_cnn_dqn,,41.7,,356,8,,,,,,,,,,,
1708,101289,996.6,rainbow_cnn_dqn,,22.4,,199,4,,,,,,,,,,,
1709,101418,997.9,rainbow_cnn_dqn,,13.6,,129,2,,,,,,,,,,,
1710,101659,1000.3,rainbow_cnn_dqn,,27.5,,241,5,,,,,,,,,,,
1711,101842,1002.0,rainbow_cnn_dqn,,20.8,,183,4,,,,,,,,,,,
1712,102086,1004.4,rainbow_cnn_dqn,,27.8,,244,5,,,,,,,,,,,
1713,102156,1005.1,rainbow_cnn_dqn,,6.8,,70,1,,,,,,,,,,,
1714,102297,1007.2,rainbow_cnn_dqn,,15.7,,141,3,,,,,,,,,,,
1715,102503,1009.2,rainbow_cnn_dqn,,23.1,,206,4,,,,,,,,,,,
1716,102711,1011.2,rainbow_cnn_dqn,,23.3,,208,4,,,,,,,,,,,
1717,102774,1011.9,rainbow_cnn_dqn,,6.1,,63,1,,,,,,,,,,,
1718,102839,1012.5,rainbow_cnn_dqn,,6.3,,65,1,,,,,,,,,,,
1719,103038,1014.4,rainbow_cnn_dqn,,22.4,,199,4,,,,,,,,,,,
1720,103334,1017.3,rainbow_cnn_dqn,,34.8,,296,7,,,,,,,,,,,
1721,103399,1018.3,rainbow_cnn_dqn,,6.3,,65,1,,,,,,,,,,,
1722,103634,1020.6,rainbow_cnn_dqn,,26.9,,235,5,,,,,,,,,,,
1723,103957,1023.7,rainbow_cnn_dqn,,37.5,,323,7,,,,,,,,,,,
1724,104056,1024.7,rainbow_cnn_dqn,,10.6,,99,2,,,,,,,,,,,
1725,104275,1026.8,rainbow_cnn_dqn,,25.3,,219,5,,,,,,,,,,,
1726,104413,1028.2,rainbow_cnn_dqn,,15.4,,138,3,,,,,,,,,,,
1727,104477,1029.1,rainbow_cnn_dqn,,6.2,,64,1,,,,,,,,,,,
1728,104797,1032.3,rainbow_cnn_dqn,,37.2,,320,7,,,,,,,,,,,
1729,105155,1035.8,rainbow_cnn_dqn,,41.9,,358,8,,,,,,,,,,,
1730,105390,1038.1,rainbow_cnn_dqn,,26.9,,235,5,,,,,,,,,,,
1731,105524,1039.4,rainbow_cnn_dqn,,15.0,,134,3,,,,,,,,,,,
1732,105626,1040.8,rainbow_cnn_dqn,,10.9,,102,2,,,,,,,,,,,
1733,105834,1042.8,rainbow_cnn_dqn,,23.3,,208,4,,,,,,,,,,,
1734,106295,1047.3,rainbow_cnn_dqn,,54.9,,461,11,,,,,,,,,,,
1735,106426,1048.6,rainbow_cnn_dqn,,13.8,,131,2,,,,,,,,,,,
1736,106556,1049.9,rainbow_cnn_dqn,,13.7,,130,2,,,,,,,,,,,
1737,106621,1050.9,rainbow_cnn_dqn,,6.3,,65,1,,,,,,,,,,,
1738,106717,1051.8,rainbow_cnn_dqn,,9.4,,96,1,,,,,,,,,,,
1739,107229,1056.8,rainbow_cnn_dqn,,60.9,,512,12,,,,,,,,,,,
1740,107438,1058.8,rainbow_cnn_dqn,,23.4,,209,4,,,,,,,,,,,
1741,107544,1059.9,rainbow_cnn_dqn,,11.3,,106,2,,,,,,,,,,,
1742,107901,1063.4,rainbow_cnn_dqn,,41.8,,357,8,,,,,,,,,,,
1743,108113,1065.9,rainbow_cnn_dqn,,24.6,,212,5,,,,,,,,,,,
1744,108626,1070.9,rainbow_cnn_dqn,,61.0,,513,12,,,,,,,,,,,
1745,108732,1072.0,rainbow_cnn_dqn,,11.3,,106,2,,,,,,,,,,,
1746,108974,1074.4,rainbow_cnn_dqn,,27.6,,242,5,,,,,,,,,,,
1747,109559,1080.4,rainbow_cnn_dqn,,70.0,,585,14,,,,,,,,,,,
1748,110219,1086.9,rainbow_cnn_dqn,,79.3,,660,16,,,,,,,,,,,
1749,110466,1089.6,rainbow_cnn_dqn,,28.1,,247,5,,,,,,,,,,,
1750,110814,1093.1,rainbow_cnn_dqn,,40.9,,348,8,,,,,,,,,,,
1751,111060,1095.5,rainbow_cnn_dqn,,28.0,,246,5,,,,,,,,,,,
1752,111304,1097.8,rainbow_cnn_dqn,,27.8,,244,5,,,,,,,,,,,
1753,111738,1102.4,rainbow_cnn_dqn,,51.3,,434,10,,,,,,,,,,,
1754,112474,1109.6,rainbow_cnn_dqn,,88.7,,736,18,,,,,,,,,,,
1755,113360,1119.0,rainbow_cnn_dqn,,107.3,,886,22,,,,,,,,,,,
1756,113492,1120.3,rainbow_cnn_dqn,,13.9,,132,2,,,,,,,,,,,
1757,113622,1121.6,rainbow_cnn_dqn,,13.7,,130,2,,,,,,,,,,,
1758,113830,1123.9,rainbow_cnn_dqn,,23.3,,208,4,,,,,,,,,,,
1759,114186,1127.4,rainbow_cnn_dqn,,41.7,,356,8,,,,,,,,,,,
1760,114249,1128.0,rainbow_cnn_dqn,,6.1,,63,1,,,,,,,,,,,
1761,114561,1131.1,rainbow_cnn_dqn,,36.4,,312,7,,,,,,,,,,,
1762,114995,1135.4,rainbow_cnn_dqn,,51.3,,434,10,,,,,,,,,,,
1763,115427,1140.0,rainbow_cnn_dqn,,51.1,,432,10,,,,,,,,,,,
1764,115888,1144.6,rainbow_cnn_dqn,,54.9,,461,11,,,,,,,,,,,
1765,116097,1146.6,rainbow_cnn_dqn,,23.4,,209,4,,,,,,,,,,,
1766,116644,1152.3,rainbow_cnn_dqn,,65.3,,547,13,,,,,,,,,,,
1767,116879,1154.6,rainbow_cnn_dqn,,26.9,,235,5,,,,,,,,,,,
1768,117348,1159.2,rainbow_cnn_dqn,,55.7,,469,11,,,,,,,,,,,
1769,117696,1163.0,rainbow_cnn_dqn,,40.9,,348,8,,,,,,,,,,,
1770,117907,1165.0,rainbow_cnn_dqn,,23.6,,211,4,,,,,,,,,,,
1771,118264,1168.5,rainbow_cnn_dqn,,41.8,,357,8,,,,,,,,,,,
1772,118406,1169.9,rainbow_cnn_dqn,,15.8,,142,3,,,,,,,,,,,
1773,118616,1172.3,rainbow_cnn_dqn,,23.5,,210,4,,,,,,,,,,,
1774,119086,1176.9,rainbow_cnn_dqn,,55.8,,470,11,,,,,,,,,,,
1775,119217,1178.2,rainbow_cnn_dqn,,13.8,,131,2,,,,,,,,,,,
1776,119459,1180.6,rainbow_cnn_dqn,,27.6,,242,5,,,,,,,,,,,
1777,119807,1184.3,rainbow_cnn_dqn,,40.9,,348,8,,,,,,,,,,,
1778,119903,1185.3,rainbow_cnn_dqn,,9.4,,96,1,,,,,,,,,,,
1779,119989,1186.1,rainbow_cnn_dqn,,8.4,,86,1,,,,,,,,,,,
1780,120111,1187.3,rainbow_cnn_dqn,,12.9,,122,2,,,,,,,,,,,
1781,120319,1189.3,rainbow_cnn_dqn,,23.3,,208,4,,,,,,,,,,,
1782,120755,1193.6,rainbow_cnn_dqn,,51.5,,436,10,,,,,,,,,,,
1783,120816,1194.6,rainbow_cnn_dqn,,5.0,,61,0,,,,,,,,,,,
1784,121024,1196.6,rainbow_cnn_dqn,,23.3,,208,4,,,,,,,,,,,
1785,121457,1200.9,rainbow_cnn_dqn,,51.2,,433,10,,,,,,,,,,,
1786,121805,1204.3,rainbow_cnn_dqn,,40.9,,348,8,,,,,,,,,,,
1787,122012,1206.7,rainbow_cnn_dqn,,23.2,,207,4,,,,,,,,,,,
1788,122484,1211.3,rainbow_cnn_dqn,,56.0,,472,11,,,,,,,,,,,
1789,122955,1215.9,rainbow_cnn_dqn,,55.9,,471,11,,,,,,,,,,,
1790,123096,1218.0,rainbow_cnn_dqn,,15.7,,141,3,,,,,,,,,,,
1791,123408,1221.1,rainbow_cnn_dqn,,36.4,,312,7,,,,,,,,,,,
1792,123542,1222.5,rainbow_cnn_dqn,,15.0,,134,3,,,,,,,,,,,
1793,123628,1223.4,rainbow_cnn_dqn,,8.4,,86,1,,,,,,,,,,,
1794,123976,1226.8,rainbow_cnn_dqn,,40.9,,348,8,,,,,,,,,,,
1795,124663,1233.9,rainbow_cnn_dqn,,82.9,,687,17,,,,,,,,,,,
1796,125133,1238.5,rainbow_cnn_dqn,,55.8,,470,11,,,,,,,,,,,
1797,126059,1247.9,rainbow_cnn_dqn,,113.1,,926,24,,,,,,,,,,,
1798,126597,1253.2,rainbow_cnn_dqn,,64.4,,538,13,,,,,,,,,,,
1799,126808,1255.6,rainbow_cnn_dqn,,23.6,,211,4,,,,,,,,,,,
1800,127015,1257.7,rainbow_cnn_dqn,,23.2,,207,4,,,,,,,,,,,
1801,127110,1258.6,rainbow_cnn_dqn,,9.3,,95,1,,,,,,,,,,,
1802,127173,1259.2,rainbow_cnn_dqn,,6.1,,63,1,,,,,,,,,,,
1803,127295,1260.4,rainbow_cnn_dqn,,12.9,,122,2,,,,,,,,,,,
1804,127607,1263.5,rainbow_cnn_dqn,,36.4,,312,7,,,,,,,,,,,
1805,127842,1265.8,rainbow_cnn_dqn,,26.9,,235,5,,,,,,,,,,,
1806,128086,1268.5,rainbow_cnn_dqn,,27.8,,244,5,,,,,,,,,,,
1807,128624,1273.9,rainbow_cnn_dqn,,64.4,,538,13,,,,,,,,,,,
1808,129424,1281.7,rainbow_cnn_dqn,,96.9,,800,20,,,,,,,,,,,
1809,129520,1283.0,rainbow_cnn_dqn,,9.4,,96,1,,,,,,,,,,,
1810,129583,1283.6,rainbow_cnn_dqn,,6.1,,63,1,,,,,,,,,,,
1811,130496,1292.6,rainbow_cnn_dqn,,110.9,,913,23,,,,,,,,,,,
1812,130743,1295.3,rainbow_cnn_dqn,,28.1,,247,5,,,,,,,,,,,
1813,131293,1300.7,rainbow_cnn_dqn,,65.6,,550,13,,,,,,,,,,,
1814,131415,1301.9,rainbow_cnn_dqn,,12.9,,122,2,,,,,,,,,,,
1815,131553,1303.2,rainbow_cnn_dqn,,15.4,,138,3,,,,,,,,,,,
1816,132251,1310.4,rainbow_cnn_dqn,,84.0,,698,17,,,,,,,,,,,
1817,132450,1312.3,rainbow_cnn_dqn,,22.4,,199,4,,,,,,,,,,,
1818,132572,1313.5,rainbow_cnn_dqn,,12.9,,122,2,,,,,,,,,,,
1819,132781,1315.6,rainbow_cnn_dqn,,23.4,,209,4,,,,,,,,,,,
1820,132923,1317.3,rainbow_cnn_dqn,,15.8,,142,3,,,,,,,,,,,
1821,133357,1321.6,rainbow_cnn_dqn,,51.3,,434,10,,,,,,,,,,,
1822,133601,1324.0,rainbow_cnn_dqn,,27.8,,244,5,,,,,,,,,,,
1823,133924,1327.1,rainbow_cnn_dqn,,37.5,,323,7,,,,,,,,,,,
1824,135716,1345.6,rainbow_cnn_dqn,,219.5,,1792,46,,,,,,,,,,,
1825,136480,1353.4,rainbow_cnn_dqn,,92.4,,764,19,,,,,,,,,,,
1826,137054,1359.1,rainbow_cnn_dqn,,68.9,,574,14,,,,,,,,,,,
1827,138054,1370.8,rainbow_cnn_dqn,,121.4,,1000,25,,,,,,,,,,,
1828,138479,1375.3,rainbow_cnn_dqn,,50.4,,425,10,,,,,,,,,,,
1829,139027,1380.7,rainbow_cnn_dqn,,65.4,,548,13,,,,,,,,,,,
1830,139339,1383.8,rainbow_cnn_dqn,,36.4,,312,7,,,,,,,,,,,
1831,139877,1389.4,rainbow_cnn_dqn,,64.4,,538,13,,,,,,,,,,,
1832,140528,1395.8,rainbow_cnn_dqn,,78.4,,651,16,,,,,,,,,,,
1833,141893,1409.6,rainbow_cnn_dqn,,166.9,,1365,35,,,,,,,,,,,
1834,142580,1416.6,rainbow_cnn_dqn,,82.9,,687,17,,,,,,,,,,,
1835,142815,1418.9,rainbow_cnn_dqn,,26.9,,235,5,,,,,,,,,,,
1836,143728,1427.8,rainbow_cnn_dqn,,110.9,,913,23,,,,,,,,,,,
1837,144540,1436.2,rainbow_cnn_dqn,,98.1,,812,20,,,,,,,,,,,
1838,146820,1458.5,rainbow_cnn_dqn,,280.0,,2280,59,,,,,,,,,,,
1839,149428,1484.5,rainbow_cnn_dqn,,320.9,,2608,68,,,,,,,,,,,
1840,150541,1495.8,rainbow_cnn_dqn,,135.4,,1113,28,,,,,,,,,,,
1841,151418,1506.6,rainbow_cnn_dqn,,106.4,,877,22,,,,,,,,,,,
1842,152457,1517.3,rainbow_cnn_dqn,,127.1,,1039,27,,,,,,,,,,,
1843,152599,1519.1,rainbow_cnn_dqn,,15.8,,142,3,,,,,,,,,,,
1844,152834,1521.4,rainbow_cnn_dqn,,26.9,,235,5,,,,,,,,,,,
1845,152968,1522.7,rainbow_cnn_dqn,,15.0,,134,3,,,,,,,,,,,
1846,153969,1532.6,rainbow_cnn_dqn,,121.5,,1001,25,,,,,,,,,,,
1847,154030,1533.6,rainbow_cnn_dqn,,5.0,,61,0,,,,,,,,,,,
1848,155056,1543.7,rainbow_cnn_dqn,,124.9,,1026,26,,,,,,,,,,,
1849,155404,1547.5,rainbow_cnn_dqn,,40.9,,348,8,,,,,,,,,,,
1850,155840,1551.8,rainbow_cnn_dqn,,51.5,,436,10,,,,,,,,,,,
1851,156163,1554.9,rainbow_cnn_dqn,,37.5,,323,7,,,,,,,,,,,
1852,156409,1557.7,rainbow_cnn_dqn,,28.0,,246,5,,,,,,,,,,,
1853,157625,1569.5,rainbow_cnn_dqn,,148.4,,1216,31,,,,,,,,,,,
1854,159191,1585.2,rainbow_cnn_dqn,,191.5,,1566,40,,,,,,,,,,,
1855,159323,1586.9,rainbow_cnn_dqn,,13.9,,132,2,,,,,,,,,,,
1856,161113,1604.4,rainbow_cnn_dqn,,219.3,,1790,46,,,,,,,,,,,
1857,162252,1616.0,rainbow_cnn_dqn,,138.9,,1139,29,,,,,,,,,,,
1858,162790,1621.6,rainbow_cnn_dqn,,64.4,,538,13,,,,,,,,,,,
1859,163025,1623.9,rainbow_cnn_dqn,,26.9,,235,5,,,,,,,,,,,
1860,163914,1632.6,rainbow_cnn_dqn,,107.6,,889,22,,,,,,,,,,,
1861,164726,1640.8,rainbow_cnn_dqn,,98.1,,812,20,,,,,,,,,,,
1862,164961,1643.1,rainbow_cnn_dqn,,26.9,,235,5,,,,,,,,,,,
1863,167581,1669.6,rainbow_cnn_dqn,,322.1,,2620,68,,,,,,,,,,,
1864,168119,1675.3,rainbow_cnn_dqn,,64.4,,538,13,,,,,,,,,,,
1865,170614,1699.8,rainbow_cnn_dqn,,306.9,,2495,65,,,,,,,,,,,
1866,177516,1767.5,rainbow_cnn_dqn,,852.9,,6902,182,,,,,,,,,,,
1867,177751,1770.2,rainbow_cnn_dqn,,26.9,,235,5,,,,,,,,,,,
1868,182168,1813.3,rainbow_cnn_dqn,,545.0,,4417,116,,,,,,,,,,,
1869,198320,1971.8,rainbow_cnn_dqn,,1999.3,,16152,428,,,,,,,,,,,
1870,199572,1984.9,rainbow_cnn_dqn,,152.9,,1252,32,,,,,,,,,,,
1871,200161,1991.1,rainbow_cnn_dqn,,71.3,,589,15,,,,,,,,,,,
1872,200812,1997.4,rainbow_cnn_dqn,,78.4,,651,16,,,,,,,,,,,
1873,203081,2019.9,rainbow_cnn_dqn,,278.9,,2269,59,,,,,,,,,,,
1874,205214,2040.9,rainbow_cnn_dqn,,262.6,,2133,56,,,,,,,,,,,
1875,205582,2044.9,rainbow_cnn_dqn,,43.8,,368,9,,,,,,,,,,,
1876,220596,2194.5,rainbow_cnn_dqn,,1857.6,,15014,397,,,,,,,,,,,
1877,226910,2257.7,rainbow_cnn_dqn,,780.6,,6314,167,,,,,,,,,,,
1878,230196,2290.3,rainbow_cnn_dqn,,404.9,,3286,86,,,,,,,,,,,
1879,232507,2313.3,rainbow_cnn_dqn,,284.0,,2311,60,,,,,,,,,,,
1880,246119,2447.9,rainbow_cnn_dqn,,1684.1,,13612,360,,,,,,,,,,,
1881,266586,2648.0,rainbow_cnn_dqn,,2533.4,,20467,542,,,,,,,,,,,
1882,270384,2685.5,rainbow_cnn_dqn,,468.7,,3798,100,,,,,,,,,,,
1883,273408,2715.3,rainbow_cnn_dqn,,372.4,,3024,79,,,,,,,,,,,
1884,280407,2784.4,rainbow_cnn_dqn,,865.3,,6999,185,,,,,,,,,,,
1885,286234,2842.0,rainbow_cnn_dqn,,720.2,,5827,154,,,,,,,,,,,
1886,289498,2874.9,rainbow_cnn_dqn,,402.7,,3264,86,,,,,,,,,,,
1887,292599,2905.2,rainbow_cnn_dqn,,381.9,,3101,81,,,,,,,,,,,
1888,293178,2911.3,rainbow_cnn_dqn,,69.4,,579,14,,,,,,,,,,,
1889,300742,2984.8,rainbow_cnn_dqn,,935.3,,7564,200,,,,,,,,,,,
1890,314484,3118.7,rainbow_cnn_dqn,,1700.7,,13742,364,,,,,,,,,,,
1891,317718,3150.4,rainbow_cnn_dqn,,398.8,,3234,85,,,,,,,,,,,
1892,323270,3205.9,rainbow_cnn_dqn,,685.5,,5552,146,,,,,,,,,,,
1893,325480,3227.8,rainbow_cnn_dqn,,272.1,,2210,58,,,,,,,,,,,
1894,327841,3251.1,rainbow_cnn_dqn,,290.8,,2361,62,,,,,,,,,,,
1895,333597,3307.4,rainbow_cnn_dqn,,711.3,,5756,152,,,,,,,,,,,
1896,334909,3322.9,rainbow_cnn_dqn,,160.7,,1312,34,,,,,,,,,,,
1897,340080,3374.4,rainbow_cnn_dqn,,638.4,,5171,136,,,,,,,,,,,
1898,341712,3391.4,rainbow_cnn_dqn,,199.9,,1632,42,,,,,,,,,,,
1899,342928,3403.7,rainbow_cnn_dqn,,148.4,,1216,31,,,,,,,,,,,
1900,344031,3414.9,rainbow_cnn_dqn,,134.4,,1103,28,,,,,,,,,,,
1901,352782,3501.6,rainbow_cnn_dqn,,1081.9,,8751,231,,,,,,,,,,,
1902,353171,3505.9,rainbow_cnn_dqn,,45.9,,389,9,,,,,,,,,,,
1903,357195,3545.3,rainbow_cnn_dqn,,496.7,,4024,106,,,,,,,,,,,
1904,357847,3552.9,rainbow_cnn_dqn,,78.5,,652,16,,,,,,,,,,,
1905,362210,3595.5,rainbow_cnn_dqn,,538.7,,4363,115,,,,,,,,,,,
1906,365650,3629.4,rainbow_cnn_dqn,,423.9,,3440,90,,,,,,,,,,,
1907,367057,3643.6,rainbow_cnn_dqn,,172.0,,1407,36,,,,,,,,,,,
1908,367237,3645.7,rainbow_cnn_dqn,,20.5,,180,4,,,,,,,,,,,
1909,369904,3671.9,rainbow_cnn_dqn,,328.6,,2667,70,,,,,,,,,,,
1910,371553,3688.3,rainbow_cnn_dqn,,202.5,,1649,43,,,,,,,,,,,
1911,371620,3689.5,rainbow_cnn_dqn,,6.5,,67,1,,,,,,,,,,,
1912,377148,3743.5,rainbow_cnn_dqn,,683.1,,5528,146,,,,,,,,,,,
1913,381456,3785.7,rainbow_cnn_dqn,,531.4,,4308,113,,,,,,,,,,,
1914,397439,3943.5,rainbow_cnn_dqn,,1977.9,,15983,423,,,,,,,,,,,
1915,401237,3981.8,rainbow_cnn_dqn,,468.7,,3798,100,,,,,,,,,,,
1916,402756,3997.2,rainbow_cnn_dqn,,185.9,,1519,39,,,,,,,,,,,
1917,403407,4004.0,rainbow_cnn_dqn,,78.4,,651,16,,,,,,,,,,,
1918,410838,4077.1,rainbow_cnn_dqn,,918.4,,7431,196,,,,,,,,,,,
1919,419155,4159.7,rainbow_cnn_dqn,,1028.6,,8317,220,,,,,,,,,,,
1920,420238,4170.7,rainbow_cnn_dqn,,132.4,,1083,28,,,,,,,,,,,
1921,424392,4213.3,rainbow_cnn_dqn,,512.4,,4154,109,,,,,,,,,,,
1922,427097,4240.3,rainbow_cnn_dqn,,333.3,,2705,71,,,,,,,,,,,
1923,430121,4270.8,rainbow_cnn_dqn,,372.4,,3024,79,,,,,,,,,,,
1924,436648,4335.8,rainbow_cnn_dqn,,806.4,,6527,172,,,,,,,,,,,
1925,439266,4362.2,rainbow_cnn_dqn,,321.9,,2618,68,,,,,,,,,,,
1926,440915,4378.8,rainbow_cnn_dqn,,202.5,,1649,43,,,,,,,,,,,
1927,456256,4531.4,rainbow_cnn_dqn,,1898.4,,15341,406,,,,,,,,,,,
1928,456455,4534.0,rainbow_cnn_dqn,,22.4,,199,4,,,,,,,,,,,
1929,458200,4551.3,rainbow_cnn_dqn,,213.9,,1745,45,,,,,,,,,,,
1930,470866,4675.6,rainbow_cnn_dqn,,1567.0,,12666,335,,,,,,,,,,,
1931,471555,4682.8,rainbow_cnn_dqn,,83.1,,689,17,,,,,,,,,,,
1932,473259,4699.4,rainbow_cnn_dqn,,208.9,,1704,44,,,,,,,,,,,
1933,474784,4714.6,rainbow_cnn_dqn,,186.5,,1525,39,,,,,,,,,,,
1934,476235,4729.1,rainbow_cnn_dqn,,177.3,,1451,37,,,,,,,,,,,
1935,481002,4776.9,rainbow_cnn_dqn,,588.1,,4767,125,,,,,,,,,,,
1936,482500,4792.0,rainbow_cnn_dqn,,183.8,,1498,39,,,,,,,,,,,
1937,483018,4797.3,rainbow_cnn_dqn,,62.4,,518,13,,,,,,,,,,,
1938,488076,4848.1,rainbow_cnn_dqn,,624.4,,5058,133,,,,,,,,,,,
1939,492547,4892.2,rainbow_cnn_dqn,,552.2,,4471,118,,,,,,,,,,,
1940,495232,4919.0,rainbow_cnn_dqn,,330.4,,2685,70,,,,,,,,,,,
1941,517403,5139.9,rainbow_cnn_dqn,,2745.2,,22171,588,,,,,,,,,,,
1942,519908,5165.5,rainbow_cnn_dqn,,307.9,,2505,65,,,,,,,,,,,
1943,520122,5169.1,rainbow_cnn_dqn,,24.8,,214,5,,,,,,,,,,,
1944,522062,5188.0,rainbow_cnn_dqn,,237.9,,1940,50,,,,,,,,,,,
1945,522636,5194.0,rainbow_cnn_dqn,,68.9,,574,14,,,,,,,,,,,
1946,530382,5269.9,rainbow_cnn_dqn,,957.1,,7746,204,,,,,,,,,,,
1947,530732,5273.7,rainbow_cnn_dqn,,41.1,,350,8,,,,,,,,,,,
1948,544943,5412.6,rainbow_cnn_dqn,,1758.4,,14211,376,,,,,,,,,,,
1949,547592,5439.1,rainbow_cnn_dqn,,325.9,,2649,69,,,,,,,,,,,
1950,549241,5455.7,rainbow_cnn_dqn,,202.5,,1649,43,,,,,,,,,,,
1951,550626,5469.6,rainbow_cnn_dqn,,169.8,,1385,36,,,,,,,,,,,
1952,560472,5567.4,rainbow_cnn_dqn,,1217.5,,9846,260,,,,,,,,,,,
1953,562140,5584.3,rainbow_cnn_dqn,,204.4,,1668,43,,,,,,,,,,,
1954,576202,5726.9,rainbow_cnn_dqn,,1739.9,,14062,372,,,,,,,,,,,
1955,578322,5748.3,rainbow_cnn_dqn,,260.4,,2120,55,,,,,,,,,,,
1956,580406,5769.2,rainbow_cnn_dqn,,255.9,,2084,54,,,,,,,,,,,
1957,581432,5779.7,rainbow_cnn_dqn,,124.9,,1026,26,,,,,,,,,,,
1958,583029,5795.7,rainbow_cnn_dqn,,195.5,,1597,41,,,,,,,,,,,
1959,583950,5805.1,rainbow_cnn_dqn,,111.7,,921,23,,,,,,,,,,,
1960,589845,5863.8,rainbow_cnn_dqn,,727.9,,5895,155,,,,,,,,,,,
1961,590199,5867.7,rainbow_cnn_dqn,,41.5,,354,8,,,,,,,,,,,
1962,599212,5956.8,rainbow_cnn_dqn,,1114.4,,9013,238,,,,,,,,,,,
1963,608451,6050.2,rainbow_cnn_dqn,,1142.4,,9239,244,,,,,,,,,,,
1964,619029,6156.5,rainbow_cnn_dqn,,1308.7,,10578,280,,,,,,,,,,,
1965,620564,6172.4,rainbow_cnn_dqn,,188.4,,1535,40,,,,,,,,,,,
1966,624024,6208.7,rainbow_cnn_dqn,,426.8,,3460,91,,,,,,,,,,,
1967,625147,6220.1,rainbow_cnn_dqn,,137.3,,1123,29,,,,,,,,,,,
1968,625476,6223.7,rainbow_cnn_dqn,,39.0,,329,8,,,,,,,,,,,
1969,627575,6245.1,rainbow_cnn_dqn,,258.3,,2099,55,,,,,,,,,,,
1970,628416,6253.9,rainbow_cnn_dqn,,101.9,,841,21,,,,,,,,,,,
1971,631553,6284.9,rainbow_cnn_dqn,,386.4,,3137,82,,,,,,,,,,,
1972,634916,6318.5,rainbow_cnn_dqn,,414.4,,3363,88,,,,,,,,,,,
1973,636548,6337.4,rainbow_cnn_dqn,,199.9,,1632,42,,,,,,,,,,,
1974,639138,6363.8,rainbow_cnn_dqn,,319.1,,2590,68,,,,,,,,,,,
1975,642917,6402.0,rainbow_cnn_dqn,,465.9,,3779,99,,,,,,,,,,,
1976,643455,6407.6,rainbow_cnn_dqn,,64.4,,538,13,,,,,,,,,,,
1977,647306,6446.0,rainbow_cnn_dqn,,474.9,,3851,101,,,,,,,,,,,
1978,651609,6489.1,rainbow_cnn_dqn,,530.9,,4303,113,,,,,,,,,,,
1979,662825,6601.1,rainbow_cnn_dqn,,1387.8,,11216,297,,,,,,,,,,,
1980,665378,6627.0,rainbow_cnn_dqn,,314.5,,2553,67,,,,,,,,,,,
1981,673487,6707.9,rainbow_cnn_dqn,,1002.4,,8109,214,,,,,,,,,,,
1982,678226,6755.1,rainbow_cnn_dqn,,585.3,,4739,125,,,,,,,,,,,
1983,681631,6789.2,rainbow_cnn_dqn,,419.5,,3405,89,,,,,,,,,,,
1984,683900,6812.5,rainbow_cnn_dqn,,278.9,,2269,59,,,,,,,,,,,
1985,686189,6836.7,rainbow_cnn_dqn,,281.8,,2289,60,,,,,,,,,,,
1986,691108,6886.0,rainbow_cnn_dqn,,606.9,,4919,129,,,,,,,,,,,
1987,693115,6908.3,rainbow_cnn_dqn,,246.4,,2007,52,,,,,,,,,,,
1988,716176,7141.8,rainbow_cnn_dqn,,2854.9,,23061,611,,,,,,,,,,,
1989,716729,7148.0,rainbow_cnn_dqn,,66.8,,553,14,,,,,,,,,,,
1990,729964,7278.5,rainbow_cnn_dqn,,1637.4,,13235,350,,,,,,,,,,,
1991,739558,7373.5,rainbow_cnn_dqn,,1186.9,,9594,254,,,,,,,,,,,
1992,739694,7375.2,rainbow_cnn_dqn,,15.2,,136,3,,,,,,,,,,,
1993,740874,7386.9,rainbow_cnn_dqn,,143.9,,1180,30,,,,,,,,,,,
1994,748120,7459.6,rainbow_cnn_dqn,,895.4,,7246,191,,,,,,,,,,,
1995,759104,7569.7,rainbow_cnn_dqn,,1359.2,,10984,291,,,,,,,,,,,
1996,766762,7646.1,rainbow_cnn_dqn,,946.5,,7658,202,,,,,,,,,,,
1997,773931,7717.4,rainbow_cnn_dqn,,885.9,,7169,189,,,,,,,,,,,
1998,777484,7753.0,rainbow_cnn_dqn,,437.9,,3553,93,,,,,,,,,,,
1999,805784,8037.3,rainbow_cnn_dqn,,3503.9,,28300,750,,,,,,,,,,,
2000,809383,8073.7,rainbow_cnn_dqn,,443.4,,3599,94,,,,,,,,,,,
2001,820707,8193.4,rainbow_cnn_dqn,,1401.3,,11324,300,,,,,,,,,,,
2002,845314,8441.9,rainbow_cnn_dqn,,3046.4,,24607,652,,,,,,,,,,,
2003,851774,8507.1,rainbow_cnn_dqn,,797.9,,6460,170,,,,,,,,,,,
2004,870708,8697.4,rainbow_cnn_dqn,,2344.1,,18934,502,,,,,,,,,,,
2005,879382,8784.1,rainbow_cnn_dqn,,1072.4,,8674,229,,,,,,,,,,,
2006,880562,8796.1,rainbow_cnn_dqn,,143.9,,1180,30,,,,,,,,,,,
2007,883606,8826.7,rainbow_cnn_dqn,,375.3,,3044,80,,,,,,,,,,,
2008,893071,8921.4,rainbow_cnn_dqn,,1170.4,,9465,250,,,,,,,,,,,
2009,893948,8930.6,rainbow_cnn_dqn,,106.4,,877,22,,,,,,,,,,,
2010,911775,9110.2,rainbow_cnn_dqn,,2206.4,,17827,472,,,,,,,,,,,
2011,950409,9503.3,rainbow_cnn_dqn,,4784.8,,38634,1025,,,,,,,,,,,
2012,969979,9703.1,rainbow_cnn_dqn,,2422.1,,19570,518,,,,,,,,,,,
2013,970609,9709.9,rainbow_cnn_dqn,,76.3,,630,16,,,,,,,,,,,
2014,970998,9714.0,rainbow_cnn_dqn,,45.9,,389,9,,,,,,,,,,,
2015,982384,9831.0,rainbow_cnn_dqn,,1408.4,,11386,301,,,,,,,,,,,
2016,988249,9890.4,rainbow_cnn_dqn,,724.9,,5865,155,,,,,,,,,,,
2017,1004098,10051.9,rainbow_cnn_dqn,,1961.8,,15849,420,,,,,,,,,,,
2018,1013729,10148.5,rainbow_cnn_dqn,,1191.5,,9631,255,,,,,,,,,,,
2019,1013815,10149.8,rainbow_cnn_dqn,,8.4,,86,1,,,,,,,,,,,
2020,1017368,10185.3,rainbow_cnn_dqn,,437.9,,3553,93,,,,,,,,,,,
2021,1027900,10290.3,rainbow_cnn_dqn,,1303.2,,10532,279,,,,,,,,,,,
2022,1046256,10474.8,rainbow_cnn_dqn,,2271.9,,18356,486,,,,,,,,,,,
2023,1046419,10477.1,rainbow_cnn_dqn,,17.9,,163,3,,,,,,,,,,,
2024,1059895,10610.6,rainbow_cnn_dqn,,1667.8,,13476,357,,,,,,,,,,,
2025,1060094,10612.9,rainbow_cnn_dqn,,22.4,,199,4,,,,,,,,,,,
2026,1069072,10702.4,rainbow_cnn_dqn,,1110.0,,8978,237,,,,,,,,,,,
2027,1069626,10708.2,rainbow_cnn_dqn,,66.9,,554,14,,,,,,,,,,,
2028,1089487,10907.1,rainbow_cnn_dqn,,2458.4,,19861,526,,,,,,,,,,,
2029,1123776,11245.9,rainbow_cnn_dqn,,4245.9,,34289,909,,,,,,,,,,,
2030,1124202,11250.9,rainbow_cnn_dqn,,50.5,,426,10,,,,,,,,,,,
2031,1125341,11262.1,rainbow_cnn_dqn,,138.9,,1139,29,,,,,,,,,,,
2032,1131190,11319.9,rainbow_cnn_dqn,,722.4,,5849,154,,,,,,,,,,,
2033,1132031,11328.5,rainbow_cnn_dqn,,101.9,,841,21,,,,,,,,,,,
2034,1132081,11329.0,rainbow_cnn_dqn,,3.9,,50,0,,,,,,,,,,,
2035,1132131,11329.5,rainbow_cnn_dqn,,3.9,,50,0,,,,,,,,,,,
2036,1163874,11644.0,rainbow_cnn_dqn,,3931.0,,31743,842,,,,,,,,,,,
2037,1176878,11774.8,rainbow_cnn_dqn,,1608.9,,13004,344,,,,,,,,,,,
2038,1184249,11854.0,rainbow_cnn_dqn,,911.5,,7371,195,,,,,,,,,,,
2039,1202980,12043.3,rainbow_cnn_dqn,,2318.4,,18731,496,,,,,,,,,,,
2040,1212748,12140.7,rainbow_cnn_dqn,,1207.9,,9768,258,,,,,,,,,,,
2041,1226864,12280.9,rainbow_cnn_dqn,,1747.1,,14116,374,,,,,,,,,,,
2042,1234424,12356.2,rainbow_cnn_dqn,,934.9,,7560,200,,,,,,,,,,,
2043,1240011,12412.2,rainbow_cnn_dqn,,689.9,,5587,147,,,,,,,,,,,
2044,1243713,12449.2,rainbow_cnn_dqn,,456.4,,3702,97,,,,,,,,,,,
2045,1249824,12509.7,rainbow_cnn_dqn,,754.9,,6111,161,,,,,,,,,,,
2046,1252938,12540.6,rainbow_cnn_dqn,,384.1,,3114,82,,,,,,,,,,,
2047,1253078,12542.3,rainbow_cnn_dqn,,15.6,,140,3,,,,,,,,,,,
2048,1253180,12543.3,rainbow_cnn_dqn,,10.9,,102,2,,,,,,,,,,,
2049,1257656,12588.7,rainbow_cnn_dqn,,552.7,,4476,118,,,,,,,,,,,
2050,1271355,12722.9,rainbow_cnn_dqn,,1695.5,,13699,363,,,,,,,,,,,
2051,1271571,12725.3,rainbow_cnn_dqn,,25.0,,216,5,,,,,,,,,,,
2052,1279717,12805.5,rainbow_cnn_dqn,,1007.0,,8146,215,,,,,,,,,,,
2053,1283871,12846.6,rainbow_cnn_dqn,,512.4,,4154,109,,,,,,,,,,,
2054,1289657,12905.6,rainbow_cnn_dqn,,715.2,,5786,153,,,,,,,,,,,
2055,1289763,12907.0,rainbow_cnn_dqn,,11.3,,106,2,,,,,,,,,,,
2056,1290840,12917.7,rainbow_cnn_dqn,,130.9,,1077,27,,,,,,,,,,,
2057,1318554,13189.1,rainbow_cnn_dqn,,3431.8,,27714,735,,,,,,,,,,,
2058,1377721,13780.1,rainbow_cnn_dqn,,7328.6,,59167,1570,,,,,,,,,,,
2059,1380308,13806.6,rainbow_cnn_dqn,,318.8,,2587,68,,,,,,,,,,,
2060,1380522,13811.0,rainbow_cnn_dqn,,24.8,,214,5,,,,,,,,,,,
2061,1384189,13847.4,rainbow_cnn_dqn,,452.0,,3667,96,,,,,,,,,,,
2062,1390603,13911.7,rainbow_cnn_dqn,,792.4,,6414,169,,,,,,,,,,,
2063,1390689,13912.9,rainbow_cnn_dqn,,8.4,,86,1,,,,,,,,,,,
2064,1390775,13913.8,rainbow_cnn_dqn,,8.4,,86,1,,,,,,,,,,,
2065,1393724,13943.2,rainbow_cnn_dqn,,363.1,,2949,77,,,,,,,,,,,
2066,1396070,13966.9,rainbow_cnn_dqn,,288.4,,2346,61,,,,,,,,,,,
2067,1396500,13971.6,rainbow_cnn_dqn,,50.9,,430,10,,,,,,,,,,,
2068,1398055,13987.1,rainbow_cnn_dqn,,190.4,,1555,40,,,,,,,,,,,
2069,1432608,14333.5,rainbow_cnn_dqn,,4278.6,,34553,916,,,,,,,,,,,
2070,1444184,14447.7,rainbow_cnn_dqn,,1431.9,,11576,306,,,,,,,,,,,
2071,1493163,14930.3,rainbow_cnn_dqn,,6065.9,,48979,1299,,,,,,,,,,,
2072,1493213,14931.5,rainbow_cnn_dqn,,3.9,,50,0,,,,,,,,,,,
2073,1520739,15201.5,rainbow_cnn_dqn,,3408.5,,27526,730,,,,,,,,,,,
2074,1553857,15529.5,rainbow_cnn_dqn,,4100.9,,33118,878,,,,,,,,,,,
2075,1570570,15693.8,rainbow_cnn_dqn,,2068.9,,16713,443,,,,,,,,,,,
2076,1573802,15725.5,rainbow_cnn_dqn,,398.6,,3232,85,,,,,,,,,,,
2077,1573866,15726.4,rainbow_cnn_dqn,,6.2,,64,1,,,,,,,,,,,
2078,1574044,15728.1,rainbow_cnn_dqn,,20.3,,178,4,,,,,,,,,,,
2079,1579364,15780.7,rainbow_cnn_dqn,,656.9,,5320,140,,,,,,,,,,,
2080,1633012,16304.9,rainbow_cnn_dqn,,6644.4,,53648,1423,,,,,,,,,,,
2081,1651440,16493.1,rainbow_cnn_dqn,,2280.9,,18428,488,,,,,,,,,,,
2082,1652900,16508.2,rainbow_cnn_dqn,,179.1,,1460,38,,,,,,,,,,,
2083,1653006,16509.6,rainbow_cnn_dqn,,11.3,,106,2,,,,,,,,,,,
2084,1653451,16514.1,rainbow_cnn_dqn,,53.3,,445,11,,,,,,,,,,,
2085,1654610,16525.6,rainbow_cnn_dqn,,141.8,,1159,30,,,,,,,,,,,
2086,1674342,16723.9,rainbow_cnn_dqn,,2442.8,,19732,523,,,,,,,,,,,
2087,1678466,16767.1,rainbow_cnn_dqn,,508.5,,4124,108,,,,,,,,,,,
2088,1716992,17157.6,rainbow_cnn_dqn,,4771.3,,38526,1022,,,,,,,,,,,
2089,1720772,17195.7,rainbow_cnn_dqn,,466.0,,3780,99,,,,,,,,,,,
2090,1727716,17265.4,rainbow_cnn_dqn,,858.0,,6944,183,,,,,,,,,,,
2091,1736468,17351.6,rainbow_cnn_dqn,,1082.0,,8752,231,,,,,,,,,,,
2092,1738439,17371.3,rainbow_cnn_dqn,,241.9,,1971,51,,,,,,,,,,,
2093,1742863,17415.0,rainbow_cnn_dqn,,545.7,,4424,116,,,,,,,,,,,
2094,1747808,17465.1,rainbow_cnn_dqn,,610.4,,4945,130,,,,,,,,,,,
2095,1754599,17532.6,rainbow_cnn_dqn,,839.1,,6791,179,,,,,,,,,,,
2096,1756041,17547.3,rainbow_cnn_dqn,,176.4,,1442,37,,,,,,,,,,,
2097,1765542,17640.8,rainbow_cnn_dqn,,1174.9,,9501,251,,,,,,,,,,,
2098,1779076,17774.4,rainbow_cnn_dqn,,1674.5,,13534,358,,,,,,,,,,,
2099,1779728,17781.4,rainbow_cnn_dqn,,78.5,,652,16,,,,,,,,,,,
2100,1794730,17931.0,rainbow_cnn_dqn,,1856.4,,15002,397,,,,,,,,,,,
2101,1809259,18075.1,rainbow_cnn_dqn,,1798.3,,14529,385,,,,,,,,,,,
2102,1827802,18257.9,rainbow_cnn_dqn,,2295.1,,18543,491,,,,,,,,,,,
2103,1831278,18292.7,rainbow_cnn_dqn,,428.4,,3476,91,,,,,,,,,,,
2104,1839319,18375.6,rainbow_cnn_dqn,,993.8,,8041,212,,,,,,,,,,,
2105,1844092,18424.4,rainbow_cnn_dqn,,589.6,,4773,126,,,,,,,,,,,
2106,1844309,18426.9,rainbow_cnn_dqn,,25.1,,217,5,,,,,,,,,,,
2107,1849463,18478.4,rainbow_cnn_dqn,,636.7,,5154,136,,,,,,,,,,,
2108,1853249,18516.5,rainbow_cnn_dqn,,466.6,,3786,99,,,,,,,,,,,
2109,1857213,18556.9,rainbow_cnn_dqn,,488.9,,3964,104,,,,,,,,,,,
2110,1877995,18766.8,rainbow_cnn_dqn,,2573.0,,20782,551,,,,,,,,,,,
2111,1882298,18810.0,rainbow_cnn_dqn,,530.9,,4303,113,,,,,,,,,,,
2112,1882985,18817.3,rainbow_cnn_dqn,,82.9,,687,17,,,,,,,,,,,
2113,1886589,18853.6,rainbow_cnn_dqn,,444.8,,3604,95,,,,,,,,,,,
2114,1887732,18866.5,rainbow_cnn_dqn,,139.3,,1143,29,,,,,,,,,,,
2115,1890757,18897.7,rainbow_cnn_dqn,,372.5,,3025,79,,,,,,,,,,,
2116,1892897,18919.9,rainbow_cnn_dqn,,263.3,,2140,56,,,,,,,,,,,
2117,1906898,19060.5,rainbow_cnn_dqn,,1732.9,,14001,371,,,,,,,,,,,
2118,1907680,19068.8,rainbow_cnn_dqn,,95.1,,782,20,,,,,,,,,,,
2119,1909462,19086.5,rainbow_cnn_dqn,,218.5,,1782,46,,,,,,,,,,,
2120,1910543,19097.6,rainbow_cnn_dqn,,132.2,,1081,28,,,,,,,,,,,
2121,1917691,19171.4,rainbow_cnn_dqn,,883.8,,7148,189,,,,,,,,,,,
2122,1923888,19233.7,rainbow_cnn_dqn,,765.3,,6197,163,,,,,,,,,,,
2123,1928006,19275.0,rainbow_cnn_dqn,,507.9,,4118,108,,,,,,,,,,,
2124,1933635,19332.0,rainbow_cnn_dqn,,695.0,,5629,148,,,,,,,,,,,
2125,1938511,19381.2,rainbow_cnn_dqn,,601.7,,4876,128,,,,,,,,,,,
2126,1944601,19442.5,rainbow_cnn_dqn,,752.8,,6090,161,,,,,,,,,,,
2127,1945046,19447.3,rainbow_cnn_dqn,,53.3,,445,11,,,,,,,,,,,
2128,1951015,19506.9,rainbow_cnn_dqn,,737.1,,5969,157,,,,,,,,,,,
2129,1960914,19608.6,rainbow_cnn_dqn,,1224.6,,9899,262,,,,,,,,,,,
2130,1963945,19639.6,rainbow_cnn_dqn,,373.1,,3031,79,,,,,,,,,,,
2131,1969582,19696.4,rainbow_cnn_dqn,,696.7,,5637,149,,,,,,,,,,,
2132,1970925,19710.1,rainbow_cnn_dqn,,164.7,,1343,35,,,,,,,,,,,
2133,1971026,19711.6,rainbow_cnn_dqn,,10.8,,101,2,,,,,,,,,,,
2134,1972581,19727.4,rainbow_cnn_dqn,,190.4,,1555,40,,,,,,,,,,,
2135,1973817,19739.9,rainbow_cnn_dqn,,151.3,,1236,32,,,,,,,,,,,
2136,1981304,19815.8,rainbow_cnn_dqn,,925.8,,7487,198,,,,,,,,,,,
2137,2025209,20255.1,rainbow_cnn_dqn,,5437.0,,43905,1164,,,,,,,,,,,
2138,2060665,20615.1,rainbow_cnn_dqn,,4390.5,,35456,940,,,,,,,,,,,
2139,2062692,20636.1,rainbow_cnn_dqn,,249.3,,2027,53,,,,,,,,,,,
2140,2065567,20665.5,rainbow_cnn_dqn,,353.9,,2875,75,,,,,,,,,,,
2141,2083394,20845.5,rainbow_cnn_dqn,,2206.4,,17827,472,,,,,,,,,,,
2142,2089742,20911.6,rainbow_cnn_dqn,,784.0,,6348,167,,,,,,,,,,,
2143,2098924,21003.4,rainbow_cnn_dqn,,1135.8,,9182,243,,,,,,,,,,,
2144,2131448,21326.2,rainbow_cnn_dqn,,4027.1,,32524,862,,,,,,,,,,,
2145,2140009,21410.8,rainbow_cnn_dqn,,1058.4,,8561,226,,,,,,,,,,,
2146,2141471,21425.5,rainbow_cnn_dqn,,179.3,,1462,38,,,,,,,,,,,
2147,2142127,21432.4,rainbow_cnn_dqn,,78.9,,656,16,,,,,,,,,,,
2148,2142818,21439.0,rainbow_cnn_dqn,,83.3,,691,17,,,,,,,,,,,
2149,2144825,21459.2,rainbow_cnn_dqn,,246.4,,2007,52,,,,,,,,,,,
2150,2145291,21464.1,rainbow_cnn_dqn,,55.4,,466,11,,,,,,,,,,,
2151,2145659,21467.8,rainbow_cnn_dqn,,43.8,,368,9,,,,,,,,,,,
2152,2212647,22125.4,rainbow_cnn_dqn,,8297.0,,66988,1777,,,,,,,,,,,
2153,2217981,22178.7,rainbow_cnn_dqn,,659.2,,5334,141,,,,,,,,,,,
2154,2235597,22350.0,rainbow_cnn_dqn,,2180.8,,17616,467,,,,,,,,,,,
2155,2243870,22430.7,rainbow_cnn_dqn,,1023.3,,8273,219,,,,,,,,,,,
2156,2247495,22468.4,rainbow_cnn_dqn,,446.9,,3625,95,,,,,,,,,,,
2157,2254510,22539.5,rainbow_cnn_dqn,,866.9,,7015,185,,,,,,,,,,,
2158,2311133,23107.9,rainbow_cnn_dqn,,7013.0,,56623,1502,,,,,,,,,,,
2159,2322668,23221.9,rainbow_cnn_dqn,,1426.9,,11535,305,,,,,,,,,,,
2160,2348181,23474.1,rainbow_cnn_dqn,,3158.6,,25513,676,,,,,,,,,,,
2161,2349905,23491.5,rainbow_cnn_dqn,,211.8,,1724,45,,,,,,,,,,,
2162,2372042,23708.6,rainbow_cnn_dqn,,2740.9,,22137,587,,,,,,,,,,,
2163,2379154,23778.3,rainbow_cnn_dqn,,879.3,,7112,188,,,,,,,,,,,
2164,2395558,23940.9,rainbow_cnn_dqn,,2029.9,,16404,434,,,,,,,,,,,
2165,2395804,23943.7,rainbow_cnn_dqn,,28.0,,246,5,,,,,,,,,,,
2166,2396023,23945.8,rainbow_cnn_dqn,,25.3,,219,5,,,,,,,,,,,
2167,2396268,23948.2,rainbow_cnn_dqn,,27.9,,245,5,,,,,,,,,,,
2168,2398773,23972.4,rainbow_cnn_dqn,,307.9,,2505,65,,,,,,,,,,,
2169,2414497,24126.5,rainbow_cnn_dqn,,1945.7,,15724,416,,,,,,,,,,,
2170,2415357,24135.5,rainbow_cnn_dqn,,104.7,,860,22,,,,,,,,,,,
2171,2432328,24300.7,rainbow_cnn_dqn,,2100.1,,16971,449,,,,,,,,,,,
2172,2440782,24384.0,rainbow_cnn_dqn,,1045.0,,8454,223,,,,,,,,,,,
2173,2482796,24798.4,rainbow_cnn_dqn,,5202.9,,42014,1114,,,,,,,,,,,
2174,2490679,24879.3,rainbow_cnn_dqn,,974.4,,7883,208,,,,,,,,,,,
2175,2522122,25198.8,rainbow_cnn_dqn,,3893.8,,31443,834,,,,,,,,,,,
2176,2592643,25902.2,rainbow_cnn_dqn,,8734.9,,70521,1871,,,,,,,,,,,
2177,2605349,26026.5,rainbow_cnn_dqn,,1571.9,,12706,336,,,,,,,,,,,
2178,2616059,26130.2,rainbow_cnn_dqn,,1324.6,,10710,283,,,,,,,,,,,
2179,2637201,26337.6,rainbow_cnn_dqn,,2617.1,,21142,560,,,,,,,,,,,
2180,2640600,26371.1,rainbow_cnn_dqn,,418.9,,3399,89,,,,,,,,,,,
2181,2642348,26388.3,rainbow_cnn_dqn,,214.2,,1748,45,,,,,,,,,,,
2182,2707352,27029.2,rainbow_cnn_dqn,,8051.8,,65004,1725,,,,,,,,,,,
2183,2725186,27204.1,rainbow_cnn_dqn,,2207.1,,17834,472,,,,,,,,,,,
2184,2731374,27267.4,rainbow_cnn_dqn,,764.4,,6188,163,,,,,,,,,,,
2185,2757789,27532.7,rainbow_cnn_dqn,,3270.4,,26415,700,,,,,,,,,,,
2186,2764994,27605.4,rainbow_cnn_dqn,,890.4,,7205,190,,,,,,,,,,,
2187,2781614,27773.7,rainbow_cnn_dqn,,2056.9,,16620,440,,,,,,,,,,,
2188,2796955,27925.6,rainbow_cnn_dqn,,1898.4,,15341,406,,,,,,,,,,,
2189,2800030,27955.9,rainbow_cnn_dqn,,379.3,,3075,81,,,,,,,,,,,
2190,2803544,27991.7,rainbow_cnn_dqn,,433.1,,3514,92,,,,,,,,,,,
2191,2846495,28416.8,rainbow_cnn_dqn,,5319.1,,42951,1139,,,,,,,,,,,
2192,2847184,28424.2,rainbow_cnn_dqn,,83.1,,689,17,,,,,,,,,,,
2193,2847611,28428.4,rainbow_cnn_dqn,,50.6,,427,10,,,,,,,,,,,
2194,2848185,28434.7,rainbow_cnn_dqn,,68.9,,574,14,,,,,,,,,,,
2195,2848307,28435.9,rainbow_cnn_dqn,,12.9,,122,2,,,,,,,,,,,
2196,2848994,28442.7,rainbow_cnn_dqn,,82.9,,687,17,,,,,,,,,,,
2197,2849683,28449.7,rainbow_cnn_dqn,,83.1,,689,17,,,,,,,,,,,
2198,2850146,28454.3,rainbow_cnn_dqn,,55.1,,463,11,,,,,,,,,,,
2199,2850269,28455.8,rainbow_cnn_dqn,,13.0,,123,2,,,,,,,,,,,
2200,2850733,28460.4,rainbow_cnn_dqn,,55.2,,464,11,,,,,,,,,,,
2201,2927962,29229.3,rainbow_cnn_dqn,,9565.9,,77229,2049,,,,,,,,,,,
2202,2935750,29307.5,rainbow_cnn_dqn,,963.1,,7788,206,,,,,,,,,,,
2203,2948766,29436.8,rainbow_cnn_dqn,,1610.1,,13016,344,,,,,,,,,,,
2204,2949660,29448.0,rainbow_cnn_dqn,,109.0,,894,23,,,,,,,,,,,
2205,2976414,29721.4,rainbow_cnn_dqn,,3312.4,,26754,709,,,,,,,,,,,
2206,3012146,30081.2,rainbow_cnn_dqn,,4425.3,,35732,948,,,,,,,,,,,
2207,3012282,30083.0,rainbow_cnn_dqn,,15.2,,136,3,,,,,,,,,,,
2208,3019391,30154.5,rainbow_cnn_dqn,,879.0,,7109,188,,,,,,,,,,,
2209,3019911,30160.3,rainbow_cnn_dqn,,62.6,,520,13,,,,,,,,,,,
2210,3050292,30463.2,rainbow_cnn_dqn,,3761.5,,30381,805,,,,,,,,,,,
2211,3065120,30609.9,rainbow_cnn_dqn,,1835.4,,14828,393,,,,,,,,,,,
2212,3076211,30721.2,rainbow_cnn_dqn,,1371.7,,11091,293,,,,,,,,,,,
2213,3084375,30802.3,rainbow_cnn_dqn,,1009.7,,8164,216,,,,,,,,,,,
2214,3091955,30877.5,rainbow_cnn_dqn,,936.9,,7580,200,,,,,,,,,,,
2215,3093998,30897.9,rainbow_cnn_dqn,,250.9,,2043,53,,,,,,,,,,,
2216,3097736,30935.6,rainbow_cnn_dqn,,460.9,,3738,98,,,,,,,,,,,
2217,3131573,31270.1,rainbow_cnn_dqn,,4189.9,,33837,897,,,,,,,,,,,
2218,3140969,31364.4,rainbow_cnn_dqn,,1161.7,,9396,248,,,,,,,,,,,
2219,3142940,31384.2,rainbow_cnn_dqn,,241.9,,1971,51,,,,,,,,,,,
2220,3160053,31554.4,rainbow_cnn_dqn,,2117.9,,17113,453,,,,,,,,,,,
2221,3169119,31645.6,rainbow_cnn_dqn,,1121.5,,9066,240,,,,,,,,,,,
2222,3189109,31847.3,rainbow_cnn_dqn,,2474.9,,19990,530,,,,,,,,,,,
2223,3215524,32114.4,rainbow_cnn_dqn,,3270.4,,26415,700,,,,,,,,,,,
2224,3225574,32218.2,rainbow_cnn_dqn,,1243.3,,10050,266,,,,,,,,,,,
2225,3234268,32306.5,rainbow_cnn_dqn,,1075.3,,8694,230,,,,,,,,,,,
2226,3239785,32364.6,rainbow_cnn_dqn,,681.1,,5517,145,,,,,,,,,,,
2227,3245598,32427.6,rainbow_cnn_dqn,,717.9,,5813,153,,,,,,,,,,,
2228,3264878,32623.6,rainbow_cnn_dqn,,2386.8,,19280,511,,,,,,,,,,,
2229,3266356,32638.8,rainbow_cnn_dqn,,180.9,,1478,38,,,,,,,,,,,
2230,3274963,32725.9,rainbow_cnn_dqn,,1063.9,,8607,227,,,,,,,,,,,
2231,3275435,32730.9,rainbow_cnn_dqn,,56.0,,472,11,,,,,,,,,,,
2232,3342001,33403.2,rainbow_cnn_dqn,,8244.9,,66566,1766,,,,,,,,,,,
2233,3354901,33533.2,rainbow_cnn_dqn,,1595.8,,12900,341,,,,,,,,,,,
2234,3356313,33547.7,rainbow_cnn_dqn,,172.5,,1412,36,,,,,,,,,,,
2235,3367377,33659.0,rainbow_cnn_dqn,,1369.0,,11064,293,,,,,,,,,,,
2236,3369200,33677.6,rainbow_cnn_dqn,,223.5,,1823,47,,,,,,,,,,,
2237,3371788,33703.7,rainbow_cnn_dqn,,318.9,,2588,68,,,,,,,,,,,
2238,3383682,33821.1,rainbow_cnn_dqn,,1471.8,,11894,315,,,,,,,,,,,
2239,3400153,33990.1,rainbow_cnn_dqn,,2038.4,,16471,436,,,,,,,,,,,
2240,3404517,34035.1,rainbow_cnn_dqn,,538.8,,4364,115,,,,,,,,,,,
2241,3426242,34254.9,rainbow_cnn_dqn,,2689.8,,21725,576,,,,,,,,,,,
2242,3449769,34490.4,rainbow_cnn_dqn,,2913.2,,23527,624,,,,,,,,,,,
2243,3473977,34737.9,rainbow_cnn_dqn,,2997.5,,24208,642,,,,,,,,,,,
2244,3499411,34993.9,rainbow_cnn_dqn,,3148.9,,25434,674,,,,,,,,,,,
2245,3527105,35273.0,rainbow_cnn_dqn,,3428.9,,27694,734,,,,,,,,,,,
2246,3533899,35344.0,rainbow_cnn_dqn,,839.4,,6794,179,,,,,,,,,,,
2247,3561234,35622.3,rainbow_cnn_dqn,,3384.9,,27335,725,,,,,,,,,,,
2248,3613998,36143.9,rainbow_cnn_dqn,,6535.3,,52764,1400,,,,,,,,,,,
2249,3625422,36260.6,rainbow_cnn_dqn,,1413.1,,11424,302,,,,,,,,,,,
2250,3628310,36289.7,rainbow_cnn_dqn,,356.1,,2888,76,,,,,,,,,,,
2251,3696956,36983.7,rainbow_cnn_dqn,,8502.4,,68646,1821,,,,,,,,,,,
2252,3700262,37017.8,rainbow_cnn_dqn,,407.8,,3306,87,,,,,,,,,,,
2253,3707369,37089.1,rainbow_cnn_dqn,,878.8,,7107,188,,,,,,,,,,,
2254,3743954,37461.9,rainbow_cnn_dqn,,4530.4,,36585,970,,,,,,,,,,,
2255,3753645,37558.9,rainbow_cnn_dqn,,1198.4,,9691,256,,,,,,,,,,,
2256,3777964,37798.7,rainbow_cnn_dqn,,3011.3,,24319,645,,,,,,,,,,,
2257,3781989,37841.8,rainbow_cnn_dqn,,496.8,,4025,106,,,,,,,,,,,
2258,3812888,38144.0,rainbow_cnn_dqn,,3825.9,,30899,819,,,,,,,,,,,
2259,3830306,38315.8,rainbow_cnn_dqn,,2155.6,,17418,461,,,,,,,,,,,
2260,3855646,38565.5,rainbow_cnn_dqn,,3137.7,,25340,672,,,,,,,,,,,
2261,3857671,38587.7,rainbow_cnn_dqn,,249.1,,2025,53,,,,,,,,,,,
2262,3862785,38642.4,rainbow_cnn_dqn,,631.8,,5114,135,,,,,,,,,,,
2263,3863549,38650.6,rainbow_cnn_dqn,,92.4,,764,19,,,,,,,,,,,
2264,3868087,38696.5,rainbow_cnn_dqn,,559.8,,4538,119,,,,,,,,,,,
2265,4030025,40342.0,rainbow_cnn_dqn,,20060.9,,161938,4298,,,,,,,,,,,
2266,4038409,40428.6,rainbow_cnn_dqn,,1037.1,,8384,222,,,,,,,,,,,
2267,4064747,40696.2,rainbow_cnn_dqn,,3260.9,,26338,698,,,,,,,,,,,
2268,4080655,40856.0,rainbow_cnn_dqn,,1968.6,,15908,421,,,,,,,,,,,
2269,4092981,40984.9,rainbow_cnn_dqn,,1524.9,,12326,326,,,,,,,,,,,
2270,4100008,41058.1,rainbow_cnn_dqn,,868.1,,7027,185,,,,,,,,,,,
2271,4101979,41078.1,rainbow_cnn_dqn,,241.9,,1971,51,,,,,,,,,,,
2272,4102065,41079.4,rainbow_cnn_dqn,,8.4,,86,1,,,,,,,,,,,
2273,4103396,41092.7,rainbow_cnn_dqn,,162.6,,1331,34,,,,,,,,,,,
2274,4104202,41101.1,rainbow_cnn_dqn,,97.5,,806,20,,,,,,,,,,,
2275,4109243,41151.7,rainbow_cnn_dqn,,622.7,,5041,133,,,,,,,,,,,
2276,4111930,41178.9,rainbow_cnn_dqn,,330.6,,2687,70,,,,,,,,,,,
2277,4153810,41606.6,rainbow_cnn_dqn,,5186.8,,41880,1111,,,,,,,,,,,
2278,4159320,41663.2,rainbow_cnn_dqn,,680.4,,5510,145,,,,,,,,,,,
2279,4190517,41978.8,rainbow_cnn_dqn,,3862.9,,31197,827,,,,,,,,,,,
2280,4194409,42018.4,rainbow_cnn_dqn,,479.9,,3892,102,,,,,,,,,,,
2281,4194947,42024.2,rainbow_cnn_dqn,,64.4,,538,13,,,,,,,,,,,
2282,4223360,42312.3,rainbow_cnn_dqn,,3517.9,,28413,753,,,,,,,,,,,
2283,4232905,42408.4,rainbow_cnn_dqn,,1180.2,,9545,252,,,,,,,,,,,
2284,4233898,42418.8,rainbow_cnn_dqn,,120.7,,993,25,,,,,,,,,,,
2285,4251505,42598.6,rainbow_cnn_dqn,,2179.0,,17607,466,,,,,,,,,,,
2286,4284706,42927.3,rainbow_cnn_dqn,,4111.0,,33201,880,,,,,,,,,,,
2287,4289396,42973.5,rainbow_cnn_dqn,,578.6,,4690,123,,,,,,,,,,,
2288,4292880,43008.4,rainbow_cnn_dqn,,429.2,,3484,91,,,,,,,,,,,
2289,4308875,43167.5,rainbow_cnn_dqn,,1979.1,,15995,423,,,,,,,,,,,
2290,4337866,43462.4,rainbow_cnn_dqn,,3590.1,,28991,769,,,,,,,,,,,
2291,4362343,43709.6,rainbow_cnn_dqn,,3030.7,,24477,649,,,,,,,,,,,
2292,4374633,43833.8,rainbow_cnn_dqn,,1520.4,,12290,325,,,,,,,,,,,
2293,4386846,43957.2,rainbow_cnn_dqn,,1510.9,,12213,323,,,,,,,,,,,
2294,4418930,44283.0,rainbow_cnn_dqn,,3973.2,,32084,851,,,,,,,,,,,
2295,4419564,44290.0,rainbow_cnn_dqn,,76.7,,634,16,,,,,,,,,,,
2296,4422850,44323.0,rainbow_cnn_dqn,,404.9,,3286,86,,,,,,,,,,,
2297,4433994,44434.9,rainbow_cnn_dqn,,1378.8,,11144,295,,,,,,,,,,,
2298,4463157,44731.2,rainbow_cnn_dqn,,3610.9,,29163,773,,,,,,,,,,,
2299,4530062,45409.3,rainbow_cnn_dqn,,8286.9,,66905,1775,,,,,,,,,,,
2300,4562692,45741.9,rainbow_cnn_dqn,,4040.4,,32630,865,,,,,,,,,,,
2301,4567318,45791.0,rainbow_cnn_dqn,,571.3,,4626,122,,,,,,,,,,,
2302,4576043,45879.8,rainbow_cnn_dqn,,1079.3,,8725,231,,,,,,,,,,,
2303,4678330,46915.2,rainbow_cnn_dqn,,12671.1,,102287,2715,,,,,,,,,,,
2304,4741865,47556.2,rainbow_cnn_dqn,,7869.8,,63535,1686,,,,,,,,,,,
2305,4744116,47579.9,rainbow_cnn_dqn,,277.1,,2251,59,,,,,,,,,,,
2306,4760748,47748.4,rainbow_cnn_dqn,,2058.1,,16632,440,,,,,,,,,,,
2307,4769552,47838.0,rainbow_cnn_dqn,,1089.0,,8804,233,,,,,,,,,,,
2308,4780390,47947.2,rainbow_cnn_dqn,,1341.0,,10838,287,,,,,,,,,,,
2309,4787689,48020.1,rainbow_cnn_dqn,,902.5,,7299,193,,,,,,,,,,,
2310,4790279,48046.2,rainbow_cnn_dqn,,319.1,,2590,68,,,,,,,,,,,
2311,4930126,49454.7,rainbow_cnn_dqn,,17324.4,,139847,3712,,,,,,,,,,,
2312,4939159,49548.3,rainbow_cnn_dqn,,1117.3,,9033,239,,,,,,,,,,,
2313,4944120,49598.4,rainbow_cnn_dqn,,612.9,,4961,131,,,,,,,,,,,
2314,4955030,49707.5,rainbow_cnn_dqn,,1349.1,,10910,288,,,,,,,,,,,
2315,4960064,49758.2,rainbow_cnn_dqn,,621.1,,5034,132,,,,,,,,,,,
2316,5004692,50208.1,rainbow_cnn_dqn,,5527.3,,44628,1184,,,,,,,,,,,
2317,5012107,50283.5,rainbow_cnn_dqn,,916.8,,7415,196,,,,,,,,,,,
2318,5012516,50288.0,rainbow_cnn_dqn,,48.8,,409,10,,,,,,,,,,,
2319,5069235,50860.2,rainbow_cnn_dqn,,7025.3,,56719,1505,,,,,,,,,,,
2320,5075895,50928.4,rainbow_cnn_dqn,,823.3,,6660,176,,,,,,,,,,,
2321,5076736,50937.2,rainbow_cnn_dqn,,101.9,,841,21,,,,,,,,,,,
2322,5087428,51044.2,rainbow_cnn_dqn,,1322.8,,10692,283,,,,,,,,,,,
2323,5097062,51142.1,rainbow_cnn_dqn,,1191.8,,9634,255,,,,,,,,,,,
2324,5100707,51179.2,rainbow_cnn_dqn,,449.8,,3645,96,,,,,,,,,,,
2325,5139588,51571.0,rainbow_cnn_dqn,,4814.9,,38881,1031,,,,,,,,,,,
2326,5146434,51639.7,rainbow_cnn_dqn,,846.4,,6846,181,,,,,,,,,,,
2327,5147973,51655.1,rainbow_cnn_dqn,,188.8,,1539,40,,,,,,,,,,,
2328,5153045,51707.8,rainbow_cnn_dqn,,626.7,,5072,134,,,,,,,,,,,
2329,5156266,51740.4,rainbow_cnn_dqn,,396.6,,3221,84,,,,,,,,,,,
2330,5161820,51797.2,rainbow_cnn_dqn,,685.7,,5554,146,,,,,,,,,,,
2331,5169141,51871.1,rainbow_cnn_dqn,,904.7,,7321,193,,,,,,,,,,,
2332,5176608,51946.8,rainbow_cnn_dqn,,922.9,,7467,197,,,,,,,,,,,
2333,5191657,52098.8,rainbow_cnn_dqn,,1862.0,,15049,398,,,,,,,,,,,
2334,5192647,52109.1,rainbow_cnn_dqn,,120.4,,990,25,,,,,,,,,,,
2335,5217978,52364.2,rainbow_cnn_dqn,,3135.9,,25331,671,,,,,,,,,,,
2336,5222039,52405.9,rainbow_cnn_dqn,,501.3,,4061,107,,,,,,,,,,,
2337,5231504,52502.3,rainbow_cnn_dqn,,1170.4,,9465,250,,,,,,,,,,,
2338,5239690,52585.0,rainbow_cnn_dqn,,1011.9,,8186,216,,,,,,,,,,,
2339,5239812,52586.6,rainbow_cnn_dqn,,12.9,,122,2,,,,,,,,,,,
2340,5240273,52591.3,rainbow_cnn_dqn,,54.9,,461,11,,,,,,,,,,,
2341,5240737,52596.0,rainbow_cnn_dqn,,55.2,,464,11,,,,,,,,,,,
2342,5241877,52608.0,rainbow_cnn_dqn,,139.0,,1140,29,,,,,,,,,,,
2343,5242006,52609.6,rainbow_cnn_dqn,,13.6,,129,2,,,,,,,,,,,
2344,5242242,52612.0,rainbow_cnn_dqn,,27.0,,236,5,,,,,,,,,,,
2345,5242970,52619.3,rainbow_cnn_dqn,,87.9,,728,18,,,,,,,,,,,
2346,5245130,52641.3,rainbow_cnn_dqn,,265.3,,2160,56,,,,,,,,,,,
2347,5245713,52647.5,rainbow_cnn_dqn,,69.8,,583,14,,,,,,,,,,,
2348,5246292,52653.3,rainbow_cnn_dqn,,69.4,,579,14,,,,,,,,,,,
2349,5247847,52669.2,rainbow_cnn_dqn,,190.4,,1555,40,,,,,,,,,,,
2350,5255207,52744.4,rainbow_cnn_dqn,,909.5,,7360,194,,,,,,,,,,,
2351,5255334,52746.2,rainbow_cnn_dqn,,13.4,,127,2,,,,,,,,,,,
2352,5260167,52794.3,rainbow_cnn_dqn,,596.5,,4833,127,,,,,,,,,,,
2353,5263685,52830.0,rainbow_cnn_dqn,,433.5,,3518,92,,,,,,,,,,,
2354,5270930,52902.3,rainbow_cnn_dqn,,895.3,,7245,191,,,,,,,,,,,
2355,5394355,54145.1,rainbow_cnn_dqn,,15289.8,,123425,3276,,,,,,,,,,,
2356,5436061,54574.2,rainbow_cnn_dqn,,5164.9,,41706,1106,,,,,,,,,,,
2357,5447151,54687.2,rainbow_cnn_dqn,,1371.6,,11090,293,,,,,,,,,,,
2358,5462194,54843.9,rainbow_cnn_dqn,,1861.4,,15043,398,,,,,,,,,,,
2359,5487782,55101.3,rainbow_cnn_dqn,,3167.9,,25588,678,,,,,,,,,,,
2360,5499216,55216.7,rainbow_cnn_dqn,,1414.1,,11434,302,,,,,,,,,,,
2361,5515610,55381.1,rainbow_cnn_dqn,,2028.9,,16394,434,,,,,,,,,,,
2362,5521572,55442.2,rainbow_cnn_dqn,,736.4,,5962,157,,,,,,,,,,,
2363,5522598,55455.5,rainbow_cnn_dqn,,124.9,,1026,26,,,,,,,,,,,
2364,5559448,55825.0,rainbow_cnn_dqn,,4563.2,,36850,977,,,,,,,,,,,
2365,5562715,55858.0,rainbow_cnn_dqn,,403.0,,3267,86,,,,,,,,,,,
2366,5563143,55862.6,rainbow_cnn_dqn,,50.7,,428,10,,,,,,,,,,,
2367,5586490,56099.5,rainbow_cnn_dqn,,2890.7,,23347,619,,,,,,,,,,,
2368,5587648,56111.9,rainbow_cnn_dqn,,141.7,,1158,30,,,,,,,,,,,
2369,5592802,56163.6,rainbow_cnn_dqn,,636.7,,5154,136,,,,,,,,,,,
2370,5614716,56382.3,rainbow_cnn_dqn,,2713.2,,21914,581,,,,,,,,,,,
2371,5617873,56416.5,rainbow_cnn_dqn,,389.3,,3157,83,,,,,,,,,,,
2372,5651879,56763.6,rainbow_cnn_dqn,,4211.3,,34006,902,,,,,,,,,,,
2373,5662623,56872.4,rainbow_cnn_dqn,,1328.9,,10744,284,,,,,,,,,,,
2374,5726328,57518.3,rainbow_cnn_dqn,,7890.4,,63705,1690,,,,,,,,,,,
2375,5739296,57650.7,rainbow_cnn_dqn,,1604.4,,12968,343,,,,,,,,,,,
2376,5739543,57653.6,rainbow_cnn_dqn,,28.1,,247,5,,,,,,,,,,,
2377,5740357,57661.8,rainbow_cnn_dqn,,99.2,,814,21,,,,,,,,,,,
2378,5740944,57668.1,rainbow_cnn_dqn,,71.1,,587,15,,,,,,,,,,,
2379,5754080,57801.4,rainbow_cnn_dqn,,1625.7,,13136,348,,,,,,,,,,,
2380,5759193,57854.2,rainbow_cnn_dqn,,631.7,,5113,135,,,,,,,,,,,
2381,5759921,57862.1,rainbow_cnn_dqn,,87.9,,728,18,,,,,,,,,,,
2382,5768611,57952.7,rainbow_cnn_dqn,,1074.9,,8690,230,,,,,,,,,,,
2383,5769506,57962.1,rainbow_cnn_dqn,,109.1,,895,23,,,,,,,,,,,
2384,5772756,57994.6,rainbow_cnn_dqn,,400.4,,3250,85,,,,,,,,,,,
2385,5774686,58014.6,rainbow_cnn_dqn,,236.9,,1930,50,,,,,,,,,,,
2386,5788161,58149.6,rainbow_cnn_dqn,,1667.7,,13475,357,,,,,,,,,,,
2387,5793046,58198.9,rainbow_cnn_dqn,,603.5,,4885,129,,,,,,,,,,,
2388,5818916,58457.8,rainbow_cnn_dqn,,3203.3,,25870,686,,,,,,,,,,,
2389,5823570,58505.3,rainbow_cnn_dqn,,574.1,,4654,122,,,,,,,,,,,
2390,5831281,58585.1,rainbow_cnn_dqn,,953.6,,7711,204,,,,,,,,,,,
2391,5843510,58710.5,rainbow_cnn_dqn,,1513.4,,12229,324,,,,,,,,,,,
2392,5893811,59219.4,rainbow_cnn_dqn,,6229.6,,50301,1334,,,,,,,,,,,
2393,5895856,59241.4,rainbow_cnn_dqn,,251.1,,2045,53,,,,,,,,,,,
2394,5910935,59394.5,rainbow_cnn_dqn,,1865.9,,15079,399,,,,,,,,,,,
2395,5963360,59923.2,rainbow_cnn_dqn,,6493.3,,52425,1391,,,,,,,,,,,
2396,6016366,60463.4,rainbow_cnn_dqn,,6564.9,,53006,1406,,,,,,,,,,,
2397,6150394,61831.9,rainbow_cnn_dqn,,16603.0,,134028,3557,,,,,,,,,,,
2398,6158539,61916.7,rainbow_cnn_dqn,,1006.9,,8145,215,,,,,,,,,,,
2399,6174035,62073.6,rainbow_cnn_dqn,,1917.5,,15496,410,,,,,,,,,,,
2400,6176057,62094.5,rainbow_cnn_dqn,,248.8,,2022,53,,,,,,,,,,,
2401,6177315,62107.5,rainbow_cnn_dqn,,153.5,,1258,32,,,,,,,,,,,
2402,6204795,62385.6,rainbow_cnn_dqn,,3402.1,,27480,728,,,,,,,,,,,
2403,6230687,62648.2,rainbow_cnn_dqn,,3205.5,,25892,686,,,,,,,,,,,
2404,6232593,62668.1,rainbow_cnn_dqn,,233.6,,1906,49,,,,,,,,,,,
2405,6232843,62671.0,rainbow_cnn_dqn,,29.3,,250,6,,,,,,,,,,,
2406,6246001,62804.3,rainbow_cnn_dqn,,1627.9,,13158,348,,,,,,,,,,,
2407,6250607,62851.0,rainbow_cnn_dqn,,568.4,,4606,121,,,,,,,,,,,
2408,6257473,62921.5,rainbow_cnn_dqn,,848.4,,6866,181,,,,,,,,,,,
2409,6280950,63157.1,rainbow_cnn_dqn,,2906.4,,23477,622,,,,,,,,,,,
2410,6284767,63195.6,rainbow_cnn_dqn,,470.6,,3817,100,,,,,,,,,,,
2411,6284903,63197.3,rainbow_cnn_dqn,,15.2,,136,3,,,,,,,,,,,
2412,6285027,63198.6,rainbow_cnn_dqn,,13.1,,124,2,,,,,,,,,,,
2413,6285275,63201.1,rainbow_cnn_dqn,,29.1,,248,6,,,,,,,,,,,
2414,6286654,63214.9,rainbow_cnn_dqn,,169.2,,1379,36,,,,,,,,,,,
2415,6286790,63216.6,rainbow_cnn_dqn,,15.2,,136,3,,,,,,,,,,,
2416,6288281,63231.7,rainbow_cnn_dqn,,183.1,,1491,39,,,,,,,,,,,
2417,6289208,63241.4,rainbow_cnn_dqn,,113.2,,927,24,,,,,,,,,,,
2418,6292991,63281.9,rainbow_cnn_dqn,,466.3,,3783,99,,,,,,,,,,,
2419,6293848,63291.0,rainbow_cnn_dqn,,104.4,,857,22,,,,,,,,,,,
2420,6294613,63298.6,rainbow_cnn_dqn,,92.5,,765,19,,,,,,,,,,,
2421,6294712,63300.0,rainbow_cnn_dqn,,10.6,,99,2,,,,,,,,,,,
2422,6299599,63348.8,rainbow_cnn_dqn,,603.7,,4887,129,,,,,,,,,,,
2423,6302659,63380.5,rainbow_cnn_dqn,,376.9,,3060,80,,,,,,,,,,,
2424,6310444,63459.8,rainbow_cnn_dqn,,962.8,,7785,206,,,,,,,,,,,
2425,6326540,63623.7,rainbow_cnn_dqn,,1991.9,,16096,426,,,,,,,,,,,
2426,6341697,63776.1,rainbow_cnn_dqn,,1875.5,,15157,401,,,,,,,,,,,
2427,6353442,63897.7,rainbow_cnn_dqn,,1453.3,,11745,311,,,,,,,,,,,
2428,6382160,64186.9,rainbow_cnn_dqn,,3555.6,,28718,761,,,,,,,,,,,
2429,6450400,64876.0,rainbow_cnn_dqn,,8452.8,,68240,1811,,,,,,,,,,,
2430,6491251,65290.6,rainbow_cnn_dqn,,5058.7,,40851,1083,,,,,,,,,,,
2431,6530435,65685.1,rainbow_cnn_dqn,,4852.4,,39184,1039,,,,,,,,,,,
2432,6541044,65794.5,rainbow_cnn_dqn,,1312.7,,10609,281,,,,,,,,,,,
2433,6569721,66084.6,rainbow_cnn_dqn,,3550.6,,28677,760,,,,,,,,,,,
2434,6621710,66612.5,rainbow_cnn_dqn,,6438.9,,51989,1379,,,,,,,,,,,
2435,6630886,66707.3,rainbow_cnn_dqn,,1135.2,,9176,243,,,,,,,,,,,
2436,6631022,66709.2,rainbow_cnn_dqn,,15.2,,136,3,,,,,,,,,,,
2437,6645023,66849.6,rainbow_cnn_dqn,,1732.9,,14001,371,,,,,,,,,,,
2438,6682329,67227.0,rainbow_cnn_dqn,,4619.6,,37306,989,,,,,,,,,,,
2439,6685805,67262.9,rainbow_cnn_dqn,,428.4,,3476,91,,,,,,,,,,,
2440,6695389,67360.3,rainbow_cnn_dqn,,1185.0,,9584,253,,,,,,,,,,,
2441,6695448,67361.3,rainbow_cnn_dqn,,4.8,,59,0,,,,,,,,,,,
2442,6695506,67361.9,rainbow_cnn_dqn,,4.7,,58,0,,,,,,,,,,,
2443,6696994,67377.2,rainbow_cnn_dqn,,181.9,,1488,38,,,,,,,,,,,
2444,6697136,67379.0,rainbow_cnn_dqn,,15.8,,142,3,,,,,,,,,,,
2445,6728091,67698.9,rainbow_cnn_dqn,,3833.3,,30955,821,,,,,,,,,,,
2446,6748481,67911.1,rainbow_cnn_dqn,,2523.9,,20390,540,,,,,,,,,,,
2447,6755799,67988.4,rainbow_cnn_dqn,,904.4,,7318,193,,,,,,,,,,,
2448,6758032,68012.2,rainbow_cnn_dqn,,274.4,,2233,58,,,,,,,,,,,
2449,6758590,68018.3,rainbow_cnn_dqn,,67.3,,558,14,,,,,,,,,,,
2450,6767716,68112.9,rainbow_cnn_dqn,,1128.4,,9126,241,,,,,,,,,,,
2451,6779526,68238.7,rainbow_cnn_dqn,,1460.7,,11810,312,,,,,,,,,,,
2452,6800892,68461.1,rainbow_cnn_dqn,,2644.9,,21366,566,,,,,,,,,,,
2453,6802863,68482.0,rainbow_cnn_dqn,,241.9,,1971,51,,,,,,,,,,,
2454,6824758,68711.9,rainbow_cnn_dqn,,2710.4,,21895,580,,,,,,,,,,,
2455,6825635,68721.7,rainbow_cnn_dqn,,106.4,,877,22,,,,,,,,,,,
2456,6849113,68967.1,rainbow_cnn_dqn,,2906.5,,23478,622,,,,,,,,,,,
2457,6902459,69528.3,rainbow_cnn_dqn,,6607.0,,53346,1415,,,,,,,,,,,
2458,6903260,69537.4,rainbow_cnn_dqn,,97.0,,801,20,,,,,,,,,,,
2459,6904363,69548.8,rainbow_cnn_dqn,,134.4,,1103,28,,,,,,,,,,,
2460,6916894,69678.8,rainbow_cnn_dqn,,1550.8,,12531,332,,,,,,,,,,,
2461,6935928,69876.5,rainbow_cnn_dqn,,2355.9,,19034,504,,,,,,,,,,,
2462,6938294,69901.4,rainbow_cnn_dqn,,291.3,,2366,62,,,,,,,,,,,
2463,6945401,69976.1,rainbow_cnn_dqn,,878.8,,7107,188,,,,,,,,,,,
2464,6957061,70099.2,rainbow_cnn_dqn,,1442.1,,11660,308,,,,,,,,,,,
2465,6958703,70117.4,rainbow_cnn_dqn,,200.9,,1642,42,,,,,,,,,,,
2466,6959895,70130.4,rainbow_cnn_dqn,,145.1,,1192,30,,,,,,,,,,,
2467,6992900,70475.2,rainbow_cnn_dqn,,4086.9,,33005,875,,,,,,,,,,,
2468,6993978,70488.4,rainbow_cnn_dqn,,131.0,,1078,27,,,,,,,,,,,
2469,6996796,70518.2,rainbow_cnn_dqn,,347.3,,2818,74,,,,,,,,,,,
2470,6997419,70525.0,rainbow_cnn_dqn,,74.7,,623,15,,,,,,,,,,,
2471,7019165,70751.2,rainbow_cnn_dqn,,2691.9,,21746,576,,,,,,,,,,,
2472,7032812,70895.2,rainbow_cnn_dqn,,1688.5,,13647,361,,,,,,,,,,,
2473,7064990,71233.3,rainbow_cnn_dqn,,3984.4,,32178,853,,,,,,,,,,,
2474,7114607,71758.4,rainbow_cnn_dqn,,6145.0,,49617,1316,,,,,,,,,,,
2475,7118006,71795.0,rainbow_cnn_dqn,,418.9,,3399,89,,,,,,,,,,,
2476,7125134,71871.1,rainbow_cnn_dqn,,880.9,,7128,188,,,,,,,,,,,
2477,7165597,72295.0,rainbow_cnn_dqn,,5010.9,,40463,1073,,,,,,,,,,,
2478,7169222,72333.5,rainbow_cnn_dqn,,446.9,,3625,95,,,,,,,,,,,
2479,7169761,72339.5,rainbow_cnn_dqn,,64.5,,539,13,,,,,,,,,,,
2480,7170674,72349.1,rainbow_cnn_dqn,,110.9,,913,23,,,,,,,,,,,
2481,7170797,72350.8,rainbow_cnn_dqn,,13.0,,123,2,,,,,,,,,,,
2482,7171109,72354.0,rainbow_cnn_dqn,,36.4,,312,7,,,,,,,,,,,
2483,7173080,72376.1,rainbow_cnn_dqn,,241.9,,1971,51,,,,,,,,,,,
2484,7178630,72434.8,rainbow_cnn_dqn,,685.3,,5550,146,,,,,,,,,,,
2485,7180115,72451.0,rainbow_cnn_dqn,,181.6,,1485,38,,,,,,,,,,,
2486,7209694,72759.8,rainbow_cnn_dqn,,3662.4,,29579,784,,,,,,,,,,,
2487,7209816,72761.7,rainbow_cnn_dqn,,12.9,,122,2,,,,,,,,,,,
2488,7211823,72782.6,rainbow_cnn_dqn,,246.4,,2007,52,,,,,,,,,,,
2489,7212475,72789.7,rainbow_cnn_dqn,,78.5,,652,16,,,,,,,,,,,
2490,7215103,72817.2,rainbow_cnn_dqn,,323.8,,2628,69,,,,,,,,,,,
2491,7215509,72821.8,rainbow_cnn_dqn,,48.5,,406,10,,,,,,,,,,,
2492,7216745,72834.6,rainbow_cnn_dqn,,151.3,,1236,32,,,,,,,,,,,
2493,7219370,72862.4,rainbow_cnn_dqn,,323.5,,2625,69,,,,,,,,,,,
2494,7281916,73521.5,rainbow_cnn_dqn,,7746.6,,62546,1659,,,,,,,,,,,
2495,7305522,73772.1,rainbow_cnn_dqn,,2922.9,,23606,626,,,,,,,,,,,
2496,7308032,73798.7,rainbow_cnn_dqn,,309.3,,2510,66,,,,,,,,,,,
2497,7313436,73855.2,rainbow_cnn_dqn,,667.1,,5404,142,,,,,,,,,,,
2498,7329423,74024.0,rainbow_cnn_dqn,,1978.3,,15987,423,,,,,,,,,,,
2499,7377118,74525.3,rainbow_cnn_dqn,,5906.9,,47695,1265,,,,,,,,,,,
2500,7414643,74922.8,rainbow_cnn_dqn,,4646.9,,37525,995,,,,,,,,,,,
2501,7423204,75012.6,rainbow_cnn_dqn,,1058.4,,8561,226,,,,,,,,,,,
2502,7425529,75037.3,rainbow_cnn_dqn,,286.3,,2325,61,,,,,,,,,,,
2503,7425666,75039.0,rainbow_cnn_dqn,,15.3,,137,3,,,,,,,,,,,
2504,7425879,75041.3,rainbow_cnn_dqn,,24.7,,213,5,,,,,,,,,,,
2505,7426284,75045.5,rainbow_cnn_dqn,,48.4,,405,10,,,,,,,,,,,
2506,7427029,75053.2,rainbow_cnn_dqn,,90.5,,745,19,,,,,,,,,,,
2507,7427730,75060.9,rainbow_cnn_dqn,,85.2,,701,18,,,,,,,,,,,
2508,7428473,75068.7,rainbow_cnn_dqn,,90.3,,743,19,,,,,,,,,,,
2509,7428687,75071.6,rainbow_cnn_dqn,,24.8,,214,5,,,,,,,,,,,
2510,7430223,75087.6,rainbow_cnn_dqn,,188.5,,1536,40,,,,,,,,,,,
2511,7430325,75089.1,rainbow_cnn_dqn,,10.9,,102,2,,,,,,,,,,,
2512,7430730,75093.4,rainbow_cnn_dqn,,48.4,,405,10,,,,,,,,,,,
2513,7431535,75101.7,rainbow_cnn_dqn,,97.4,,805,20,,,,,,,,,,,
2514,7431977,75106.7,rainbow_cnn_dqn,,53.0,,442,11,,,,,,,,,,,
2515,7434227,75130.3,rainbow_cnn_dqn,,277.0,,2250,59,,,,,,,,,,,
2516,7436104,75150.4,rainbow_cnn_dqn,,230.7,,1877,49,,,,,,,,,,,
2517,7436963,75159.7,rainbow_cnn_dqn,,104.6,,859,22,,,,,,,,,,,
2518,7437520,75165.4,rainbow_cnn_dqn,,67.2,,557,14,,,,,,,,,,,
2519,7437623,75166.9,rainbow_cnn_dqn,,11.0,,103,2,,,,,,,,,,,
2520,7454284,75338.0,rainbow_cnn_dqn,,2061.9,,16661,441,,,,,,,,,,,
2521,7456029,75356.2,rainbow_cnn_dqn,,213.9,,1745,45,,,,,,,,,,,
2522,7484082,75650.1,rainbow_cnn_dqn,,3473.8,,28053,744,,,,,,,,,,,
2523,7521502,76050.4,rainbow_cnn_dqn,,4633.7,,37420,992,,,,,,,,,,,
2524,7522355,76060.1,rainbow_cnn_dqn,,103.1,,853,21,,,,,,,,,,,
2525,7557697,76428.1,rainbow_cnn_dqn,,4376.4,,35342,937,,,,,,,,,,,
2526,7584047,76705.4,rainbow_cnn_dqn,,3262.1,,26350,698,,,,,,,,,,,
2527,7603456,76908.4,rainbow_cnn_dqn,,2402.4,,19409,514,,,,,,,,,,,
2528,7615294,77035.4,rainbow_cnn_dqn,,1464.4,,11838,313,,,,,,,,,,,
2529,7659505,77497.6,rainbow_cnn_dqn,,5475.7,,44211,1173,,,,,,,,,,,
2530,7659950,77502.9,rainbow_cnn_dqn,,53.3,,445,11,,,,,,,,,,,
2531,7660318,77506.7,rainbow_cnn_dqn,,43.8,,368,9,,,,,,,,,,,
2532,7661991,77524.2,rainbow_cnn_dqn,,204.9,,1673,43,,,,,,,,,,,
2533,7662129,77526.0,rainbow_cnn_dqn,,15.4,,138,3,,,,,,,,,,,
2534,7687190,77789.5,rainbow_cnn_dqn,,3102.6,,25061,664,,,,,,,,,,,
2535,7698951,77913.3,rainbow_cnn_dqn,,1454.9,,11761,311,,,,,,,,,,,
2536,7699073,77915.2,rainbow_cnn_dqn,,12.9,,122,2,,,,,,,,,,,
2537,7703911,77965.4,rainbow_cnn_dqn,,597.0,,4838,127,,,,,,,,,,,
2538,7745617,78404.9,rainbow_cnn_dqn,,5164.9,,41706,1106,,,,,,,,,,,
2539,7745929,78411.2,rainbow_cnn_dqn,,36.4,,312,7,,,,,,,,,,,
2540,7768428,78647.2,rainbow_cnn_dqn,,2785.2,,22499,596,,,,,,,,,,,
2541,7792244,78897.2,rainbow_cnn_dqn,,2948.4,,23816,631,,,,,,,,,,,
2542,7811807,79101.7,rainbow_cnn_dqn,,2421.4,,19563,518,,,,,,,,,,,
2543,7814682,79132.2,rainbow_cnn_dqn,,353.9,,2875,75,,,,,,,,,,,
2544,7816673,79154.6,rainbow_cnn_dqn,,244.8,,1991,52,,,,,,,,,,,
2545,7817150,79160.0,rainbow_cnn_dqn,,57.4,,477,12,,,,,,,,,,,
2546,7818119,79170.0,rainbow_cnn_dqn,,118.3,,969,25,,,,,,,,,,,
2547,7841596,79416.4,rainbow_cnn_dqn,,2906.4,,23477,622,,,,,,,,,,,
2548,7847563,79479.1,rainbow_cnn_dqn,,736.9,,5967,157,,,,,,,,,,,
2549,7860694,79616.3,rainbow_cnn_dqn,,1625.2,,13131,348,,,,,,,,,,,
2550,7861874,79628.9,rainbow_cnn_dqn,,143.9,,1180,30,,,,,,,,,,,
2551,7873678,79751.9,rainbow_cnn_dqn,,1460.1,,11804,312,,,,,,,,,,,
2552,7880035,79818.2,rainbow_cnn_dqn,,785.8,,6357,168,,,,,,,,,,,
2553,7880968,79828.5,rainbow_cnn_dqn,,113.8,,933,24,,,,,,,,,,,
2554,7891337,79936.8,rainbow_cnn_dqn,,1282.4,,10369,274,,,,,,,,,,,
2555,7895758,79983.4,rainbow_cnn_dqn,,545.4,,4421,116,,,,,,,,,,,
2556,7905885,80088.5,rainbow_cnn_dqn,,1252.8,,10127,268,,,,,,,,,,,
2557,7917308,80208.1,rainbow_cnn_dqn,,1413.0,,11423,302,,,,,,,,,,,
2558,7925008,80287.9,rainbow_cnn_dqn,,951.6,,7700,203,,,,,,,,,,,
2559,7978882,80852.6,rainbow_cnn_dqn,,6672.4,,53874,1429,,,,,,,,,,,
2560,7987108,80941.9,rainbow_cnn_dqn,,1016.8,,8226,217,,,,,,,,,,,
2561,7988360,80955.3,rainbow_cnn_dqn,,152.9,,1252,32,,,,,,,,,,,
2562,7988448,80956.8,rainbow_cnn_dqn,,8.6,,88,1,,,,,,,,,,,
2563,7988837,80960.9,rainbow_cnn_dqn,,45.9,,389,9,,,,,,,,,,,
2564,7989072,80963.4,rainbow_cnn_dqn,,26.9,,235,5,,,,,,,,,,,
2565,7989194,80964.7,rainbow_cnn_dqn,,12.9,,122,2,,,,,,,,,,,
2566,8004442,81124.4,rainbow_cnn_dqn,,1887.3,,15248,404,,,,,,,,,,,
2567,8028129,81374.7,rainbow_cnn_dqn,,2932.8,,23687,628,,,,,,,,,,,
2568,8073415,81850.4,rainbow_cnn_dqn,,5608.4,,45286,1201,,,,,,,,,,,
2569,8076038,81878.7,rainbow_cnn_dqn,,323.3,,2623,69,,,,,,,,,,,
2570,8081810,81939.6,rainbow_cnn_dqn,,712.9,,5772,152,,,,,,,,,,,
2571,8089031,82015.5,rainbow_cnn_dqn,,892.9,,7221,191,,,,,,,,,,,
2572,8089081,82016.6,rainbow_cnn_dqn,,3.9,,50,0,,,,,,,,,,,
2573,8089710,82023.1,rainbow_cnn_dqn,,76.2,,629,16,,,,,,,,,,,
2574,8090039,82026.5,rainbow_cnn_dqn,,39.0,,329,8,,,,,,,,,,,
2575,8090175,82028.3,rainbow_cnn_dqn,,15.2,,136,3,,,,,,,,,,,
2576,8090643,82033.3,rainbow_cnn_dqn,,55.6,,468,11,,,,,,,,,,,
2577,8091195,82039.0,rainbow_cnn_dqn,,66.7,,552,14,,,,,,,,,,,
2578,8091408,82041.6,rainbow_cnn_dqn,,24.7,,213,5,,,,,,,,,,,
2579,8097010,82101.9,rainbow_cnn_dqn,,692.3,,5602,148,,,,,,,,,,,
2580,8099560,82129.6,rainbow_cnn_dqn,,314.2,,2550,67,,,,,,,,,,,
2581,8099886,82133.5,rainbow_cnn_dqn,,38.7,,326,8,,,,,,,,,,,
2582,8100363,82138.6,rainbow_cnn_dqn,,57.4,,477,12,,,,,,,,,,,
2583,8100689,82142.1,rainbow_cnn_dqn,,38.7,,326,8,,,,,,,,,,,
2584,8101807,82154.4,rainbow_cnn_dqn,,136.8,,1118,29,,,,,,,,,,,
2585,8102133,82158.3,rainbow_cnn_dqn,,38.7,,326,8,,,,,,,,,,,
2586,8102912,82166.7,rainbow_cnn_dqn,,94.8,,779,20,,,,,,,,,,,
2587,8103203,82170.2,rainbow_cnn_dqn,,34.3,,291,7,,,,,,,,,,,
2588,8105755,82197.8,rainbow_cnn_dqn,,314.4,,2552,67,,,,,,,,,,,
2589,8106532,82206.6,rainbow_cnn_dqn,,94.6,,777,20,,,,,,,,,,,
2590,8107197,82213.8,rainbow_cnn_dqn,,80.7,,665,17,,,,,,,,,,,
2591,8107525,82217.7,rainbow_cnn_dqn,,38.9,,328,8,,,,,,,,,,,
2592,8108366,82226.8,rainbow_cnn_dqn,,101.9,,841,21,,,,,,,,,,,
2593,8111179,82259.8,rainbow_cnn_dqn,,346.8,,2813,74,,,,,,,,,,,
2594,8116314,82315.5,rainbow_cnn_dqn,,633.9,,5135,135,,,,,,,,,,,
2595,8118922,82343.7,rainbow_cnn_dqn,,320.9,,2608,68,,,,,,,,,,,
2596,8123153,82387.9,rainbow_cnn_dqn,,521.9,,4231,111,,,,,,,,,,,
2597,8124482,82402.0,rainbow_cnn_dqn,,162.4,,1329,34,,,,,,,,,,,
2598,8125169,82409.5,rainbow_cnn_dqn,,82.9,,687,17,,,,,,,,,,,
2599,8125802,82416.1,rainbow_cnn_dqn,,76.6,,633,16,,,,,,,,,,,
2600,8128677,82446.1,rainbow_cnn_dqn,,353.9,,2875,75,,,,,,,,,,,
2601,8128840,82448.2,rainbow_cnn_dqn,,17.9,,163,3,,,,,,,,,,,
2602,8135706,82518.9,rainbow_cnn_dqn,,848.4,,6866,181,,,,,,,,,,,
2603,8140748,82570.9,rainbow_cnn_dqn,,622.8,,5042,133,,,,,,,,,,,
2604,8140798,82571.8,rainbow_cnn_dqn,,3.9,,50,0,,,,,,,,,,,
2605,8151167,82678.6,rainbow_cnn_dqn,,1282.4,,10369,274,,,,,,,,,,,
2606,8173532,82913.5,rainbow_cnn_dqn,,2769.1,,22365,593,,,,,,,,,,,
2607,8182816,83008.4,rainbow_cnn_dqn,,1147.8,,9284,245,,,,,,,,,,,
2608,8183128,83012.0,rainbow_cnn_dqn,,36.4,,312,7,,,,,,,,,,,
2609,8184796,83029.2,rainbow_cnn_dqn,,204.4,,1668,43,,,,,,,,,,,
2610,8203999,83225.2,rainbow_cnn_dqn,,2377.3,,19203,509,,,,,,,,,,,
2611,8221939,83408.5,rainbow_cnn_dqn,,2220.4,,17940,475,,,,,,,,,,,
2612,8245549,83653.1,rainbow_cnn_dqn,,2923.3,,23610,626,,,,,,,,,,,
2613,8248496,83683.7,rainbow_cnn_dqn,,362.9,,2947,77,,,,,,,,,,,
2614,8262707,83827.9,rainbow_cnn_dqn,,1758.4,,14211,376,,,,,,,,,,,
2615,8263020,83831.6,rainbow_cnn_dqn,,36.5,,313,7,,,,,,,,,,,
2616,8285333,84056.9,rainbow_cnn_dqn,,2762.1,,22313,591,,,,,,,,,,,
2617,8298057,84189.2,rainbow_cnn_dqn,,1574.6,,12724,337,,,,,,,,,,,
2618,8329939,84508.7,rainbow_cnn_dqn,,3947.6,,31882,845,,,,,,,,,,,
2619,8330032,84510.1,rainbow_cnn_dqn,,9.1,,93,1,,,,,,,,,,,
2620,8343698,84648.1,rainbow_cnn_dqn,,1691.3,,13666,362,,,,,,,,,,,
2621,8348285,84696.5,rainbow_cnn_dqn,,566.5,,4587,121,,,,,,,,,,,
2622,8348841,84702.5,rainbow_cnn_dqn,,67.1,,556,14,,,,,,,,,,,
2623,8349170,84705.8,rainbow_cnn_dqn,,39.0,,329,8,,,,,,,,,,,
2624,8349274,84706.9,rainbow_cnn_dqn,,11.1,,104,2,,,,,,,,,,,
2625,8349454,84708.7,rainbow_cnn_dqn,,20.5,,180,4,,,,,,,,,,,
2626,8352268,84738.7,rainbow_cnn_dqn,,346.9,,2814,74,,,,,,,,,,,
2627,8356583,84783.3,rainbow_cnn_dqn,,532.1,,4315,113,,,,,,,,,,,
2628,8373429,84956.3,rainbow_cnn_dqn,,2084.9,,16846,446,,,,,,,,,,,
2629,8480942,86060.5,rainbow_cnn_dqn,,13317.9,,107513,2853,,,,,,,,,,,
