episode,total_steps,wall_s,algo,level,return_scaled,return_raw,length,secondary,x_pos_max,covered_px,pages,flag_get,death_cause,warped,time_left,coins,score,areas,max_area
0,50,5.7,rainbow_cnn_dqn,,-4.5,,50,0,,,,,,,,,,,
1,100,7.5,rainbow_cnn_dqn,,-6.9,,50,0,,,,,,,,,,,
2,150,7.8,rainbow_cnn_dqn,,-5.1,,50,0,,,,,,,,,,,
3,200,8.2,rainbow_cnn_dqn,,-6.3,,50,0,,,,,,,,,,,
4,250,8.6,rainbow_cnn_dqn,,-6.3,,50,0,,,,,,,,,,,
5,300,9.0,rainbow_cnn_dqn,,-5.1,,50,0,,,,,,,,,,,
6,350,9.4,rainbow_cnn_dqn,,-5.7,,50,0,,,,,,,,,,,
7,400,9.8,rainbow_cnn_dqn,,-6.9,,50,0,,,,,,,,,,,
8,450,10.2,rainbow_cnn_dqn,,-6.9,,50,0,,,,,,,,,,,
9,500,10.9,rainbow_cnn_dqn,,-7.5,,50,0,,,,,,,,,,,
10,550,11.3,rainbow_cnn_dqn,,-2.7,,50,0,,,,,,,,,,,
11,600,11.7,rainbow_cnn_dqn,,-8.1,,50,0,,,,,,,,,,,
12,650,12.0,rainbow_cnn_dqn,,-6.3,,50,0,,,,,,,,,,,
13,700,12.4,rainbow_cnn_dqn,,-6.3,,50,0,,,,,,,,,,,
14,750,12.8,rainbow_cnn_dqn,,-6.9,,50,0,,,,,,,,,,,
15,800,13.2,rainbow_cnn_dqn,,-6.3,,50,0,,,,,,,,,,,
16,850,13.6,rainbow_cnn_dqn,,-6.3,,50,0,,,,,,,,,,,
17,900,14.0,rainbow_cnn_dqn,,-6.3,,50,0,,,,,,,,,,,
18,950,14.3,rainbow_cnn_dqn,,-4.5,,50,0,,,,,,,,,,,
19,1000,14.7,rainbow_cnn_dqn,,-6.9,,50,0,,,,,,,,,,,
20,1050,15.1,rainbow_cnn_dqn,,-6.3,,50,0,,,,,,,,,,,
21,1100,15.5,rainbow_cnn_dqn,,-7.5,,50,0,,,,,,,,,,,
22,1150,15.9,rainbow_cnn_dqn,,-4.5,,50,0,,,,,,,,,,,
23,1200,16.3,rainbow_cnn_dqn,,-4.5,,50,0,,,,,,,,,,,
24,1250,16.7,rainbow_cnn_dqn,,-5.7,,50,0,,,,,,,,,,,
25,1300,17.1,rainbow_cnn_dqn,,-3.9,,50,0,,,,,,,,,,,
26,1350,17.5,rainbow_cnn_dqn,,-6.9,,50,0,,,,,,,,,,,
27,1400,17.9,rainbow_cnn_dqn,,-6.9,,50,0,,,,,,,,,,,
28,1450,18.3,rainbow_cnn_dqn,,-0.9,,50,0,,,,,,,,,,,
29,1500,18.7,rainbow_cnn_dqn,,-4.5,,50,0,,,,,,,,,,,
30,1550,19.1,rainbow_cnn_dqn,,-6.9,,50,0,,,,,,,,,,,
31,1600,19.5,rainbow_cnn_dqn,,-2.7,,50,0,,,,,,,,,,,
32,1650,19.9,rainbow_cnn_dqn,,-4.5,,50,0,,,,,,,,,,,
33,1700,20.3,rainbow_cnn_dqn,,-6.3,,50,0,,,,,,,,,,,
34,1750,20.7,rainbow_cnn_dqn,,-2.1,,50,0,,,,,,,,,,,
35,1800,21.5,rainbow_cnn_dqn,,-7.5,,50,0,,,,,,,,,,,
36,1850,21.8,rainbow_cnn_dqn,,-3.3,,50,0,,,,,,,,,,,
37,1900,22.2,rainbow_cnn_dqn,,-6.9,,50,0,,,,,,,,,,,
38,1950,22.6,rainbow_cnn_dqn,,-6.3,,50,0,,,,,,,,,,,
39,2000,23.0,rainbow_cnn_dqn,,-4.5,,50,0,,,,,,,,,,,
40,2050,23.4,rainbow_cnn_dqn,,-6.9,,50,0,,,,,,,,,,,
41,2100,23.8,rainbow_cnn_dqn,,-3.9,,50,0,,,,,,,,,,,
42,2150,24.2,rainbow_cnn_dqn,,-3.9,,50,0,,,,,,,,,,,
43,2200,24.6,rainbow_cnn_dqn,,-2.7,,50,0,,,,,,,,,,,
44,2250,25.0,rainbow_cnn_dqn,,-7.5,,50,0,,,,,,,,,,,
45,2300,25.4,rainbow_cnn_dqn,,-5.7,,50,0,,,,,,,,,,,
46,2350,25.8,rainbow_cnn_dqn,,-3.9,,50,0,,,,,,,,,,,
47,2400,26.2,rainbow_cnn_dqn,,-6.9,,50,0,,,,,,,,,,,
48,2450,26.6,rainbow_cnn_dqn,,-5.1,,50,0,,,,,,,,,,,
49,2500,27.0,rainbow_cnn_dqn,,-2.1,,50,0,,,,,,,,,,,
50,2550,27.4,rainbow_cnn_dqn,,-5.1,,50,0,,,,,,,,,,,
51,2600,28.3,rainbow_cnn_dqn,,0.3,,50,0,,,,,,,,,,,
52,2650,28.7,rainbow_cnn_dqn,,-6.3,,50,0,,,,,,,,,,,
53,2700,29.1,rainbow_cnn_dqn,,-7.5,,50,0,,,,,,,,,,,
54,2750,29.5,rainbow_cnn_dqn,,-3.9,,50,0,,,,,,,,,,,
55,2800,29.9,rainbow_cnn_dqn,,0.9,,50,0,,,,,,,,,,,
56,2850,30.3,rainbow_cnn_dqn,,-5.7,,50,0,,,,,,,,,,,
57,2900,30.7,rainbow_cnn_dqn,,-6.9,,50,0,,,,,,,,,,,
58,2950,31.0,rainbow_cnn_dqn,,-6.3,,50,0,,,,,,,,,,,
59,3000,31.4,rainbow_cnn_dqn,,-7.5,,50,0,,,,,,,,,,,
60,3050,32.1,rainbow_cnn_dqn,,-2.7,,50,0,,,,,,,,,,,
61,3100,32.5,rainbow_cnn_dqn,,-6.3,,50,0,,,,,,,,,,,
62,3150,32.9,rainbow_cnn_dqn,,-3.9,,50,0,,,,,,,,,,,
63,3200,33.3,rainbow_cnn_dqn,,-4.5,,50,0,,,,,,,,,,,
64,3250,33.7,rainbow_cnn_dqn,,-5.1,,50,0,,,,,,,,,,,
65,3300,34.0,rainbow_cnn_dqn,,-6.9,,50,0,,,,,,,,,,,
66,3350,34.4,rainbow_cnn_dqn,,-6.9,,50,0,,,,,,,,,,,
67,3400,34.8,rainbow_cnn_dqn,,-3.3,,50,0,,,,,,,,,,,
68,3450,35.2,rainbow_cnn_dqn,,-3.3,,50,0,,,,,,,,,,,
69,3500,35.6,rainbow_cnn_dqn,,-6.9,,50,0,,,,,,,,,,,
70,3550,36.0,rainbow_cnn_dqn,,-4.5,,50,0,,,,,,,,,,,
71,3600,36.4,rainbow_cnn_dqn,,-6.3,,50,0,,,,,,,,,,,
72,3650,36.7,rainbow_cnn_dqn,,-6.9,,50,0,,,,,,,,,,,
73,3700,37.1,rainbow_cnn_dqn,,-5.1,,50,0,,,,,,,,,,,
74,3750,37.5,rainbow_cnn_dqn,,-5.7,,50,0,,,,,,,,,,,
75,3800,37.9,rainbow_cnn_dqn,,-6.3,,50,0,,,,,,,,,,,
76,3850,38.3,rainbow_cnn_dqn,,-6.3,,50,0,,,,,,,,,,,
77,3900,38.6,rainbow_cnn_dqn,,-2.7,,50,0,,,,,,,,,,,
78,3950,39.0,rainbow_cnn_dqn,,-4.5,,50,0,,,,,,,,,,,
79,4000,39.4,rainbow_cnn_dqn,,-6.9,,50,0,,,,,,,,,,,
80,4050,39.7,rainbow_cnn_dqn,,-3.9,,50,0,,,,,,,,,,,
81,4100,40.1,rainbow_cnn_dqn,,-2.1,,50,0,,,,,,,,,,,
82,4150,40.5,rainbow_cnn_dqn,,-5.7,,50,0,,,,,,,,,,,
83,4200,40.9,rainbow_cnn_dqn,,-5.7,,50,0,,,,,,,,,,,
84,4250,41.3,rainbow_cnn_dqn,,-7.5,,50,0,,,,,,,,,,,
85,4300,41.6,rainbow_cnn_dqn,,-6.9,,50,0,,,,,,,,,,,
86,4350,42.0,rainbow_cnn_dqn,,-5.1,,50,0,,,,,,,,,,,
87,4400,42.7,rainbow_cnn_dqn,,-6.9,,50,0,,,,,,,,,,,
88,4450,43.1,rainbow_cnn_dqn,,-2.7,,50,0,,,,,,,,,,,
89,4500,43.5,rainbow_cnn_dqn,,-3.9,,50,0,,,,,,,,,,,
90,4550,43.9,rainbow_cnn_dqn,,-6.9,,50,0,,,,,,,,,,,
91,4600,44.2,rainbow_cnn_dqn,,-3.3,,50,0,,,,,,,,,,,
92,4650,44.6,rainbow_cnn_dqn,,-4.5,,50,0,,,,,,,,,,,
93,4700,45.0,rainbow_cnn_dqn,,-6.3,,50,0,,,,,,,,,,,
94,4750,45.4,rainbow_cnn_dqn,,-0.9,,50,0,,,,,,,,,,,
95,4800,45.8,rainbow_cnn_dqn,,-5.7,,50,0,,,,,,,,,,,
96,4850,46.2,rainbow_cnn_dqn,,-2.1,,50,0,,,,,,,,,,,
97,4900,46.6,rainbow_cnn_dqn,,-5.1,,50,0,,,,,,,,,,,
98,4950,46.9,rainbow_cnn_dqn,,-5.1,,50,0,,,,,,,,,,,
99,5000,47.3,rainbow_cnn_dqn,,-7.5,,50,0,,,,,,,,,,,
100,5050,47.7,rainbow_cnn_dqn,,-5.7,,50,0,,,,,,,,,,,
101,5100,48.6,rainbow_cnn_dqn,,-6.3,,50,0,,,,,,,,,,,
102,5150,49.0,rainbow_cnn_dqn,,-7.5,,50,0,,,,,,,,,,,
103,5200,49.4,rainbow_cnn_dqn,,-3.9,,50,0,,,,,,,,,,,
104,5250,49.8,rainbow_cnn_dqn,,-7.5,,50,0,,,,,,,,,,,
105,5300,50.1,rainbow_cnn_dqn,,-1.5,,50,0,,,,,,,,,,,
106,5350,50.5,rainbow_cnn_dqn,,-5.1,,50,0,,,,,,,,,,,
107,5400,50.9,rainbow_cnn_dqn,,-5.7,,50,0,,,,,,,,,,,
108,5450,51.3,rainbow_cnn_dqn,,-3.3,,50,0,,,,,,,,,,,
109,5500,51.7,rainbow_cnn_dqn,,-5.1,,50,0,,,,,,,,,,,
110,5550,52.1,rainbow_cnn_dqn,,-5.7,,50,0,,,,,,,,,,,
111,5600,52.5,rainbow_cnn_dqn,,-5.1,,50,0,,,,,,,,,,,
112,5650,53.1,rainbow_cnn_dqn,,-5.1,,50,0,,,,,,,,,,,
113,5700,53.5,rainbow_cnn_dqn,,-7.5,,50,0,,,,,,,,,,,
114,5750,53.9,rainbow_cnn_dqn,,-6.3,,50,0,,,,,,,,,,,
115,5800,54.3,rainbow_cnn_dqn,,-5.7,,50,0,,,,,,,,,,,
116,5850,54.7,rainbow_cnn_dqn,,-3.9,,50,0,,,,,,,,,,,
117,5900,55.0,rainbow_cnn_dqn,,-6.3,,50,0,,,,,,,,,,,
118,5950,55.4,rainbow_cnn_dqn,,-5.7,,50,0,,,,,,,,,,,
119,6000,55.8,rainbow_cnn_dqn,,-5.1,,50,0,,,,,,,,,,,
120,6050,56.2,rainbow_cnn_dqn,,-6.9,,50,0,,,,,,,,,,,
121,6100,56.5,rainbow_cnn_dqn,,-4.5,,50,0,,,,,,,,,,,
122,6150,56.9,rainbow_cnn_dqn,,-4.5,,50,0,,,,,,,,,,,
123,6200,57.3,rainbow_cnn_dqn,,-5.1,,50,0,,,,,,,,,,,
124,6250,57.7,rainbow_cnn_dqn,,-0.9,,50,0,,,,,,,,,,,
125,6300,58.0,rainbow_cnn_dqn,,-5.7,,50,0,,,,,,,,,,,
126,6350,58.4,rainbow_cnn_dqn,,-6.3,,50,0,,,,,,,,,,,
127,6400,58.8,rainbow_cnn_dqn,,-6.9,,50,0,,,,,,,,,,,
128,6450,59.2,rainbow_cnn_dqn,,-6.9,,50,0,,,,,,,,,,,
129,6500,59.6,rainbow_cnn_dqn,,-6.9,,50,0,,,,,,,,,,,
130,6550,60.0,rainbow_cnn_dqn,,-2.7,,50,0,,,,,,,,,,,
131,6600,60.3,rainbow_cnn_dqn,,-6.3,,50,0,,,,,,,,,,,
132,6650,60.7,rainbow_cnn_dqn,,-4.5,,50,0,,,,,,,,,,,
133,6700,61.1,rainbow_cnn_dqn,,-5.7,,50,0,,,,,,,,,,,
134,6750,61.5,rainbow_cnn_dqn,,-6.3,,50,0,,,,,,,,,,,
135,6800,61.9,rainbow_cnn_dqn,,-8.1,,50,0,,,,,,,,,,,
136,6850,62.3,rainbow_cnn_dqn,,-2.1,,50,0,,,,,,,,,,,
137,6900,62.7,rainbow_cnn_dqn,,-1.5,,50,0,,,,,,,,,,,
138,6950,63.0,rainbow_cnn_dqn,,-2.1,,50,0,,,,,,,,,,,
139,7000,63.7,rainbow_cnn_dqn,,-6.9,,50,0,,,,,,,,,,,
140,7050,64.1,rainbow_cnn_dqn,,2.1,,50,0,,,,,,,,,,,
141,7100,64.5,rainbow_cnn_dqn,,-1.5,,50,0,,,,,,,,,,,
142,7150,64.9,rainbow_cnn_dqn,,-2.7,,50,0,,,,,,,,,,,
143,7200,65.3,rainbow_cnn_dqn,,-6.3,,50,0,,,,,,,,,,,
144,7250,65.7,rainbow_cnn_dqn,,-6.9,,50,0,,,,,,,,,,,
145,7300,66.1,rainbow_cnn_dqn,,-5.7,,50,0,,,,,,,,,,,
146,7350,66.5,rainbow_cnn_dqn,,-7.5,,50,0,,,,,,,,,,,
147,7400,66.8,rainbow_cnn_dqn,,-3.9,,50,0,,,,,,,,,,,
148,7450,67.2,rainbow_cnn_dqn,,-7.5,,50,0,,,,,,,,,,,
149,7500,67.6,rainbow_cnn_dqn,,-7.5,,50,0,,,,,,,,,,,
150,7550,68.0,rainbow_cnn_dqn,,-2.1,,50,0,,,,,,,,,,,
151,7600,69.0,rainbow_cnn_dqn,,-5.7,,50,0,,,,,,,,,,,
152,7650,69.3,rainbow_cnn_dqn,,-2.7,,50,0,,,,,,,,,,,
153,7700,69.7,rainbow_cnn_dqn,,-2.7,,50,0,,,,,,,,,,,
154,7750,70.1,rainbow_cnn_dqn,,-5.7,,50,0,,,,,,,,,,,
155,7800,70.5,rainbow_cnn_dqn,,-7.5,,50,0,,,,,,,,,,,
156,7850,70.9,rainbow_cnn_dqn,,-8.1,,50,0,,,,,,,,,,,
157,7900,71.2,rainbow_cnn_dqn,,-5.7,,50,0,,,,,,,,,,,
158,7950,71.6,rainbow_cnn_dqn,,-3.9,,50,0,,,,,,,,,,,
159,8000,72.0,rainbow_cnn_dqn,,-5.1,,50,0,,,,,,,,,,,
160,8050,72.4,rainbow_cnn_dqn,,-2.7,,50,0,,,,,,,,,,,
161,8100,72.8,rainbow_cnn_dqn,,-5.1,,50,0,,,,,,,,,,,
162,8150,73.2,rainbow_cnn_dqn,,-6.3,,50,0,,,,,,,,,,,
163,8200,73.5,rainbow_cnn_dqn,,-6.3,,50,0,,,,,,,,,,,
164,8250,74.2,rainbow_cnn_dqn,,-6.3,,50,0,,,,,,,,,,,
165,8300,74.6,rainbow_cnn_dqn,,-5.7,,50,0,,,,,,,,,,,
166,8350,75.0,rainbow_cnn_dqn,,-6.3,,50,0,,,,,,,,,,,
167,8400,75.3,rainbow_cnn_dqn,,-5.1,,50,0,,,,,,,,,,,
168,8450,75.7,rainbow_cnn_dqn,,-5.1,,50,0,,,,,,,,,,,
169,8500,76.1,rainbow_cnn_dqn,,-6.9,,50,0,,,,,,,,,,,
170,8550,76.5,rainbow_cnn_dqn,,-5.7,,50,0,,,,,,,,,,,
171,8600,76.9,rainbow_cnn_dqn,,-6.9,,50,0,,,,,,,,,,,
172,8650,77.3,rainbow_cnn_dqn,,-5.7,,50,0,,,,,,,,,,,
173,8700,77.7,rainbow_cnn_dqn,,3.9,,50,0,,,,,,,,,,,
174,8750,78.1,rainbow_cnn_dqn,,-5.7,,50,0,,,,,,,,,,,
175,8800,78.4,rainbow_cnn_dqn,,-6.9,,50,0,,,,,,,,,,,
176,8850,78.8,rainbow_cnn_dqn,,-5.7,,50,0,,,,,,,,,,,
177,8900,79.2,rainbow_cnn_dqn,,-6.3,,50,0,,,,,,,,,,,
178,8950,79.6,rainbow_cnn_dqn,,-4.5,,50,0,,,,,,,,,,,
179,9000,80.0,rainbow_cnn_dqn,,-3.3,,50,0,,,,,,,,,,,
180,9050,80.4,rainbow_cnn_dqn,,-5.1,,50,0,,,,,,,,,,,
181,9100,80.7,rainbow_cnn_dqn,,-6.9,,50,0,,,,,,,,,,,
182,9150,81.1,rainbow_cnn_dqn,,-5.7,,50,0,,,,,,,,,,,
183,9200,81.5,rainbow_cnn_dqn,,-5.1,,50,0,,,,,,,,,,,
184,9250,81.9,rainbow_cnn_dqn,,-7.5,,50,0,,,,,,,,,,,
185,9300,82.3,rainbow_cnn_dqn,,-7.5,,50,0,,,,,,,,,,,
186,9350,82.7,rainbow_cnn_dqn,,-6.9,,50,0,,,,,,,,,,,
187,9400,83.1,rainbow_cnn_dqn,,-5.7,,50,0,,,,,,,,,,,
188,9450,83.4,rainbow_cnn_dqn,,-6.9,,50,0,,,,,,,,,,,
189,9500,83.8,rainbow_cnn_dqn,,-5.7,,50,0,,,,,,,,,,,
190,9550,84.2,rainbow_cnn_dqn,,-7.5,,50,0,,,,,,,,,,,
191,9600,84.9,rainbow_cnn_dqn,,-8.1,,50,0,,,,,,,,,,,
192,9650,85.3,rainbow_cnn_dqn,,-4.5,,50,0,,,,,,,,,,,
193,9700,85.7,rainbow_cnn_dqn,,-6.3,,50,0,,,,,,,,,,,
194,9750,86.1,rainbow_cnn_dqn,,-6.3,,50,0,,,,,,,,,,,
195,9800,86.5,rainbow_cnn_dqn,,-5.1,,50,0,,,,,,,,,,,
196,9850,86.8,rainbow_cnn_dqn,,-5.1,,50,0,,,,,,,,,,,
197,9900,87.2,rainbow_cnn_dqn,,-5.7,,50,0,,,,,,,,,,,
198,9950,87.6,rainbow_cnn_dqn,,-7.5,,50,0,,,,,,,,,,,
199,10000,88.0,rainbow_cnn_dqn,,-3.9,,50,0,,,,,,,,,,,
200,10050,88.4,rainbow_cnn_dqn,,-4.5,,50,0,,,,,,,,,,,
201,10100,89.3,rainbow_cnn_dqn,,-3.9,,50,0,,,,,,,,,,,
202,10150,89.7,rainbow_cnn_dqn,,-6.3,,50,0,,,,,,,,,,,
203,10200,90.1,rainbow_cnn_dqn,,-2.1,,50,0,,,,,,,,,,,
204,10250,90.5,rainbow_cnn_dqn,,-5.1,,50,0,,,,,,,,,,,
205,10300,90.8,rainbow_cnn_dqn,,-6.9,,50,0,,,,,,,,,,,
206,10350,91.2,rainbow_cnn_dqn,,-1.5,,50,0,,,,,,,,,,,
207,10400,91.6,rainbow_cnn_dqn,,-4.5,,50,0,,,,,,,,,,,
208,10450,92.0,rainbow_cnn_dqn,,-6.3,,50,0,,,,,,,,,,,
209,10500,92.4,rainbow_cnn_dqn,,-5.1,,50,0,,,,,,,,,,,
210,10550,92.8,rainbow_cnn_dqn,,-3.3,,50,0,,,,,,,,,,,
211,10600,93.2,rainbow_cnn_dqn,,-3.9,,50,0,,,,,,,,,,,
212,10650,93.5,rainbow_cnn_dqn,,-6.3,,50,0,,,,,,,,,,,
213,10700,93.9,rainbow_cnn_dqn,,-6.9,,50,0,,,,,,,,,,,
214,10750,94.3,rainbow_cnn_dqn,,-6.9,,50,0,,,,,,,,,,,
215,10800,94.7,rainbow_cnn_dqn,,-6.9,,50,0,,,,,,,,,,,
216,10850,95.4,rainbow_cnn_dqn,,-6.9,,50,0,,,,,,,,,,,
217,10900,95.8,rainbow_cnn_dqn,,-7.5,,50,0,,,,,,,,,,,
218,10950,96.2,rainbow_cnn_dqn,,-8.1,,50,0,,,,,,,,,,,
219,11000,96.6,rainbow_cnn_dqn,,-6.3,,50,0,,,,,,,,,,,
220,11050,97.0,rainbow_cnn_dqn,,-7.5,,50,0,,,,,,,,,,,
221,11100,97.4,rainbow_cnn_dqn,,-0.9,,50,0,,,,,,,,,,,
222,11150,97.8,rainbow_cnn_dqn,,-7.5,,50,0,,,,,,,,,,,
223,11200,98.2,rainbow_cnn_dqn,,-6.9,,50,0,,,,,,,,,,,
224,11250,98.6,rainbow_cnn_dqn,,-6.3,,50,0,,,,,,,,,,,
225,11300,99.0,rainbow_cnn_dqn,,-4.5,,50,0,,,,,,,,,,,
226,11350,99.4,rainbow_cnn_dqn,,-5.7,,50,0,,,,,,,,,,,
227,11400,99.8,rainbow_cnn_dqn,,-4.5,,50,0,,,,,,,,,,,
228,11450,100.2,rainbow_cnn_dqn,,-3.3,,50,0,,,,,,,,,,,
229,11500,100.6,rainbow_cnn_dqn,,-6.3,,50,0,,,,,,,,,,,
230,11550,101.0,rainbow_cnn_dqn,,-3.3,,50,0,,,,,,,,,,,
231,11600,101.4,rainbow_cnn_dqn,,-4.5,,50,0,,,,,,,,,,,
232,11650,101.8,rainbow_cnn_dqn,,-6.3,,50,0,,,,,,,,,,,
233,11700,102.2,rainbow_cnn_dqn,,-5.7,,50,0,,,,,,,,,,,
234,11750,102.6,rainbow_cnn_dqn,,-6.3,,50,0,,,,,,,,,,,
235,11800,103.0,rainbow_cnn_dqn,,-2.1,,50,0,,,,,,,,,,,
236,11850,103.4,rainbow_cnn_dqn,,-5.7,,50,0,,,,,,,,,,,
237,11900,103.8,rainbow_cnn_dqn,,-6.9,,50,0,,,,,,,,,,,
238,11950,104.2,rainbow_cnn_dqn,,-5.1,,50,0,,,,,,,,,,,
239,12000,104.6,rainbow_cnn_dqn,,-2.1,,50,0,,,,,,,,,,,
240,12050,105.0,rainbow_cnn_dqn,,-5.7,,50,0,,,,,,,,,,,
241,12100,105.3,rainbow_cnn_dqn,,-5.7,,50,0,,,,,,,,,,,
242,12150,106.1,rainbow_cnn_dqn,,-2.1,,50,0,,,,,,,,,,,
243,12200,106.5,rainbow_cnn_dqn,,3.9,,50,0,,,,,,,,,,,
244,12250,106.9,rainbow_cnn_dqn,,-5.7,,50,0,,,,,,,,,,,
245,12300,107.3,rainbow_cnn_dqn,,3.3,,50,0,,,,,,,,,,,
246,12350,107.6,rainbow_cnn_dqn,,-8.1,,50,0,,,,,,,,,,,
247,12400,108.0,rainbow_cnn_dqn,,0.9,,50,0,,,,,,,,,,,
248,12450,108.4,rainbow_cnn_dqn,,-6.3,,50,0,,,,,,,,,,,
249,12500,108.8,rainbow_cnn_dqn,,-3.3,,50,0,,,,,,,,,,,
250,12550,109.2,rainbow_cnn_dqn,,-6.9,,50,0,,,,,,,,,,,
251,12600,110.1,rainbow_cnn_dqn,,3.9,,50,0,,,,,,,,,,,
252,12650,110.5,rainbow_cnn_dqn,,-5.1,,50,0,,,,,,,,,,,
253,12700,110.9,rainbow_cnn_dqn,,-3.9,,50,0,,,,,,,,,,,
254,12750,111.3,rainbow_cnn_dqn,,-6.9,,50,0,,,,,,,,,,,
255,12800,111.7,rainbow_cnn_dqn,,-6.9,,50,0,,,,,,,,,,,
256,12850,112.0,rainbow_cnn_dqn,,-6.3,,50,0,,,,,,,,,,,
257,12900,112.4,rainbow_cnn_dqn,,-3.9,,50,0,,,,,,,,,,,
258,12950,112.8,rainbow_cnn_dqn,,-6.9,,50,0,,,,,,,,,,,
259,13000,113.2,rainbow_cnn_dqn,,-3.3,,50,0,,,,,,,,,,,
260,13050,113.6,rainbow_cnn_dqn,,-4.5,,50,0,,,,,,,,,,,
261,13100,114.0,rainbow_cnn_dqn,,-2.1,,50,0,,,,,,,,,,,
262,13150,114.4,rainbow_cnn_dqn,,-5.7,,50,0,,,,,,,,,,,
263,13200,114.7,rainbow_cnn_dqn,,-5.7,,50,0,,,,,,,,,,,
264,13250,115.1,rainbow_cnn_dqn,,-8.1,,50,0,,,,,,,,,,,
265,13300,115.5,rainbow_cnn_dqn,,-3.9,,50,0,,,,,,,,,,,
266,13350,115.9,rainbow_cnn_dqn,,-2.7,,50,0,,,,,,,,,,,
267,13400,116.6,rainbow_cnn_dqn,,-4.5,,50,0,,,,,,,,,,,
268,13450,117.0,rainbow_cnn_dqn,,-6.3,,50,0,,,,,,,,,,,
269,13500,117.4,rainbow_cnn_dqn,,-6.9,,50,0,,,,,,,,,,,
270,13550,117.7,rainbow_cnn_dqn,,-6.3,,50,0,,,,,,,,,,,
271,13600,118.1,rainbow_cnn_dqn,,-5.1,,50,0,,,,,,,,,,,
272,13650,118.5,rainbow_cnn_dqn,,-6.3,,50,0,,,,,,,,,,,
273,13700,118.9,rainbow_cnn_dqn,,-5.1,,50,0,,,,,,,,,,,
274,13750,119.3,rainbow_cnn_dqn,,-4.5,,50,0,,,,,,,,,,,
275,13800,119.7,rainbow_cnn_dqn,,-6.9,,50,0,,,,,,,,,,,
276,13850,120.0,rainbow_cnn_dqn,,-5.1,,50,0,,,,,,,,,,,
277,13900,120.4,rainbow_cnn_dqn,,-6.3,,50,0,,,,,,,,,,,
278,13950,120.8,rainbow_cnn_dqn,,-6.3,,50,0,,,,,,,,,,,
279,14000,121.2,rainbow_cnn_dqn,,-5.1,,50,0,,,,,,,,,,,
280,14050,121.6,rainbow_cnn_dqn,,-6.3,,50,0,,,,,,,,,,,
281,14100,122.0,rainbow_cnn_dqn,,-5.7,,50,0,,,,,,,,,,,
282,14150,122.4,rainbow_cnn_dqn,,-5.7,,50,0,,,,,,,,,,,
283,14200,122.8,rainbow_cnn_dqn,,-4.5,,50,0,,,,,,,,,,,
284,14250,123.1,rainbow_cnn_dqn,,-3.3,,50,0,,,,,,,,,,,
285,14300,123.5,rainbow_cnn_dqn,,-6.9,,50,0,,,,,,,,,,,
286,14350,123.9,rainbow_cnn_dqn,,-2.1,,50,0,,,,,,,,,,,
287,14400,124.3,rainbow_cnn_dqn,,-6.9,,50,0,,,,,,,,,,,
288,14450,124.7,rainbow_cnn_dqn,,-2.1,,50,0,,,,,,,,,,,
289,14500,125.1,rainbow_cnn_dqn,,-5.7,,50,0,,,,,,,,,,,
290,14550,125.4,rainbow_cnn_dqn,,-6.3,,50,0,,,,,,,,,,,
291,14600,125.8,rainbow_cnn_dqn,,-6.3,,50,0,,,,,,,,,,,
292,14650,126.2,rainbow_cnn_dqn,,-7.5,,50,0,,,,,,,,,,,
293,14700,126.6,rainbow_cnn_dqn,,-6.3,,50,0,,,,,,,,,,,
294,14750,127.3,rainbow_cnn_dqn,,-6.3,,50,0,,,,,,,,,,,
295,14800,127.6,rainbow_cnn_dqn,,-2.7,,50,0,,,,,,,,,,,
296,14850,128.0,rainbow_cnn_dqn,,-6.3,,50,0,,,,,,,,,,,
297,14900,128.4,rainbow_cnn_dqn,,-0.3,,50,0,,,,,,,,,,,
298,14950,128.8,rainbow_cnn_dqn,,-8.1,,50,0,,,,,,,,,,,
299,15000,129.2,rainbow_cnn_dqn,,-7.5,,50,0,,,,,,,,,,,
300,15050,129.5,rainbow_cnn_dqn,,-6.3,,50,0,,,,,,,,,,,
301,15100,130.5,rainbow_cnn_dqn,,-6.9,,50,0,,,,,,,,,,,
302,15150,130.9,rainbow_cnn_dqn,,-3.9,,50,0,,,,,,,,,,,
303,15200,131.2,rainbow_cnn_dqn,,-4.5,,50,0,,,,,,,,,,,
304,15250,131.6,rainbow_cnn_dqn,,-6.3,,50,0,,,,,,,,,,,
305,15300,132.0,rainbow_cnn_dqn,,-6.9,,50,0,,,,,,,,,,,
306,15350,132.4,rainbow_cnn_dqn,,-2.1,,50,0,,,,,,,,,,,
307,15400,132.8,rainbow_cnn_dqn,,-5.1,,50,0,,,,,,,,,,,
308,15450,133.2,rainbow_cnn_dqn,,-3.9,,50,0,,,,,,,,,,,
309,15500,133.5,rainbow_cnn_dqn,,3.9,,50,0,,,,,,,,,,,
310,15550,133.9,rainbow_cnn_dqn,,-5.7,,50,0,,,,,,,,,,,
311,15600,134.3,rainbow_cnn_dqn,,-6.9,,50,0,,,,,,,,,,,
312,15650,134.7,rainbow_cnn_dqn,,-0.9,,50,0,,,,,,,,,,,
313,15700,135.1,rainbow_cnn_dqn,,-3.9,,50,0,,,,,,,,,,,
314,15750,135.5,rainbow_cnn_dqn,,-8.1,,50,0,,,,,,,,,,,
315,15800,135.8,rainbow_cnn_dqn,,-0.3,,50,0,,,,,,,,,,,
316,15850,136.2,rainbow_cnn_dqn,,-5.7,,50,0,,,,,,,,,,,
317,15900,136.6,rainbow_cnn_dqn,,-0.9,,50,0,,,,,,,,,,,
318,15950,137.0,rainbow_cnn_dqn,,-6.3,,50,0,,,,,,,,,,,
319,16000,137.7,rainbow_cnn_dqn,,-2.1,,50,0,,,,,,,,,,,
320,16050,138.1,rainbow_cnn_dqn,,-4.5,,50,0,,,,,,,,,,,
321,16100,138.5,rainbow_cnn_dqn,,-5.7,,50,0,,,,,,,,,,,
322,16150,138.8,rainbow_cnn_dqn,,-1.5,,50,0,,,,,,,,,,,
323,16200,139.2,rainbow_cnn_dqn,,-7.5,,50,0,,,,,,,,,,,
324,16250,139.6,rainbow_cnn_dqn,,-5.1,,50,0,,,,,,,,,,,
325,16300,140.0,rainbow_cnn_dqn,,-3.9,,50,0,,,,,,,,,,,
326,16350,140.4,rainbow_cnn_dqn,,-6.9,,50,0,,,,,,,,,,,
327,16400,140.8,rainbow_cnn_dqn,,-6.3,,50,0,,,,,,,,,,,
328,16450,141.2,rainbow_cnn_dqn,,-6.9,,50,0,,,,,,,,,,,
329,16500,141.5,rainbow_cnn_dqn,,-5.1,,50,0,,,,,,,,,,,
330,16550,141.9,rainbow_cnn_dqn,,-7.5,,50,0,,,,,,,,,,,
331,16600,142.3,rainbow_cnn_dqn,,-6.3,,50,0,,,,,,,,,,,
332,16650,142.7,rainbow_cnn_dqn,,-5.7,,50,0,,,,,,,,,,,
333,16700,143.1,rainbow_cnn_dqn,,-5.7,,50,0,,,,,,,,,,,
334,16750,143.4,rainbow_cnn_dqn,,-7.5,,50,0,,,,,,,,,,,
335,16800,143.8,rainbow_cnn_dqn,,-6.3,,50,0,,,,,,,,,,,
336,16850,144.2,rainbow_cnn_dqn,,-6.9,,50,0,,,,,,,,,,,
337,16900,144.6,rainbow_cnn_dqn,,-6.9,,50,0,,,,,,,,,,,
338,16950,144.9,rainbow_cnn_dqn,,-3.9,,50,0,,,,,,,,,,,
339,17000,145.3,rainbow_cnn_dqn,,-6.3,,50,0,,,,,,,,,,,
340,17050,145.7,rainbow_cnn_dqn,,-6.9,,50,0,,,,,,,,,,,
341,17100,146.1,rainbow_cnn_dqn,,-5.7,,50,0,,,,,,,,,,,
342,17150,146.5,rainbow_cnn_dqn,,-5.1,,50,0,,,,,,,,,,,
343,17200,146.8,rainbow_cnn_dqn,,-5.1,,50,0,,,,,,,,,,,
344,17250,147.2,rainbow_cnn_dqn,,-6.9,,50,0,,,,,,,,,,,
345,17300,147.6,rainbow_cnn_dqn,,-6.3,,50,0,,,,,,,,,,,
346,17350,148.3,rainbow_cnn_dqn,,-4.5,,50,0,,,,,,,,,,,
347,17400,148.7,rainbow_cnn_dqn,,-5.1,,50,0,,,,,,,,,,,
348,17450,149.1,rainbow_cnn_dqn,,-5.7,,50,0,,,,,,,,,,,
349,17500,149.5,rainbow_cnn_dqn,,-6.9,,50,0,,,,,,,,,,,
350,17550,149.9,rainbow_cnn_dqn,,-2.1,,50,0,,,,,,,,,,,
351,17600,150.8,rainbow_cnn_dqn,,-4.5,,50,0,,,,,,,,,,,
352,17650,151.2,rainbow_cnn_dqn,,-6.3,,50,0,,,,,,,,,,,
353,17700,151.6,rainbow_cnn_dqn,,-7.5,,50,0,,,,,,,,,,,
354,17750,151.9,rainbow_cnn_dqn,,-0.9,,50,0,,,,,,,,,,,
355,17800,152.3,rainbow_cnn_dqn,,-6.9,,50,0,,,,,,,,,,,
356,17850,152.7,rainbow_cnn_dqn,,-6.9,,50,0,,,,,,,,,,,
357,17900,153.1,rainbow_cnn_dqn,,0.3,,50,0,,,,,,,,,,,
358,17950,153.5,rainbow_cnn_dqn,,-7.5,,50,0,,,,,,,,,,,
359,18000,153.9,rainbow_cnn_dqn,,-7.5,,50,0,,,,,,,,,,,
360,18050,154.3,rainbow_cnn_dqn,,-4.5,,50,0,,,,,,,,,,,
361,18100,154.7,rainbow_cnn_dqn,,-6.9,,50,0,,,,,,,,,,,
362,18150,155.1,rainbow_cnn_dqn,,-6.3,,50,0,,,,,,,,,,,
363,18200,155.5,rainbow_cnn_dqn,,-8.1,,50,0,,,,,,,,,,,
364,18250,155.9,rainbow_cnn_dqn,,-5.7,,50,0,,,,,,,,,,,
365,18300,156.3,rainbow_cnn_dqn,,-6.9,,50,0,,,,,,,,,,,
366,18350,156.8,rainbow_cnn_dqn,,-3.3,,50,0,,,,,,,,,,,
367,18400,157.1,rainbow_cnn_dqn,,-3.3,,50,0,,,,,,,,,,,
368,18450,157.5,rainbow_cnn_dqn,,-2.7,,50,0,,,,,,,,,,,
369,18500,157.9,rainbow_cnn_dqn,,-6.9,,50,0,,,,,,,,,,,
370,18550,158.7,rainbow_cnn_dqn,,1.5,,50,0,,,,,,,,,,,
371,18600,159.1,rainbow_cnn_dqn,,-2.7,,50,0,,,,,,,,,,,
372,18650,159.5,rainbow_cnn_dqn,,-6.9,,50,0,,,,,,,,,,,
373,18700,159.9,rainbow_cnn_dqn,,-6.3,,50,0,,,,,,,,,,,
374,18750,160.2,rainbow_cnn_dqn,,-6.9,,50,0,,,,,,,,,,,
375,18800,160.6,rainbow_cnn_dqn,,-5.1,,50,0,,,,,,,,,,,
376,18850,161.0,rainbow_cnn_dqn,,-6.3,,50,0,,,,,,,,,,,
377,18900,161.4,rainbow_cnn_dqn,,-5.7,,50,0,,,,,,,,,,,
378,18950,161.8,rainbow_cnn_dqn,,-7.5,,50,0,,,,,,,,,,,
379,19000,162.2,rainbow_cnn_dqn,,-6.9,,50,0,,,,,,,,,,,
380,19050,162.6,rainbow_cnn_dqn,,-5.7,,50,0,,,,,,,,,,,
381,19100,163.0,rainbow_cnn_dqn,,-5.1,,50,0,,,,,,,,,,,
382,19150,163.4,rainbow_cnn_dqn,,-7.5,,50,0,,,,,,,,,,,
383,19200,163.8,rainbow_cnn_dqn,,-8.1,,50,0,,,,,,,,,,,
384,19250,164.2,rainbow_cnn_dqn,,-5.7,,50,0,,,,,,,,,,,
385,19300,164.6,rainbow_cnn_dqn,,-5.7,,50,0,,,,,,,,,,,
386,19350,165.0,rainbow_cnn_dqn,,-6.9,,50,0,,,,,,,,,,,
387,19400,165.3,rainbow_cnn_dqn,,-7.5,,50,0,,,,,,,,,,,
388,19450,165.7,rainbow_cnn_dqn,,2.7,,50,0,,,,,,,,,,,
389,19500,166.1,rainbow_cnn_dqn,,-6.3,,50,0,,,,,,,,,,,
390,19550,166.5,rainbow_cnn_dqn,,-6.9,,50,0,,,,,,,,,,,
391,19600,166.9,rainbow_cnn_dqn,,-5.1,,50,0,,,,,,,,,,,
392,19650,167.3,rainbow_cnn_dqn,,-1.5,,50,0,,,,,,,,,,,
393,19700,167.7,rainbow_cnn_dqn,,-4.5,,50,0,,,,,,,,,,,
394,19750,168.1,rainbow_cnn_dqn,,0.3,,50,0,,,,,,,,,,,
395,19800,168.5,rainbow_cnn_dqn,,-2.7,,50,0,,,,,,,,,,,
396,19850,169.2,rainbow_cnn_dqn,,-4.5,,50,0,,,,,,,,,,,
397,19900,169.6,rainbow_cnn_dqn,,-7.5,,50,0,,,,,,,,,,,
398,19950,170.0,rainbow_cnn_dqn,,-5.7,,50,0,,,,,,,,,,,
399,20000,170.3,rainbow_cnn_dqn,,-5.7,,50,0,,,,,,,,,,,
400,20050,172.0,rainbow_cnn_dqn,,-6.9,,50,0,,,,,,,,,,,
401,20100,173.0,rainbow_cnn_dqn,,-6.9,,50,0,,,,,,,,,,,
402,20150,173.6,rainbow_cnn_dqn,,-8.7,,50,0,,,,,,,,,,,
403,20200,174.1,rainbow_cnn_dqn,,-6.9,,50,0,,,,,,,,,,,
404,20250,174.6,rainbow_cnn_dqn,,-9.3,,50,0,,,,,,,,,,,
405,20300,175.1,rainbow_cnn_dqn,,-8.7,,50,0,,,,,,,,,,,
406,20350,175.7,rainbow_cnn_dqn,,-9.3,,50,0,,,,,,,,,,,
407,20400,176.2,rainbow_cnn_dqn,,-9.3,,50,0,,,,,,,,,,,
408,20450,176.7,rainbow_cnn_dqn,,-9.3,,50,0,,,,,,,,,,,
409,20500,177.2,rainbow_cnn_dqn,,-9.3,,50,0,,,,,,,,,,,
410,20550,177.7,rainbow_cnn_dqn,,-8.7,,50,0,,,,,,,,,,,
411,20602,178.2,rainbow_cnn_dqn,,4.1,,52,0,,,,,,,,,,,
412,20652,178.7,rainbow_cnn_dqn,,3.9,,50,0,,,,,,,,,,,
413,20702,179.2,rainbow_cnn_dqn,,-5.7,,50,0,,,,,,,,,,,
414,20752,180.1,rainbow_cnn_dqn,,-2.1,,50,0,,,,,,,,,,,
415,20802,180.6,rainbow_cnn_dqn,,3.9,,50,0,,,,,,,,,,,
416,20852,181.1,rainbow_cnn_dqn,,3.9,,50,0,,,,,,,,,,,
417,20902,181.6,rainbow_cnn_dqn,,-6.9,,50,0,,,,,,,,,,,
418,20952,182.1,rainbow_cnn_dqn,,-6.3,,50,0,,,,,,,,,,,
419,21002,182.6,rainbow_cnn_dqn,,-5.7,,50,0,,,,,,,,,,,
420,21052,183.2,rainbow_cnn_dqn,,-6.9,,50,0,,,,,,,,,,,
421,21102,183.7,rainbow_cnn_dqn,,-5.1,,50,0,,,,,,,,,,,
422,21152,184.2,rainbow_cnn_dqn,,1.5,,50,0,,,,,,,,,,,
423,21202,184.7,rainbow_cnn_dqn,,3.9,,50,0,,,,,,,,,,,
424,21252,185.3,rainbow_cnn_dqn,,-1.5,,50,0,,,,,,,,,,,
425,21302,185.8,rainbow_cnn_dqn,,3.9,,50,0,,,,,,,,,,,
426,21352,186.3,rainbow_cnn_dqn,,-0.9,,50,0,,,,,,,,,,,
427,21402,186.9,rainbow_cnn_dqn,,-5.1,,50,0,,,,,,,,,,,
428,21452,187.4,rainbow_cnn_dqn,,-2.1,,50,0,,,,,,,,,,,
429,21502,187.9,rainbow_cnn_dqn,,-6.9,,50,0,,,,,,,,,,,
430,21552,188.4,rainbow_cnn_dqn,,-3.9,,50,0,,,,,,,,,,,
431,21602,188.9,rainbow_cnn_dqn,,-5.7,,50,0,,,,,,,,,,,
432,21652,189.5,rainbow_cnn_dqn,,-1.5,,50,0,,,,,,,,,,,
433,21702,190.0,rainbow_cnn_dqn,,-3.3,,50,0,,,,,,,,,,,
434,21752,190.8,rainbow_cnn_dqn,,-4.5,,50,0,,,,,,,,,,,
435,21802,191.3,rainbow_cnn_dqn,,-5.7,,50,0,,,,,,,,,,,
436,21852,191.8,rainbow_cnn_dqn,,-3.9,,50,0,,,,,,,,,,,
437,21902,192.3,rainbow_cnn_dqn,,-4.5,,50,0,,,,,,,,,,,
438,21952,192.8,rainbow_cnn_dqn,,-2.7,,50,0,,,,,,,,,,,
439,22002,193.4,rainbow_cnn_dqn,,-0.9,,50,0,,,,,,,,,,,
440,22052,193.9,rainbow_cnn_dqn,,-0.9,,50,0,,,,,,,,,,,
441,22102,194.4,rainbow_cnn_dqn,,3.9,,50,0,,,,,,,,,,,
442,22152,194.9,rainbow_cnn_dqn,,-5.1,,50,0,,,,,,,,,,,
443,22202,195.4,rainbow_cnn_dqn,,-2.7,,50,0,,,,,,,,,,,
444,22252,195.9,rainbow_cnn_dqn,,-4.5,,50,0,,,,,,,,,,,
445,22302,196.3,rainbow_cnn_dqn,,-0.9,,50,0,,,,,,,,,,,
446,22352,196.8,rainbow_cnn_dqn,,-4.5,,50,0,,,,,,,,,,,
447,22402,197.3,rainbow_cnn_dqn,,-2.7,,50,0,,,,,,,,,,,
448,22452,197.8,rainbow_cnn_dqn,,-4.5,,50,0,,,,,,,,,,,
449,22502,198.3,rainbow_cnn_dqn,,-3.3,,50,0,,,,,,,,,,,
450,22552,198.9,rainbow_cnn_dqn,,-3.3,,50,0,,,,,,,,,,,
451,22602,200.1,rainbow_cnn_dqn,,-3.3,,50,0,,,,,,,,,,,
452,22652,200.7,rainbow_cnn_dqn,,-5.1,,50,0,,,,,,,,,,,
453,22702,201.5,rainbow_cnn_dqn,,-3.3,,50,0,,,,,,,,,,,
454,22752,202.0,rainbow_cnn_dqn,,0.3,,50,0,,,,,,,,,,,
455,22802,202.5,rainbow_cnn_dqn,,-6.9,,50,0,,,,,,,,,,,
456,22852,203.0,rainbow_cnn_dqn,,-4.5,,50,0,,,,,,,,,,,
457,22902,203.5,rainbow_cnn_dqn,,-4.5,,50,0,,,,,,,,,,,
458,22952,204.1,rainbow_cnn_dqn,,-1.5,,50,0,,,,,,,,,,,
459,23002,204.6,rainbow_cnn_dqn,,-2.7,,50,0,,,,,,,,,,,
460,23052,205.1,rainbow_cnn_dqn,,-3.3,,50,0,,,,,,,,,,,
461,23102,205.6,rainbow_cnn_dqn,,2.1,,50,0,,,,,,,,,,,
462,23152,206.1,rainbow_cnn_dqn,,-2.1,,50,0,,,,,,,,,,,
463,23202,206.6,rainbow_cnn_dqn,,-4.5,,50,0,,,,,,,,,,,
464,23252,207.1,rainbow_cnn_dqn,,-5.7,,50,0,,,,,,,,,,,
465,23302,207.7,rainbow_cnn_dqn,,-4.5,,50,0,,,,,,,,,,,
466,23352,208.2,rainbow_cnn_dqn,,-2.1,,50,0,,,,,,,,,,,
467,23402,208.7,rainbow_cnn_dqn,,-1.5,,50,0,,,,,,,,,,,
468,23452,209.2,rainbow_cnn_dqn,,-6.3,,50,0,,,,,,,,,,,
469,23502,209.7,rainbow_cnn_dqn,,-5.1,,50,0,,,,,,,,,,,
470,23552,210.2,rainbow_cnn_dqn,,-5.1,,50,0,,,,,,,,,,,
471,23602,210.8,rainbow_cnn_dqn,,-5.1,,50,0,,,,,,,,,,,
472,23652,211.3,rainbow_cnn_dqn,,-2.7,,50,0,,,,,,,,,,,
473,23702,212.1,rainbow_cnn_dqn,,-6.3,,50,0,,,,,,,,,,,
474,23752,212.6,rainbow_cnn_dqn,,-6.3,,50,0,,,,,,,,,,,
475,23802,213.1,rainbow_cnn_dqn,,-6.3,,50,0,,,,,,,,,,,
476,23852,213.6,rainbow_cnn_dqn,,3.9,,50,0,,,,,,,,,,,
477,23902,214.1,rainbow_cnn_dqn,,-4.5,,50,0,,,,,,,,,,,
478,23952,214.6,rainbow_cnn_dqn,,-2.7,,50,0,,,,,,,,,,,
479,24002,215.1,rainbow_cnn_dqn,,-4.5,,50,0,,,,,,,,,,,
480,24052,215.6,rainbow_cnn_dqn,,-6.9,,50,0,,,,,,,,,,,
481,24102,216.1,rainbow_cnn_dqn,,-4.5,,50,0,,,,,,,,,,,
482,24152,216.6,rainbow_cnn_dqn,,-0.3,,50,0,,,,,,,,,,,
483,24202,217.1,rainbow_cnn_dqn,,-3.3,,50,0,,,,,,,,,,,
484,24252,217.6,rainbow_cnn_dqn,,0.3,,50,0,,,,,,,,,,,
485,24302,218.1,rainbow_cnn_dqn,,-0.3,,50,0,,,,,,,,,,,
486,24352,218.7,rainbow_cnn_dqn,,-3.9,,50,0,,,,,,,,,,,
487,24402,219.2,rainbow_cnn_dqn,,-5.7,,50,0,,,,,,,,,,,
488,24452,219.7,rainbow_cnn_dqn,,-5.1,,50,0,,,,,,,,,,,
489,24502,220.2,rainbow_cnn_dqn,,-1.5,,50,0,,,,,,,,,,,
490,24552,220.7,rainbow_cnn_dqn,,-1.5,,50,0,,,,,,,,,,,
491,24602,221.2,rainbow_cnn_dqn,,-5.1,,50,0,,,,,,,,,,,
492,24652,221.8,rainbow_cnn_dqn,,-1.5,,50,0,,,,,,,,,,,
493,24702,222.6,rainbow_cnn_dqn,,-8.1,,50,0,,,,,,,,,,,
494,24752,223.1,rainbow_cnn_dqn,,-6.9,,50,0,,,,,,,,,,,
495,24802,223.6,rainbow_cnn_dqn,,-3.3,,50,0,,,,,,,,,,,
496,24852,224.1,rainbow_cnn_dqn,,-6.3,,50,0,,,,,,,,,,,
497,24902,224.7,rainbow_cnn_dqn,,-6.3,,50,0,,,,,,,,,,,
498,24952,225.2,rainbow_cnn_dqn,,-1.5,,50,0,,,,,,,,,,,
499,25002,225.7,rainbow_cnn_dqn,,-6.3,,50,0,,,,,,,,,,,
500,25052,226.2,rainbow_cnn_dqn,,-0.3,,50,0,,,,,,,,,,,
501,25102,227.3,rainbow_cnn_dqn,,-5.7,,50,0,,,,,,,,,,,
502,25152,227.8,rainbow_cnn_dqn,,-5.7,,50,0,,,,,,,,,,,
503,25202,228.3,rainbow_cnn_dqn,,-2.1,,50,0,,,,,,,,,,,
504,25252,228.8,rainbow_cnn_dqn,,-5.1,,50,0,,,,,,,,,,,
505,25302,229.3,rainbow_cnn_dqn,,-5.7,,50,0,,,,,,,,,,,
506,25352,229.8,rainbow_cnn_dqn,,-3.3,,50,0,,,,,,,,,,,
507,25402,230.3,rainbow_cnn_dqn,,-6.9,,50,0,,,,,,,,,,,
508,25452,230.8,rainbow_cnn_dqn,,-3.9,,50,0,,,,,,,,,,,
509,25502,231.3,rainbow_cnn_dqn,,-1.5,,50,0,,,,,,,,,,,
510,25552,231.8,rainbow_cnn_dqn,,-1.5,,50,0,,,,,,,,,,,
511,25602,232.3,rainbow_cnn_dqn,,3.9,,50,0,,,,,,,,,,,
512,25652,233.1,rainbow_cnn_dqn,,-3.9,,50,0,,,,,,,,,,,
513,25702,233.6,rainbow_cnn_dqn,,-2.7,,50,0,,,,,,,,,,,
514,25752,234.1,rainbow_cnn_dqn,,1.5,,50,0,,,,,,,,,,,
515,25802,234.6,rainbow_cnn_dqn,,-3.9,,50,0,,,,,,,,,,,
516,25852,235.1,rainbow_cnn_dqn,,-5.1,,50,0,,,,,,,,,,,
517,25902,235.6,rainbow_cnn_dqn,,-2.1,,50,0,,,,,,,,,,,
518,25952,236.2,rainbow_cnn_dqn,,3.9,,50,0,,,,,,,,,,,
519,26002,236.7,rainbow_cnn_dqn,,-5.7,,50,0,,,,,,,,,,,
520,26052,237.2,rainbow_cnn_dqn,,-7.5,,50,0,,,,,,,,,,,
521,26102,237.7,rainbow_cnn_dqn,,-6.3,,50,0,,,,,,,,,,,
522,26152,238.2,rainbow_cnn_dqn,,-6.9,,50,0,,,,,,,,,,,
523,26202,238.7,rainbow_cnn_dqn,,-3.9,,50,0,,,,,,,,,,,
524,26252,239.2,rainbow_cnn_dqn,,-7.5,,50,0,,,,,,,,,,,
525,26302,239.7,rainbow_cnn_dqn,,-3.9,,50,0,,,,,,,,,,,
526,26352,240.2,rainbow_cnn_dqn,,-6.9,,50,0,,,,,,,,,,,
527,26402,240.8,rainbow_cnn_dqn,,-5.7,,50,0,,,,,,,,,,,
528,26452,241.3,rainbow_cnn_dqn,,-5.7,,50,0,,,,,,,,,,,
529,26502,241.8,rainbow_cnn_dqn,,-0.3,,50,0,,,,,,,,,,,
530,26552,242.3,rainbow_cnn_dqn,,-6.3,,50,0,,,,,,,,,,,
531,26602,242.8,rainbow_cnn_dqn,,-6.3,,50,0,,,,,,,,,,,
532,26652,243.6,rainbow_cnn_dqn,,-6.9,,50,0,,,,,,,,,,,
533,26702,244.2,rainbow_cnn_dqn,,-5.7,,50,0,,,,,,,,,,,
534,26752,244.7,rainbow_cnn_dqn,,-7.5,,50,0,,,,,,,,,,,
535,26802,245.2,rainbow_cnn_dqn,,-8.1,,50,0,,,,,,,,,,,
536,26852,245.7,rainbow_cnn_dqn,,-6.9,,50,0,,,,,,,,,,,
537,26902,246.2,rainbow_cnn_dqn,,-6.3,,50,0,,,,,,,,,,,
538,26952,246.7,rainbow_cnn_dqn,,-6.9,,50,0,,,,,,,,,,,
539,27002,247.2,rainbow_cnn_dqn,,-6.9,,50,0,,,,,,,,,,,
540,27052,247.7,rainbow_cnn_dqn,,-6.9,,50,0,,,,,,,,,,,
541,27102,248.2,rainbow_cnn_dqn,,-5.1,,50,0,,,,,,,,,,,
542,27152,248.7,rainbow_cnn_dqn,,-3.3,,50,0,,,,,,,,,,,
543,27202,249.2,rainbow_cnn_dqn,,-8.1,,50,0,,,,,,,,,,,
544,27252,249.7,rainbow_cnn_dqn,,-7.5,,50,0,,,,,,,,,,,
545,27302,250.2,rainbow_cnn_dqn,,-5.1,,50,0,,,,,,,,,,,
546,27352,250.7,rainbow_cnn_dqn,,-6.9,,50,0,,,,,,,,,,,
547,27402,251.2,rainbow_cnn_dqn,,-5.1,,50,0,,,,,,,,,,,
548,27452,251.7,rainbow_cnn_dqn,,-3.9,,50,0,,,,,,,,,,,
549,27502,252.2,rainbow_cnn_dqn,,-6.9,,50,0,,,,,,,,,,,
550,27552,252.7,rainbow_cnn_dqn,,-8.1,,50,0,,,,,,,,,,,
551,27602,254.1,rainbow_cnn_dqn,,-7.5,,50,0,,,,,,,,,,,
552,27652,254.6,rainbow_cnn_dqn,,-8.1,,50,0,,,,,,,,,,,
553,27702,255.1,rainbow_cnn_dqn,,-6.9,,50,0,,,,,,,,,,,
554,27752,255.6,rainbow_cnn_dqn,,-5.1,,50,0,,,,,,,,,,,
555,27802,256.1,rainbow_cnn_dqn,,-6.9,,50,0,,,,,,,,,,,
556,27852,256.7,rainbow_cnn_dqn,,-6.3,,50,0,,,,,,,,,,,
557,27902,257.2,rainbow_cnn_dqn,,-5.7,,50,0,,,,,,,,,,,
558,27952,257.7,rainbow_cnn_dqn,,-7.5,,50,0,,,,,,,,,,,
559,28002,258.2,rainbow_cnn_dqn,,-8.1,,50,0,,,,,,,,,,,
560,28052,258.7,rainbow_cnn_dqn,,-5.7,,50,0,,,,,,,,,,,
561,28102,259.2,rainbow_cnn_dqn,,-3.9,,50,0,,,,,,,,,,,
562,28152,259.8,rainbow_cnn_dqn,,-6.3,,50,0,,,,,,,,,,,
563,28202,260.3,rainbow_cnn_dqn,,-7.5,,50,0,,,,,,,,,,,
564,28252,260.8,rainbow_cnn_dqn,,-6.9,,50,0,,,,,,,,,,,
565,28302,261.3,rainbow_cnn_dqn,,-3.9,,50,0,,,,,,,,,,,
566,28352,261.8,rainbow_cnn_dqn,,-5.7,,50,0,,,,,,,,,,,
567,28402,262.3,rainbow_cnn_dqn,,0.9,,50,0,,,,,,,,,,,
568,28452,262.9,rainbow_cnn_dqn,,-5.7,,50,0,,,,,,,,,,,
569,28502,263.4,rainbow_cnn_dqn,,-7.5,,50,0,,,,,,,,,,,
570,28552,263.9,rainbow_cnn_dqn,,-6.9,,50,0,,,,,,,,,,,
571,28602,264.7,rainbow_cnn_dqn,,-4.5,,50,0,,,,,,,,,,,
572,28652,265.2,rainbow_cnn_dqn,,-7.5,,50,0,,,,,,,,,,,
573,28702,265.7,rainbow_cnn_dqn,,-4.5,,50,0,,,,,,,,,,,
574,28752,266.2,rainbow_cnn_dqn,,-7.5,,50,0,,,,,,,,,,,
575,28802,266.7,rainbow_cnn_dqn,,-6.9,,50,0,,,,,,,,,,,
576,28852,267.2,rainbow_cnn_dqn,,-8.7,,50,0,,,,,,,,,,,
577,28902,267.7,rainbow_cnn_dqn,,-7.5,,50,0,,,,,,,,,,,
578,28952,268.2,rainbow_cnn_dqn,,-8.1,,50,0,,,,,,,,,,,
579,29002,268.7,rainbow_cnn_dqn,,-7.5,,50,0,,,,,,,,,,,
580,29052,269.3,rainbow_cnn_dqn,,-7.5,,50,0,,,,,,,,,,,
581,29102,269.8,rainbow_cnn_dqn,,-8.7,,50,0,,,,,,,,,,,
582,29152,270.3,rainbow_cnn_dqn,,-6.9,,50,0,,,,,,,,,,,
583,29202,270.8,rainbow_cnn_dqn,,-6.3,,50,0,,,,,,,,,,,
584,29252,271.3,rainbow_cnn_dqn,,-0.9,,50,0,,,,,,,,,,,
585,29302,271.9,rainbow_cnn_dqn,,-5.1,,50,0,,,,,,,,,,,
586,29352,272.4,rainbow_cnn_dqn,,-7.5,,50,0,,,,,,,,,,,
587,29402,272.9,rainbow_cnn_dqn,,-6.3,,50,0,,,,,,,,,,,
588,29452,273.4,rainbow_cnn_dqn,,-3.3,,50,0,,,,,,,,,,,
589,29502,273.9,rainbow_cnn_dqn,,-7.5,,50,0,,,,,,,,,,,
590,29552,274.4,rainbow_cnn_dqn,,-8.1,,50,0,,,,,,,,,,,
591,29602,275.3,rainbow_cnn_dqn,,-4.5,,50,0,,,,,,,,,,,
592,29652,275.8,rainbow_cnn_dqn,,-6.3,,50,0,,,,,,,,,,,
593,29702,276.3,rainbow_cnn_dqn,,-8.1,,50,0,,,,,,,,,,,
594,29752,276.8,rainbow_cnn_dqn,,-3.9,,50,0,,,,,,,,,,,
595,29802,277.3,rainbow_cnn_dqn,,-8.1,,50,0,,,,,,,,,,,
596,29852,277.9,rainbow_cnn_dqn,,-5.1,,50,0,,,,,,,,,,,
597,29902,278.4,rainbow_cnn_dqn,,-6.9,,50,0,,,,,,,,,,,
598,29952,278.9,rainbow_cnn_dqn,,-7.5,,50,0,,,,,,,,,,,
599,30002,279.4,rainbow_cnn_dqn,,-8.1,,50,0,,,,,,,,,,,
600,30052,279.9,rainbow_cnn_dqn,,-2.1,,50,0,,,,,,,,,,,
601,30102,281.2,rainbow_cnn_dqn,,-8.7,,50,0,,,,,,,,,,,
602,30152,281.7,rainbow_cnn_dqn,,-8.1,,50,0,,,,,,,,,,,
603,30202,282.2,rainbow_cnn_dqn,,-4.5,,50,0,,,,,,,,,,,
604,30252,282.7,rainbow_cnn_dqn,,1.5,,50,0,,,,,,,,,,,
605,30302,283.2,rainbow_cnn_dqn,,-5.1,,50,0,,,,,,,,,,,
606,30352,283.7,rainbow_cnn_dqn,,-5.7,,50,0,,,,,,,,,,,
607,30402,284.2,rainbow_cnn_dqn,,-6.3,,50,0,,,,,,,,,,,
608,30452,284.7,rainbow_cnn_dqn,,-5.7,,50,0,,,,,,,,,,,
609,30502,285.2,rainbow_cnn_dqn,,-7.5,,50,0,,,,,,,,,,,
610,30552,286.1,rainbow_cnn_dqn,,-6.3,,50,0,,,,,,,,,,,
611,30602,286.6,rainbow_cnn_dqn,,-7.5,,50,0,,,,,,,,,,,
612,30652,287.1,rainbow_cnn_dqn,,-3.9,,50,0,,,,,,,,,,,
613,30702,287.6,rainbow_cnn_dqn,,-6.9,,50,0,,,,,,,,,,,
614,30752,288.1,rainbow_cnn_dqn,,-5.1,,50,0,,,,,,,,,,,
615,30802,288.6,rainbow_cnn_dqn,,-5.7,,50,0,,,,,,,,,,,
616,30852,289.1,rainbow_cnn_dqn,,-4.5,,50,0,,,,,,,,,,,
617,30902,289.7,rainbow_cnn_dqn,,-6.3,,50,0,,,,,,,,,,,
618,30952,290.2,rainbow_cnn_dqn,,-2.7,,50,0,,,,,,,,,,,
619,31002,290.7,rainbow_cnn_dqn,,-6.3,,50,0,,,,,,,,,,,
620,31052,291.2,rainbow_cnn_dqn,,0.9,,50,0,,,,,,,,,,,
621,31102,291.8,rainbow_cnn_dqn,,1.5,,50,0,,,,,,,,,,,
622,31152,292.3,rainbow_cnn_dqn,,-6.3,,50,0,,,,,,,,,,,
623,31202,292.8,rainbow_cnn_dqn,,-2.7,,50,0,,,,,,,,,,,
624,31252,293.3,rainbow_cnn_dqn,,-4.5,,50,0,,,,,,,,,,,
625,31302,293.8,rainbow_cnn_dqn,,-2.7,,50,0,,,,,,,,,,,
626,31352,294.4,rainbow_cnn_dqn,,1.5,,50,0,,,,,,,,,,,
627,31402,294.9,rainbow_cnn_dqn,,-4.5,,50,0,,,,,,,,,,,
628,31452,295.4,rainbow_cnn_dqn,,3.9,,50,0,,,,,,,,,,,
629,31502,295.9,rainbow_cnn_dqn,,-5.1,,50,0,,,,,,,,,,,
630,31552,296.8,rainbow_cnn_dqn,,3.3,,50,0,,,,,,,,,,,
631,31602,297.3,rainbow_cnn_dqn,,-3.9,,50,0,,,,,,,,,,,
632,31652,297.8,rainbow_cnn_dqn,,-7.5,,50,0,,,,,,,,,,,
633,31702,298.3,rainbow_cnn_dqn,,-5.1,,50,0,,,,,,,,,,,
634,31752,298.8,rainbow_cnn_dqn,,-6.9,,50,0,,,,,,,,,,,
635,31802,299.4,rainbow_cnn_dqn,,-5.1,,50,0,,,,,,,,,,,
636,31852,299.9,rainbow_cnn_dqn,,0.9,,50,0,,,,,,,,,,,
637,31902,300.4,rainbow_cnn_dqn,,3.9,,50,0,,,,,,,,,,,
638,31952,300.9,rainbow_cnn_dqn,,-1.5,,50,0,,,,,,,,,,,
639,32002,301.4,rainbow_cnn_dqn,,3.9,,50,0,,,,,,,,,,,
640,32052,301.9,rainbow_cnn_dqn,,-3.3,,50,0,,,,,,,,,,,
641,32102,302.4,rainbow_cnn_dqn,,2.7,,50,0,,,,,,,,,,,
642,32152,302.9,rainbow_cnn_dqn,,-4.5,,50,0,,,,,,,,,,,
643,32202,303.4,rainbow_cnn_dqn,,-5.7,,50,0,,,,,,,,,,,
644,32252,303.9,rainbow_cnn_dqn,,-5.1,,50,0,,,,,,,,,,,
645,32302,304.4,rainbow_cnn_dqn,,-2.7,,50,0,,,,,,,,,,,
646,32352,305.0,rainbow_cnn_dqn,,0.3,,50,0,,,,,,,,,,,
647,32402,305.5,rainbow_cnn_dqn,,-1.5,,50,0,,,,,,,,,,,
648,32452,306.0,rainbow_cnn_dqn,,-2.7,,50,0,,,,,,,,,,,
649,32502,306.5,rainbow_cnn_dqn,,-0.9,,50,0,,,,,,,,,,,
650,32552,307.4,rainbow_cnn_dqn,,-6.3,,50,0,,,,,,,,,,,
651,32602,308.5,rainbow_cnn_dqn,,-2.7,,50,0,,,,,,,,,,,
652,32652,309.0,rainbow_cnn_dqn,,3.3,,50,0,,,,,,,,,,,
653,32702,309.5,rainbow_cnn_dqn,,-4.5,,50,0,,,,,,,,,,,
654,32752,310.1,rainbow_cnn_dqn,,-4.5,,50,0,,,,,,,,,,,
655,32802,310.6,rainbow_cnn_dqn,,0.9,,50,0,,,,,,,,,,,
656,32852,311.1,rainbow_cnn_dqn,,-6.3,,50,0,,,,,,,,,,,
657,32902,311.7,rainbow_cnn_dqn,,-6.9,,50,0,,,,,,,,,,,
658,32952,312.2,rainbow_cnn_dqn,,-4.5,,50,0,,,,,,,,,,,
659,33002,312.7,rainbow_cnn_dqn,,3.9,,50,0,,,,,,,,,,,
660,33052,313.3,rainbow_cnn_dqn,,-4.5,,50,0,,,,,,,,,,,
661,33102,313.8,rainbow_cnn_dqn,,-3.3,,50,0,,,,,,,,,,,
662,33152,314.3,rainbow_cnn_dqn,,3.3,,50,0,,,,,,,,,,,
663,33202,314.9,rainbow_cnn_dqn,,-5.7,,50,0,,,,,,,,,,,
664,33252,315.4,rainbow_cnn_dqn,,3.9,,50,0,,,,,,,,,,,
665,33302,315.9,rainbow_cnn_dqn,,3.9,,50,0,,,,,,,,,,,
666,33352,316.4,rainbow_cnn_dqn,,-1.5,,50,0,,,,,,,,,,,
667,33402,316.9,rainbow_cnn_dqn,,-4.5,,50,0,,,,,,,,,,,
668,33452,317.8,rainbow_cnn_dqn,,3.9,,50,0,,,,,,,,,,,
669,33502,318.3,rainbow_cnn_dqn,,-5.1,,50,0,,,,,,,,,,,
670,33552,318.8,rainbow_cnn_dqn,,-5.1,,50,0,,,,,,,,,,,
671,33602,319.3,rainbow_cnn_dqn,,-2.1,,50,0,,,,,,,,,,,
672,33652,319.8,rainbow_cnn_dqn,,-5.1,,50,0,,,,,,,,,,,
673,33702,320.3,rainbow_cnn_dqn,,-7.5,,50,0,,,,,,,,,,,
674,33752,320.8,rainbow_cnn_dqn,,-4.5,,50,0,,,,,,,,,,,
675,33802,321.4,rainbow_cnn_dqn,,0.3,,50,0,,,,,,,,,,,
676,33852,321.9,rainbow_cnn_dqn,,-0.9,,50,0,,,,,,,,,,,
677,33902,322.4,rainbow_cnn_dqn,,-2.1,,50,0,,,,,,,,,,,
678,33952,323.0,rainbow_cnn_dqn,,-5.7,,50,0,,,,,,,,,,,
679,34002,323.5,rainbow_cnn_dqn,,-0.9,,50,0,,,,,,,,,,,
680,34052,324.0,rainbow_cnn_dqn,,-3.9,,50,0,,,,,,,,,,,
681,34102,324.5,rainbow_cnn_dqn,,-5.1,,50,0,,,,,,,,,,,
682,34152,325.1,rainbow_cnn_dqn,,-3.9,,50,0,,,,,,,,,,,
683,34202,325.6,rainbow_cnn_dqn,,-6.3,,50,0,,,,,,,,,,,
684,34252,326.1,rainbow_cnn_dqn,,-6.9,,50,0,,,,,,,,,,,
685,34302,326.6,rainbow_cnn_dqn,,-3.9,,50,0,,,,,,,,,,,
686,34352,327.1,rainbow_cnn_dqn,,-5.7,,50,0,,,,,,,,,,,
687,34402,327.6,rainbow_cnn_dqn,,-4.5,,50,0,,,,,,,,,,,
688,34452,328.5,rainbow_cnn_dqn,,-0.3,,50,0,,,,,,,,,,,
689,34502,329.0,rainbow_cnn_dqn,,-4.5,,50,0,,,,,,,,,,,
690,34552,329.5,rainbow_cnn_dqn,,-0.9,,50,0,,,,,,,,,,,
691,34602,330.0,rainbow_cnn_dqn,,0.9,,50,0,,,,,,,,,,,
692,34652,330.5,rainbow_cnn_dqn,,-5.7,,50,0,,,,,,,,,,,
693,34702,331.0,rainbow_cnn_dqn,,-5.1,,50,0,,,,,,,,,,,
694,34752,331.5,rainbow_cnn_dqn,,-1.5,,50,0,,,,,,,,,,,
695,34802,332.0,rainbow_cnn_dqn,,-2.1,,50,0,,,,,,,,,,,
696,34852,332.6,rainbow_cnn_dqn,,-4.5,,50,0,,,,,,,,,,,
697,34902,333.1,rainbow_cnn_dqn,,-5.1,,50,0,,,,,,,,,,,
698,34952,333.6,rainbow_cnn_dqn,,-4.5,,50,0,,,,,,,,,,,
699,35002,334.1,rainbow_cnn_dqn,,-2.1,,50,0,,,,,,,,,,,
700,35052,334.6,rainbow_cnn_dqn,,-1.5,,50,0,,,,,,,,,,,
701,35102,335.7,rainbow_cnn_dqn,,-5.7,,50,0,,,,,,,,,,,
702,35152,336.2,rainbow_cnn_dqn,,-3.3,,50,0,,,,,,,,,,,
703,35202,336.7,rainbow_cnn_dqn,,-5.7,,50,0,,,,,,,,,,,
704,35252,337.2,rainbow_cnn_dqn,,-2.7,,50,0,,,,,,,,,,,
705,35302,337.7,rainbow_cnn_dqn,,-3.9,,50,0,,,,,,,,,,,
706,35352,338.3,rainbow_cnn_dqn,,-2.1,,50,0,,,,,,,,,,,
707,35402,339.2,rainbow_cnn_dqn,,0.3,,50,0,,,,,,,,,,,
708,35452,339.7,rainbow_cnn_dqn,,-3.3,,50,0,,,,,,,,,,,
709,35502,340.2,rainbow_cnn_dqn,,-6.9,,50,0,,,,,,,,,,,
710,35552,340.8,rainbow_cnn_dqn,,-5.1,,50,0,,,,,,,,,,,
711,35602,341.3,rainbow_cnn_dqn,,-0.9,,50,0,,,,,,,,,,,
712,35652,341.8,rainbow_cnn_dqn,,3.9,,50,0,,,,,,,,,,,
713,35702,342.3,rainbow_cnn_dqn,,-3.9,,50,0,,,,,,,,,,,
714,35752,342.9,rainbow_cnn_dqn,,-4.5,,50,0,,,,,,,,,,,
715,35802,343.4,rainbow_cnn_dqn,,3.9,,50,0,,,,,,,,,,,
716,35852,343.9,rainbow_cnn_dqn,,-6.3,,50,0,,,,,,,,,,,
717,35902,344.5,rainbow_cnn_dqn,,-2.1,,50,0,,,,,,,,,,,
718,35952,345.0,rainbow_cnn_dqn,,-7.5,,50,0,,,,,,,,,,,
719,36002,345.5,rainbow_cnn_dqn,,-3.9,,50,0,,,,,,,,,,,
720,36052,346.1,rainbow_cnn_dqn,,-6.9,,50,0,,,,,,,,,,,
721,36102,346.6,rainbow_cnn_dqn,,-0.3,,50,0,,,,,,,,,,,
722,36152,347.1,rainbow_cnn_dqn,,3.9,,50,0,,,,,,,,,,,
723,36202,347.6,rainbow_cnn_dqn,,-2.7,,50,0,,,,,,,,,,,
724,36252,348.2,rainbow_cnn_dqn,,-4.5,,50,0,,,,,,,,,,,
725,36302,348.7,rainbow_cnn_dqn,,-6.3,,50,0,,,,,,,,,,,
726,36352,349.6,rainbow_cnn_dqn,,-5.7,,50,0,,,,,,,,,,,
727,36402,350.1,rainbow_cnn_dqn,,-8.1,,50,0,,,,,,,,,,,
728,36452,350.7,rainbow_cnn_dqn,,-2.7,,50,0,,,,,,,,,,,
729,36502,351.2,rainbow_cnn_dqn,,3.9,,50,0,,,,,,,,,,,
730,36552,351.7,rainbow_cnn_dqn,,-4.5,,50,0,,,,,,,,,,,
731,36602,352.2,rainbow_cnn_dqn,,3.9,,50,0,,,,,,,,,,,
732,36652,352.8,rainbow_cnn_dqn,,3.9,,50,0,,,,,,,,,,,
733,36702,353.3,rainbow_cnn_dqn,,-5.7,,50,0,,,,,,,,,,,
734,36752,353.8,rainbow_cnn_dqn,,3.3,,50,0,,,,,,,,,,,
735,36802,354.3,rainbow_cnn_dqn,,-5.7,,50,0,,,,,,,,,,,
736,36852,354.8,rainbow_cnn_dqn,,0.9,,50,0,,,,,,,,,,,
737,36902,355.3,rainbow_cnn_dqn,,-4.5,,50,0,,,,,,,,,,,
738,36952,355.9,rainbow_cnn_dqn,,3.9,,50,0,,,,,,,,,,,
739,37002,356.4,rainbow_cnn_dqn,,-7.5,,50,0,,,,,,,,,,,
740,37052,356.9,rainbow_cnn_dqn,,-6.9,,50,0,,,,,,,,,,,
741,37102,357.4,rainbow_cnn_dqn,,3.3,,50,0,,,,,,,,,,,
742,37152,358.0,rainbow_cnn_dqn,,3.3,,50,0,,,,,,,,,,,
743,37202,358.5,rainbow_cnn_dqn,,0.9,,50,0,,,,,,,,,,,
744,37252,359.1,rainbow_cnn_dqn,,-2.7,,50,0,,,,,,,,,,,
745,37302,359.6,rainbow_cnn_dqn,,-3.3,,50,0,,,,,,,,,,,
746,37352,360.5,rainbow_cnn_dqn,,1.5,,50,0,,,,,,,,,,,
747,37402,361.0,rainbow_cnn_dqn,,3.9,,50,0,,,,,,,,,,,
748,37452,361.5,rainbow_cnn_dqn,,3.9,,50,0,,,,,,,,,,,
749,37502,362.1,rainbow_cnn_dqn,,-5.1,,50,0,,,,,,,,,,,
750,37552,362.6,rainbow_cnn_dqn,,3.9,,50,0,,,,,,,,,,,
751,37602,363.7,rainbow_cnn_dqn,,3.9,,50,0,,,,,,,,,,,
752,37652,364.2,rainbow_cnn_dqn,,-6.3,,50,0,,,,,,,,,,,
753,37702,364.7,rainbow_cnn_dqn,,-3.9,,50,0,,,,,,,,,,,
754,37752,365.3,rainbow_cnn_dqn,,3.9,,50,0,,,,,,,,,,,
755,37802,365.8,rainbow_cnn_dqn,,3.9,,50,0,,,,,,,,,,,
756,37852,366.3,rainbow_cnn_dqn,,3.9,,50,0,,,,,,,,,,,
757,37902,366.8,rainbow_cnn_dqn,,3.9,,50,0,,,,,,,,,,,
758,37961,367.4,rainbow_cnn_dqn,,4.8,,59,0,,,,,,,,,,,
759,38011,368.0,rainbow_cnn_dqn,,3.9,,50,0,,,,,,,,,,,
760,38061,368.5,rainbow_cnn_dqn,,3.9,,50,0,,,,,,,,,,,
761,38111,369.0,rainbow_cnn_dqn,,3.9,,50,0,,,,,,,,,,,
762,38161,369.6,rainbow_cnn_dqn,,3.9,,50,0,,,,,,,,,,,
763,38211,370.1,rainbow_cnn_dqn,,3.9,,50,0,,,,,,,,,,,
764,38261,370.9,rainbow_cnn_dqn,,1.5,,50,0,,,,,,,,,,,
765,38318,371.5,rainbow_cnn_dqn,,4.6,,57,0,,,,,,,,,,,
766,38349,371.8,rainbow_cnn_dqn,,2.0,,31,0,,,,,,,,,,,
767,38399,372.3,rainbow_cnn_dqn,,3.9,,50,0,,,,,,,,,,,
768,38449,372.9,rainbow_cnn_dqn,,3.9,,50,0,,,,,,,,,,,
769,38499,373.4,rainbow_cnn_dqn,,3.9,,50,0,,,,,,,,,,,
770,38558,374.0,rainbow_cnn_dqn,,4.8,,59,0,,,,,,,,,,,
771,38608,374.6,rainbow_cnn_dqn,,3.9,,50,0,,,,,,,,,,,
772,38658,375.1,rainbow_cnn_dqn,,3.9,,50,0,,,,,,,,,,,
773,38716,375.7,rainbow_cnn_dqn,,4.7,,58,0,,,,,,,,,,,
774,38766,376.2,rainbow_cnn_dqn,,3.9,,50,0,,,,,,,,,,,
775,38816,376.7,rainbow_cnn_dqn,,3.9,,50,0,,,,,,,,,,,
776,38866,377.2,rainbow_cnn_dqn,,3.9,,50,0,,,,,,,,,,,
777,38910,377.7,rainbow_cnn_dqn,,3.3,,44,0,,,,,,,,,,,
778,38960,378.2,rainbow_cnn_dqn,,3.9,,50,0,,,,,,,,,,,
779,39010,378.7,rainbow_cnn_dqn,,3.3,,50,0,,,,,,,,,,,
780,39060,379.2,rainbow_cnn_dqn,,3.9,,50,0,,,,,,,,,,,
781,39110,379.7,rainbow_cnn_dqn,,3.9,,50,0,,,,,,,,,,,
782,39160,380.2,rainbow_cnn_dqn,,3.3,,50,0,,,,,,,,,,,
783,39191,380.6,rainbow_cnn_dqn,,2.0,,31,0,,,,,,,,,,,
784,39241,381.4,rainbow_cnn_dqn,,0.3,,50,0,,,,,,,,,,,
785,39291,381.9,rainbow_cnn_dqn,,-3.3,,50,0,,,,,,,,,,,
786,39341,382.4,rainbow_cnn_dqn,,3.9,,50,0,,,,,,,,,,,
787,39391,382.9,rainbow_cnn_dqn,,2.1,,50,0,,,,,,,,,,,
788,39448,383.5,rainbow_cnn_dqn,,4.6,,57,0,,,,,,,,,,,
789,39507,384.1,rainbow_cnn_dqn,,4.8,,59,0,,,,,,,,,,,
790,39557,384.6,rainbow_cnn_dqn,,3.9,,50,0,,,,,,,,,,,
791,39612,385.2,rainbow_cnn_dqn,,4.4,,55,0,,,,,,,,,,,
792,39662,385.7,rainbow_cnn_dqn,,3.9,,50,0,,,,,,,,,,,
793,39712,386.2,rainbow_cnn_dqn,,3.9,,50,0,,,,,,,,,,,
794,39762,386.7,rainbow_cnn_dqn,,3.9,,50,0,,,,,,,,,,,
795,39793,387.1,rainbow_cnn_dqn,,2.0,,31,0,,,,,,,,,,,
796,39843,387.6,rainbow_cnn_dqn,,3.9,,50,0,,,,,,,,,,,
797,39893,388.1,rainbow_cnn_dqn,,3.9,,50,0,,,,,,,,,,,
798,39943,388.6,rainbow_cnn_dqn,,3.9,,50,0,,,,,,,,,,,
799,39993,389.1,rainbow_cnn_dqn,,3.9,,50,0,,,,,,,,,,,
800,40043,389.6,rainbow_cnn_dqn,,3.9,,50,0,,,,,,,,,,,
801,40093,390.7,rainbow_cnn_dqn,,3.9,,50,0,,,,,,,,,,,
802,40143,391.2,rainbow_cnn_dqn,,3.9,,50,0,,,,,,,,,,,
803,40193,392.0,rainbow_cnn_dqn,,3.9,,50,0,,,,,,,,,,,
804,40243,392.5,rainbow_cnn_dqn,,3.9,,50,0,,,,,,,,,,,
805,40293,393.0,rainbow_cnn_dqn,,3.9,,50,0,,,,,,,,,,,
806,40343,393.5,rainbow_cnn_dqn,,3.9,,50,0,,,,,,,,,,,
807,40393,394.0,rainbow_cnn_dqn,,3.9,,50,0,,,,,,,,,,,
808,40443,394.5,rainbow_cnn_dqn,,3.9,,50,0,,,,,,,,,,,
809,40497,395.0,rainbow_cnn_dqn,,4.3,,54,0,,,,,,,,,,,
810,40551,395.6,rainbow_cnn_dqn,,4.3,,54,0,,,,,,,,,,,
811,40601,396.1,rainbow_cnn_dqn,,3.9,,50,0,,,,,,,,,,,
812,40651,396.6,rainbow_cnn_dqn,,3.9,,50,0,,,,,,,,,,,
813,40701,397.1,rainbow_cnn_dqn,,3.9,,50,0,,,,,,,,,,,
814,40751,397.7,rainbow_cnn_dqn,,3.9,,50,0,,,,,,,,,,,
815,40782,398.0,rainbow_cnn_dqn,,2.0,,31,0,,,,,,,,,,,
816,40813,398.3,rainbow_cnn_dqn,,2.0,,31,0,,,,,,,,,,,
817,40863,398.8,rainbow_cnn_dqn,,3.9,,50,0,,,,,,,,,,,
818,40913,399.3,rainbow_cnn_dqn,,3.9,,50,0,,,,,,,,,,,
819,40963,399.8,rainbow_cnn_dqn,,3.9,,50,0,,,,,,,,,,,
820,41013,400.4,rainbow_cnn_dqn,,3.9,,50,0,,,,,,,,,,,
821,41063,400.9,rainbow_cnn_dqn,,3.9,,50,0,,,,,,,,,,,
822,41113,401.4,rainbow_cnn_dqn,,3.9,,50,0,,,,,,,,,,,
823,41162,401.9,rainbow_cnn_dqn,,3.8,,49,0,,,,,,,,,,,
824,41215,402.7,rainbow_cnn_dqn,,4.2,,53,0,,,,,,,,,,,
825,41265,403.3,rainbow_cnn_dqn,,3.9,,50,0,,,,,,,,,,,
826,41315,403.8,rainbow_cnn_dqn,,3.9,,50,0,,,,,,,,,,,
827,41365,404.3,rainbow_cnn_dqn,,3.9,,50,0,,,,,,,,,,,
828,41396,404.6,rainbow_cnn_dqn,,2.0,,31,0,,,,,,,,,,,
829,41446,405.1,rainbow_cnn_dqn,,3.9,,50,0,,,,,,,,,,,
830,41496,405.7,rainbow_cnn_dqn,,3.9,,50,0,,,,,,,,,,,
831,41546,406.2,rainbow_cnn_dqn,,1.5,,50,0,,,,,,,,,,,
832,41596,406.7,rainbow_cnn_dqn,,3.9,,50,0,,,,,,,,,,,
833,41646,407.2,rainbow_cnn_dqn,,3.9,,50,0,,,,,,,,,,,
834,41696,407.7,rainbow_cnn_dqn,,3.9,,50,0,,,,,,,,,,,
835,41746,408.2,rainbow_cnn_dqn,,3.9,,50,0,,,,,,,,,,,
836,41801,408.7,rainbow_cnn_dqn,,4.4,,55,0,,,,,,,,,,,
837,41851,409.2,rainbow_cnn_dqn,,3.3,,50,0,,,,,,,,,,,
838,41901,409.7,rainbow_cnn_dqn,,3.9,,50,0,,,,,,,,,,,
839,41954,410.2,rainbow_cnn_dqn,,4.2,,53,0,,,,,,,,,,,
840,42009,410.8,rainbow_cnn_dqn,,4.4,,55,0,,,,,,,,,,,
841,42059,411.3,rainbow_cnn_dqn,,3.9,,50,0,,,,,,,,,,,
842,42109,411.8,rainbow_cnn_dqn,,3.3,,50,0,,,,,,,,,,,
843,42159,412.3,rainbow_cnn_dqn,,3.9,,50,0,,,,,,,,,,,
844,42209,413.1,rainbow_cnn_dqn,,3.9,,50,0,,,,,,,,,,,
845,42259,413.6,rainbow_cnn_dqn,,3.9,,50,0,,,,,,,,,,,
846,42309,414.1,rainbow_cnn_dqn,,3.9,,50,0,,,,,,,,,,,
847,42359,414.7,rainbow_cnn_dqn,,3.9,,50,0,,,,,,,,,,,
848,42409,415.2,rainbow_cnn_dqn,,3.9,,50,0,,,,,,,,,,,
849,42459,415.7,rainbow_cnn_dqn,,-0.9,,50,0,,,,,,,,,,,
850,42509,416.2,rainbow_cnn_dqn,,3.9,,50,0,,,,,,,,,,,
851,42559,417.6,rainbow_cnn_dqn,,2.1,,50,0,,,,,,,,,,,
852,42614,418.2,rainbow_cnn_dqn,,4.4,,55,0,,,,,,,,,,,
853,42664,418.7,rainbow_cnn_dqn,,3.9,,50,0,,,,,,,,,,,
854,42714,419.2,rainbow_cnn_dqn,,3.9,,50,0,,,,,,,,,,,
855,42764,419.7,rainbow_cnn_dqn,,3.9,,50,0,,,,,,,,,,,
856,42814,420.2,rainbow_cnn_dqn,,3.9,,50,0,,,,,,,,,,,
857,42870,420.8,rainbow_cnn_dqn,,4.5,,56,0,,,,,,,,,,,
858,42920,421.3,rainbow_cnn_dqn,,3.9,,50,0,,,,,,,,,,,
859,42970,421.8,rainbow_cnn_dqn,,3.9,,50,0,,,,,,,,,,,
860,43020,422.3,rainbow_cnn_dqn,,3.9,,50,0,,,,,,,,,,,
861,43070,422.9,rainbow_cnn_dqn,,3.9,,50,0,,,,,,,,,,,
862,43120,423.7,rainbow_cnn_dqn,,3.9,,50,0,,,,,,,,,,,
863,43170,424.2,rainbow_cnn_dqn,,3.9,,50,0,,,,,,,,,,,
864,43224,424.8,rainbow_cnn_dqn,,4.3,,54,0,,,,,,,,,,,
865,43273,425.3,rainbow_cnn_dqn,,3.8,,49,0,,,,,,,,,,,
866,43324,425.8,rainbow_cnn_dqn,,4.0,,51,0,,,,,,,,,,,
867,43379,426.3,rainbow_cnn_dqn,,4.4,,55,0,,,,,,,,,,,
868,43429,426.8,rainbow_cnn_dqn,,3.9,,50,0,,,,,,,,,,,
869,43479,427.3,rainbow_cnn_dqn,,3.9,,50,0,,,,,,,,,,,
870,43529,427.8,rainbow_cnn_dqn,,3.9,,50,0,,,,,,,,,,,
871,43582,428.3,rainbow_cnn_dqn,,4.2,,53,0,,,,,,,,,,,
872,43632,428.8,rainbow_cnn_dqn,,3.9,,50,0,,,,,,,,,,,
873,43682,429.4,rainbow_cnn_dqn,,3.9,,50,0,,,,,,,,,,,
874,43732,429.9,rainbow_cnn_dqn,,3.9,,50,0,,,,,,,,,,,
875,43783,430.4,rainbow_cnn_dqn,,4.0,,51,0,,,,,,,,,,,
876,43833,430.9,rainbow_cnn_dqn,,3.9,,50,0,,,,,,,,,,,
877,43883,431.4,rainbow_cnn_dqn,,3.9,,50,0,,,,,,,,,,,
878,43933,431.9,rainbow_cnn_dqn,,3.9,,50,0,,,,,,,,,,,
879,43983,432.4,rainbow_cnn_dqn,,3.9,,50,0,,,,,,,,,,,
880,44033,433.0,rainbow_cnn_dqn,,3.9,,50,0,,,,,,,,,,,
881,44083,433.5,rainbow_cnn_dqn,,3.3,,50,0,,,,,,,,,,,
882,44133,434.3,rainbow_cnn_dqn,,-2.1,,50,0,,,,,,,,,,,
883,44183,434.8,rainbow_cnn_dqn,,-3.9,,50,0,,,,,,,,,,,
884,44233,435.3,rainbow_cnn_dqn,,-3.3,,50,0,,,,,,,,,,,
885,44283,435.9,rainbow_cnn_dqn,,3.9,,50,0,,,,,,,,,,,
886,44333,436.4,rainbow_cnn_dqn,,3.9,,50,0,,,,,,,,,,,
887,44383,436.9,rainbow_cnn_dqn,,3.9,,50,0,,,,,,,,,,,
888,44433,437.4,rainbow_cnn_dqn,,1.5,,50,0,,,,,,,,,,,
889,44483,437.9,rainbow_cnn_dqn,,3.9,,50,0,,,,,,,,,,,
890,44533,438.4,rainbow_cnn_dqn,,0.3,,50,0,,,,,,,,,,,
891,44583,439.0,rainbow_cnn_dqn,,3.9,,50,0,,,,,,,,,,,
892,44633,439.5,rainbow_cnn_dqn,,3.9,,50,0,,,,,,,,,,,
893,44683,440.0,rainbow_cnn_dqn,,3.9,,50,0,,,,,,,,,,,
894,44733,440.5,rainbow_cnn_dqn,,-0.9,,50,0,,,,,,,,,,,
895,44784,441.0,rainbow_cnn_dqn,,4.0,,51,0,,,,,,,,,,,
896,44834,441.6,rainbow_cnn_dqn,,3.9,,50,0,,,,,,,,,,,
897,44884,442.1,rainbow_cnn_dqn,,3.9,,50,0,,,,,,,,,,,
898,44934,442.6,rainbow_cnn_dqn,,3.9,,50,0,,,,,,,,,,,
899,44984,443.1,rainbow_cnn_dqn,,3.9,,50,0,,,,,,,,,,,
900,45034,443.6,rainbow_cnn_dqn,,3.9,,50,0,,,,,,,,,,,
901,45084,445.1,rainbow_cnn_dqn,,3.9,,50,0,,,,,,,,,,,
902,45134,445.6,rainbow_cnn_dqn,,3.9,,50,0,,,,,,,,,,,
903,45184,446.1,rainbow_cnn_dqn,,3.9,,50,0,,,,,,,,,,,
904,45237,446.7,rainbow_cnn_dqn,,4.2,,53,0,,,,,,,,,,,
905,45287,447.2,rainbow_cnn_dqn,,3.9,,50,0,,,,,,,,,,,
906,45337,447.7,rainbow_cnn_dqn,,3.9,,50,0,,,,,,,,,,,
907,45387,448.2,rainbow_cnn_dqn,,3.9,,50,0,,,,,,,,,,,
908,45437,448.7,rainbow_cnn_dqn,,3.9,,50,0,,,,,,,,,,,
909,45487,449.2,rainbow_cnn_dqn,,3.9,,50,0,,,,,,,,,,,
910,45537,449.8,rainbow_cnn_dqn,,3.3,,50,0,,,,,,,,,,,
911,45587,450.3,rainbow_cnn_dqn,,3.9,,50,0,,,,,,,,,,,
912,45644,450.9,rainbow_cnn_dqn,,4.6,,57,0,,,,,,,,,,,
913,45694,451.4,rainbow_cnn_dqn,,3.9,,50,0,,,,,,,,,,,
914,45744,451.9,rainbow_cnn_dqn,,3.9,,50,0,,,,,,,,,,,
915,45794,452.4,rainbow_cnn_dqn,,3.9,,50,0,,,,,,,,,,,
916,45844,452.9,rainbow_cnn_dqn,,3.9,,50,0,,,,,,,,,,,
917,45894,453.4,rainbow_cnn_dqn,,3.9,,50,0,,,,,,,,,,,
918,45944,453.9,rainbow_cnn_dqn,,3.9,,50,0,,,,,,,,,,,
919,45994,454.5,rainbow_cnn_dqn,,3.9,,50,0,,,,,,,,,,,
920,46044,455.0,rainbow_cnn_dqn,,3.9,,50,0,,,,,,,,,,,
921,46094,455.8,rainbow_cnn_dqn,,3.9,,50,0,,,,,,,,,,,
922,46144,456.3,rainbow_cnn_dqn,,3.9,,50,0,,,,,,,,,,,
923,46194,456.8,rainbow_cnn_dqn,,3.9,,50,0,,,,,,,,,,,
924,46250,457.4,rainbow_cnn_dqn,,4.5,,56,0,,,,,,,,,,,
925,46300,457.9,rainbow_cnn_dqn,,3.9,,50,0,,,,,,,,,,,
926,46348,458.4,rainbow_cnn_dqn,,3.7,,48,0,,,,,,,,,,,
927,46401,459.0,rainbow_cnn_dqn,,4.2,,53,0,,,,,,,,,,,
928,46451,459.5,rainbow_cnn_dqn,,3.9,,50,0,,,,,,,,,,,
929,46504,460.0,rainbow_cnn_dqn,,4.2,,53,0,,,,,,,,,,,
930,46554,460.5,rainbow_cnn_dqn,,3.9,,50,0,,,,,,,,,,,
931,46607,461.1,rainbow_cnn_dqn,,4.2,,53,0,,,,,,,,,,,
932,46657,461.5,rainbow_cnn_dqn,,3.9,,50,0,,,,,,,,,,,
933,46707,462.0,rainbow_cnn_dqn,,3.9,,50,0,,,,,,,,,,,
934,46757,462.5,rainbow_cnn_dqn,,3.9,,50,0,,,,,,,,,,,
935,46807,463.0,rainbow_cnn_dqn,,3.9,,50,0,,,,,,,,,,,
936,46857,463.5,rainbow_cnn_dqn,,3.9,,50,0,,,,,,,,,,,
937,46916,464.1,rainbow_cnn_dqn,,4.8,,59,0,,,,,,,,,,,
938,46962,464.6,rainbow_cnn_dqn,,3.5,,46,0,,,,,,,,,,,
939,47008,465.1,rainbow_cnn_dqn,,3.5,,46,0,,,,,,,,,,,
940,47058,465.6,rainbow_cnn_dqn,,3.9,,50,0,,,,,,,,,,,
941,47108,466.4,rainbow_cnn_dqn,,3.9,,50,0,,,,,,,,,,,
942,47162,467.0,rainbow_cnn_dqn,,4.3,,54,0,,,,,,,,,,,
943,47214,467.6,rainbow_cnn_dqn,,4.1,,52,0,,,,,,,,,,,
944,47264,468.1,rainbow_cnn_dqn,,3.9,,50,0,,,,,,,,,,,
945,47320,468.7,rainbow_cnn_dqn,,4.5,,56,0,,,,,,,,,,,
946,47368,469.2,rainbow_cnn_dqn,,3.7,,48,0,,,,,,,,,,,
947,47423,469.8,rainbow_cnn_dqn,,4.4,,55,0,,,,,,,,,,,
948,47466,470.2,rainbow_cnn_dqn,,3.2,,43,0,,,,,,,,,,,
949,47510,470.7,rainbow_cnn_dqn,,3.3,,44,0,,,,,,,,,,,
950,47560,471.2,rainbow_cnn_dqn,,3.9,,50,0,,,,,,,,,,,
951,47607,472.5,rainbow_cnn_dqn,,3.6,,47,0,,,,,,,,,,,
952,47657,473.0,rainbow_cnn_dqn,,3.9,,50,0,,,,,,,,,,,
953,47710,473.6,rainbow_cnn_dqn,,4.2,,53,0,,,,,,,,,,,
954,47750,474.0,rainbow_cnn_dqn,,2.9,,40,0,,,,,,,,,,,
955,47800,474.5,rainbow_cnn_dqn,,3.9,,50,0,,,,,,,,,,,
956,47850,475.0,rainbow_cnn_dqn,,3.9,,50,0,,,,,,,,,,,
957,47908,475.6,rainbow_cnn_dqn,,4.7,,58,0,,,,,,,,,,,
958,47965,476.2,rainbow_cnn_dqn,,4.6,,57,0,,,,,,,,,,,
959,48017,477.1,rainbow_cnn_dqn,,4.1,,52,0,,,,,,,,,,,
960,48063,477.5,rainbow_cnn_dqn,,3.5,,46,0,,,,,,,,,,,
961,48117,478.1,rainbow_cnn_dqn,,4.3,,54,0,,,,,,,,,,,
962,48167,478.6,rainbow_cnn_dqn,,3.9,,50,0,,,,,,,,,,,
963,48217,479.1,rainbow_cnn_dqn,,3.9,,50,0,,,,,,,,,,,
964,48267,479.6,rainbow_cnn_dqn,,3.9,,50,0,,,,,,,,,,,
965,48318,480.1,rainbow_cnn_dqn,,4.0,,51,0,,,,,,,,,,,
966,48368,480.6,rainbow_cnn_dqn,,3.9,,50,0,,,,,,,,,,,
967,48413,481.1,rainbow_cnn_dqn,,3.4,,45,0,,,,,,,,,,,
968,48461,481.6,rainbow_cnn_dqn,,3.7,,48,0,,,,,,,,,,,
969,48513,482.1,rainbow_cnn_dqn,,4.1,,52,0,,,,,,,,,,,
970,48563,482.6,rainbow_cnn_dqn,,3.9,,50,0,,,,,,,,,,,
971,48609,483.1,rainbow_cnn_dqn,,3.5,,46,0,,,,,,,,,,,
972,48664,483.7,rainbow_cnn_dqn,,4.4,,55,0,,,,,,,,,,,
973,48714,484.2,rainbow_cnn_dqn,,3.9,,50,0,,,,,,,,,,,
974,48764,484.8,rainbow_cnn_dqn,,3.9,,50,0,,,,,,,,,,,
975,48819,485.4,rainbow_cnn_dqn,,4.4,,55,0,,,,,,,,,,,
976,48869,485.9,rainbow_cnn_dqn,,3.9,,50,0,,,,,,,,,,,
977,48922,486.5,rainbow_cnn_dqn,,4.2,,53,0,,,,,,,,,,,
978,48972,487.0,rainbow_cnn_dqn,,3.9,,50,0,,,,,,,,,,,
979,49022,487.9,rainbow_cnn_dqn,,3.9,,50,0,,,,,,,,,,,
980,49074,488.4,rainbow_cnn_dqn,,4.1,,52,0,,,,,,,,,,,
981,49126,489.0,rainbow_cnn_dqn,,4.1,,52,0,,,,,,,,,,,
982,49176,489.5,rainbow_cnn_dqn,,3.9,,50,0,,,,,,,,,,,
983,49227,490.0,rainbow_cnn_dqn,,4.0,,51,0,,,,,,,,,,,
984,49281,490.6,rainbow_cnn_dqn,,4.3,,54,0,,,,,,,,,,,
985,49330,491.1,rainbow_cnn_dqn,,3.8,,49,0,,,,,,,,,,,
986,49385,491.7,rainbow_cnn_dqn,,4.4,,55,0,,,,,,,,,,,
987,49439,492.3,rainbow_cnn_dqn,,4.3,,54,0,,,,,,,,,,,
988,49489,492.8,rainbow_cnn_dqn,,3.9,,50,0,,,,,,,,,,,
989,49539,493.3,rainbow_cnn_dqn,,3.9,,50,0,,,,,,,,,,,
990,49589,493.9,rainbow_cnn_dqn,,3.9,,50,0,,,,,,,,,,,
991,49639,494.4,rainbow_cnn_dqn,,3.9,,50,0,,,,,,,,,,,
992,49689,494.9,rainbow_cnn_dqn,,3.9,,50,0,,,,,,,,,,,
993,49739,495.5,rainbow_cnn_dqn,,3.9,,50,0,,,,,,,,,,,
994,49783,495.9,rainbow_cnn_dqn,,3.3,,44,0,,,,,,,,,,,
995,49833,496.4,rainbow_cnn_dqn,,3.9,,50,0,,,,,,,,,,,
996,49885,496.9,rainbow_cnn_dqn,,4.1,,52,0,,,,,,,,,,,
997,49931,497.4,rainbow_cnn_dqn,,3.5,,46,0,,,,,,,,,,,
998,49981,498.3,rainbow_cnn_dqn,,3.9,,50,0,,,,,,,,,,,
999,50032,498.8,rainbow_cnn_dqn,,4.0,,51,0,,,,,,,,,,,
1000,50082,499.3,rainbow_cnn_dqn,,3.9,,50,0,,,,,,,,,,,
1001,50132,500.7,rainbow_cnn_dqn,,3.9,,50,0,,,,,,,,,,,
1002,50182,501.2,rainbow_cnn_dqn,,3.9,,50,0,,,,,,,,,,,
1003,50228,501.7,rainbow_cnn_dqn,,3.5,,46,0,,,,,,,,,,,
1004,50283,502.2,rainbow_cnn_dqn,,4.4,,55,0,,,,,,,,,,,
1005,50333,502.8,rainbow_cnn_dqn,,3.9,,50,0,,,,,,,,,,,
1006,50386,503.3,rainbow_cnn_dqn,,4.2,,53,0,,,,,,,,,,,
1007,50442,503.9,rainbow_cnn_dqn,,4.5,,56,0,,,,,,,,,,,
1008,50489,504.4,rainbow_cnn_dqn,,3.6,,47,0,,,,,,,,,,,
1009,50539,504.9,rainbow_cnn_dqn,,3.9,,50,0,,,,,,,,,,,
1010,50583,505.4,rainbow_cnn_dqn,,3.3,,44,0,,,,,,,,,,,
1011,50633,505.9,rainbow_cnn_dqn,,3.9,,50,0,,,,,,,,,,,
1012,50685,506.4,rainbow_cnn_dqn,,4.1,,52,0,,,,,,,,,,,
1013,50735,506.9,rainbow_cnn_dqn,,3.9,,50,0,,,,,,,,,,,
1014,50793,507.5,rainbow_cnn_dqn,,4.7,,58,0,,,,,,,,,,,
1015,50849,508.2,rainbow_cnn_dqn,,4.5,,56,0,,,,,,,,,,,
1016,50899,509.0,rainbow_cnn_dqn,,3.9,,50,0,,,,,,,,,,,
1017,50949,509.6,rainbow_cnn_dqn,,3.9,,50,0,,,,,,,,,,,
1018,50999,510.1,rainbow_cnn_dqn,,3.9,,50,0,,,,,,,,,,,
1019,51049,510.6,rainbow_cnn_dqn,,3.9,,50,0,,,,,,,,,,,
1020,51099,511.2,rainbow_cnn_dqn,,3.9,,50,0,,,,,,,,,,,
1021,51149,511.7,rainbow_cnn_dqn,,3.9,,50,0,,,,,,,,,,,
1022,51200,512.3,rainbow_cnn_dqn,,4.0,,51,0,,,,,,,,,,,
1023,51254,512.8,rainbow_cnn_dqn,,4.3,,54,0,,,,,,,,,,,
1024,51300,513.3,rainbow_cnn_dqn,,3.5,,46,0,,,,,,,,,,,
1025,51350,513.8,rainbow_cnn_dqn,,3.9,,50,0,,,,,,,,,,,
1026,51401,514.3,rainbow_cnn_dqn,,4.0,,51,0,,,,,,,,,,,
1027,51452,514.8,rainbow_cnn_dqn,,4.0,,51,0,,,,,,,,,,,
1028,51502,515.3,rainbow_cnn_dqn,,3.9,,50,0,,,,,,,,,,,
1029,51551,515.8,rainbow_cnn_dqn,,3.8,,49,0,,,,,,,,,,,
1030,51601,516.4,rainbow_cnn_dqn,,3.9,,50,0,,,,,,,,,,,
1031,51646,516.8,rainbow_cnn_dqn,,3.4,,45,0,,,,,,,,,,,
1032,51696,517.4,rainbow_cnn_dqn,,3.9,,50,0,,,,,,,,,,,
1033,51753,518.0,rainbow_cnn_dqn,,4.6,,57,0,,,,,,,,,,,
1034,51803,518.5,rainbow_cnn_dqn,,3.9,,50,0,,,,,,,,,,,
1035,51853,519.4,rainbow_cnn_dqn,,3.9,,50,0,,,,,,,,,,,
1036,51903,519.9,rainbow_cnn_dqn,,3.9,,50,0,,,,,,,,,,,
1037,51953,520.4,rainbow_cnn_dqn,,3.9,,50,0,,,,,,,,,,,
1038,52003,521.0,rainbow_cnn_dqn,,3.9,,50,0,,,,,,,,,,,
1039,52053,521.5,rainbow_cnn_dqn,,3.9,,50,0,,,,,,,,,,,
1040,52103,522.0,rainbow_cnn_dqn,,3.9,,50,0,,,,,,,,,,,
1041,52153,522.6,rainbow_cnn_dqn,,3.9,,50,0,,,,,,,,,,,
1042,52203,523.1,rainbow_cnn_dqn,,3.9,,50,0,,,,,,,,,,,
1043,52253,523.6,rainbow_cnn_dqn,,3.9,,50,0,,,,,,,,,,,
1044,52306,524.2,rainbow_cnn_dqn,,4.2,,53,0,,,,,,,,,,,
1045,52356,524.7,rainbow_cnn_dqn,,3.9,,50,0,,,,,,,,,,,
1046,52406,525.2,rainbow_cnn_dqn,,3.9,,50,0,,,,,,,,,,,
1047,52456,525.8,rainbow_cnn_dqn,,3.9,,50,0,,,,,,,,,,,
1048,52506,526.3,rainbow_cnn_dqn,,3.9,,50,0,,,,,,,,,,,
1049,52556,526.8,rainbow_cnn_dqn,,3.9,,50,0,,,,,,,,,,,
1050,52606,527.4,rainbow_cnn_dqn,,3.9,,50,0,,,,,,,,,,,
1051,52661,528.8,rainbow_cnn_dqn,,4.4,,55,0,,,,,,,,,,,
1052,52711,529.3,rainbow_cnn_dqn,,3.9,,50,0,,,,,,,,,,,
1053,52762,530.1,rainbow_cnn_dqn,,4.0,,51,0,,,,,,,,,,,
1054,52812,530.6,rainbow_cnn_dqn,,3.9,,50,0,,,,,,,,,,,
1055,52862,531.1,rainbow_cnn_dqn,,3.9,,50,0,,,,,,,,,,,
1056,52912,531.6,rainbow_cnn_dqn,,3.9,,50,0,,,,,,,,,,,
1057,52962,532.1,rainbow_cnn_dqn,,3.9,,50,0,,,,,,,,,,,
1058,53012,532.6,rainbow_cnn_dqn,,3.9,,50,0,,,,,,,,,,,
1059,53063,533.1,rainbow_cnn_dqn,,4.0,,51,0,,,,,,,,,,,
1060,53113,533.6,rainbow_cnn_dqn,,3.9,,50,0,,,,,,,,,,,
1061,53163,534.1,rainbow_cnn_dqn,,3.9,,50,0,,,,,,,,,,,
1062,53213,534.6,rainbow_cnn_dqn,,3.9,,50,0,,,,,,,,,,,
1063,53263,535.1,rainbow_cnn_dqn,,3.9,,50,0,,,,,,,,,,,
1064,53313,535.6,rainbow_cnn_dqn,,3.9,,50,0,,,,,,,,,,,
1065,53363,536.1,rainbow_cnn_dqn,,3.9,,50,0,,,,,,,,,,,
1066,53413,536.7,rainbow_cnn_dqn,,3.9,,50,0,,,,,,,,,,,
1067,53471,537.2,rainbow_cnn_dqn,,4.7,,58,0,,,,,,,,,,,
1068,53521,537.8,rainbow_cnn_dqn,,3.9,,50,0,,,,,,,,,,,
1069,53575,538.3,rainbow_cnn_dqn,,4.3,,54,0,,,,,,,,,,,
1070,53625,538.8,rainbow_cnn_dqn,,3.9,,50,0,,,,,,,,,,,
1071,53677,539.4,rainbow_cnn_dqn,,4.1,,52,0,,,,,,,,,,,
1072,53730,539.9,rainbow_cnn_dqn,,4.2,,53,0,,,,,,,,,,,
1073,53780,540.7,rainbow_cnn_dqn,,3.9,,50,0,,,,,,,,,,,
1074,53830,541.2,rainbow_cnn_dqn,,3.9,,50,0,,,,,,,,,,,
1075,53884,541.8,rainbow_cnn_dqn,,4.3,,54,0,,,,,,,,,,,
1076,53934,542.3,rainbow_cnn_dqn,,3.9,,50,0,,,,,,,,,,,
1077,53984,542.8,rainbow_cnn_dqn,,3.9,,50,0,,,,,,,,,,,
1078,54034,543.3,rainbow_cnn_dqn,,3.9,,50,0,,,,,,,,,,,
1079,54078,543.8,rainbow_cnn_dqn,,3.3,,44,0,,,,,,,,,,,
1080,54128,544.3,rainbow_cnn_dqn,,3.9,,50,0,,,,,,,,,,,
1081,54182,544.8,rainbow_cnn_dqn,,4.3,,54,0,,,,,,,,,,,
1082,54235,545.4,rainbow_cnn_dqn,,4.2,,53,0,,,,,,,,,,,
1083,54285,545.9,rainbow_cnn_dqn,,3.9,,50,0,,,,,,,,,,,
1084,54335,546.4,rainbow_cnn_dqn,,3.9,,50,0,,,,,,,,,,,
1085,54385,546.9,rainbow_cnn_dqn,,3.9,,50,0,,,,,,,,,,,
1086,54440,547.5,rainbow_cnn_dqn,,4.4,,55,0,,,,,,,,,,,
1087,54490,548.0,rainbow_cnn_dqn,,3.9,,50,0,,,,,,,,,,,
1088,54540,548.5,rainbow_cnn_dqn,,3.9,,50,0,,,,,,,,,,,
1089,54590,548.9,rainbow_cnn_dqn,,3.9,,50,0,,,,,,,,,,,
1090,54640,549.4,rainbow_cnn_dqn,,3.9,,50,0,,,,,,,,,,,
1091,54690,549.9,rainbow_cnn_dqn,,3.9,,50,0,,,,,,,,,,,
1092,54740,550.4,rainbow_cnn_dqn,,3.9,,50,0,,,,,,,,,,,
1093,54790,551.2,rainbow_cnn_dqn,,3.9,,50,0,,,,,,,,,,,
1094,54843,551.8,rainbow_cnn_dqn,,4.2,,53,0,,,,,,,,,,,
1095,54893,552.3,rainbow_cnn_dqn,,3.9,,50,0,,,,,,,,,,,
1096,54944,552.8,rainbow_cnn_dqn,,4.0,,51,0,,,,,,,,,,,
1097,54996,553.3,rainbow_cnn_dqn,,4.1,,52,0,,,,,,,,,,,
1098,55048,553.9,rainbow_cnn_dqn,,4.1,,52,0,,,,,,,,,,,
1099,55099,554.4,rainbow_cnn_dqn,,4.0,,51,0,,,,,,,,,,,
1100,55152,554.9,rainbow_cnn_dqn,,4.2,,53,0,,,,,,,,,,,
1101,55206,556.4,rainbow_cnn_dqn,,4.3,,54,0,,,,,,,,,,,
1102,55257,556.9,rainbow_cnn_dqn,,4.0,,51,0,,,,,,,,,,,
1103,55307,557.4,rainbow_cnn_dqn,,3.9,,50,0,,,,,,,,,,,
1104,55357,558.1,rainbow_cnn_dqn,,3.9,,50,0,,,,,,,,,,,
1105,55410,558.8,rainbow_cnn_dqn,,4.2,,53,0,,,,,,,,,,,
1106,55460,559.4,rainbow_cnn_dqn,,3.9,,50,0,,,,,,,,,,,
1107,55510,559.9,rainbow_cnn_dqn,,3.9,,50,0,,,,,,,,,,,
1108,55564,560.4,rainbow_cnn_dqn,,4.3,,54,0,,,,,,,,,,,
1109,55614,560.9,rainbow_cnn_dqn,,3.9,,50,0,,,,,,,,,,,
1110,55664,561.8,rainbow_cnn_dqn,,3.9,,50,0,,,,,,,,,,,
1111,55717,562.4,rainbow_cnn_dqn,,4.2,,53,0,,,,,,,,,,,
1112,55767,562.9,rainbow_cnn_dqn,,3.9,,50,0,,,,,,,,,,,
1113,55821,563.5,rainbow_cnn_dqn,,4.3,,54,0,,,,,,,,,,,
1114,55873,564.0,rainbow_cnn_dqn,,4.1,,52,0,,,,,,,,,,,
1115,55928,564.6,rainbow_cnn_dqn,,4.4,,55,0,,,,,,,,,,,
1116,55978,565.2,rainbow_cnn_dqn,,3.9,,50,0,,,,,,,,,,,
1117,56028,565.7,rainbow_cnn_dqn,,3.9,,50,0,,,,,,,,,,,
1118,56078,566.2,rainbow_cnn_dqn,,3.9,,50,0,,,,,,,,,,,
1119,56130,566.7,rainbow_cnn_dqn,,4.1,,52,0,,,,,,,,,,,
1120,56182,567.2,rainbow_cnn_dqn,,4.1,,52,0,,,,,,,,,,,
1121,56237,567.8,rainbow_cnn_dqn,,4.4,,55,0,,,,,,,,,,,
1122,56297,568.4,rainbow_cnn_dqn,,4.9,,60,0,,,,,,,,,,,
1123,56347,569.0,rainbow_cnn_dqn,,3.9,,50,0,,,,,,,,,,,
1124,56397,569.5,rainbow_cnn_dqn,,3.9,,50,0,,,,,,,,,,,
1125,56448,570.1,rainbow_cnn_dqn,,4.0,,51,0,,,,,,,,,,,
1126,56501,570.6,rainbow_cnn_dqn,,4.2,,53,0,,,,,,,,,,,
1127,56552,571.2,rainbow_cnn_dqn,,4.0,,51,0,,,,,,,,,,,
1128,56602,571.7,rainbow_cnn_dqn,,3.9,,50,0,,,,,,,,,,,
1129,56652,572.6,rainbow_cnn_dqn,,3.9,,50,0,,,,,,,,,,,
1130,56707,573.2,rainbow_cnn_dqn,,4.4,,55,0,,,,,,,,,,,
1131,56757,573.7,rainbow_cnn_dqn,,3.9,,50,0,,,,,,,,,,,
1132,56807,574.2,rainbow_cnn_dqn,,3.9,,50,0,,,,,,,,,,,
1133,56857,574.8,rainbow_cnn_dqn,,3.9,,50,0,,,,,,,,,,,
1134,56907,575.3,rainbow_cnn_dqn,,3.9,,50,0,,,,,,,,,,,
1135,56959,575.8,rainbow_cnn_dqn,,4.1,,52,0,,,,,,,,,,,
1136,57009,576.4,rainbow_cnn_dqn,,3.9,,50,0,,,,,,,,,,,
1137,57059,576.9,rainbow_cnn_dqn,,3.9,,50,0,,,,,,,,,,,
1138,57109,577.4,rainbow_cnn_dqn,,3.9,,50,0,,,,,,,,,,,
1139,57167,578.0,rainbow_cnn_dqn,,4.7,,58,0,,,,,,,,,,,
1140,57219,578.6,rainbow_cnn_dqn,,4.1,,52,0,,,,,,,,,,,
1141,57270,579.1,rainbow_cnn_dqn,,4.0,,51,0,,,,,,,,,,,
1142,57320,579.7,rainbow_cnn_dqn,,3.9,,50,0,,,,,,,,,,,
1143,57370,580.2,rainbow_cnn_dqn,,3.9,,50,0,,,,,,,,,,,
1144,57421,580.7,rainbow_cnn_dqn,,4.0,,51,0,,,,,,,,,,,
1145,57471,581.2,rainbow_cnn_dqn,,3.9,,50,0,,,,,,,,,,,
1146,57525,581.8,rainbow_cnn_dqn,,4.3,,54,0,,,,,,,,,,,
1147,57576,582.4,rainbow_cnn_dqn,,4.0,,51,0,,,,,,,,,,,
1148,57626,583.2,rainbow_cnn_dqn,,3.9,,50,0,,,,,,,,,,,
1149,57676,583.9,rainbow_cnn_dqn,,3.9,,50,0,,,,,,,,,,,
1150,57726,584.4,rainbow_cnn_dqn,,3.9,,50,0,,,,,,,,,,,
1151,57776,586.0,rainbow_cnn_dqn,,3.9,,50,0,,,,,,,,,,,
1152,57826,586.5,rainbow_cnn_dqn,,3.9,,50,0,,,,,,,,,,,
1153,57878,587.0,rainbow_cnn_dqn,,4.1,,52,0,,,,,,,,,,,
1154,57930,587.6,rainbow_cnn_dqn,,4.1,,52,0,,,,,,,,,,,
1155,57985,588.2,rainbow_cnn_dqn,,4.4,,55,0,,,,,,,,,,,
1156,58036,588.7,rainbow_cnn_dqn,,4.0,,51,0,,,,,,,,,,,
1157,58088,589.3,rainbow_cnn_dqn,,4.1,,52,0,,,,,,,,,,,
1158,58138,589.8,rainbow_cnn_dqn,,3.9,,50,0,,,,,,,,,,,
1159,58188,590.3,rainbow_cnn_dqn,,3.9,,50,0,,,,,,,,,,,
1160,58238,590.8,rainbow_cnn_dqn,,3.9,,50,0,,,,,,,,,,,
1161,58288,591.3,rainbow_cnn_dqn,,3.9,,50,0,,,,,,,,,,,
1162,58338,591.8,rainbow_cnn_dqn,,3.9,,50,0,,,,,,,,,,,
1163,58390,592.5,rainbow_cnn_dqn,,4.1,,52,0,,,,,,,,,,,
1164,58440,593.0,rainbow_cnn_dqn,,3.9,,50,0,,,,,,,,,,,
1165,58494,593.9,rainbow_cnn_dqn,,4.3,,54,0,,,,,,,,,,,
1166,58546,594.5,rainbow_cnn_dqn,,4.1,,52,0,,,,,,,,,,,
1167,58598,595.0,rainbow_cnn_dqn,,4.1,,52,0,,,,,,,,,,,
1168,58648,595.5,rainbow_cnn_dqn,,3.9,,50,0,,,,,,,,,,,
1169,58698,596.0,rainbow_cnn_dqn,,3.9,,50,0,,,,,,,,,,,
1170,58748,596.6,rainbow_cnn_dqn,,3.9,,50,0,,,,,,,,,,,
1171,58798,597.1,rainbow_cnn_dqn,,3.9,,50,0,,,,,,,,,,,
1172,58852,597.6,rainbow_cnn_dqn,,4.3,,54,0,,,,,,,,,,,
1173,58902,598.2,rainbow_cnn_dqn,,3.9,,50,0,,,,,,,,,,,
1174,58952,598.7,rainbow_cnn_dqn,,3.9,,50,0,,,,,,,,,,,
1175,59002,599.2,rainbow_cnn_dqn,,3.9,,50,0,,,,,,,,,,,
1176,59052,599.8,rainbow_cnn_dqn,,3.9,,50,0,,,,,,,,,,,
1177,59102,600.4,rainbow_cnn_dqn,,3.9,,50,0,,,,,,,,,,,
1178,59152,601.0,rainbow_cnn_dqn,,3.9,,50,0,,,,,,,,,,,
1179,59203,601.4,rainbow_cnn_dqn,,4.0,,51,0,,,,,,,,,,,
1180,59253,602.0,rainbow_cnn_dqn,,3.9,,50,0,,,,,,,,,,,
1181,59303,602.4,rainbow_cnn_dqn,,3.9,,50,0,,,,,,,,,,,
1182,59356,603.0,rainbow_cnn_dqn,,4.2,,53,0,,,,,,,,,,,
1183,59406,603.5,rainbow_cnn_dqn,,3.9,,50,0,,,,,,,,,,,
1184,59456,604.5,rainbow_cnn_dqn,,3.9,,50,0,,,,,,,,,,,
1185,59506,605.0,rainbow_cnn_dqn,,3.9,,50,0,,,,,,,,,,,
1186,59559,605.6,rainbow_cnn_dqn,,4.2,,53,0,,,,,,,,,,,
1187,59611,606.1,rainbow_cnn_dqn,,4.1,,52,0,,,,,,,,,,,
1188,59663,609.5,rainbow_cnn_dqn,,4.1,,52,0,,,,,,,,,,,
1189,59713,610.0,rainbow_cnn_dqn,,3.9,,50,0,,,,,,,,,,,
1190,59764,610.6,rainbow_cnn_dqn,,4.0,,51,0,,,,,,,,,,,
1191,59815,611.1,rainbow_cnn_dqn,,4.0,,51,0,,,,,,,,,,,
1192,59865,611.6,rainbow_cnn_dqn,,3.9,,50,0,,,,,,,,,,,
1193,59915,612.1,rainbow_cnn_dqn,,3.9,,50,0,,,,,,,,,,,
1194,59965,612.6,rainbow_cnn_dqn,,3.9,,50,0,,,,,,,,,,,
1195,60015,613.1,rainbow_cnn_dqn,,3.9,,50,0,,,,,,,,,,,
1196,60069,613.7,rainbow_cnn_dqn,,4.3,,54,0,,,,,,,,,,,
1197,60123,614.2,rainbow_cnn_dqn,,4.3,,54,0,,,,,,,,,,,
1198,60176,615.1,rainbow_cnn_dqn,,4.2,,53,0,,,,,,,,,,,
1199,60229,615.7,rainbow_cnn_dqn,,4.2,,53,0,,,,,,,,,,,
1200,60279,616.2,rainbow_cnn_dqn,,3.9,,50,0,,,,,,,,,,,
1201,60329,617.6,rainbow_cnn_dqn,,3.9,,50,0,,,,,,,,,,,
1202,60379,618.2,rainbow_cnn_dqn,,3.9,,50,0,,,,,,,,,,,
1203,60433,618.7,rainbow_cnn_dqn,,4.3,,54,0,,,,,,,,,,,
1204,60483,619.2,rainbow_cnn_dqn,,3.9,,50,0,,,,,,,,,,,
1205,60539,619.7,rainbow_cnn_dqn,,4.5,,56,0,,,,,,,,,,,
1206,60592,620.3,rainbow_cnn_dqn,,4.2,,53,0,,,,,,,,,,,
1207,60645,620.8,rainbow_cnn_dqn,,4.2,,53,0,,,,,,,,,,,
1208,60696,621.4,rainbow_cnn_dqn,,4.0,,51,0,,,,,,,,,,,
1209,60746,621.9,rainbow_cnn_dqn,,3.9,,50,0,,,,,,,,,,,
1210,60796,622.4,rainbow_cnn_dqn,,3.9,,50,0,,,,,,,,,,,
1211,60852,623.0,rainbow_cnn_dqn,,4.5,,56,0,,,,,,,,,,,
1212,60902,623.6,rainbow_cnn_dqn,,3.9,,50,0,,,,,,,,,,,
1213,60957,624.1,rainbow_cnn_dqn,,4.4,,55,0,,,,,,,,,,,
1214,61011,624.7,rainbow_cnn_dqn,,4.3,,54,0,,,,,,,,,,,
1215,61063,625.6,rainbow_cnn_dqn,,4.1,,52,0,,,,,,,,,,,
1216,61113,626.1,rainbow_cnn_dqn,,3.9,,50,0,,,,,,,,,,,
1217,61163,626.7,rainbow_cnn_dqn,,3.9,,50,0,,,,,,,,,,,
1218,61213,627.2,rainbow_cnn_dqn,,3.9,,50,0,,,,,,,,,,,
1219,61263,627.7,rainbow_cnn_dqn,,3.9,,50,0,,,,,,,,,,,
1220,61317,628.3,rainbow_cnn_dqn,,4.3,,54,0,,,,,,,,,,,
1221,61368,628.8,rainbow_cnn_dqn,,4.0,,51,0,,,,,,,,,,,
1222,61419,629.4,rainbow_cnn_dqn,,4.0,,51,0,,,,,,,,,,,
1223,61470,629.9,rainbow_cnn_dqn,,4.0,,51,0,,,,,,,,,,,
1224,61520,630.4,rainbow_cnn_dqn,,3.9,,50,0,,,,,,,,,,,
1225,61573,631.0,rainbow_cnn_dqn,,4.2,,53,0,,,,,,,,,,,
1226,61623,631.5,rainbow_cnn_dqn,,3.9,,50,0,,,,,,,,,,,
1227,61673,632.1,rainbow_cnn_dqn,,3.9,,50,0,,,,,,,,,,,
1228,61726,632.6,rainbow_cnn_dqn,,4.2,,53,0,,,,,,,,,,,
1229,61776,633.2,rainbow_cnn_dqn,,3.9,,50,0,,,,,,,,,,,
1230,61828,633.7,rainbow_cnn_dqn,,4.1,,52,0,,,,,,,,,,,
1231,61887,634.3,rainbow_cnn_dqn,,4.8,,59,0,,,,,,,,,,,
1232,61940,634.8,rainbow_cnn_dqn,,4.2,,53,0,,,,,,,,,,,
1233,61990,635.3,rainbow_cnn_dqn,,3.9,,50,0,,,,,,,,,,,
1234,62044,636.2,rainbow_cnn_dqn,,4.3,,54,0,,,,,,,,,,,
1235,62097,636.7,rainbow_cnn_dqn,,4.2,,53,0,,,,,,,,,,,
1236,62147,637.2,rainbow_cnn_dqn,,3.9,,50,0,,,,,,,,,,,
1237,62197,637.7,rainbow_cnn_dqn,,3.9,,50,0,,,,,,,,,,,
1238,62247,638.2,rainbow_cnn_dqn,,3.9,,50,0,,,,,,,,,,,
1239,62303,638.8,rainbow_cnn_dqn,,4.5,,56,0,,,,,,,,,,,
1240,62353,639.3,rainbow_cnn_dqn,,3.9,,50,0,,,,,,,,,,,
1241,62408,639.9,rainbow_cnn_dqn,,4.4,,55,0,,,,,,,,,,,
1242,62459,640.4,rainbow_cnn_dqn,,4.0,,51,0,,,,,,,,,,,
1243,62510,641.0,rainbow_cnn_dqn,,4.0,,51,0,,,,,,,,,,,
1244,62561,641.5,rainbow_cnn_dqn,,4.0,,51,0,,,,,,,,,,,
1245,62611,642.0,rainbow_cnn_dqn,,3.9,,50,0,,,,,,,,,,,
1246,62661,642.6,rainbow_cnn_dqn,,3.9,,50,0,,,,,,,,,,,
1247,62711,643.1,rainbow_cnn_dqn,,3.9,,50,0,,,,,,,,,,,
1248,62763,643.6,rainbow_cnn_dqn,,4.1,,52,0,,,,,,,,,,,
1249,62817,644.2,rainbow_cnn_dqn,,4.3,,54,0,,,,,,,,,,,
1250,62867,644.7,rainbow_cnn_dqn,,3.9,,50,0,,,,,,,,,,,
1251,62917,646.1,rainbow_cnn_dqn,,3.9,,50,0,,,,,,,,,,,
1252,62976,647.1,rainbow_cnn_dqn,,4.8,,59,0,,,,,,,,,,,
1253,63026,647.6,rainbow_cnn_dqn,,3.9,,50,0,,,,,,,,,,,
1254,63084,648.2,rainbow_cnn_dqn,,4.7,,58,0,,,,,,,,,,,
1255,63134,648.7,rainbow_cnn_dqn,,3.9,,50,0,,,,,,,,,,,
1256,63185,649.2,rainbow_cnn_dqn,,4.0,,51,0,,,,,,,,,,,
1257,63235,649.7,rainbow_cnn_dqn,,3.9,,50,0,,,,,,,,,,,
1258,63285,650.2,rainbow_cnn_dqn,,3.9,,50,0,,,,,,,,,,,
1259,63335,650.7,rainbow_cnn_dqn,,3.9,,50,0,,,,,,,,,,,
1260,63385,651.3,rainbow_cnn_dqn,,3.9,,50,0,,,,,,,,,,,
1261,63435,651.8,rainbow_cnn_dqn,,3.9,,50,0,,,,,,,,,,,
1262,63487,652.3,rainbow_cnn_dqn,,4.1,,52,0,,,,,,,,,,,
1263,63537,652.8,rainbow_cnn_dqn,,3.9,,50,0,,,,,,,,,,,
1264,63587,653.3,rainbow_cnn_dqn,,3.9,,50,0,,,,,,,,,,,
1265,63637,653.8,rainbow_cnn_dqn,,3.9,,50,0,,,,,,,,,,,
1266,63687,654.2,rainbow_cnn_dqn,,3.9,,50,0,,,,,,,,,,,
1267,63737,654.7,rainbow_cnn_dqn,,3.9,,50,0,,,,,,,,,,,
1268,63787,655.2,rainbow_cnn_dqn,,3.9,,50,0,,,,,,,,,,,
1269,63839,655.7,rainbow_cnn_dqn,,4.1,,52,0,,,,,,,,,,,
1270,63889,656.3,rainbow_cnn_dqn,,3.9,,50,0,,,,,,,,,,,
1271,63939,656.8,rainbow_cnn_dqn,,3.9,,50,0,,,,,,,,,,,
1272,63989,657.6,rainbow_cnn_dqn,,3.9,,50,0,,,,,,,,,,,
1273,64040,658.2,rainbow_cnn_dqn,,4.0,,51,0,,,,,,,,,,,
1274,64093,658.7,rainbow_cnn_dqn,,4.2,,53,0,,,,,,,,,,,
1275,64143,659.2,rainbow_cnn_dqn,,3.9,,50,0,,,,,,,,,,,
1276,64193,659.7,rainbow_cnn_dqn,,3.9,,50,0,,,,,,,,,,,
1277,64244,660.2,rainbow_cnn_dqn,,4.0,,51,0,,,,,,,,,,,
1278,64295,660.7,rainbow_cnn_dqn,,4.0,,51,0,,,,,,,,,,,
1279,64345,661.2,rainbow_cnn_dqn,,3.9,,50,0,,,,,,,,,,,
1280,64396,661.8,rainbow_cnn_dqn,,4.0,,51,0,,,,,,,,,,,
1281,64451,662.3,rainbow_cnn_dqn,,4.4,,55,0,,,,,,,,,,,
1282,64501,662.8,rainbow_cnn_dqn,,3.9,,50,0,,,,,,,,,,,
1283,64551,663.3,rainbow_cnn_dqn,,3.9,,50,0,,,,,,,,,,,
1284,64606,663.9,rainbow_cnn_dqn,,4.4,,55,0,,,,,,,,,,,
1285,64656,664.4,rainbow_cnn_dqn,,3.9,,50,0,,,,,,,,,,,
1286,64709,665.0,rainbow_cnn_dqn,,4.2,,53,0,,,,,,,,,,,
1287,64762,665.5,rainbow_cnn_dqn,,4.2,,53,0,,,,,,,,,,,
1288,64812,666.0,rainbow_cnn_dqn,,3.9,,50,0,,,,,,,,,,,
1289,64862,666.5,rainbow_cnn_dqn,,3.9,,50,0,,,,,,,,,,,
1290,64912,667.0,rainbow_cnn_dqn,,3.9,,50,0,,,,,,,,,,,
1291,64962,667.5,rainbow_cnn_dqn,,3.9,,50,0,,,,,,,,,,,
1292,65012,668.4,rainbow_cnn_dqn,,3.9,,50,0,,,,,,,,,,,
1293,65064,668.9,rainbow_cnn_dqn,,4.1,,52,0,,,,,,,,,,,
1294,65116,669.4,rainbow_cnn_dqn,,4.1,,52,0,,,,,,,,,,,
1295,65166,669.9,rainbow_cnn_dqn,,3.9,,50,0,,,,,,,,,,,
1296,65219,670.4,rainbow_cnn_dqn,,4.2,,53,0,,,,,,,,,,,
1297,65269,670.9,rainbow_cnn_dqn,,3.9,,50,0,,,,,,,,,,,
1298,65321,671.4,rainbow_cnn_dqn,,4.1,,52,0,,,,,,,,,,,
1299,65371,671.9,rainbow_cnn_dqn,,3.9,,50,0,,,,,,,,,,,
1300,65427,672.5,rainbow_cnn_dqn,,4.5,,56,0,,,,,,,,,,,
1301,65477,673.9,rainbow_cnn_dqn,,3.9,,50,0,,,,,,,,,,,
1302,65527,674.4,rainbow_cnn_dqn,,3.9,,50,0,,,,,,,,,,,
1303,65577,674.9,rainbow_cnn_dqn,,3.9,,50,0,,,,,,,,,,,
1304,65627,675.4,rainbow_cnn_dqn,,3.9,,50,0,,,,,,,,,,,
1305,65677,675.9,rainbow_cnn_dqn,,3.9,,50,0,,,,,,,,,,,
1306,65728,676.5,rainbow_cnn_dqn,,4.0,,51,0,,,,,,,,,,,
1307,65778,677.0,rainbow_cnn_dqn,,3.9,,50,0,,,,,,,,,,,
1308,65828,677.5,rainbow_cnn_dqn,,3.9,,50,0,,,,,,,,,,,
1309,65881,678.1,rainbow_cnn_dqn,,4.2,,53,0,,,,,,,,,,,
1310,65931,678.9,rainbow_cnn_dqn,,3.9,,50,0,,,,,,,,,,,
1311,65982,679.4,rainbow_cnn_dqn,,4.0,,51,0,,,,,,,,,,,
1312,66032,680.0,rainbow_cnn_dqn,,3.9,,50,0,,,,,,,,,,,
1313,66084,680.5,rainbow_cnn_dqn,,4.1,,52,0,,,,,,,,,,,
1314,66134,681.0,rainbow_cnn_dqn,,3.9,,50,0,,,,,,,,,,,
1315,66184,681.5,rainbow_cnn_dqn,,3.9,,50,0,,,,,,,,,,,
1316,66235,682.0,rainbow_cnn_dqn,,4.0,,51,0,,,,,,,,,,,
1317,66287,682.6,rainbow_cnn_dqn,,4.1,,52,0,,,,,,,,,,,
1318,66337,683.1,rainbow_cnn_dqn,,3.9,,50,0,,,,,,,,,,,
1319,66387,683.6,rainbow_cnn_dqn,,3.9,,50,0,,,,,,,,,,,
1320,66437,684.2,rainbow_cnn_dqn,,3.9,,50,0,,,,,,,,,,,
1321,66494,684.7,rainbow_cnn_dqn,,4.6,,57,0,,,,,,,,,,,
1322,66547,685.3,rainbow_cnn_dqn,,4.2,,53,0,,,,,,,,,,,
1323,66603,685.9,rainbow_cnn_dqn,,4.5,,56,0,,,,,,,,,,,
1324,66653,686.4,rainbow_cnn_dqn,,3.9,,50,0,,,,,,,,,,,
1325,66704,687.0,rainbow_cnn_dqn,,4.0,,51,0,,,,,,,,,,,
1326,66763,687.6,rainbow_cnn_dqn,,4.8,,59,0,,,,,,,,,,,
1327,66813,688.1,rainbow_cnn_dqn,,3.9,,50,0,,,,,,,,,,,
1328,66866,688.7,rainbow_cnn_dqn,,4.2,,53,0,,,,,,,,,,,
1329,66919,689.6,rainbow_cnn_dqn,,4.2,,53,0,,,,,,,,,,,
1330,66969,690.1,rainbow_cnn_dqn,,3.9,,50,0,,,,,,,,,,,
1331,67022,690.6,rainbow_cnn_dqn,,4.2,,53,0,,,,,,,,,,,
1332,67072,691.1,rainbow_cnn_dqn,,3.9,,50,0,,,,,,,,,,,
1333,67123,691.7,rainbow_cnn_dqn,,4.0,,51,0,,,,,,,,,,,
1334,67175,692.2,rainbow_cnn_dqn,,4.1,,52,0,,,,,,,,,,,
1335,67226,692.7,rainbow_cnn_dqn,,4.0,,51,0,,,,,,,,,,,
1336,67276,693.3,rainbow_cnn_dqn,,3.9,,50,0,,,,,,,,,,,
1337,67327,693.8,rainbow_cnn_dqn,,4.0,,51,0,,,,,,,,,,,
1338,67377,694.3,rainbow_cnn_dqn,,3.9,,50,0,,,,,,,,,,,
1339,67430,694.9,rainbow_cnn_dqn,,4.2,,53,0,,,,,,,,,,,
1340,67480,695.4,rainbow_cnn_dqn,,3.9,,50,0,,,,,,,,,,,
1341,67530,695.9,rainbow_cnn_dqn,,3.9,,50,0,,,,,,,,,,,
1342,67580,696.4,rainbow_cnn_dqn,,3.9,,50,0,,,,,,,,,,,
1343,67634,697.0,rainbow_cnn_dqn,,4.3,,54,0,,,,,,,,,,,
1344,67684,697.5,rainbow_cnn_dqn,,3.9,,50,0,,,,,,,,,,,
1345,67738,698.1,rainbow_cnn_dqn,,4.3,,54,0,,,,,,,,,,,
1346,67793,698.6,rainbow_cnn_dqn,,4.4,,55,0,,,,,,,,,,,
1347,67843,699.2,rainbow_cnn_dqn,,3.9,,50,0,,,,,,,,,,,
1348,67893,700.0,rainbow_cnn_dqn,,3.9,,50,0,,,,,,,,,,,
1349,67950,700.6,rainbow_cnn_dqn,,4.6,,57,0,,,,,,,,,,,
1350,68001,701.1,rainbow_cnn_dqn,,4.0,,51,0,,,,,,,,,,,
1351,68051,702.5,rainbow_cnn_dqn,,3.9,,50,0,,,,,,,,,,,
1352,68101,703.0,rainbow_cnn_dqn,,3.9,,50,0,,,,,,,,,,,
1353,68151,703.5,rainbow_cnn_dqn,,3.9,,50,0,,,,,,,,,,,
1354,68201,704.0,rainbow_cnn_dqn,,3.9,,50,0,,,,,,,,,,,
1355,68251,704.6,rainbow_cnn_dqn,,3.9,,50,0,,,,,,,,,,,
1356,68301,705.1,rainbow_cnn_dqn,,3.9,,50,0,,,,,,,,,,,
1357,68351,705.6,rainbow_cnn_dqn,,3.9,,50,0,,,,,,,,,,,
1358,68401,706.1,rainbow_cnn_dqn,,3.9,,50,0,,,,,,,,,,,
1359,68453,706.6,rainbow_cnn_dqn,,4.1,,52,0,,,,,,,,,,,
1360,68503,707.1,rainbow_cnn_dqn,,3.9,,50,0,,,,,,,,,,,
1361,68553,707.6,rainbow_cnn_dqn,,3.9,,50,0,,,,,,,,,,,
1362,68603,708.1,rainbow_cnn_dqn,,3.9,,50,0,,,,,,,,,,,
1363,68653,708.6,rainbow_cnn_dqn,,3.9,,50,0,,,,,,,,,,,
1364,68703,709.1,rainbow_cnn_dqn,,3.9,,50,0,,,,,,,,,,,
1365,68753,709.6,rainbow_cnn_dqn,,3.9,,50,0,,,,,,,,,,,
1366,68803,710.5,rainbow_cnn_dqn,,3.9,,50,0,,,,,,,,,,,
1367,68853,711.0,rainbow_cnn_dqn,,3.9,,50,0,,,,,,,,,,,
1368,68903,711.5,rainbow_cnn_dqn,,3.9,,50,0,,,,,,,,,,,
1369,68953,712.1,rainbow_cnn_dqn,,3.9,,50,0,,,,,,,,,,,
1370,69003,712.6,rainbow_cnn_dqn,,3.9,,50,0,,,,,,,,,,,
1371,69053,713.1,rainbow_cnn_dqn,,3.9,,50,0,,,,,,,,,,,
1372,69103,713.7,rainbow_cnn_dqn,,3.9,,50,0,,,,,,,,,,,
1373,69153,714.2,rainbow_cnn_dqn,,3.9,,50,0,,,,,,,,,,,
1374,69203,714.7,rainbow_cnn_dqn,,3.9,,50,0,,,,,,,,,,,
1375,69253,715.3,rainbow_cnn_dqn,,3.9,,50,0,,,,,,,,,,,
1376,69303,715.8,rainbow_cnn_dqn,,3.9,,50,0,,,,,,,,,,,
1377,69353,716.3,rainbow_cnn_dqn,,3.9,,50,0,,,,,,,,,,,
1378,69403,716.8,rainbow_cnn_dqn,,3.9,,50,0,,,,,,,,,,,
1379,69453,717.4,rainbow_cnn_dqn,,3.9,,50,0,,,,,,,,,,,
1380,69506,717.9,rainbow_cnn_dqn,,4.2,,53,0,,,,,,,,,,,
1381,69556,718.5,rainbow_cnn_dqn,,3.9,,50,0,,,,,,,,,,,
1382,69606,719.0,rainbow_cnn_dqn,,3.9,,50,0,,,,,,,,,,,
1383,69656,719.5,rainbow_cnn_dqn,,3.9,,50,0,,,,,,,,,,,
1384,69707,720.1,rainbow_cnn_dqn,,4.0,,51,0,,,,,,,,,,,
1385,69757,721.0,rainbow_cnn_dqn,,3.9,,50,0,,,,,,,,,,,
1386,69807,721.5,rainbow_cnn_dqn,,3.9,,50,0,,,,,,,,,,,
1387,69857,722.0,rainbow_cnn_dqn,,3.9,,50,0,,,,,,,,,,,
1388,69907,722.6,rainbow_cnn_dqn,,3.9,,50,0,,,,,,,,,,,
1389,69957,723.1,rainbow_cnn_dqn,,3.9,,50,0,,,,,,,,,,,
1390,70007,723.6,rainbow_cnn_dqn,,3.9,,50,0,,,,,,,,,,,
1391,70057,724.1,rainbow_cnn_dqn,,3.9,,50,0,,,,,,,,,,,
1392,70107,724.6,rainbow_cnn_dqn,,3.9,,50,0,,,,,,,,,,,
1393,70157,725.1,rainbow_cnn_dqn,,3.9,,50,0,,,,,,,,,,,
1394,70210,725.7,rainbow_cnn_dqn,,4.2,,53,0,,,,,,,,,,,
1395,70260,726.2,rainbow_cnn_dqn,,3.9,,50,0,,,,,,,,,,,
1396,70310,726.7,rainbow_cnn_dqn,,3.9,,50,0,,,,,,,,,,,
1397,70360,727.2,rainbow_cnn_dqn,,3.9,,50,0,,,,,,,,,,,
1398,70410,727.8,rainbow_cnn_dqn,,3.9,,50,0,,,,,,,,,,,
1399,70460,728.3,rainbow_cnn_dqn,,3.9,,50,0,,,,,,,,,,,
1400,70510,728.8,rainbow_cnn_dqn,,3.9,,50,0,,,,,,,,,,,
1401,70560,730.2,rainbow_cnn_dqn,,3.9,,50,0,,,,,,,,,,,
1402,70610,730.7,rainbow_cnn_dqn,,3.9,,50,0,,,,,,,,,,,
1403,70660,731.6,rainbow_cnn_dqn,,3.9,,50,0,,,,,,,,,,,
1404,70710,732.1,rainbow_cnn_dqn,,3.9,,50,0,,,,,,,,,,,
1405,70760,732.6,rainbow_cnn_dqn,,3.9,,50,0,,,,,,,,,,,
1406,70810,733.1,rainbow_cnn_dqn,,3.9,,50,0,,,,,,,,,,,
1407,70860,733.6,rainbow_cnn_dqn,,3.9,,50,0,,,,,,,,,,,
1408,70910,734.1,rainbow_cnn_dqn,,3.9,,50,0,,,,,,,,,,,
1409,70960,734.7,rainbow_cnn_dqn,,3.9,,50,0,,,,,,,,,,,
1410,71010,735.2,rainbow_cnn_dqn,,3.9,,50,0,,,,,,,,,,,
1411,71060,735.8,rainbow_cnn_dqn,,3.9,,50,0,,,,,,,,,,,
1412,71110,736.3,rainbow_cnn_dqn,,3.9,,50,0,,,,,,,,,,,
1413,71160,736.8,rainbow_cnn_dqn,,3.9,,50,0,,,,,,,,,,,
1414,71210,737.3,rainbow_cnn_dqn,,3.9,,50,0,,,,,,,,,,,
1415,71260,737.9,rainbow_cnn_dqn,,3.9,,50,0,,,,,,,,,,,
1416,71310,738.4,rainbow_cnn_dqn,,3.9,,50,0,,,,,,,,,,,
1417,71360,739.0,rainbow_cnn_dqn,,3.9,,50,0,,,,,,,,,,,
1418,71410,739.5,rainbow_cnn_dqn,,3.9,,50,0,,,,,,,,,,,
1419,71464,740.1,rainbow_cnn_dqn,,4.3,,54,0,,,,,,,,,,,
1420,71519,740.6,rainbow_cnn_dqn,,4.4,,55,0,,,,,,,,,,,
1421,71569,741.1,rainbow_cnn_dqn,,3.9,,50,0,,,,,,,,,,,
1422,71619,742.0,rainbow_cnn_dqn,,3.9,,50,0,,,,,,,,,,,
1423,71669,742.5,rainbow_cnn_dqn,,3.9,,50,0,,,,,,,,,,,
1424,71724,743.1,rainbow_cnn_dqn,,4.4,,55,0,,,,,,,,,,,
1425,71774,743.6,rainbow_cnn_dqn,,3.9,,50,0,,,,,,,,,,,
1426,71824,744.1,rainbow_cnn_dqn,,3.9,,50,0,,,,,,,,,,,
1427,71874,744.7,rainbow_cnn_dqn,,3.9,,50,0,,,,,,,,,,,
1428,71924,745.2,rainbow_cnn_dqn,,3.9,,50,0,,,,,,,,,,,
1429,71974,745.7,rainbow_cnn_dqn,,3.9,,50,0,,,,,,,,,,,
1430,72028,746.3,rainbow_cnn_dqn,,4.3,,54,0,,,,,,,,,,,
1431,72079,746.8,rainbow_cnn_dqn,,4.0,,51,0,,,,,,,,,,,
1432,72129,747.4,rainbow_cnn_dqn,,3.9,,50,0,,,,,,,,,,,
1433,72179,747.9,rainbow_cnn_dqn,,3.9,,50,0,,,,,,,,,,,
1434,72236,748.5,rainbow_cnn_dqn,,4.6,,57,0,,,,,,,,,,,
1435,72288,749.1,rainbow_cnn_dqn,,4.1,,52,0,,,,,,,,,,,
1436,72338,749.6,rainbow_cnn_dqn,,3.9,,50,0,,,,,,,,,,,
1437,72388,750.1,rainbow_cnn_dqn,,3.9,,50,0,,,,,,,,,,,
1438,72440,750.6,rainbow_cnn_dqn,,4.1,,52,0,,,,,,,,,,,
1439,72491,751.1,rainbow_cnn_dqn,,4.0,,51,0,,,,,,,,,,,
1440,72541,751.6,rainbow_cnn_dqn,,3.9,,50,0,,,,,,,,,,,
1441,72591,752.5,rainbow_cnn_dqn,,3.9,,50,0,,,,,,,,,,,
1442,72641,753.0,rainbow_cnn_dqn,,3.9,,50,0,,,,,,,,,,,
1443,72691,753.5,rainbow_cnn_dqn,,3.9,,50,0,,,,,,,,,,,
1444,72742,754.1,rainbow_cnn_dqn,,4.0,,51,0,,,,,,,,,,,
1445,72792,754.6,rainbow_cnn_dqn,,3.9,,50,0,,,,,,,,,,,
1446,72842,755.1,rainbow_cnn_dqn,,3.9,,50,0,,,,,,,,,,,
1447,72894,755.6,rainbow_cnn_dqn,,4.1,,52,0,,,,,,,,,,,
1448,72944,756.1,rainbow_cnn_dqn,,3.9,,50,0,,,,,,,,,,,
1449,72994,756.7,rainbow_cnn_dqn,,3.9,,50,0,,,,,,,,,,,
1450,73044,757.2,rainbow_cnn_dqn,,3.9,,50,0,,,,,,,,,,,
1451,73094,758.5,rainbow_cnn_dqn,,3.9,,50,0,,,,,,,,,,,
1452,73144,759.1,rainbow_cnn_dqn,,3.9,,50,0,,,,,,,,,,,
1453,73194,759.6,rainbow_cnn_dqn,,3.9,,50,0,,,,,,,,,,,
1454,73244,760.1,rainbow_cnn_dqn,,3.9,,50,0,,,,,,,,,,,
1455,73294,760.6,rainbow_cnn_dqn,,3.9,,50,0,,,,,,,,,,,
1456,73347,761.1,rainbow_cnn_dqn,,4.2,,53,0,,,,,,,,,,,
1457,73397,761.7,rainbow_cnn_dqn,,3.9,,50,0,,,,,,,,,,,
1458,73447,762.2,rainbow_cnn_dqn,,3.9,,50,0,,,,,,,,,,,
1459,73498,763.1,rainbow_cnn_dqn,,4.0,,51,0,,,,,,,,,,,
1460,73548,763.6,rainbow_cnn_dqn,,3.9,,50,0,,,,,,,,,,,
1461,73600,764.2,rainbow_cnn_dqn,,4.1,,52,0,,,,,,,,,,,
1462,73654,764.7,rainbow_cnn_dqn,,4.3,,54,0,,,,,,,,,,,
1463,73704,765.3,rainbow_cnn_dqn,,3.9,,50,0,,,,,,,,,,,
1464,73755,765.8,rainbow_cnn_dqn,,4.0,,51,0,,,,,,,,,,,
1465,73809,766.4,rainbow_cnn_dqn,,4.3,,54,0,,,,,,,,,,,
1466,73861,766.9,rainbow_cnn_dqn,,4.1,,52,0,,,,,,,,,,,
1467,73911,767.4,rainbow_cnn_dqn,,3.9,,50,0,,,,,,,,,,,
1468,73961,768.0,rainbow_cnn_dqn,,3.9,,50,0,,,,,,,,,,,
1469,74013,768.5,rainbow_cnn_dqn,,4.1,,52,0,,,,,,,,,,,
1470,74063,769.1,rainbow_cnn_dqn,,3.9,,50,0,,,,,,,,,,,
1471,74113,769.6,rainbow_cnn_dqn,,3.9,,50,0,,,,,,,,,,,
1472,74163,770.1,rainbow_cnn_dqn,,3.9,,50,0,,,,,,,,,,,
1473,74213,770.7,rainbow_cnn_dqn,,3.9,,50,0,,,,,,,,,,,
1474,74263,771.2,rainbow_cnn_dqn,,3.9,,50,0,,,,,,,,,,,
1475,74313,771.7,rainbow_cnn_dqn,,3.9,,50,0,,,,,,,,,,,
1476,74363,772.3,rainbow_cnn_dqn,,3.9,,50,0,,,,,,,,,,,
1477,74415,772.8,rainbow_cnn_dqn,,4.1,,52,0,,,,,,,,,,,
1478,74466,773.7,rainbow_cnn_dqn,,4.0,,51,0,,,,,,,,,,,
1479,74516,774.3,rainbow_cnn_dqn,,3.9,,50,0,,,,,,,,,,,
1480,74570,774.8,rainbow_cnn_dqn,,4.3,,54,0,,,,,,,,,,,
1481,74620,775.3,rainbow_cnn_dqn,,3.9,,50,0,,,,,,,,,,,
1482,74673,775.9,rainbow_cnn_dqn,,4.2,,53,0,,,,,,,,,,,
1483,74723,776.4,rainbow_cnn_dqn,,3.9,,50,0,,,,,,,,,,,
1484,74773,776.9,rainbow_cnn_dqn,,3.9,,50,0,,,,,,,,,,,
1485,74825,777.4,rainbow_cnn_dqn,,4.1,,52,0,,,,,,,,,,,
1486,74879,778.0,rainbow_cnn_dqn,,4.3,,54,0,,,,,,,,,,,
1487,74932,778.5,rainbow_cnn_dqn,,4.2,,53,0,,,,,,,,,,,
1488,74986,779.1,rainbow_cnn_dqn,,4.3,,54,0,,,,,,,,,,,
1489,75040,779.6,rainbow_cnn_dqn,,4.3,,54,0,,,,,,,,,,,
1490,75090,780.1,rainbow_cnn_dqn,,3.9,,50,0,,,,,,,,,,,
1491,75140,780.7,rainbow_cnn_dqn,,3.9,,50,0,,,,,,,,,,,
1492,75192,781.2,rainbow_cnn_dqn,,4.1,,52,0,,,,,,,,,,,
1493,75242,781.7,rainbow_cnn_dqn,,3.9,,50,0,,,,,,,,,,,
1494,75292,782.2,rainbow_cnn_dqn,,3.9,,50,0,,,,,,,,,,,
1495,75342,782.7,rainbow_cnn_dqn,,3.9,,50,0,,,,,,,,,,,
1496,75392,783.3,rainbow_cnn_dqn,,3.9,,50,0,,,,,,,,,,,
1497,75446,784.2,rainbow_cnn_dqn,,4.3,,54,0,,,,,,,,,,,
1498,75500,784.7,rainbow_cnn_dqn,,4.3,,54,0,,,,,,,,,,,
1499,75555,785.3,rainbow_cnn_dqn,,4.4,,55,0,,,,,,,,,,,
1500,75605,785.8,rainbow_cnn_dqn,,3.9,,50,0,,,,,,,,,,,
1501,75657,787.2,rainbow_cnn_dqn,,4.1,,52,0,,,,,,,,,,,
1502,75710,787.8,rainbow_cnn_dqn,,4.2,,53,0,,,,,,,,,,,
1503,75760,788.3,rainbow_cnn_dqn,,3.9,,50,0,,,,,,,,,,,
1504,75810,788.8,rainbow_cnn_dqn,,3.9,,50,0,,,,,,,,,,,
1505,75860,789.3,rainbow_cnn_dqn,,3.9,,50,0,,,,,,,,,,,
1506,75910,789.8,rainbow_cnn_dqn,,3.9,,50,0,,,,,,,,,,,
1507,75960,790.3,rainbow_cnn_dqn,,3.9,,50,0,,,,,,,,,,,
1508,76010,790.8,rainbow_cnn_dqn,,3.9,,50,0,,,,,,,,,,,
1509,76068,791.4,rainbow_cnn_dqn,,4.7,,58,0,,,,,,,,,,,
1510,76123,792.0,rainbow_cnn_dqn,,4.4,,55,0,,,,,,,,,,,
1511,76173,792.5,rainbow_cnn_dqn,,3.9,,50,0,,,,,,,,,,,
1512,76223,793.0,rainbow_cnn_dqn,,3.9,,50,0,,,,,,,,,,,
1513,76278,793.5,rainbow_cnn_dqn,,4.4,,55,0,,,,,,,,,,,
1514,76334,794.1,rainbow_cnn_dqn,,4.5,,56,0,,,,,,,,,,,
1515,76388,795.0,rainbow_cnn_dqn,,4.3,,54,0,,,,,,,,,,,
1516,76438,795.4,rainbow_cnn_dqn,,3.9,,50,0,,,,,,,,,,,
1517,76488,796.0,rainbow_cnn_dqn,,3.9,,50,0,,,,,,,,,,,
1518,76538,796.5,rainbow_cnn_dqn,,3.9,,50,0,,,,,,,,,,,
1519,76593,797.0,rainbow_cnn_dqn,,4.4,,55,0,,,,,,,,,,,
1520,76643,797.5,rainbow_cnn_dqn,,3.9,,50,0,,,,,,,,,,,
1521,76693,798.0,rainbow_cnn_dqn,,3.9,,50,0,,,,,,,,,,,
1522,76750,798.6,rainbow_cnn_dqn,,4.6,,57,0,,,,,,,,,,,
1523,76800,799.1,rainbow_cnn_dqn,,3.9,,50,0,,,,,,,,,,,
1524,76850,799.6,rainbow_cnn_dqn,,3.9,,50,0,,,,,,,,,,,
1525,76900,800.2,rainbow_cnn_dqn,,3.9,,50,0,,,,,,,,,,,
1526,76950,800.7,rainbow_cnn_dqn,,3.9,,50,0,,,,,,,,,,,
1527,77000,801.2,rainbow_cnn_dqn,,3.9,,50,0,,,,,,,,,,,
1528,77050,801.7,rainbow_cnn_dqn,,3.9,,50,0,,,,,,,,,,,
1529,77100,802.2,rainbow_cnn_dqn,,3.9,,50,0,,,,,,,,,,,
1530,77150,802.7,rainbow_cnn_dqn,,3.9,,50,0,,,,,,,,,,,
1531,77202,803.3,rainbow_cnn_dqn,,4.1,,52,0,,,,,,,,,,,
1532,77252,803.8,rainbow_cnn_dqn,,3.9,,50,0,,,,,,,,,,,
1533,77302,804.3,rainbow_cnn_dqn,,3.9,,50,0,,,,,,,,,,,
1534,77352,804.8,rainbow_cnn_dqn,,3.9,,50,0,,,,,,,,,,,
1535,77402,805.7,rainbow_cnn_dqn,,3.9,,50,0,,,,,,,,,,,
1536,77452,806.2,rainbow_cnn_dqn,,3.9,,50,0,,,,,,,,,,,
1537,77502,806.7,rainbow_cnn_dqn,,3.9,,50,0,,,,,,,,,,,
1538,77556,807.2,rainbow_cnn_dqn,,4.3,,54,0,,,,,,,,,,,
1539,77606,807.7,rainbow_cnn_dqn,,3.9,,50,0,,,,,,,,,,,
1540,77656,808.3,rainbow_cnn_dqn,,3.9,,50,0,,,,,,,,,,,
1541,77706,808.8,rainbow_cnn_dqn,,3.9,,50,0,,,,,,,,,,,
1542,77756,809.4,rainbow_cnn_dqn,,3.9,,50,0,,,,,,,,,,,
1543,77808,809.9,rainbow_cnn_dqn,,4.1,,52,0,,,,,,,,,,,
1544,77858,810.4,rainbow_cnn_dqn,,3.9,,50,0,,,,,,,,,,,
1545,77913,811.0,rainbow_cnn_dqn,,4.4,,55,0,,,,,,,,,,,
1546,77963,811.5,rainbow_cnn_dqn,,3.9,,50,0,,,,,,,,,,,
1547,78013,812.0,rainbow_cnn_dqn,,3.9,,50,0,,,,,,,,,,,
1548,78063,812.5,rainbow_cnn_dqn,,3.9,,50,0,,,,,,,,,,,
1549,78113,813.0,rainbow_cnn_dqn,,3.9,,50,0,,,,,,,,,,,
1550,78163,813.5,rainbow_cnn_dqn,,3.9,,50,0,,,,,,,,,,,
1551,78220,815.2,rainbow_cnn_dqn,,4.6,,57,0,,,,,,,,,,,
1552,78270,816.1,rainbow_cnn_dqn,,3.9,,50,0,,,,,,,,,,,
1553,78320,816.6,rainbow_cnn_dqn,,3.9,,50,0,,,,,,,,,,,
1554,78370,817.1,rainbow_cnn_dqn,,3.9,,50,0,,,,,,,,,,,
1555,78420,817.7,rainbow_cnn_dqn,,3.9,,50,0,,,,,,,,,,,
1556,78470,818.2,rainbow_cnn_dqn,,3.9,,50,0,,,,,,,,,,,
1557,78522,818.8,rainbow_cnn_dqn,,4.1,,52,0,,,,,,,,,,,
1558,78580,819.4,rainbow_cnn_dqn,,4.7,,58,0,,,,,,,,,,,
1559,78630,819.9,rainbow_cnn_dqn,,3.9,,50,0,,,,,,,,,,,
1560,78687,820.5,rainbow_cnn_dqn,,4.6,,57,0,,,,,,,,,,,
1561,78749,821.2,rainbow_cnn_dqn,,6.0,,62,1,,,,,,,,,,,
1562,78807,821.8,rainbow_cnn_dqn,,4.7,,58,0,,,,,,,,,,,
1563,78857,822.4,rainbow_cnn_dqn,,3.9,,50,0,,,,,,,,,,,
1564,78914,823.0,rainbow_cnn_dqn,,4.6,,57,0,,,,,,,,,,,
1565,78964,823.5,rainbow_cnn_dqn,,3.9,,50,0,,,,,,,,,,,
1566,79020,824.1,rainbow_cnn_dqn,,4.5,,56,0,,,,,,,,,,,
1567,79077,824.7,rainbow_cnn_dqn,,4.6,,57,0,,,,,,,,,,,
1568,79127,825.2,rainbow_cnn_dqn,,3.9,,50,0,,,,,,,,,,,
1569,79177,825.8,rainbow_cnn_dqn,,3.9,,50,0,,,,,,,,,,,
1570,79227,826.7,rainbow_cnn_dqn,,3.9,,50,0,,,,,,,,,,,
1571,79281,827.3,rainbow_cnn_dqn,,4.3,,54,0,,,,,,,,,,,
1572,79331,827.8,rainbow_cnn_dqn,,3.9,,50,0,,,,,,,,,,,
1573,79381,828.3,rainbow_cnn_dqn,,3.9,,50,0,,,,,,,,,,,
1574,79431,828.8,rainbow_cnn_dqn,,3.9,,50,0,,,,,,,,,,,
1575,79488,829.4,rainbow_cnn_dqn,,4.6,,57,0,,,,,,,,,,,
1576,79538,829.9,rainbow_cnn_dqn,,3.9,,50,0,,,,,,,,,,,
1577,79588,830.4,rainbow_cnn_dqn,,3.9,,50,0,,,,,,,,,,,
1578,79654,831.1,rainbow_cnn_dqn,,6.4,,66,1,,,,,,,,,,,
1579,79704,831.7,rainbow_cnn_dqn,,3.9,,50,0,,,,,,,,,,,
1580,79765,832.3,rainbow_cnn_dqn,,5.0,,61,0,,,,,,,,,,,
1581,79815,832.8,rainbow_cnn_dqn,,3.9,,50,0,,,,,,,,,,,
1582,79865,833.4,rainbow_cnn_dqn,,3.9,,50,0,,,,,,,,,,,
1583,79915,833.9,rainbow_cnn_dqn,,3.9,,50,0,,,,,,,,,,,
1584,79969,834.5,rainbow_cnn_dqn,,4.3,,54,0,,,,,,,,,,,
1585,80019,835.0,rainbow_cnn_dqn,,3.9,,50,0,,,,,,,,,,,
1586,80069,835.5,rainbow_cnn_dqn,,3.9,,50,0,,,,,,,,,,,
1587,80121,836.1,rainbow_cnn_dqn,,4.1,,52,0,,,,,,,,,,,
1588,80171,836.6,rainbow_cnn_dqn,,3.9,,50,0,,,,,,,,,,,
1589,80224,837.5,rainbow_cnn_dqn,,4.2,,53,0,,,,,,,,,,,
1590,80276,838.1,rainbow_cnn_dqn,,4.1,,52,0,,,,,,,,,,,
1591,80343,838.8,rainbow_cnn_dqn,,6.5,,67,1,,,,,,,,,,,
1592,80401,839.5,rainbow_cnn_dqn,,4.7,,58,0,,,,,,,,,,,
1593,80458,840.1,rainbow_cnn_dqn,,4.6,,57,0,,,,,,,,,,,
1594,80508,840.6,rainbow_cnn_dqn,,3.9,,50,0,,,,,,,,,,,
1595,80560,841.1,rainbow_cnn_dqn,,4.1,,52,0,,,,,,,,,,,
1596,80611,841.7,rainbow_cnn_dqn,,4.0,,51,0,,,,,,,,,,,
1597,80667,842.3,rainbow_cnn_dqn,,4.5,,56,0,,,,,,,,,,,
1598,80721,842.9,rainbow_cnn_dqn,,4.3,,54,0,,,,,,,,,,,
1599,80777,843.5,rainbow_cnn_dqn,,4.5,,56,0,,,,,,,,,,,
1600,80834,844.1,rainbow_cnn_dqn,,4.6,,57,0,,,,,,,,,,,
1601,80884,845.5,rainbow_cnn_dqn,,3.9,,50,0,,,,,,,,,,,
1602,80941,846.0,rainbow_cnn_dqn,,4.6,,57,0,,,,,,,,,,,
1603,80999,846.6,rainbow_cnn_dqn,,4.7,,58,0,,,,,,,,,,,
1604,81053,847.1,rainbow_cnn_dqn,,4.3,,54,0,,,,,,,,,,,
1605,81106,848.0,rainbow_cnn_dqn,,4.2,,53,0,,,,,,,,,,,
1606,81157,848.5,rainbow_cnn_dqn,,4.0,,51,0,,,,,,,,,,,
1607,81211,849.1,rainbow_cnn_dqn,,4.3,,54,0,,,,,,,,,,,
1608,81266,849.6,rainbow_cnn_dqn,,4.4,,55,0,,,,,,,,,,,
1609,81317,850.2,rainbow_cnn_dqn,,4.0,,51,0,,,,,,,,,,,
1610,81373,850.7,rainbow_cnn_dqn,,4.5,,56,0,,,,,,,,,,,
1611,81427,851.3,rainbow_cnn_dqn,,4.3,,54,0,,,,,,,,,,,
1612,81483,851.9,rainbow_cnn_dqn,,4.5,,56,0,,,,,,,,,,,
1613,81539,852.5,rainbow_cnn_dqn,,4.5,,56,0,,,,,,,,,,,
1614,81597,853.1,rainbow_cnn_dqn,,4.7,,58,0,,,,,,,,,,,
1615,81649,853.6,rainbow_cnn_dqn,,4.1,,52,0,,,,,,,,,,,
1616,81699,854.1,rainbow_cnn_dqn,,3.9,,50,0,,,,,,,,,,,
1617,81754,854.7,rainbow_cnn_dqn,,4.4,,55,0,,,,,,,,,,,
1618,81804,855.2,rainbow_cnn_dqn,,3.9,,50,0,,,,,,,,,,,
1619,81857,855.8,rainbow_cnn_dqn,,4.2,,53,0,,,,,,,,,,,
1620,81910,856.3,rainbow_cnn_dqn,,4.2,,53,0,,,,,,,,,,,
1621,81960,856.8,rainbow_cnn_dqn,,3.9,,50,0,,,,,,,,,,,
1622,82018,857.4,rainbow_cnn_dqn,,4.7,,58,0,,,,,,,,,,,
1623,82073,858.0,rainbow_cnn_dqn,,4.4,,55,0,,,,,,,,,,,
1624,82124,858.9,rainbow_cnn_dqn,,4.0,,51,0,,,,,,,,,,,
1625,82176,859.5,rainbow_cnn_dqn,,4.1,,52,0,,,,,,,,,,,
1626,82229,860.0,rainbow_cnn_dqn,,4.2,,53,0,,,,,,,,,,,
1627,82279,860.6,rainbow_cnn_dqn,,3.9,,50,0,,,,,,,,,,,
1628,82335,861.2,rainbow_cnn_dqn,,4.5,,56,0,,,,,,,,,,,
1629,82385,861.7,rainbow_cnn_dqn,,3.9,,50,0,,,,,,,,,,,
1630,82450,862.4,rainbow_cnn_dqn,,6.3,,65,1,,,,,,,,,,,
1631,82536,863.3,rainbow_cnn_dqn,,8.4,,86,1,,,,,,,,,,,
1632,82590,863.8,rainbow_cnn_dqn,,4.3,,54,0,,,,,,,,,,,
1633,82643,864.4,rainbow_cnn_dqn,,4.2,,53,0,,,,,,,,,,,
1634,82693,864.9,rainbow_cnn_dqn,,3.9,,50,0,,,,,,,,,,,
1635,82759,865.6,rainbow_cnn_dqn,,6.4,,66,1,,,,,,,,,,,
1636,82815,866.1,rainbow_cnn_dqn,,4.5,,56,0,,,,,,,,,,,
1637,82865,866.7,rainbow_cnn_dqn,,3.9,,50,0,,,,,,,,,,,
1638,82933,867.4,rainbow_cnn_dqn,,6.6,,68,1,,,,,,,,,,,
1639,83001,868.2,rainbow_cnn_dqn,,6.6,,68,1,,,,,,,,,,,
1640,83069,868.9,rainbow_cnn_dqn,,6.6,,68,1,,,,,,,,,,,
1641,83125,869.8,rainbow_cnn_dqn,,4.5,,56,0,,,,,,,,,,,
1642,83183,870.4,rainbow_cnn_dqn,,4.7,,58,0,,,,,,,,,,,
1643,83250,871.1,rainbow_cnn_dqn,,6.5,,67,1,,,,,,,,,,,
1644,83305,871.7,rainbow_cnn_dqn,,4.4,,55,0,,,,,,,,,,,
1645,83358,872.3,rainbow_cnn_dqn,,4.2,,53,0,,,,,,,,,,,
1646,83444,873.2,rainbow_cnn_dqn,,8.4,,86,1,,,,,,,,,,,
1647,83494,873.8,rainbow_cnn_dqn,,3.9,,50,0,,,,,,,,,,,
1648,83549,874.3,rainbow_cnn_dqn,,4.4,,55,0,,,,,,,,,,,
1649,83599,874.9,rainbow_cnn_dqn,,3.9,,50,0,,,,,,,,,,,
1650,83685,875.8,rainbow_cnn_dqn,,8.4,,86,1,,,,,,,,,,,
1651,83742,877.5,rainbow_cnn_dqn,,4.6,,57,0,,,,,,,,,,,
1652,83793,878.0,rainbow_cnn_dqn,,4.0,,51,0,,,,,,,,,,,
1653,83843,878.5,rainbow_cnn_dqn,,3.9,,50,0,,,,,,,,,,,
1654,83913,879.2,rainbow_cnn_dqn,,6.8,,70,1,,,,,,,,,,,
1655,83969,880.2,rainbow_cnn_dqn,,4.5,,56,0,,,,,,,,,,,
1656,84019,880.7,rainbow_cnn_dqn,,3.9,,50,0,,,,,,,,,,,
1657,84069,881.2,rainbow_cnn_dqn,,3.9,,50,0,,,,,,,,,,,
1658,84137,881.9,rainbow_cnn_dqn,,6.6,,68,1,,,,,,,,,,,
1659,84194,882.5,rainbow_cnn_dqn,,4.6,,57,0,,,,,,,,,,,
1660,84247,883.1,rainbow_cnn_dqn,,4.2,,53,0,,,,,,,,,,,
1661,84297,883.6,rainbow_cnn_dqn,,3.9,,50,0,,,,,,,,,,,
1662,84351,884.1,rainbow_cnn_dqn,,4.3,,54,0,,,,,,,,,,,
1663,84401,884.6,rainbow_cnn_dqn,,3.9,,50,0,,,,,,,,,,,
1664,84451,885.1,rainbow_cnn_dqn,,3.9,,50,0,,,,,,,,,,,
1665,84501,885.7,rainbow_cnn_dqn,,3.9,,50,0,,,,,,,,,,,
1666,84556,886.3,rainbow_cnn_dqn,,4.4,,55,0,,,,,,,,,,,
1667,84609,886.8,rainbow_cnn_dqn,,4.2,,53,0,,,,,,,,,,,
1668,84659,887.4,rainbow_cnn_dqn,,3.9,,50,0,,,,,,,,,,,
1669,84709,887.9,rainbow_cnn_dqn,,3.9,,50,0,,,,,,,,,,,
1670,84763,888.5,rainbow_cnn_dqn,,4.3,,54,0,,,,,,,,,,,
1671,84817,889.0,rainbow_cnn_dqn,,4.3,,54,0,,,,,,,,,,,
1672,84867,889.6,rainbow_cnn_dqn,,3.9,,50,0,,,,,,,,,,,
1673,84917,890.1,rainbow_cnn_dqn,,3.9,,50,0,,,,,,,,,,,
1674,84972,891.0,rainbow_cnn_dqn,,4.4,,55,0,,,,,,,,,,,
1675,85022,891.6,rainbow_cnn_dqn,,3.9,,50,0,,,,,,,,,,,
1676,85072,892.1,rainbow_cnn_dqn,,3.9,,50,0,,,,,,,,,,,
1677,85122,892.6,rainbow_cnn_dqn,,3.9,,50,0,,,,,,,,,,,
1678,85172,893.1,rainbow_cnn_dqn,,3.9,,50,0,,,,,,,,,,,
1679,85223,893.6,rainbow_cnn_dqn,,4.0,,51,0,,,,,,,,,,,
1680,85277,894.2,rainbow_cnn_dqn,,4.3,,54,0,,,,,,,,,,,
1681,85328,894.7,rainbow_cnn_dqn,,4.0,,51,0,,,,,,,,,,,
1682,85378,895.3,rainbow_cnn_dqn,,3.9,,50,0,,,,,,,,,,,
1683,85428,895.8,rainbow_cnn_dqn,,3.9,,50,0,,,,,,,,,,,
1684,85494,896.6,rainbow_cnn_dqn,,6.4,,66,1,,,,,,,,,,,
1685,85563,897.4,rainbow_cnn_dqn,,6.7,,69,1,,,,,,,,,,,
1686,85649,898.4,rainbow_cnn_dqn,,8.4,,86,1,,,,,,,,,,,
1687,85701,899.0,rainbow_cnn_dqn,,4.1,,52,0,,,,,,,,,,,
1688,85757,899.6,rainbow_cnn_dqn,,4.5,,56,0,,,,,,,,,,,
1689,85811,900.2,rainbow_cnn_dqn,,4.3,,54,0,,,,,,,,,,,
1690,85880,901.9,rainbow_cnn_dqn,,6.7,,69,1,,,,,,,,,,,
1691,85948,902.9,rainbow_cnn_dqn,,6.6,,68,1,,,,,,,,,,,
1692,85998,903.4,rainbow_cnn_dqn,,3.9,,50,0,,,,,,,,,,,
1693,86048,903.9,rainbow_cnn_dqn,,3.9,,50,0,,,,,,,,,,,
1694,86134,904.8,rainbow_cnn_dqn,,8.4,,86,1,,,,,,,,,,,
1695,86220,905.6,rainbow_cnn_dqn,,8.4,,86,1,,,,,,,,,,,
1696,86276,906.2,rainbow_cnn_dqn,,4.5,,56,0,,,,,,,,,,,
1697,86362,907.0,rainbow_cnn_dqn,,8.4,,86,1,,,,,,,,,,,
1698,86448,907.9,rainbow_cnn_dqn,,8.4,,86,1,,,,,,,,,,,
1699,86518,908.6,rainbow_cnn_dqn,,6.8,,70,1,,,,,,,,,,,
1700,86571,909.1,rainbow_cnn_dqn,,4.2,,53,0,,,,,,,,,,,
1701,86621,910.7,rainbow_cnn_dqn,,3.9,,50,0,,,,,,,,,,,
1702,86673,911.2,rainbow_cnn_dqn,,4.1,,52,0,,,,,,,,,,,
1703,86723,911.7,rainbow_cnn_dqn,,3.9,,50,0,,,,,,,,,,,
1704,86775,912.3,rainbow_cnn_dqn,,4.1,,52,0,,,,,,,,,,,
1705,86825,912.8,rainbow_cnn_dqn,,3.9,,50,0,,,,,,,,,,,
1706,86875,913.6,rainbow_cnn_dqn,,3.9,,50,0,,,,,,,,,,,
1707,86925,914.1,rainbow_cnn_dqn,,3.9,,50,0,,,,,,,,,,,
1708,86976,914.6,rainbow_cnn_dqn,,4.0,,51,0,,,,,,,,,,,
1709,87032,915.2,rainbow_cnn_dqn,,4.5,,56,0,,,,,,,,,,,
1710,87082,915.7,rainbow_cnn_dqn,,3.9,,50,0,,,,,,,,,,,
1711,87132,916.2,rainbow_cnn_dqn,,3.9,,50,0,,,,,,,,,,,
1712,87218,917.1,rainbow_cnn_dqn,,8.4,,86,1,,,,,,,,,,,
1713,87273,917.6,rainbow_cnn_dqn,,4.4,,55,0,,,,,,,,,,,
1714,87359,918.5,rainbow_cnn_dqn,,8.4,,86,1,,,,,,,,,,,
1715,87414,919.0,rainbow_cnn_dqn,,4.4,,55,0,,,,,,,,,,,
1716,87472,919.6,rainbow_cnn_dqn,,4.7,,58,0,,,,,,,,,,,
1717,87525,920.1,rainbow_cnn_dqn,,4.2,,53,0,,,,,,,,,,,
1718,87579,920.7,rainbow_cnn_dqn,,4.3,,54,0,,,,,,,,,,,
1719,87665,921.5,rainbow_cnn_dqn,,8.4,,86,1,,,,,,,,,,,
1720,87720,922.1,rainbow_cnn_dqn,,4.4,,55,0,,,,,,,,,,,
1721,87776,922.6,rainbow_cnn_dqn,,4.5,,56,0,,,,,,,,,,,
1722,87830,923.2,rainbow_cnn_dqn,,4.3,,54,0,,,,,,,,,,,
1723,87886,924.1,rainbow_cnn_dqn,,4.5,,56,0,,,,,,,,,,,
1724,87980,925.0,rainbow_cnn_dqn,,9.2,,94,1,,,,,,,,,,,
1725,88074,926.0,rainbow_cnn_dqn,,9.2,,94,1,,,,,,,,,,,
1726,88166,926.9,rainbow_cnn_dqn,,9.0,,92,1,,,,,,,,,,,
1727,88236,927.6,rainbow_cnn_dqn,,6.8,,70,1,,,,,,,,,,,
1728,88293,928.2,rainbow_cnn_dqn,,4.6,,57,0,,,,,,,,,,,
1729,88354,928.7,rainbow_cnn_dqn,,5.0,,61,0,,,,,,,,,,,
1730,88446,929.6,rainbow_cnn_dqn,,9.0,,92,1,,,,,,,,,,,
1731,88503,930.2,rainbow_cnn_dqn,,4.6,,57,0,,,,,,,,,,,
1732,88598,931.1,rainbow_cnn_dqn,,9.3,,95,1,,,,,,,,,,,
1733,88648,931.6,rainbow_cnn_dqn,,3.9,,50,0,,,,,,,,,,,
1734,88699,932.1,rainbow_cnn_dqn,,4.0,,51,0,,,,,,,,,,,
1735,88792,933.0,rainbow_cnn_dqn,,9.1,,93,1,,,,,,,,,,,
1736,88842,933.5,rainbow_cnn_dqn,,3.9,,50,0,,,,,,,,,,,
1737,88897,934.4,rainbow_cnn_dqn,,4.4,,55,0,,,,,,,,,,,
1738,88947,934.9,rainbow_cnn_dqn,,3.9,,50,0,,,,,,,,,,,
1739,89004,935.5,rainbow_cnn_dqn,,4.6,,57,0,,,,,,,,,,,
1740,89090,936.3,rainbow_cnn_dqn,,8.4,,86,1,,,,,,,,,,,
1741,89140,936.8,rainbow_cnn_dqn,,3.9,,50,0,,,,,,,,,,,
1742,89233,937.7,rainbow_cnn_dqn,,9.1,,93,1,,,,,,,,,,,
1743,89289,938.3,rainbow_cnn_dqn,,4.5,,56,0,,,,,,,,,,,
1744,89375,939.1,rainbow_cnn_dqn,,8.4,,86,1,,,,,,,,,,,
1745,89425,939.6,rainbow_cnn_dqn,,3.9,,50,0,,,,,,,,,,,
1746,89475,940.1,rainbow_cnn_dqn,,3.9,,50,0,,,,,,,,,,,
1747,89525,940.6,rainbow_cnn_dqn,,3.9,,50,0,,,,,,,,,,,
1748,89575,941.1,rainbow_cnn_dqn,,3.9,,50,0,,,,,,,,,,,
1749,89661,941.9,rainbow_cnn_dqn,,8.4,,86,1,,,,,,,,,,,
1750,89720,942.5,rainbow_cnn_dqn,,4.8,,59,0,,,,,,,,,,,
1751,89814,944.3,rainbow_cnn_dqn,,9.2,,94,1,,,,,,,,,,,
1752,89869,945.2,rainbow_cnn_dqn,,4.4,,55,0,,,,,,,,,,,
1753,89919,945.6,rainbow_cnn_dqn,,3.9,,50,0,,,,,,,,,,,
1754,89969,946.1,rainbow_cnn_dqn,,3.9,,50,0,,,,,,,,,,,
1755,90024,946.7,rainbow_cnn_dqn,,4.4,,55,0,,,,,,,,,,,
1756,90118,947.6,rainbow_cnn_dqn,,9.2,,94,1,,,,,,,,,,,
1757,90210,948.5,rainbow_cnn_dqn,,9.0,,92,1,,,,,,,,,,,
1758,90260,949.0,rainbow_cnn_dqn,,3.9,,50,0,,,,,,,,,,,
1759,90310,949.4,rainbow_cnn_dqn,,3.9,,50,0,,,,,,,,,,,
1760,90403,950.3,rainbow_cnn_dqn,,9.1,,93,1,,,,,,,,,,,
1761,90489,951.1,rainbow_cnn_dqn,,8.4,,86,1,,,,,,,,,,,
1762,90546,951.7,rainbow_cnn_dqn,,4.6,,57,0,,,,,,,,,,,
1763,90602,952.2,rainbow_cnn_dqn,,4.5,,56,0,,,,,,,,,,,
1764,90688,953.1,rainbow_cnn_dqn,,8.4,,86,1,,,,,,,,,,,
1765,90748,953.6,rainbow_cnn_dqn,,4.9,,60,0,,,,,,,,,,,
1766,90841,954.5,rainbow_cnn_dqn,,9.1,,93,1,,,,,,,,,,,
1767,90897,955.1,rainbow_cnn_dqn,,4.5,,56,0,,,,,,,,,,,
1768,91019,956.6,rainbow_cnn_dqn,,12.9,,122,2,,,,,,,,,,,
1769,91112,957.5,rainbow_cnn_dqn,,9.1,,93,1,,,,,,,,,,,
1770,91198,958.4,rainbow_cnn_dqn,,8.4,,86,1,,,,,,,,,,,
1771,91290,959.2,rainbow_cnn_dqn,,9.0,,92,1,,,,,,,,,,,
1772,91349,959.8,rainbow_cnn_dqn,,4.8,,59,0,,,,,,,,,,,
1773,91404,960.3,rainbow_cnn_dqn,,4.4,,55,0,,,,,,,,,,,
1774,91497,961.2,rainbow_cnn_dqn,,9.1,,93,1,,,,,,,,,,,
1775,91591,962.1,rainbow_cnn_dqn,,9.2,,94,1,,,,,,,,,,,
1776,91647,962.7,rainbow_cnn_dqn,,4.5,,56,0,,,,,,,,,,,
1777,91703,963.2,rainbow_cnn_dqn,,4.5,,56,0,,,,,,,,,,,
1778,91789,964.0,rainbow_cnn_dqn,,8.4,,86,1,,,,,,,,,,,
1779,91841,964.5,rainbow_cnn_dqn,,4.1,,52,0,,,,,,,,,,,
1780,91891,965.0,rainbow_cnn_dqn,,3.9,,50,0,,,,,,,,,,,
1781,91941,965.5,rainbow_cnn_dqn,,3.9,,50,0,,,,,,,,,,,
1782,92027,966.7,rainbow_cnn_dqn,,8.4,,86,1,,,,,,,,,,,
1783,92082,967.2,rainbow_cnn_dqn,,4.4,,55,0,,,,,,,,,,,
1784,92132,967.7,rainbow_cnn_dqn,,3.9,,50,0,,,,,,,,,,,
1785,92225,968.6,rainbow_cnn_dqn,,9.1,,93,1,,,,,,,,,,,
1786,92311,969.4,rainbow_cnn_dqn,,8.4,,86,1,,,,,,,,,,,
1787,92404,970.3,rainbow_cnn_dqn,,9.1,,93,1,,,,,,,,,,,
1788,92455,970.8,rainbow_cnn_dqn,,4.0,,51,0,,,,,,,,,,,
1789,92512,971.4,rainbow_cnn_dqn,,4.6,,57,0,,,,,,,,,,,
1790,92568,971.9,rainbow_cnn_dqn,,4.5,,56,0,,,,,,,,,,,
1791,92661,972.8,rainbow_cnn_dqn,,9.1,,93,1,,,,,,,,,,,
1792,92747,973.7,rainbow_cnn_dqn,,8.4,,86,1,,,,,,,,,,,
1793,92797,974.2,rainbow_cnn_dqn,,3.9,,50,0,,,,,,,,,,,
1794,92852,974.7,rainbow_cnn_dqn,,4.4,,55,0,,,,,,,,,,,
1795,92905,975.3,rainbow_cnn_dqn,,4.2,,53,0,,,,,,,,,,,
1796,92998,976.4,rainbow_cnn_dqn,,9.1,,93,1,,,,,,,,,,,
1797,93056,977.4,rainbow_cnn_dqn,,4.7,,58,0,,,,,,,,,,,
1798,93112,978.0,rainbow_cnn_dqn,,4.5,,56,0,,,,,,,,,,,
1799,93166,978.5,rainbow_cnn_dqn,,4.3,,54,0,,,,,,,,,,,
1800,93221,979.0,rainbow_cnn_dqn,,4.4,,55,0,,,,,,,,,,,
1801,93279,980.5,rainbow_cnn_dqn,,4.7,,58,0,,,,,,,,,,,
1802,93337,981.1,rainbow_cnn_dqn,,4.7,,58,0,,,,,,,,,,,
1803,93392,981.6,rainbow_cnn_dqn,,4.4,,55,0,,,,,,,,,,,
1804,93447,982.1,rainbow_cnn_dqn,,4.4,,55,0,,,,,,,,,,,
1805,93497,982.6,rainbow_cnn_dqn,,3.9,,50,0,,,,,,,,,,,
1806,93554,983.2,rainbow_cnn_dqn,,4.6,,57,0,,,,,,,,,,,
1807,93609,983.7,rainbow_cnn_dqn,,4.4,,55,0,,,,,,,,,,,
1808,93695,984.5,rainbow_cnn_dqn,,8.4,,86,1,,,,,,,,,,,
1809,93751,985.1,rainbow_cnn_dqn,,4.5,,56,0,,,,,,,,,,,
1810,93807,985.6,rainbow_cnn_dqn,,4.5,,56,0,,,,,,,,,,,
1811,93864,986.2,rainbow_cnn_dqn,,4.6,,57,0,,,,,,,,,,,
1812,93959,987.1,rainbow_cnn_dqn,,9.3,,95,1,,,,,,,,,,,
1813,94012,987.9,rainbow_cnn_dqn,,4.2,,53,0,,,,,,,,,,,
1814,94062,988.4,rainbow_cnn_dqn,,3.9,,50,0,,,,,,,,,,,
1815,94116,988.9,rainbow_cnn_dqn,,4.3,,54,0,,,,,,,,,,,
1816,94174,989.5,rainbow_cnn_dqn,,4.7,,58,0,,,,,,,,,,,
1817,94233,990.1,rainbow_cnn_dqn,,4.8,,59,0,,,,,,,,,,,
1818,94319,990.9,rainbow_cnn_dqn,,8.4,,86,1,,,,,,,,,,,
1819,94456,992.2,rainbow_cnn_dqn,,15.3,,137,3,,,,,,,,,,,
1820,94553,993.1,rainbow_cnn_dqn,,9.5,,97,1,,,,,,,,,,,
1821,94609,993.7,rainbow_cnn_dqn,,4.5,,56,0,,,,,,,,,,,
1822,94702,994.6,rainbow_cnn_dqn,,9.1,,93,1,,,,,,,,,,,
1823,94772,995.3,rainbow_cnn_dqn,,6.8,,70,1,,,,,,,,,,,
1824,94830,995.8,rainbow_cnn_dqn,,4.7,,58,0,,,,,,,,,,,
1825,94918,996.7,rainbow_cnn_dqn,,8.6,,88,1,,,,,,,,,,,
1826,95125,998.7,rainbow_cnn_dqn,,23.2,,207,4,,,,,,,,,,,
1827,95217,999.9,rainbow_cnn_dqn,,9.0,,92,1,,,,,,,,,,,
1828,95275,1000.5,rainbow_cnn_dqn,,4.7,,58,0,,,,,,,,,,,
1829,95361,1001.3,rainbow_cnn_dqn,,8.4,,86,1,,,,,,,,,,,
1830,95416,1001.9,rainbow_cnn_dqn,,4.4,,55,0,,,,,,,,,,,
1831,95469,1002.4,rainbow_cnn_dqn,,4.2,,53,0,,,,,,,,,,,
1832,95526,1003.0,rainbow_cnn_dqn,,4.6,,57,0,,,,,,,,,,,
1833,95582,1003.5,rainbow_cnn_dqn,,4.5,,56,0,,,,,,,,,,,
1834,95675,1004.4,rainbow_cnn_dqn,,9.1,,93,1,,,,,,,,,,,
1835,95732,1005.0,rainbow_cnn_dqn,,4.6,,57,0,,,,,,,,,,,
1836,95789,1005.6,rainbow_cnn_dqn,,4.6,,57,0,,,,,,,,,,,
1837,95883,1006.5,rainbow_cnn_dqn,,9.2,,94,1,,,,,,,,,,,
1838,95977,1007.4,rainbow_cnn_dqn,,9.2,,94,1,,,,,,,,,,,
1839,96099,1008.6,rainbow_cnn_dqn,,12.9,,122,2,,,,,,,,,,,
1840,96149,1009.1,rainbow_cnn_dqn,,3.9,,50,0,,,,,,,,,,,
1841,96243,1010.3,rainbow_cnn_dqn,,9.2,,94,1,,,,,,,,,,,
1842,96298,1010.9,rainbow_cnn_dqn,,4.4,,55,0,,,,,,,,,,,
1843,96384,1011.7,rainbow_cnn_dqn,,8.4,,86,1,,,,,,,,,,,
1844,96478,1012.6,rainbow_cnn_dqn,,9.2,,94,1,,,,,,,,,,,
1845,96533,1013.2,rainbow_cnn_dqn,,4.4,,55,0,,,,,,,,,,,
1846,96585,1013.7,rainbow_cnn_dqn,,4.1,,52,0,,,,,,,,,,,
1847,96652,1014.3,rainbow_cnn_dqn,,6.5,,67,1,,,,,,,,,,,
1848,96711,1014.9,rainbow_cnn_dqn,,4.8,,59,0,,,,,,,,,,,
1849,96767,1015.5,rainbow_cnn_dqn,,4.5,,56,0,,,,,,,,,,,
1850,96889,1016.7,rainbow_cnn_dqn,,12.9,,122,2,,,,,,,,,,,
1851,96983,1018.5,rainbow_cnn_dqn,,9.2,,94,1,,,,,,,,,,,
1852,97073,1019.4,rainbow_cnn_dqn,,8.8,,90,1,,,,,,,,,,,
1853,97162,1020.2,rainbow_cnn_dqn,,8.7,,89,1,,,,,,,,,,,
1854,97219,1021.1,rainbow_cnn_dqn,,4.6,,57,0,,,,,,,,,,,
1855,97277,1021.7,rainbow_cnn_dqn,,4.7,,58,0,,,,,,,,,,,
1856,97371,1022.6,rainbow_cnn_dqn,,9.2,,94,1,,,,,,,,,,,
1857,97500,1023.8,rainbow_cnn_dqn,,13.6,,129,2,,,,,,,,,,,
1858,97586,1024.7,rainbow_cnn_dqn,,8.4,,86,1,,,,,,,,,,,
1859,97678,1025.6,rainbow_cnn_dqn,,9.0,,92,1,,,,,,,,,,,
1860,97772,1026.5,rainbow_cnn_dqn,,9.2,,94,1,,,,,,,,,,,
1861,97865,1027.4,rainbow_cnn_dqn,,9.1,,93,1,,,,,,,,,,,
1862,97921,1028.0,rainbow_cnn_dqn,,4.5,,56,0,,,,,,,,,,,
1863,98007,1028.8,rainbow_cnn_dqn,,8.4,,86,1,,,,,,,,,,,
1864,98062,1029.3,rainbow_cnn_dqn,,4.4,,55,0,,,,,,,,,,,
1865,98155,1030.2,rainbow_cnn_dqn,,9.1,,93,1,,,,,,,,,,,
1866,98205,1030.7,rainbow_cnn_dqn,,3.9,,50,0,,,,,,,,,,,
1867,98340,1032.4,rainbow_cnn_dqn,,15.1,,135,3,,,,,,,,,,,
1868,98426,1033.2,rainbow_cnn_dqn,,8.4,,86,1,,,,,,,,,,,
1869,98522,1034.1,rainbow_cnn_dqn,,9.4,,96,1,,,,,,,,,,,
1870,98651,1035.4,rainbow_cnn_dqn,,13.6,,129,2,,,,,,,,,,,
1871,98721,1036.0,rainbow_cnn_dqn,,6.8,,70,1,,,,,,,,,,,
1872,98775,1036.6,rainbow_cnn_dqn,,4.3,,54,0,,,,,,,,,,,
1873,98827,1037.1,rainbow_cnn_dqn,,4.1,,52,0,,,,,,,,,,,
1874,98880,1037.6,rainbow_cnn_dqn,,4.2,,53,0,,,,,,,,,,,
1875,98966,1038.4,rainbow_cnn_dqn,,8.4,,86,1,,,,,,,,,,,
1876,99060,1039.3,rainbow_cnn_dqn,,9.2,,94,1,,,,,,,,,,,
1877,99152,1040.2,rainbow_cnn_dqn,,9.0,,92,1,,,,,,,,,,,
1878,99245,1041.1,rainbow_cnn_dqn,,9.1,,93,1,,,,,,,,,,,
1879,99331,1042.3,rainbow_cnn_dqn,,8.4,,86,1,,,,,,,,,,,
1880,99417,1043.1,rainbow_cnn_dqn,,8.4,,86,1,,,,,,,,,,,
1881,99483,1043.7,rainbow_cnn_dqn,,6.4,,66,1,,,,,,,,,,,
1882,99535,1044.2,rainbow_cnn_dqn,,4.1,,52,0,,,,,,,,,,,
1883,99585,1044.7,rainbow_cnn_dqn,,3.9,,50,0,,,,,,,,,,,
1884,99641,1045.3,rainbow_cnn_dqn,,4.5,,56,0,,,,,,,,,,,
1885,99737,1046.2,rainbow_cnn_dqn,,9.4,,96,1,,,,,,,,,,,
1886,99790,1046.7,rainbow_cnn_dqn,,4.2,,53,0,,,,,,,,,,,
1887,99884,1047.6,rainbow_cnn_dqn,,9.2,,94,1,,,,,,,,,,,
1888,99970,1048.4,rainbow_cnn_dqn,,8.4,,86,1,,,,,,,,,,,
1889,100024,1048.9,rainbow_cnn_dqn,,4.3,,54,0,,,,,,,,,,,
1890,100130,1050.0,rainbow_cnn_dqn,,11.3,,106,2,,,,,,,,,,,
1891,100223,1050.8,rainbow_cnn_dqn,,9.1,,93,1,,,,,,,,,,,
1892,100290,1051.5,rainbow_cnn_dqn,,6.5,,67,1,,,,,,,,,,,
1893,100472,1053.6,rainbow_cnn_dqn,,20.7,,182,4,,,,,,,,,,,
1894,100530,1054.1,rainbow_cnn_dqn,,4.7,,58,0,,,,,,,,,,,
1895,100623,1055.0,rainbow_cnn_dqn,,9.1,,93,1,,,,,,,,,,,
1896,100709,1055.8,rainbow_cnn_dqn,,8.4,,86,1,,,,,,,,,,,
1897,100802,1056.7,rainbow_cnn_dqn,,9.1,,93,1,,,,,,,,,,,
1898,100895,1057.6,rainbow_cnn_dqn,,9.1,,93,1,,,,,,,,,,,
1899,100951,1058.1,rainbow_cnn_dqn,,4.5,,56,0,,,,,,,,,,,
1900,101037,1059.0,rainbow_cnn_dqn,,8.4,,86,1,,,,,,,,,,,
1901,101105,1060.5,rainbow_cnn_dqn,,6.6,,68,1,,,,,,,,,,,
1902,101163,1061.1,rainbow_cnn_dqn,,4.7,,58,0,,,,,,,,,,,
1903,101213,1061.6,rainbow_cnn_dqn,,3.9,,50,0,,,,,,,,,,,
1904,101270,1062.1,rainbow_cnn_dqn,,4.6,,57,0,,,,,,,,,,,
1905,101356,1063.3,rainbow_cnn_dqn,,8.4,,86,1,,,,,,,,,,,
1906,101418,1063.9,rainbow_cnn_dqn,,6.0,,62,1,,,,,,,,,,,
1907,101468,1064.4,rainbow_cnn_dqn,,3.9,,50,0,,,,,,,,,,,
1908,101631,1065.9,rainbow_cnn_dqn,,17.9,,163,3,,,,,,,,,,,
1909,101683,1066.4,rainbow_cnn_dqn,,4.1,,52,0,,,,,,,,,,,
1910,101769,1067.3,rainbow_cnn_dqn,,8.4,,86,1,,,,,,,,,,,
1911,101891,1068.5,rainbow_cnn_dqn,,12.9,,122,2,,,,,,,,,,,
1912,101961,1069.2,rainbow_cnn_dqn,,6.8,,70,1,,,,,,,,,,,
1913,102011,1069.6,rainbow_cnn_dqn,,3.9,,50,0,,,,,,,,,,,
1914,102067,1070.2,rainbow_cnn_dqn,,4.5,,56,0,,,,,,,,,,,
1915,102189,1071.4,rainbow_cnn_dqn,,12.9,,122,2,,,,,,,,,,,
1916,102259,1072.1,rainbow_cnn_dqn,,6.8,,70,1,,,,,,,,,,,
1917,102318,1072.7,rainbow_cnn_dqn,,4.8,,59,0,,,,,,,,,,,
1918,102374,1073.6,rainbow_cnn_dqn,,4.5,,56,0,,,,,,,,,,,
1919,102439,1074.2,rainbow_cnn_dqn,,6.3,,65,1,,,,,,,,,,,
1920,102532,1075.1,rainbow_cnn_dqn,,9.1,,93,1,,,,,,,,,,,
1921,102593,1075.7,rainbow_cnn_dqn,,5.0,,61,0,,,,,,,,,,,
1922,102663,1076.4,rainbow_cnn_dqn,,6.8,,70,1,,,,,,,,,,,
1923,102804,1077.7,rainbow_cnn_dqn,,15.7,,141,3,,,,,,,,,,,
1924,102854,1078.2,rainbow_cnn_dqn,,3.9,,50,0,,,,,,,,,,,
1925,102920,1078.9,rainbow_cnn_dqn,,6.4,,66,1,,,,,,,,,,,
1926,102987,1079.5,rainbow_cnn_dqn,,6.5,,67,1,,,,,,,,,,,
1927,103078,1080.4,rainbow_cnn_dqn,,8.9,,91,1,,,,,,,,,,,
1928,103128,1080.9,rainbow_cnn_dqn,,3.9,,50,0,,,,,,,,,,,
1929,103194,1081.5,rainbow_cnn_dqn,,6.4,,66,1,,,,,,,,,,,
1930,103259,1082.1,rainbow_cnn_dqn,,6.3,,65,1,,,,,,,,,,,
1931,103458,1084.0,rainbow_cnn_dqn,,22.4,,199,4,,,,,,,,,,,
1932,103513,1084.9,rainbow_cnn_dqn,,4.4,,55,0,,,,,,,,,,,
1933,103599,1085.8,rainbow_cnn_dqn,,8.4,,86,1,,,,,,,,,,,
1934,103704,1086.8,rainbow_cnn_dqn,,11.2,,105,2,,,,,,,,,,,
1935,103754,1087.3,rainbow_cnn_dqn,,3.9,,50,0,,,,,,,,,,,
1936,103824,1088.0,rainbow_cnn_dqn,,6.8,,70,1,,,,,,,,,,,
1937,103890,1088.7,rainbow_cnn_dqn,,6.4,,66,1,,,,,,,,,,,
1938,103982,1089.6,rainbow_cnn_dqn,,9.0,,92,1,,,,,,,,,,,
1939,104042,1090.2,rainbow_cnn_dqn,,4.9,,60,0,,,,,,,,,,,
1940,104104,1090.8,rainbow_cnn_dqn,,6.0,,62,1,,,,,,,,,,,
1941,104164,1091.4,rainbow_cnn_dqn,,4.9,,60,0,,,,,,,,,,,
1942,104230,1092.1,rainbow_cnn_dqn,,6.4,,66,1,,,,,,,,,,,
1943,104295,1092.7,rainbow_cnn_dqn,,6.3,,65,1,,,,,,,,,,,
1944,104352,1093.3,rainbow_cnn_dqn,,4.6,,57,0,,,,,,,,,,,
1945,104421,1094.0,rainbow_cnn_dqn,,6.7,,69,1,,,,,,,,,,,
1946,104487,1094.6,rainbow_cnn_dqn,,6.4,,66,1,,,,,,,,,,,
1947,104557,1095.7,rainbow_cnn_dqn,,6.8,,70,1,,,,,,,,,,,
1948,104643,1096.5,rainbow_cnn_dqn,,8.4,,86,1,,,,,,,,,,,
1949,104733,1097.4,rainbow_cnn_dqn,,8.8,,90,1,,,,,,,,,,,
1950,104801,1098.1,rainbow_cnn_dqn,,6.6,,68,1,,,,,,,,,,,
1951,104869,1100.4,rainbow_cnn_dqn,,6.6,,68,1,,,,,,,,,,,
1952,104933,1101.0,rainbow_cnn_dqn,,6.2,,64,1,,,,,,,,,,,
1953,105024,1101.9,rainbow_cnn_dqn,,8.9,,91,1,,,,,,,,,,,
1954,105086,1102.5,rainbow_cnn_dqn,,6.0,,62,1,,,,,,,,,,,
1955,105181,1103.4,rainbow_cnn_dqn,,9.3,,95,1,,,,,,,,,,,
1956,105242,1104.0,rainbow_cnn_dqn,,5.0,,61,0,,,,,,,,,,,
1957,105304,1104.6,rainbow_cnn_dqn,,6.0,,62,1,,,,,,,,,,,
1958,105409,1105.6,rainbow_cnn_dqn,,11.2,,105,2,,,,,,,,,,,
1959,105498,1106.8,rainbow_cnn_dqn,,8.7,,89,1,,,,,,,,,,,
1960,105561,1107.4,rainbow_cnn_dqn,,6.1,,63,1,,,,,,,,,,,
1961,105665,1108.4,rainbow_cnn_dqn,,11.1,,104,2,,,,,,,,,,,
1962,105724,1109.0,rainbow_cnn_dqn,,4.8,,59,0,,,,,,,,,,,
1963,105822,1109.9,rainbow_cnn_dqn,,10.5,,98,2,,,,,,,,,,,
1964,105952,1111.2,rainbow_cnn_dqn,,13.7,,130,2,,,,,,,,,,,
1965,106015,1111.8,rainbow_cnn_dqn,,6.1,,63,1,,,,,,,,,,,
1966,106076,1112.4,rainbow_cnn_dqn,,5.0,,61,0,,,,,,,,,,,
1967,106139,1113.0,rainbow_cnn_dqn,,6.1,,63,1,,,,,,,,,,,
1968,106189,1113.5,rainbow_cnn_dqn,,3.9,,50,0,,,,,,,,,,,
1969,106280,1114.3,rainbow_cnn_dqn,,8.9,,91,1,,,,,,,,,,,
1970,106344,1115.0,rainbow_cnn_dqn,,6.2,,64,1,,,,,,,,,,,
1971,106430,1115.8,rainbow_cnn_dqn,,8.4,,86,1,,,,,,,,,,,
1972,106499,1116.5,rainbow_cnn_dqn,,6.7,,69,1,,,,,,,,,,,
1973,106563,1117.4,rainbow_cnn_dqn,,6.2,,64,1,,,,,,,,,,,
1974,106625,1118.0,rainbow_cnn_dqn,,6.0,,62,1,,,,,,,,,,,
1975,106711,1118.8,rainbow_cnn_dqn,,8.4,,86,1,,,,,,,,,,,
1976,106779,1119.5,rainbow_cnn_dqn,,6.6,,68,1,,,,,,,,,,,
1977,106865,1120.3,rainbow_cnn_dqn,,8.4,,86,1,,,,,,,,,,,
1978,106971,1121.3,rainbow_cnn_dqn,,11.3,,106,2,,,,,,,,,,,
1979,107034,1121.9,rainbow_cnn_dqn,,6.1,,63,1,,,,,,,,,,,
1980,107084,1122.4,rainbow_cnn_dqn,,3.9,,50,0,,,,,,,,,,,
1981,107147,1123.0,rainbow_cnn_dqn,,6.1,,63,1,,,,,,,,,,,
1982,107280,1124.3,rainbow_cnn_dqn,,14.0,,133,2,,,,,,,,,,,
1983,107374,1125.2,rainbow_cnn_dqn,,9.2,,94,1,,,,,,,,,,,
1984,107441,1125.9,rainbow_cnn_dqn,,6.5,,67,1,,,,,,,,,,,
1985,107538,1126.8,rainbow_cnn_dqn,,9.5,,97,1,,,,,,,,,,,
1986,107605,1127.8,rainbow_cnn_dqn,,6.5,,67,1,,,,,,,,,,,
1987,107674,1128.5,rainbow_cnn_dqn,,6.7,,69,1,,,,,,,,,,,
1988,107778,1129.5,rainbow_cnn_dqn,,11.1,,104,2,,,,,,,,,,,
1989,107842,1130.1,rainbow_cnn_dqn,,6.2,,64,1,,,,,,,,,,,
1990,107912,1130.8,rainbow_cnn_dqn,,6.8,,70,1,,,,,,,,,,,
1991,107978,1131.4,rainbow_cnn_dqn,,6.4,,66,1,,,,,,,,,,,
1992,108037,1132.0,rainbow_cnn_dqn,,4.8,,59,0,,,,,,,,,,,
1993,108106,1132.7,rainbow_cnn_dqn,,6.7,,69,1,,,,,,,,,,,
1994,108198,1133.5,rainbow_cnn_dqn,,9.0,,92,1,,,,,,,,,,,
1995,108292,1134.4,rainbow_cnn_dqn,,9.2,,94,1,,,,,,,,,,,
1996,108351,1135.0,rainbow_cnn_dqn,,4.8,,59,0,,,,,,,,,,,
1997,108445,1135.9,rainbow_cnn_dqn,,9.2,,94,1,,,,,,,,,,,
1998,108502,1136.5,rainbow_cnn_dqn,,4.6,,57,0,,,,,,,,,,,
1999,108598,1137.4,rainbow_cnn_dqn,,9.4,,96,1,,,,,,,,,,,
2000,108648,1138.2,rainbow_cnn_dqn,,3.9,,50,0,,,,,,,,,,,
2001,108707,1139.6,rainbow_cnn_dqn,,4.8,,59,0,,,,,,,,,,,
2002,108757,1140.1,rainbow_cnn_dqn,,3.9,,50,0,,,,,,,,,,,
2003,108847,1141.0,rainbow_cnn_dqn,,8.8,,90,1,,,,,,,,,,,
2004,108941,1141.9,rainbow_cnn_dqn,,9.2,,94,1,,,,,,,,,,,
2005,108991,1142.4,rainbow_cnn_dqn,,3.9,,50,0,,,,,,,,,,,
2006,109077,1143.2,rainbow_cnn_dqn,,8.4,,86,1,,,,,,,,,,,
2007,109136,1143.8,rainbow_cnn_dqn,,4.8,,59,0,,,,,,,,,,,
2008,109191,1144.4,rainbow_cnn_dqn,,4.4,,55,0,,,,,,,,,,,
2009,109248,1144.9,rainbow_cnn_dqn,,4.6,,57,0,,,,,,,,,,,
2010,109340,1145.8,rainbow_cnn_dqn,,9.0,,92,1,,,,,,,,,,,
2011,109395,1146.3,rainbow_cnn_dqn,,4.4,,55,0,,,,,,,,,,,
2012,109490,1147.3,rainbow_cnn_dqn,,9.3,,95,1,,,,,,,,,,,
2013,109555,1148.0,rainbow_cnn_dqn,,6.3,,65,1,,,,,,,,,,,
2014,109614,1148.9,rainbow_cnn_dqn,,4.8,,59,0,,,,,,,,,,,
2015,109710,1149.8,rainbow_cnn_dqn,,9.4,,96,1,,,,,,,,,,,
2016,109804,1150.7,rainbow_cnn_dqn,,9.2,,94,1,,,,,,,,,,,
2017,109874,1151.4,rainbow_cnn_dqn,,6.8,,70,1,,,,,,,,,,,
2018,109971,1152.3,rainbow_cnn_dqn,,9.5,,97,1,,,,,,,,,,,
2019,110021,1152.8,rainbow_cnn_dqn,,3.9,,50,0,,,,,,,,,,,
2020,110078,1153.4,rainbow_cnn_dqn,,4.6,,57,0,,,,,,,,,,,
2021,110175,1154.3,rainbow_cnn_dqn,,9.5,,97,1,,,,,,,,,,,
2022,110281,1155.4,rainbow_cnn_dqn,,11.3,,106,2,,,,,,,,,,,
2023,110490,1157.4,rainbow_cnn_dqn,,23.4,,209,4,,,,,,,,,,,
2024,110580,1158.3,rainbow_cnn_dqn,,8.8,,90,1,,,,,,,,,,,
2025,110637,1159.2,rainbow_cnn_dqn,,4.6,,57,0,,,,,,,,,,,
2026,110695,1159.8,rainbow_cnn_dqn,,4.7,,58,0,,,,,,,,,,,
2027,110755,1160.4,rainbow_cnn_dqn,,4.9,,60,0,,,,,,,,,,,
2028,110849,1161.3,rainbow_cnn_dqn,,9.2,,94,1,,,,,,,,,,,
2029,110935,1162.2,rainbow_cnn_dqn,,8.4,,86,1,,,,,,,,,,,
2030,110994,1162.8,rainbow_cnn_dqn,,4.8,,59,0,,,,,,,,,,,
2031,111052,1163.3,rainbow_cnn_dqn,,4.7,,58,0,,,,,,,,,,,
2032,111110,1163.9,rainbow_cnn_dqn,,4.7,,58,0,,,,,,,,,,,
2033,111243,1165.2,rainbow_cnn_dqn,,14.0,,133,2,,,,,,,,,,,
2034,111340,1166.1,rainbow_cnn_dqn,,9.5,,97,1,,,,,,,,,,,
2035,111402,1166.8,rainbow_cnn_dqn,,6.0,,62,1,,,,,,,,,,,
2036,111468,1167.4,rainbow_cnn_dqn,,6.4,,66,1,,,,,,,,,,,
2037,111534,1168.1,rainbow_cnn_dqn,,6.4,,66,1,,,,,,,,,,,
2038,111602,1168.7,rainbow_cnn_dqn,,6.6,,68,1,,,,,,,,,,,
2039,111662,1169.7,rainbow_cnn_dqn,,4.9,,60,0,,,,,,,,,,,
2040,111720,1170.3,rainbow_cnn_dqn,,4.7,,58,0,,,,,,,,,,,
2041,111777,1170.8,rainbow_cnn_dqn,,4.6,,57,0,,,,,,,,,,,
2042,111847,1171.5,rainbow_cnn_dqn,,6.8,,70,1,,,,,,,,,,,
2043,111915,1172.2,rainbow_cnn_dqn,,6.6,,68,1,,,,,,,,,,,
2044,111965,1172.7,rainbow_cnn_dqn,,3.9,,50,0,,,,,,,,,,,
2045,112059,1173.6,rainbow_cnn_dqn,,9.2,,94,1,,,,,,,,,,,
2046,112119,1174.2,rainbow_cnn_dqn,,4.9,,60,0,,,,,,,,,,,
2047,112174,1174.7,rainbow_cnn_dqn,,4.4,,55,0,,,,,,,,,,,
2048,112279,1175.7,rainbow_cnn_dqn,,11.2,,105,2,,,,,,,,,,,
2049,112349,1176.4,rainbow_cnn_dqn,,6.8,,70,1,,,,,,,,,,,
2050,112407,1177.0,rainbow_cnn_dqn,,4.7,,58,0,,,,,,,,,,,
2051,112512,1179.0,rainbow_cnn_dqn,,11.2,,105,2,,,,,,,,,,,
2052,112598,1179.9,rainbow_cnn_dqn,,8.4,,86,1,,,,,,,,,,,
2053,112655,1180.7,rainbow_cnn_dqn,,4.6,,57,0,,,,,,,,,,,
2054,112723,1181.4,rainbow_cnn_dqn,,6.6,,68,1,,,,,,,,,,,
2055,112789,1182.0,rainbow_cnn_dqn,,6.4,,66,1,,,,,,,,,,,
2056,112854,1182.7,rainbow_cnn_dqn,,6.3,,65,1,,,,,,,,,,,
2057,113037,1184.5,rainbow_cnn_dqn,,20.8,,183,4,,,,,,,,,,,
2058,113100,1185.1,rainbow_cnn_dqn,,6.1,,63,1,,,,,,,,,,,
2059,113186,1185.9,rainbow_cnn_dqn,,8.4,,86,1,,,,,,,,,,,
2060,113280,1186.8,rainbow_cnn_dqn,,9.2,,94,1,,,,,,,,,,,
2061,113366,1187.7,rainbow_cnn_dqn,,8.4,,86,1,,,,,,,,,,,
2062,113416,1188.1,rainbow_cnn_dqn,,3.9,,50,0,,,,,,,,,,,
2063,113502,1189.0,rainbow_cnn_dqn,,8.4,,86,1,,,,,,,,,,,
2064,113588,1189.8,rainbow_cnn_dqn,,8.4,,86,1,,,,,,,,,,,
2065,113654,1190.5,rainbow_cnn_dqn,,6.4,,66,1,,,,,,,,,,,
2066,113720,1191.4,rainbow_cnn_dqn,,6.4,,66,1,,,,,,,,,,,
2067,113782,1192.0,rainbow_cnn_dqn,,6.0,,62,1,,,,,,,,,,,
2068,113880,1193.0,rainbow_cnn_dqn,,10.5,,98,2,,,,,,,,,,,
2069,113944,1193.6,rainbow_cnn_dqn,,6.2,,64,1,,,,,,,,,,,
2070,114007,1194.2,rainbow_cnn_dqn,,6.1,,63,1,,,,,,,,,,,
2071,114103,1195.2,rainbow_cnn_dqn,,9.4,,96,1,,,,,,,,,,,
2072,114165,1195.8,rainbow_cnn_dqn,,6.0,,62,1,,,,,,,,,,,
2073,114261,1196.7,rainbow_cnn_dqn,,9.4,,96,1,,,,,,,,,,,
2074,114325,1197.4,rainbow_cnn_dqn,,6.2,,64,1,,,,,,,,,,,
2075,114420,1198.3,rainbow_cnn_dqn,,9.3,,95,1,,,,,,,,,,,
2076,114489,1199.0,rainbow_cnn_dqn,,6.7,,69,1,,,,,,,,,,,
2077,114575,1199.8,rainbow_cnn_dqn,,8.4,,86,1,,,,,,,,,,,
2078,114625,1200.3,rainbow_cnn_dqn,,3.9,,50,0,,,,,,,,,,,
2079,114794,1202.0,rainbow_cnn_dqn,,18.5,,169,3,,,,,,,,,,,
2080,114853,1202.9,rainbow_cnn_dqn,,4.8,,59,0,,,,,,,,,,,
2081,114953,1203.9,rainbow_cnn_dqn,,10.7,,100,2,,,,,,,,,,,
2082,115045,1204.8,rainbow_cnn_dqn,,9.0,,92,1,,,,,,,,,,,
2083,115107,1205.4,rainbow_cnn_dqn,,6.0,,62,1,,,,,,,,,,,
2084,115171,1206.0,rainbow_cnn_dqn,,6.2,,64,1,,,,,,,,,,,
2085,115232,1206.6,rainbow_cnn_dqn,,5.0,,61,0,,,,,,,,,,,
2086,115299,1207.3,rainbow_cnn_dqn,,6.5,,67,1,,,,,,,,,,,
2087,115393,1209.9,rainbow_cnn_dqn,,9.2,,94,1,,,,,,,,,,,
2088,115458,1210.6,rainbow_cnn_dqn,,6.3,,65,1,,,,,,,,,,,
2089,115524,1211.2,rainbow_cnn_dqn,,6.4,,66,1,,,,,,,,,,,
2090,115630,1212.3,rainbow_cnn_dqn,,11.3,,106,2,,,,,,,,,,,
2091,115680,1213.2,rainbow_cnn_dqn,,3.9,,50,0,,,,,,,,,,,
2092,115771,1214.1,rainbow_cnn_dqn,,8.9,,91,1,,,,,,,,,,,
2093,115876,1215.1,rainbow_cnn_dqn,,11.2,,105,2,,,,,,,,,,,
2094,115962,1215.9,rainbow_cnn_dqn,,8.4,,86,1,,,,,,,,,,,
2095,116029,1216.6,rainbow_cnn_dqn,,6.5,,67,1,,,,,,,,,,,
2096,116096,1217.2,rainbow_cnn_dqn,,6.5,,67,1,,,,,,,,,,,
2097,116187,1218.1,rainbow_cnn_dqn,,8.9,,91,1,,,,,,,,,,,
2098,116247,1218.7,rainbow_cnn_dqn,,4.9,,60,0,,,,,,,,,,,
2099,116541,1221.6,rainbow_cnn_dqn,,34.6,,294,7,,,,,,,,,,,
2100,116604,1222.4,rainbow_cnn_dqn,,6.1,,63,1,,,,,,,,,,,
2101,116654,1224.8,rainbow_cnn_dqn,,3.9,,50,0,,,,,,,,,,,
2102,116717,1225.4,rainbow_cnn_dqn,,6.1,,63,1,,,,,,,,,,,
2103,116916,1227.4,rainbow_cnn_dqn,,22.4,,199,4,,,,,,,,,,,
2104,116981,1228.0,rainbow_cnn_dqn,,6.3,,65,1,,,,,,,,,,,
2105,117072,1228.9,rainbow_cnn_dqn,,8.9,,91,1,,,,,,,,,,,
2106,117141,1229.5,rainbow_cnn_dqn,,6.7,,69,1,,,,,,,,,,,
2107,117234,1230.4,rainbow_cnn_dqn,,9.1,,93,1,,,,,,,,,,,
2108,117296,1231.1,rainbow_cnn_dqn,,6.0,,62,1,,,,,,,,,,,
2109,117477,1232.8,rainbow_cnn_dqn,,20.6,,181,4,,,,,,,,,,,
2110,117535,1233.4,rainbow_cnn_dqn,,4.7,,58,0,,,,,,,,,,,
2111,117621,1234.2,rainbow_cnn_dqn,,8.4,,86,1,,,,,,,,,,,
2112,117673,1234.7,rainbow_cnn_dqn,,4.1,,52,0,,,,,,,,,,,
2113,117735,1235.6,rainbow_cnn_dqn,,6.0,,62,1,,,,,,,,,,,
2114,117898,1237.2,rainbow_cnn_dqn,,17.9,,163,3,,,,,,,,,,,
2115,117966,1237.9,rainbow_cnn_dqn,,6.6,,68,1,,,,,,,,,,,
2116,118064,1238.8,rainbow_cnn_dqn,,10.5,,98,2,,,,,,,,,,,
2117,118161,1239.8,rainbow_cnn_dqn,,9.5,,97,1,,,,,,,,,,,
2118,118265,1240.8,rainbow_cnn_dqn,,11.1,,104,2,,,,,,,,,,,
2119,118428,1242.3,rainbow_cnn_dqn,,17.9,,163,3,,,,,,,,,,,
2120,118674,1244.7,rainbow_cnn_dqn,,28.0,,246,5,,,,,,,,,,,
2121,118891,1246.7,rainbow_cnn_dqn,,25.1,,217,5,,,,,,,,,,,
2122,118948,1247.6,rainbow_cnn_dqn,,4.6,,57,0,,,,,,,,,,,
2123,119111,1249.2,rainbow_cnn_dqn,,17.9,,163,3,,,,,,,,,,,
2124,119180,1249.9,rainbow_cnn_dqn,,6.7,,69,1,,,,,,,,,,,
2125,119246,1250.5,rainbow_cnn_dqn,,6.4,,66,1,,,,,,,,,,,
2126,119316,1251.2,rainbow_cnn_dqn,,6.8,,70,1,,,,,,,,,,,
2127,119384,1251.8,rainbow_cnn_dqn,,6.6,,68,1,,,,,,,,,,,
2128,119476,1252.7,rainbow_cnn_dqn,,9.0,,92,1,,,,,,,,,,,
2129,119543,1253.3,rainbow_cnn_dqn,,6.5,,67,1,,,,,,,,,,,
2130,119750,1255.3,rainbow_cnn_dqn,,23.2,,207,4,,,,,,,,,,,
2131,119913,1256.9,rainbow_cnn_dqn,,17.9,,163,3,,,,,,,,,,,
2132,119980,1257.5,rainbow_cnn_dqn,,6.5,,67,1,,,,,,,,,,,
2133,120066,1258.7,rainbow_cnn_dqn,,8.4,,86,1,,,,,,,,,,,
2134,120124,1259.3,rainbow_cnn_dqn,,4.7,,58,0,,,,,,,,,,,
2135,120192,1259.9,rainbow_cnn_dqn,,6.6,,68,1,,,,,,,,,,,
2136,120364,1261.6,rainbow_cnn_dqn,,18.8,,172,3,,,,,,,,,,,
2137,120434,1262.2,rainbow_cnn_dqn,,6.8,,70,1,,,,,,,,,,,
2138,120536,1263.2,rainbow_cnn_dqn,,10.9,,102,2,,,,,,,,,,,
2139,120783,1265.6,rainbow_cnn_dqn,,28.1,,247,5,,,,,,,,,,,
2140,120956,1267.2,rainbow_cnn_dqn,,18.9,,173,3,,,,,,,,,,,
2141,121078,1268.4,rainbow_cnn_dqn,,12.9,,122,2,,,,,,,,,,,
2142,121200,1269.9,rainbow_cnn_dqn,,12.9,,122,2,,,,,,,,,,,
2143,121270,1270.6,rainbow_cnn_dqn,,6.8,,70,1,,,,,,,,,,,
2144,121366,1271.5,rainbow_cnn_dqn,,9.4,,96,1,,,,,,,,,,,
2145,121430,1272.1,rainbow_cnn_dqn,,6.2,,64,1,,,,,,,,,,,
2146,121665,1274.4,rainbow_cnn_dqn,,26.9,,235,5,,,,,,,,,,,
2147,121834,1276.0,rainbow_cnn_dqn,,18.5,,169,3,,,,,,,,,,,
2148,122007,1277.6,rainbow_cnn_dqn,,18.9,,173,3,,,,,,,,,,,
2149,122262,1280.1,rainbow_cnn_dqn,,29.8,,255,6,,,,,,,,,,,
2150,122331,1281.1,rainbow_cnn_dqn,,6.7,,69,1,,,,,,,,,,,
2151,122545,1284.6,rainbow_cnn_dqn,,24.8,,214,5,,,,,,,,,,,
2152,122639,1285.5,rainbow_cnn_dqn,,9.2,,94,1,,,,,,,,,,,
2153,122822,1287.3,rainbow_cnn_dqn,,20.8,,183,4,,,,,,,,,,,
2154,123021,1289.2,rainbow_cnn_dqn,,22.4,,199,4,,,,,,,,,,,
2155,123116,1290.1,rainbow_cnn_dqn,,9.3,,95,1,,,,,,,,,,,
2156,123183,1290.8,rainbow_cnn_dqn,,6.5,,67,1,,,,,,,,,,,
2157,123277,1292.0,rainbow_cnn_dqn,,9.2,,94,1,,,,,,,,,,,
2158,123399,1293.2,rainbow_cnn_dqn,,12.9,,122,2,,,,,,,,,,,
2159,123532,1294.5,rainbow_cnn_dqn,,14.0,,133,2,,,,,,,,,,,
2160,123626,1295.4,rainbow_cnn_dqn,,9.2,,94,1,,,,,,,,,,,
2161,123685,1295.9,rainbow_cnn_dqn,,4.8,,59,0,,,,,,,,,,,
2162,123779,1296.8,rainbow_cnn_dqn,,9.2,,94,1,,,,,,,,,,,
2163,123985,1298.8,rainbow_cnn_dqn,,23.1,,206,4,,,,,,,,,,,
2164,124107,1300.0,rainbow_cnn_dqn,,12.9,,122,2,,,,,,,,,,,
2165,124157,1300.5,rainbow_cnn_dqn,,3.9,,50,0,,,,,,,,,,,
2166,124372,1302.5,rainbow_cnn_dqn,,24.9,,215,5,,,,,,,,,,,
2167,124422,1303.3,rainbow_cnn_dqn,,3.9,,50,0,,,,,,,,,,,
2168,124472,1303.8,rainbow_cnn_dqn,,3.9,,50,0,,,,,,,,,,,
2169,124522,1304.3,rainbow_cnn_dqn,,3.9,,50,0,,,,,,,,,,,
2170,124703,1306.0,rainbow_cnn_dqn,,20.6,,181,4,,,,,,,,,,,
2171,124753,1306.5,rainbow_cnn_dqn,,3.9,,50,0,,,,,,,,,,,
2172,124859,1307.6,rainbow_cnn_dqn,,11.3,,106,2,,,,,,,,,,,
2173,124964,1308.6,rainbow_cnn_dqn,,11.2,,105,2,,,,,,,,,,,
2174,125050,1309.4,rainbow_cnn_dqn,,8.4,,86,1,,,,,,,,,,,
2175,125144,1310.3,rainbow_cnn_dqn,,9.2,,94,1,,,,,,,,,,,
2176,125343,1312.2,rainbow_cnn_dqn,,22.4,,199,4,,,,,,,,,,,
2177,125429,1313.0,rainbow_cnn_dqn,,8.4,,86,1,,,,,,,,,,,
2178,125643,1315.4,rainbow_cnn_dqn,,24.8,,214,5,,,,,,,,,,,
2179,125702,1316.0,rainbow_cnn_dqn,,4.8,,59,0,,,,,,,,,,,
2180,125797,1316.9,rainbow_cnn_dqn,,9.3,,95,1,,,,,,,,,,,
2181,126014,1319.0,rainbow_cnn_dqn,,25.1,,217,5,,,,,,,,,,,
2182,126156,1320.4,rainbow_cnn_dqn,,15.8,,142,3,,,,,,,,,,,
2183,126217,1320.9,rainbow_cnn_dqn,,5.0,,61,0,,,,,,,,,,,
2184,126276,1321.5,rainbow_cnn_dqn,,4.8,,59,0,,,,,,,,,,,
2185,126601,1324.6,rainbow_cnn_dqn,,38.6,,325,8,,,,,,,,,,,
2186,126661,1325.5,rainbow_cnn_dqn,,4.9,,60,0,,,,,,,,,,,
2187,126896,1327.8,rainbow_cnn_dqn,,26.9,,235,5,,,,,,,,,,,
2188,126946,1328.3,rainbow_cnn_dqn,,3.9,,50,0,,,,,,,,,,,
2189,127156,1330.3,rainbow_cnn_dqn,,23.5,,210,4,,,,,,,,,,,
2190,127589,1334.5,rainbow_cnn_dqn,,51.2,,433,10,,,,,,,,,,,
2191,127824,1336.7,rainbow_cnn_dqn,,26.9,,235,5,,,,,,,,,,,
2192,127928,1338.1,rainbow_cnn_dqn,,11.1,,104,2,,,,,,,,,,,
2193,128021,1339.0,rainbow_cnn_dqn,,9.1,,93,1,,,,,,,,,,,
2194,128118,1339.9,rainbow_cnn_dqn,,9.5,,97,1,,,,,,,,,,,
2195,128180,1340.5,rainbow_cnn_dqn,,6.0,,62,1,,,,,,,,,,,
2196,128274,1341.4,rainbow_cnn_dqn,,9.2,,94,1,,,,,,,,,,,
2197,128368,1342.3,rainbow_cnn_dqn,,9.2,,94,1,,,,,,,,,,,
2198,128426,1342.9,rainbow_cnn_dqn,,4.7,,58,0,,,,,,,,,,,
2199,128520,1343.8,rainbow_cnn_dqn,,9.2,,94,1,,,,,,,,,,,
2200,128719,1345.7,rainbow_cnn_dqn,,22.4,,199,4,,,,,,,,,,,
2201,128899,1350.8,rainbow_cnn_dqn,,20.5,,180,4,,,,,,,,,,,
2202,129149,1353.2,rainbow_cnn_dqn,,29.3,,250,6,,,,,,,,,,,
2203,129254,1354.3,rainbow_cnn_dqn,,11.2,,105,2,,,,,,,,,,,
2204,129390,1355.6,rainbow_cnn_dqn,,15.2,,136,3,,,,,,,,,,,
2205,129512,1356.8,rainbow_cnn_dqn,,12.9,,122,2,,,,,,,,,,,
2206,129580,1357.4,rainbow_cnn_dqn,,6.6,,68,1,,,,,,,,,,,
2207,129677,1358.4,rainbow_cnn_dqn,,9.5,,97,1,,,,,,,,,,,
2208,129744,1359.1,rainbow_cnn_dqn,,6.5,,67,1,,,,,,,,,,,
2209,129841,1360.4,rainbow_cnn_dqn,,9.5,,97,1,,,,,,,,,,,
2210,129891,1360.9,rainbow_cnn_dqn,,3.9,,50,0,,,,,,,,,,,
2211,129988,1361.8,rainbow_cnn_dqn,,9.5,,97,1,,,,,,,,,,,
2212,130187,1363.8,rainbow_cnn_dqn,,22.4,,199,4,,,,,,,,,,,
2213,130509,1366.9,rainbow_cnn_dqn,,37.4,,322,7,,,,,,,,,,,
2214,130917,1371.0,rainbow_cnn_dqn,,48.7,,408,10,,,,,,,,,,,
2215,131059,1372.7,rainbow_cnn_dqn,,15.8,,142,3,,,,,,,,,,,
2216,131277,1374.8,rainbow_cnn_dqn,,25.2,,218,5,,,,,,,,,,,
2217,131440,1376.4,rainbow_cnn_dqn,,17.9,,163,3,,,,,,,,,,,
2218,131736,1379.3,rainbow_cnn_dqn,,34.8,,296,7,,,,,,,,,,,
2219,131804,1380.0,rainbow_cnn_dqn,,6.6,,68,1,,,,,,,,,,,
2220,132010,1382.0,rainbow_cnn_dqn,,23.1,,206,4,,,,,,,,,,,
2221,132219,1384.3,rainbow_cnn_dqn,,23.4,,209,4,,,,,,,,,,,
2222,132361,1385.7,rainbow_cnn_dqn,,15.8,,142,3,,,,,,,,,,,
2223,132457,1386.6,rainbow_cnn_dqn,,9.4,,96,1,,,,,,,,,,,
2224,132590,1387.9,rainbow_cnn_dqn,,14.0,,133,2,,,,,,,,,,,
2225,132695,1389.0,rainbow_cnn_dqn,,11.2,,105,2,,,,,,,,,,,
2226,132789,1389.9,rainbow_cnn_dqn,,9.2,,94,1,,,,,,,,,,,
2227,132892,1390.9,rainbow_cnn_dqn,,11.0,,103,2,,,,,,,,,,,
2228,133022,1392.2,rainbow_cnn_dqn,,13.7,,130,2,,,,,,,,,,,
2229,133108,1393.0,rainbow_cnn_dqn,,8.4,,86,1,,,,,,,,,,,
2230,133284,1395.0,rainbow_cnn_dqn,,20.1,,176,4,,,,,,,,,,,
2231,133344,1395.6,rainbow_cnn_dqn,,4.9,,60,0,,,,,,,,,,,
2232,133485,1397.0,rainbow_cnn_dqn,,15.7,,141,3,,,,,,,,,,,
2233,133656,1398.7,rainbow_cnn_dqn,,18.7,,171,3,,,,,,,,,,,
2234,134004,1402.1,rainbow_cnn_dqn,,40.9,,348,8,,,,,,,,,,,
2235,134074,1402.7,rainbow_cnn_dqn,,6.8,,70,1,,,,,,,,,,,
2236,134169,1403.7,rainbow_cnn_dqn,,9.3,,95,1,,,,,,,,,,,
2237,134537,1407.5,rainbow_cnn_dqn,,43.8,,368,9,,,,,,,,,,,
2238,134641,1408.6,rainbow_cnn_dqn,,11.1,,104,2,,,,,,,,,,,
2239,134711,1409.3,rainbow_cnn_dqn,,6.8,,70,1,,,,,,,,,,,
2240,134812,1410.3,rainbow_cnn_dqn,,10.8,,101,2,,,,,,,,,,,
2241,134908,1411.2,rainbow_cnn_dqn,,9.4,,96,1,,,,,,,,,,,
2242,135566,1417.6,rainbow_cnn_dqn,,79.1,,658,16,,,,,,,,,,,
2243,135661,1418.9,rainbow_cnn_dqn,,9.3,,95,1,,,,,,,,,,,
2244,135763,1419.9,rainbow_cnn_dqn,,10.9,,102,2,,,,,,,,,,,
2245,135902,1421.2,rainbow_cnn_dqn,,15.5,,139,3,,,,,,,,,,,
2246,136109,1423.2,rainbow_cnn_dqn,,23.2,,207,4,,,,,,,,,,,
2247,136204,1424.1,rainbow_cnn_dqn,,9.3,,95,1,,,,,,,,,,,
2248,136297,1425.0,rainbow_cnn_dqn,,9.1,,93,1,,,,,,,,,,,
2249,136660,1428.5,rainbow_cnn_dqn,,43.3,,363,9,,,,,,,,,,,
2250,136799,1430.2,rainbow_cnn_dqn,,15.5,,139,3,,,,,,,,,,,
2251,136885,1432.9,rainbow_cnn_dqn,,8.4,,86,1,,,,,,,,,,,
2252,136984,1433.9,rainbow_cnn_dqn,,10.6,,99,2,,,,,,,,,,,
2253,137081,1434.8,rainbow_cnn_dqn,,9.5,,97,1,,,,,,,,,,,
2254,137167,1435.7,rainbow_cnn_dqn,,8.4,,86,1,,,,,,,,,,,
2255,137413,1438.1,rainbow_cnn_dqn,,28.0,,246,5,,,,,,,,,,,
2256,137547,1439.4,rainbow_cnn_dqn,,15.0,,134,3,,,,,,,,,,,
2257,137980,1444.1,rainbow_cnn_dqn,,51.2,,433,10,,,,,,,,,,,
2258,138040,1444.7,rainbow_cnn_dqn,,4.9,,60,0,,,,,,,,,,,
2259,138173,1446.0,rainbow_cnn_dqn,,14.0,,133,2,,,,,,,,,,,
2260,138494,1449.3,rainbow_cnn_dqn,,37.3,,321,7,,,,,,,,,,,
2261,138789,1452.2,rainbow_cnn_dqn,,34.7,,295,7,,,,,,,,,,,
2262,139121,1455.9,rainbow_cnn_dqn,,39.3,,332,8,,,,,,,,,,,
2263,139327,1458.0,rainbow_cnn_dqn,,23.1,,206,4,,,,,,,,,,,
2264,139396,1458.7,rainbow_cnn_dqn,,6.7,,69,1,,,,,,,,,,,
2265,139490,1459.6,rainbow_cnn_dqn,,9.2,,94,1,,,,,,,,,,,
2266,139585,1460.5,rainbow_cnn_dqn,,9.3,,95,1,,,,,,,,,,,
2267,139654,1461.2,rainbow_cnn_dqn,,6.7,,69,1,,,,,,,,,,,
2268,140013,1464.7,rainbow_cnn_dqn,,42.0,,359,8,,,,,,,,,,,
2269,140144,1466.4,rainbow_cnn_dqn,,13.8,,131,2,,,,,,,,,,,
2270,140353,1468.5,rainbow_cnn_dqn,,23.4,,209,4,,,,,,,,,,,
2271,140475,1469.7,rainbow_cnn_dqn,,12.9,,122,2,,,,,,,,,,,
2272,141021,1475.0,rainbow_cnn_dqn,,65.2,,546,13,,,,,,,,,,,
2273,141482,1479.5,rainbow_cnn_dqn,,54.9,,461,11,,,,,,,,,,,
2274,142282,1487.7,rainbow_cnn_dqn,,96.9,,800,20,,,,,,,,,,,
2275,142341,1488.3,rainbow_cnn_dqn,,4.8,,59,0,,,,,,,,,,,
2276,142636,1491.2,rainbow_cnn_dqn,,34.7,,295,7,,,,,,,,,,,
2277,143069,1495.9,rainbow_cnn_dqn,,51.2,,433,10,,,,,,,,,,,
2278,143763,1504.0,rainbow_cnn_dqn,,83.6,,694,17,,,,,,,,,,,
2279,144009,1506.9,rainbow_cnn_dqn,,28.0,,246,5,,,,,,,,,,,
2280,144818,1514.8,rainbow_cnn_dqn,,97.8,,809,20,,,,,,,,,,,
2281,145365,1520.9,rainbow_cnn_dqn,,65.3,,547,13,,,,,,,,,,,
2282,145425,1521.5,rainbow_cnn_dqn,,4.9,,60,0,,,,,,,,,,,
2283,145897,1526.1,rainbow_cnn_dqn,,56.0,,472,11,,,,,,,,,,,
2284,146028,1527.8,rainbow_cnn_dqn,,13.8,,131,2,,,,,,,,,,,
2285,146489,1532.3,rainbow_cnn_dqn,,54.9,,461,11,,,,,,,,,,,
2286,146696,1534.3,rainbow_cnn_dqn,,23.2,,207,4,,,,,,,,,,,
2287,146903,1536.3,rainbow_cnn_dqn,,23.2,,207,4,,,,,,,,,,,
2288,146996,1537.2,rainbow_cnn_dqn,,9.1,,93,1,,,,,,,,,,,
2289,147128,1538.9,rainbow_cnn_dqn,,13.9,,132,2,,,,,,,,,,,
2290,147334,1540.9,rainbow_cnn_dqn,,23.1,,206,4,,,,,,,,,,,
2291,147466,1542.1,rainbow_cnn_dqn,,13.9,,132,2,,,,,,,,,,,
2292,147825,1545.7,rainbow_cnn_dqn,,42.0,,359,8,,,,,,,,,,,
2293,148371,1551.0,rainbow_cnn_dqn,,65.2,,546,13,,,,,,,,,,,
2294,148440,1552.1,rainbow_cnn_dqn,,6.7,,69,1,,,,,,,,,,,
2295,148736,1555.0,rainbow_cnn_dqn,,34.8,,296,7,,,,,,,,,,,
2296,148947,1557.0,rainbow_cnn_dqn,,23.6,,211,4,,,,,,,,,,,
2297,149408,1561.5,rainbow_cnn_dqn,,54.9,,461,11,,,,,,,,,,,
2298,149652,1564.7,rainbow_cnn_dqn,,27.8,,244,5,,,,,,,,,,,
2299,149972,1567.8,rainbow_cnn_dqn,,37.2,,320,7,,,,,,,,,,,
2300,150191,1569.9,rainbow_cnn_dqn,,25.3,,219,5,,,,,,,,,,,
2301,150287,1572.3,rainbow_cnn_dqn,,9.4,,96,1,,,,,,,,,,,
2302,150721,1576.9,rainbow_cnn_dqn,,51.3,,434,10,,,,,,,,,,,
2303,150853,1578.2,rainbow_cnn_dqn,,13.9,,132,2,,,,,,,,,,,
2304,150985,1581.3,rainbow_cnn_dqn,,13.9,,132,2,,,,,,,,,,,
2305,151494,1586.3,rainbow_cnn_dqn,,60.6,,509,12,,,,,,,,,,,
2306,151965,1591.2,rainbow_cnn_dqn,,55.9,,471,11,,,,,,,,,,,
2307,153801,1609.0,rainbow_cnn_dqn,,225.7,,1836,48,,,,,,,,,,,
2308,154097,1612.3,rainbow_cnn_dqn,,34.8,,296,7,,,,,,,,,,,
2309,154156,1612.8,rainbow_cnn_dqn,,4.8,,59,0,,,,,,,,,,,
2310,154441,1615.6,rainbow_cnn_dqn,,32.8,,285,6,,,,,,,,,,,
2311,154572,1616.9,rainbow_cnn_dqn,,13.8,,131,2,,,,,,,,,,,
2312,154706,1618.2,rainbow_cnn_dqn,,15.0,,134,3,,,,,,,,,,,
2313,154877,1619.8,rainbow_cnn_dqn,,18.7,,171,3,,,,,,,,,,,
2314,155010,1621.4,rainbow_cnn_dqn,,14.0,,133,2,,,,,,,,,,,
2315,155706,1628.0,rainbow_cnn_dqn,,83.8,,696,17,,,,,,,,,,,
2316,156454,1635.2,rainbow_cnn_dqn,,90.8,,748,19,,,,,,,,,,,
2317,156689,1637.7,rainbow_cnn_dqn,,26.9,,235,5,,,,,,,,,,,
2318,157916,1649.5,rainbow_cnn_dqn,,149.5,,1227,31,,,,,,,,,,,
2319,158952,1659.8,rainbow_cnn_dqn,,125.9,,1036,26,,,,,,,,,,,
2320,159021,1660.5,rainbow_cnn_dqn,,6.7,,69,1,,,,,,,,,,,
2321,159906,1669.3,rainbow_cnn_dqn,,107.2,,885,22,,,,,,,,,,,
2322,160085,1671.0,rainbow_cnn_dqn,,20.4,,179,4,,,,,,,,,,,
2323,160181,1672.3,rainbow_cnn_dqn,,9.4,,96,1,,,,,,,,,,,
2324,160464,1675.0,rainbow_cnn_dqn,,32.6,,283,6,,,,,,,,,,,
2325,160561,1676.0,rainbow_cnn_dqn,,9.5,,97,1,,,,,,,,,,,
2326,160855,1678.8,rainbow_cnn_dqn,,34.6,,294,7,,,,,,,,,,,
2327,160950,1679.7,rainbow_cnn_dqn,,9.3,,95,1,,,,,,,,,,,
2328,161049,1680.7,rainbow_cnn_dqn,,10.6,,99,2,,,,,,,,,,,
2329,161529,1685.3,rainbow_cnn_dqn,,57.7,,480,12,,,,,,,,,,,
2330,161703,1687.4,rainbow_cnn_dqn,,19.0,,174,3,,,,,,,,,,,
2331,161910,1689.4,rainbow_cnn_dqn,,23.2,,207,4,,,,,,,,,,,
2332,162014,1690.4,rainbow_cnn_dqn,,11.1,,104,2,,,,,,,,,,,
2333,162196,1692.2,rainbow_cnn_dqn,,20.7,,182,4,,,,,,,,,,,
2334,162403,1694.2,rainbow_cnn_dqn,,23.2,,207,4,,,,,,,,,,,
2335,162977,1699.7,rainbow_cnn_dqn,,68.9,,574,14,,,,,,,,,,,
2336,164014,1710.1,rainbow_cnn_dqn,,126.0,,1037,26,,,,,,,,,,,
2337,164423,1714.8,rainbow_cnn_dqn,,48.8,,409,10,,,,,,,,,,,
2338,165085,1721.2,rainbow_cnn_dqn,,79.5,,662,16,,,,,,,,,,,
2339,166007,1730.4,rainbow_cnn_dqn,,111.8,,922,23,,,,,,,,,,,
2340,166635,1736.5,rainbow_cnn_dqn,,76.1,,628,16,,,,,,,,,,,
2341,166698,1737.4,rainbow_cnn_dqn,,6.1,,63,1,,,,,,,,,,,
2342,167889,1748.9,rainbow_cnn_dqn,,145.0,,1191,30,,,,,,,,,,,
2343,169567,1765.4,rainbow_cnn_dqn,,205.4,,1678,43,,,,,,,,,,,
2344,170114,1771.0,rainbow_cnn_dqn,,65.3,,547,13,,,,,,,,,,,
2345,170439,1774.1,rainbow_cnn_dqn,,38.6,,325,8,,,,,,,,,,,
2346,170574,1775.4,rainbow_cnn_dqn,,15.1,,135,3,,,,,,,,,,,
2347,171357,1783.0,rainbow_cnn_dqn,,95.2,,783,20,,,,,,,,,,,
2348,172062,1790.4,rainbow_cnn_dqn,,85.6,,705,18,,,,,,,,,,,
2349,172354,1793.3,rainbow_cnn_dqn,,34.4,,292,7,,,,,,,,,,,
2350,173278,1802.5,rainbow_cnn_dqn,,112.0,,924,23,,,,,,,,,,,
2351,174883,1821.6,rainbow_cnn_dqn,,197.2,,1605,42,,,,,,,,,,,
2352,176041,1833.3,rainbow_cnn_dqn,,141.7,,1158,30,,,,,,,,,,,
2353,176171,1834.9,rainbow_cnn_dqn,,13.7,,130,2,,,,,,,,,,,
2354,176235,1835.6,rainbow_cnn_dqn,,6.2,,64,1,,,,,,,,,,,
2355,177348,1846.5,rainbow_cnn_dqn,,135.4,,1113,28,,,,,,,,,,,
2356,177522,1848.5,rainbow_cnn_dqn,,19.0,,174,3,,,,,,,,,,,
2357,177955,1852.7,rainbow_cnn_dqn,,51.2,,433,10,,,,,,,,,,,
2358,178696,1860.2,rainbow_cnn_dqn,,90.1,,741,19,,,,,,,,,,,
2359,178905,1862.6,rainbow_cnn_dqn,,23.4,,209,4,,,,,,,,,,,
2360,179078,1864.4,rainbow_cnn_dqn,,18.9,,173,3,,,,,,,,,,,
2361,179390,1867.5,rainbow_cnn_dqn,,36.4,,312,7,,,,,,,,,,,
2362,182196,1894.9,rainbow_cnn_dqn,,345.2,,2806,73,,,,,,,,,,,
2363,182668,1900.0,rainbow_cnn_dqn,,56.0,,472,11,,,,,,,,,,,
2364,182877,1902.0,rainbow_cnn_dqn,,23.4,,209,4,,,,,,,,,,,
2365,184481,1917.8,rainbow_cnn_dqn,,197.1,,1604,42,,,,,,,,,,,
2366,184622,1919.6,rainbow_cnn_dqn,,15.7,,141,3,,,,,,,,,,,
2367,185320,1926.5,rainbow_cnn_dqn,,84.0,,698,17,,,,,,,,,,,
2368,186585,1938.8,rainbow_cnn_dqn,,155.1,,1265,33,,,,,,,,,,,
2369,189141,1963.9,rainbow_cnn_dqn,,314.8,,2556,67,,,,,,,,,,,
2370,189271,1965.5,rainbow_cnn_dqn,,13.7,,130,2,,,,,,,,,,,
2371,189364,1966.4,rainbow_cnn_dqn,,9.1,,93,1,,,,,,,,,,,
2372,189798,1970.7,rainbow_cnn_dqn,,51.3,,434,10,,,,,,,,,,,
2373,190469,1977.2,rainbow_cnn_dqn,,81.3,,671,17,,,,,,,,,,,
2374,191884,1991.2,rainbow_cnn_dqn,,172.8,,1415,36,,,,,,,,,,,
2375,192357,1996.7,rainbow_cnn_dqn,,56.1,,473,11,,,,,,,,,,,
2376,192678,1999.8,rainbow_cnn_dqn,,37.3,,321,7,,,,,,,,,,,
2377,194217,2014.9,rainbow_cnn_dqn,,188.8,,1539,40,,,,,,,,,,,
2378,194462,2017.6,rainbow_cnn_dqn,,27.9,,245,5,,,,,,,,,,,
2379,194758,2020.6,rainbow_cnn_dqn,,34.8,,296,7,,,,,,,,,,,
2380,195229,2025.1,rainbow_cnn_dqn,,55.9,,471,11,,,,,,,,,,,
2381,196768,2040.1,rainbow_cnn_dqn,,188.8,,1539,40,,,,,,,,,,,
2382,197278,2045.4,rainbow_cnn_dqn,,60.7,,510,12,,,,,,,,,,,
2383,197976,2052.2,rainbow_cnn_dqn,,84.0,,698,17,,,,,,,,,,,
2384,199854,2070.6,rainbow_cnn_dqn,,230.8,,1878,49,,,,,,,,,,,
2385,200100,2073.4,rainbow_cnn_dqn,,28.0,,246,5,,,,,,,,,,,
2386,200617,2078.5,rainbow_cnn_dqn,,62.3,,517,13,,,,,,,,,,,
2387,200864,2080.9,rainbow_cnn_dqn,,28.1,,247,5,,,,,,,,,,,
2388,201185,2084.0,rainbow_cnn_dqn,,37.3,,321,7,,,,,,,,,,,
2389,203680,2108.7,rainbow_cnn_dqn,,306.9,,2495,65,,,,,,,,,,,
2390,204202,2114.2,rainbow_cnn_dqn,,62.8,,522,13,,,,,,,,,,,
2391,205240,2124.4,rainbow_cnn_dqn,,126.1,,1038,26,,,,,,,,,,,
2392,206831,2140.4,rainbow_cnn_dqn,,194.9,,1591,41,,,,,,,,,,,
2393,208083,2153.0,rainbow_cnn_dqn,,152.9,,1252,32,,,,,,,,,,,
2394,208667,2159.0,rainbow_cnn_dqn,,69.9,,584,14,,,,,,,,,,,
2395,209641,2168.6,rainbow_cnn_dqn,,118.8,,974,25,,,,,,,,,,,
2396,212260,2195.5,rainbow_cnn_dqn,,322.0,,2619,68,,,,,,,,,,,
2397,213521,2208.4,rainbow_cnn_dqn,,153.8,,1261,32,,,,,,,,,,,
2398,214106,2215.1,rainbow_cnn_dqn,,70.0,,585,14,,,,,,,,,,,
2399,214956,2223.4,rainbow_cnn_dqn,,102.8,,850,21,,,,,,,,,,,
2400,216972,2243.6,rainbow_cnn_dqn,,247.3,,2016,52,,,,,,,,,,,
2401,218122,2271.5,rainbow_cnn_dqn,,140.0,,1150,29,,,,,,,,,,,
2402,221914,2309.0,rainbow_cnn_dqn,,468.1,,3792,100,,,,,,,,,,,
2403,225060,2340.1,rainbow_cnn_dqn,,387.3,,3146,82,,,,,,,,,,,
2404,225295,2342.6,rainbow_cnn_dqn,,26.9,,235,5,,,,,,,,,,,
2405,226519,2354.6,rainbow_cnn_dqn,,149.2,,1224,31,,,,,,,,,,,
2406,227292,2362.5,rainbow_cnn_dqn,,93.3,,773,19,,,,,,,,,,,
2407,232668,2417.4,rainbow_cnn_dqn,,664.3,,5376,142,,,,,,,,,,,
2408,233242,2423.6,rainbow_cnn_dqn,,68.9,,574,14,,,,,,,,,,,
2409,234168,2432.7,rainbow_cnn_dqn,,113.1,,926,24,,,,,,,,,,,
2410,234968,2440.9,rainbow_cnn_dqn,,96.9,,800,20,,,,,,,,,,,
2411,236727,2458.1,rainbow_cnn_dqn,,216.2,,1759,46,,,,,,,,,,,
2412,237535,2466.3,rainbow_cnn_dqn,,97.7,,808,20,,,,,,,,,,,
2413,237630,2467.2,rainbow_cnn_dqn,,9.3,,95,1,,,,,,,,,,,
2414,241989,2510.1,rainbow_cnn_dqn,,538.3,,4359,115,,,,,,,,,,,
2415,243748,2527.4,rainbow_cnn_dqn,,216.2,,1759,46,,,,,,,,,,,
2416,245351,2543.7,rainbow_cnn_dqn,,196.1,,1603,41,,,,,,,,,,,
2417,245562,2546.1,rainbow_cnn_dqn,,23.6,,211,4,,,,,,,,,,,
2418,248257,2573.1,rainbow_cnn_dqn,,331.4,,2695,70,,,,,,,,,,,
2419,248354,2574.3,rainbow_cnn_dqn,,9.5,,97,1,,,,,,,,,,,
2420,249061,2581.3,rainbow_cnn_dqn,,85.8,,707,18,,,,,,,,,,,
2421,249577,2586.3,rainbow_cnn_dqn,,62.2,,516,13,,,,,,,,,,,
2422,252953,2619.5,rainbow_cnn_dqn,,416.6,,3376,89,,,,,,,,,,,
2423,253866,2628.7,rainbow_cnn_dqn,,110.9,,913,23,,,,,,,,,,,
2424,263706,2724.1,rainbow_cnn_dqn,,1216.9,,9840,260,,,,,,,,,,,
2425,266852,2755.1,rainbow_cnn_dqn,,387.3,,3146,82,,,,,,,,,,,
2426,268992,2776.1,rainbow_cnn_dqn,,263.3,,2140,56,,,,,,,,,,,
2427,269134,2777.8,rainbow_cnn_dqn,,15.8,,142,3,,,,,,,,,,,
2428,278045,2865.4,rainbow_cnn_dqn,,1101.5,,8911,235,,,,,,,,,,,
2429,281105,2896.2,rainbow_cnn_dqn,,376.9,,3060,80,,,,,,,,,,,
2430,282028,2905.8,rainbow_cnn_dqn,,111.9,,923,23,,,,,,,,,,,
2431,287548,2960.1,rainbow_cnn_dqn,,681.4,,5520,145,,,,,,,,,,,
2432,289123,2976.3,rainbow_cnn_dqn,,193.3,,1575,41,,,,,,,,,,,
2433,290879,2995.0,rainbow_cnn_dqn,,215.0,,1756,45,,,,,,,,,,,
2434,291735,3003.8,rainbow_cnn_dqn,,104.3,,856,22,,,,,,,,,,,
2435,301934,3103.4,rainbow_cnn_dqn,,1261.8,,10199,270,,,,,,,,,,,
2436,303961,3123.9,rainbow_cnn_dqn,,249.3,,2027,53,,,,,,,,,,,
2437,306404,3148.9,rainbow_cnn_dqn,,300.8,,2443,64,,,,,,,,,,,
2438,308846,3172.9,rainbow_cnn_dqn,,300.7,,2442,64,,,,,,,,,,,
2439,312080,3204.8,rainbow_cnn_dqn,,398.8,,3234,85,,,,,,,,,,,
2440,312279,3207.1,rainbow_cnn_dqn,,22.4,,199,4,,,,,,,,,,,
2441,320763,3289.6,rainbow_cnn_dqn,,1048.9,,8484,224,,,,,,,,,,,
2442,321640,3298.5,rainbow_cnn_dqn,,106.4,,877,22,,,,,,,,,,,
2443,321886,3300.9,rainbow_cnn_dqn,,28.0,,246,5,,,,,,,,,,,
2444,322576,3308.0,rainbow_cnn_dqn,,83.2,,690,17,,,,,,,,,,,
2445,323982,3321.5,rainbow_cnn_dqn,,171.9,,1406,36,,,,,,,,,,,
2446,329831,3379.9,rainbow_cnn_dqn,,722.4,,5849,154,,,,,,,,,,,
2447,339332,3473.4,rainbow_cnn_dqn,,1174.9,,9501,251,,,,,,,,,,,
2448,344486,3524.5,rainbow_cnn_dqn,,636.7,,5154,136,,,,,,,,,,,
2449,364387,3722.7,rainbow_cnn_dqn,,2463.3,,19901,527,,,,,,,,,,,
2450,375018,3827.7,rainbow_cnn_dqn,,1314.9,,10631,281,,,,,,,,,,,
2451,393901,4120.8,rainbow_cnn_dqn,,2337.2,,18883,500,,,,,,,,,,,
2452,393971,4122.0,rainbow_cnn_dqn,,6.8,,70,1,,,,,,,,,,,
2453,400368,4185.5,rainbow_cnn_dqn,,790.7,,6397,169,,,,,,,,,,,
2454,401116,4193.2,rainbow_cnn_dqn,,90.8,,748,19,,,,,,,,,,,
2455,402126,4205.1,rainbow_cnn_dqn,,123.3,,1010,26,,,,,,,,,,,
2456,402910,4213.3,rainbow_cnn_dqn,,95.3,,784,20,,,,,,,,,,,
2457,403597,4220.0,rainbow_cnn_dqn,,82.9,,687,17,,,,,,,,,,,
2458,446226,4642.6,rainbow_cnn_dqn,,5279.7,,42629,1131,,,,,,,,,,,
2459,450417,4684.9,rainbow_cnn_dqn,,517.0,,4191,110,,,,,,,,,,,
2460,461541,4797.7,rainbow_cnn_dqn,,1375.9,,11124,294,,,,,,,,,,,
2461,465375,4835.9,rainbow_cnn_dqn,,473.2,,3834,101,,,,,,,,,,,
2462,467777,4860.2,rainbow_cnn_dqn,,295.8,,2402,63,,,,,,,,,,,
2463,469352,4876.1,rainbow_cnn_dqn,,193.3,,1575,41,,,,,,,,,,,
2464,490928,5091.5,rainbow_cnn_dqn,,2671.3,,21576,572,,,,,,,,,,,
2465,503350,5214.9,rainbow_cnn_dqn,,1537.2,,12422,329,,,,,,,,,,,
2466,504697,5229.2,rainbow_cnn_dqn,,165.1,,1347,35,,,,,,,,,,,
2467,505445,5237.1,rainbow_cnn_dqn,,90.8,,748,19,,,,,,,,,,,
2468,510184,5285.5,rainbow_cnn_dqn,,585.3,,4739,125,,,,,,,,,,,
2469,533210,5514.7,rainbow_cnn_dqn,,2850.5,,23026,610,,,,,,,,,,,
2470,545880,5642.4,rainbow_cnn_dqn,,1567.4,,12670,335,,,,,,,,,,,
2471,560240,5789.8,rainbow_cnn_dqn,,1776.9,,14360,380,,,,,,,,,,,
2472,568176,5870.9,rainbow_cnn_dqn,,981.5,,7936,210,,,,,,,,,,,
2473,582849,6016.2,rainbow_cnn_dqn,,1815.4,,14673,388,,,,,,,,,,,
2474,594949,6135.7,rainbow_cnn_dqn,,1496.9,,12100,320,,,,,,,,,,,
2475,596863,6155.0,rainbow_cnn_dqn,,235.3,,1914,50,,,,,,,,,,,
2476,604540,6232.0,rainbow_cnn_dqn,,949.3,,7677,203,,,,,,,,,,,
2477,604985,6236.8,rainbow_cnn_dqn,,53.3,,445,11,,,,,,,,,,,
2478,616615,6353.3,rainbow_cnn_dqn,,1439.1,,11630,308,,,,,,,,,,,
2479,627246,6459.7,rainbow_cnn_dqn,,1314.9,,10631,281,,,,,,,,,,,
2480,641947,6607.9,rainbow_cnn_dqn,,1819.1,,14701,389,,,,,,,,,,,
2481,695050,7136.4,rainbow_cnn_dqn,,6577.3,,53103,1409,,,,,,,,,,,
2482,697981,7166.6,rainbow_cnn_dqn,,361.3,,2931,77,,,,,,,,,,,
2483,702191,7209.3,rainbow_cnn_dqn,,519.8,,4210,111,,,,,,,,,,,
2484,708737,7276.0,rainbow_cnn_dqn,,809.2,,6546,173,,,,,,,,,,,
2485,718299,7371.4,rainbow_cnn_dqn,,1182.8,,9562,253,,,,,,,,,,,
2486,718744,7376.3,rainbow_cnn_dqn,,53.3,,445,11,,,,,,,,,,,
2487,730489,7495.1,rainbow_cnn_dqn,,1453.3,,11745,311,,,,,,,,,,,
2488,733081,7521.5,rainbow_cnn_dqn,,319.3,,2592,68,,,,,,,,,,,
2489,734561,7537.0,rainbow_cnn_dqn,,181.1,,1480,38,,,,,,,,,,,
2490,734873,7540.5,rainbow_cnn_dqn,,36.4,,312,7,,,,,,,,,,,
2491,736109,7552.8,rainbow_cnn_dqn,,151.3,,1236,32,,,,,,,,,,,
2492,745836,7650.5,rainbow_cnn_dqn,,1202.9,,9727,257,,,,,,,,,,,
2493,777695,7970.5,rainbow_cnn_dqn,,3945.3,,31859,845,,,,,,,,,,,
2494,782737,8022.8,rainbow_cnn_dqn,,622.8,,5042,133,,,,,,,,,,,
2495,788154,8078.5,rainbow_cnn_dqn,,669.3,,5417,143,,,,,,,,,,,
2496,806566,8267.2,rainbow_cnn_dqn,,2279.3,,18412,488,,,,,,,,,,,
2497,816406,8365.1,rainbow_cnn_dqn,,1216.9,,9840,260,,,,,,,,,,,
2498,847247,8671.7,rainbow_cnn_dqn,,3819.2,,30841,818,,,,,,,,,,,
2499,852551,8724.5,rainbow_cnn_dqn,,655.3,,5304,140,,,,,,,,,,,
2500,861646,8816.8,rainbow_cnn_dqn,,1124.4,,9095,240,,,,,,,,,,,
2501,863144,8856.4,rainbow_cnn_dqn,,183.8,,1498,39,,,,,,,,,,,
2502,914795,9376.3,rainbow_cnn_dqn,,6397.0,,51651,1370,,,,,,,,,,,
2503,924525,9477.4,rainbow_cnn_dqn,,1203.2,,9730,257,,,,,,,,,,,
2504,924651,9479.4,rainbow_cnn_dqn,,13.3,,126,2,,,,,,,,,,,
2505,933910,9573.2,rainbow_cnn_dqn,,1145.3,,9259,245,,,,,,,,,,,
2506,939553,9630.3,rainbow_cnn_dqn,,697.3,,5643,149,,,,,,,,,,,
2507,941128,9646.4,rainbow_cnn_dqn,,193.3,,1575,41,,,,,,,,,,,
2508,945206,9687.8,rainbow_cnn_dqn,,503.0,,4078,107,,,,,,,,,,,
2509,972658,9963.6,rainbow_cnn_dqn,,3399.3,,27452,728,,,,,,,,,,,
2510,978188,10020.0,rainbow_cnn_dqn,,683.3,,5530,146,,,,,,,,,,,
2511,979457,10033.3,rainbow_cnn_dqn,,155.5,,1269,33,,,,,,,,,,,
2512,981335,10055.5,rainbow_cnn_dqn,,230.8,,1878,49,,,,,,,,,,,
2513,984516,10087.8,rainbow_cnn_dqn,,391.7,,3181,83,,,,,,,,,,,
2514,989726,10141.0,rainbow_cnn_dqn,,643.2,,5210,137,,,,,,,,,,,
2515,991188,10156.2,rainbow_cnn_dqn,,179.3,,1462,38,,,,,,,,,,,
2516,998074,10226.4,rainbow_cnn_dqn,,851.3,,6886,182,,,,,,,,,,,
2517,998216,10228.4,rainbow_cnn_dqn,,15.8,,142,3,,,,,,,,,,,
2518,998584,10232.1,rainbow_cnn_dqn,,43.8,,368,9,,,,,,,,,,,
2519,1000159,10248.2,rainbow_cnn_dqn,,193.3,,1575,41,,,,,,,,,,,
2520,1003090,10278.4,rainbow_cnn_dqn,,361.3,,2931,77,,,,,,,,,,,
2521,1003761,10285.5,rainbow_cnn_dqn,,81.3,,671,17,,,,,,,,,,,
2522,1004129,10289.4,rainbow_cnn_dqn,,43.8,,368,9,,,,,,,,,,,
2523,1004348,10292.0,rainbow_cnn_dqn,,25.3,,219,5,,,,,,,,,,,
2524,1004417,10292.7,rainbow_cnn_dqn,,6.7,,69,1,,,,,,,,,,,
2525,1005602,10304.7,rainbow_cnn_dqn,,144.4,,1185,30,,,,,,,,,,,
2526,1007516,10324.5,rainbow_cnn_dqn,,235.3,,1914,50,,,,,,,,,,,
2527,1010017,10349.7,rainbow_cnn_dqn,,307.5,,2501,65,,,,,,,,,,,
2528,1031704,10568.7,rainbow_cnn_dqn,,2685.1,,21687,575,,,,,,,,,,,
2529,1040285,10658.7,rainbow_cnn_dqn,,1061.3,,8581,227,,,,,,,,,,,
2530,1057511,10837.5,rainbow_cnn_dqn,,2131.9,,17226,456,,,,,,,,,,,
2531,1059651,10860.6,rainbow_cnn_dqn,,263.3,,2140,56,,,,,,,,,,,
2532,1084389,11115.5,rainbow_cnn_dqn,,3063.1,,24738,656,,,,,,,,,,,
2533,1084456,11116.6,rainbow_cnn_dqn,,6.5,,67,1,,,,,,,,,,,
2534,1102642,11302.4,rainbow_cnn_dqn,,2251.3,,18186,482,,,,,,,,,,,
2535,1106380,11340.6,rainbow_cnn_dqn,,460.9,,3738,98,,,,,,,,,,,
2536,1109969,11377.2,rainbow_cnn_dqn,,442.4,,3589,94,,,,,,,,,,,
2537,1115592,11434.8,rainbow_cnn_dqn,,694.4,,5623,148,,,,,,,,,,,
2538,1117525,11457.7,rainbow_cnn_dqn,,237.2,,1933,50,,,,,,,,,,,
2539,1122845,11511.7,rainbow_cnn_dqn,,656.9,,5320,140,,,,,,,,,,,
2540,1122967,11513.4,rainbow_cnn_dqn,,12.9,,122,2,,,,,,,,,,,
2541,1133978,11623.5,rainbow_cnn_dqn,,1361.9,,11011,291,,,,,,,,,,,
2542,1140658,11691.0,rainbow_cnn_dqn,,825.3,,6680,176,,,,,,,,,,,
2543,1144490,11730.0,rainbow_cnn_dqn,,473.0,,3832,101,,,,,,,,,,,
2544,1182586,12121.2,rainbow_cnn_dqn,,4717.5,,38096,1010,,,,,,,,,,,
2545,1193972,12237.3,rainbow_cnn_dqn,,1408.4,,11386,301,,,,,,,,,,,
2546,1195306,12250.8,rainbow_cnn_dqn,,162.9,,1334,34,,,,,,,,,,,
2547,1197503,12272.7,rainbow_cnn_dqn,,269.9,,2197,57,,,,,,,,,,,
2548,1202617,12323.9,rainbow_cnn_dqn,,631.8,,5114,135,,,,,,,,,,,
2549,1214883,12448.1,rainbow_cnn_dqn,,1517.1,,12266,324,,,,,,,,,,,
2550,1218698,12487.3,rainbow_cnn_dqn,,470.4,,3815,100,,,,,,,,,,,
2551,1259541,12952.0,rainbow_cnn_dqn,,5057.9,,40843,1083,,,,,,,,,,,
2552,1267850,13039.2,rainbow_cnn_dqn,,1026.9,,8309,219,,,,,,,,,,,
2553,1283304,13200.3,rainbow_cnn_dqn,,1912.4,,15454,409,,,,,,,,,,,
2554,1284650,13214.2,rainbow_cnn_dqn,,165.0,,1346,35,,,,,,,,,,,
2555,1289143,13260.6,rainbow_cnn_dqn,,554.4,,4493,118,,,,,,,,,,,
2556,1293410,13304.7,rainbow_cnn_dqn,,526.4,,4267,112,,,,,,,,,,,
2557,1297951,13351.9,rainbow_cnn_dqn,,560.1,,4541,119,,,,,,,,,,,
2558,1309034,13466.2,rainbow_cnn_dqn,,1370.9,,11083,293,,,,,,,,,,,
2559,1313506,13510.9,rainbow_cnn_dqn,,552.3,,4472,118,,,,,,,,,,,
2560,1323514,13612.8,rainbow_cnn_dqn,,1238.2,,10008,265,,,,,,,,,,,
2561,1340669,13785.3,rainbow_cnn_dqn,,2123.0,,17155,454,,,,,,,,,,,
2562,1341695,13795.9,rainbow_cnn_dqn,,124.9,,1026,26,,,,,,,,,,,
2563,1344832,13827.7,rainbow_cnn_dqn,,386.4,,3137,82,,,,,,,,,,,
2564,1359382,13975.2,rainbow_cnn_dqn,,1800.4,,14550,385,,,,,,,,,,,
2565,1366720,14048.6,rainbow_cnn_dqn,,907.3,,7338,194,,,,,,,,,,,
2566,1391101,14291.2,rainbow_cnn_dqn,,3018.4,,24381,646,,,,,,,,,,,
2567,1396515,14346.3,rainbow_cnn_dqn,,669.0,,5414,143,,,,,,,,,,,
2568,1405127,14432.7,rainbow_cnn_dqn,,1065.3,,8612,228,,,,,,,,,,,
2569,1427378,14654.6,rainbow_cnn_dqn,,2755.0,,22251,590,,,,,,,,,,,
2570,1450516,14895.0,rainbow_cnn_dqn,,2864.4,,23138,613,,,,,,,,,,,
2571,1451938,14910.2,rainbow_cnn_dqn,,174.4,,1422,37,,,,,,,,,,,
2572,1454716,14938.7,rainbow_cnn_dqn,,342.4,,2778,73,,,,,,,,,,,
2573,1526444,15664.0,rainbow_cnn_dqn,,8884.4,,71728,1903,,,,,,,,,,,
2574,1563970,16039.8,rainbow_cnn_dqn,,4647.0,,37526,995,,,,,,,,,,,
2575,1593133,16335.3,rainbow_cnn_dqn,,3610.9,,29163,773,,,,,,,,,,,
2576,1595140,16356.1,rainbow_cnn_dqn,,246.4,,2007,52,,,,,,,,,,,
2577,1606789,16472.8,rainbow_cnn_dqn,,1441.0,,11649,308,,,,,,,,,,,
2578,1629981,16705.6,rainbow_cnn_dqn,,2871.6,,23192,615,,,,,,,,,,,
2579,1664270,17050.1,rainbow_cnn_dqn,,4245.9,,34289,909,,,,,,,,,,,
2580,1670648,17117.4,rainbow_cnn_dqn,,787.9,,6378,168,,,,,,,,,,,
2581,1737554,17797.7,rainbow_cnn_dqn,,8287.0,,66906,1775,,,,,,,,,,,
2582,1801727,18449.8,rainbow_cnn_dqn,,7948.9,,64173,1703,,,,,,,,,,,
2583,1801828,18451.6,rainbow_cnn_dqn,,10.8,,101,2,,,,,,,,,,,
2584,1801894,18452.2,rainbow_cnn_dqn,,6.4,,66,1,,,,,,,,,,,
2585,1802000,18453.3,rainbow_cnn_dqn,,11.3,,106,2,,,,,,,,,,,
2586,1802100,18454.3,rainbow_cnn_dqn,,10.7,,100,2,,,,,,,,,,,
2587,1826856,18705.3,rainbow_cnn_dqn,,3064.9,,24756,656,,,,,,,,,,,
2588,1827545,18712.8,rainbow_cnn_dqn,,83.1,,689,17,,,,,,,,,,,
2589,1828761,18725.2,rainbow_cnn_dqn,,148.4,,1216,31,,,,,,,,,,,
2590,1828848,18726.4,rainbow_cnn_dqn,,8.5,,87,1,,,,,,,,,,,
2591,1830440,18742.9,rainbow_cnn_dqn,,195.0,,1592,41,,,,,,,,,,,
2592,1831693,18756.0,rainbow_cnn_dqn,,153.0,,1253,32,,,,,,,,,,,
2593,1860198,19045.9,rainbow_cnn_dqn,,3529.8,,28505,756,,,,,,,,,,,
2594,1882997,19284.0,rainbow_cnn_dqn,,2822.4,,22799,604,,,,,,,,,,,
2595,1908657,19544.1,rainbow_cnn_dqn,,3176.9,,25660,680,,,,,,,,,,,
2596,1918651,19648.7,rainbow_cnn_dqn,,1235.9,,9994,264,,,,,,,,,,,
2597,1939756,19869.2,rainbow_cnn_dqn,,2612.5,,21105,559,,,,,,,,,,,
2598,1940217,19874.3,rainbow_cnn_dqn,,54.9,,461,11,,,,,,,,,,,
2599,1958020,20055.1,rainbow_cnn_dqn,,2203.1,,17803,471,,,,,,,,,,,
2600,1962905,20105.2,rainbow_cnn_dqn,,603.5,,4885,129,,,,,,,,,,,
2601,1989406,21546.7,rainbow_cnn_dqn,,3280.8,,26501,702,,,,,,,,,,,
2602,1992918,21587.4,rainbow_cnn_dqn,,432.9,,3512,92,,,,,,,,,,,
2603,1993117,21590.1,rainbow_cnn_dqn,,22.4,,199,4,,,,,,,,,,,
2604,2029869,22002.2,rainbow_cnn_dqn,,4551.6,,36752,975,,,,,,,,,,,
2605,2037016,22080.1,rainbow_cnn_dqn,,883.7,,7147,189,,,,,,,,,,,
2606,2037157,22082.0,rainbow_cnn_dqn,,15.7,,141,3,,,,,,,,,,,
2607,2073104,22467.5,rainbow_cnn_dqn,,4451.3,,35947,953,,,,,,,,,,,
2608,2082702,22569.6,rainbow_cnn_dqn,,1187.3,,9598,254,,,,,,,,,,,
2609,2128332,23046.8,rainbow_cnn_dqn,,5650.9,,45630,1210,,,,,,,,,,,
2610,2145191,23225.5,rainbow_cnn_dqn,,2087.1,,16859,447,,,,,,,,,,,
2611,2153090,23308.2,rainbow_cnn_dqn,,976.9,,7899,209,,,,,,,,,,,
2612,2153451,23312.2,rainbow_cnn_dqn,,43.1,,361,9,,,,,,,,,,,
2613,2156866,23347.6,rainbow_cnn_dqn,,421.4,,3415,90,,,,,,,,,,,
2614,2166571,23448.9,rainbow_cnn_dqn,,1200.7,,9705,257,,,,,,,,,,,
2615,2167239,23456.1,rainbow_cnn_dqn,,81.0,,668,17,,,,,,,,,,,
2616,2168699,23470.9,rainbow_cnn_dqn,,179.1,,1460,38,,,,,,,,,,,
2617,2216892,23967.5,rainbow_cnn_dqn,,5968.4,,48193,1278,,,,,,,,,,,
2618,2218424,23986.7,rainbow_cnn_dqn,,188.1,,1532,40,,,,,,,,,,,
2619,2218772,23990.6,rainbow_cnn_dqn,,40.9,,348,8,,,,,,,,,,,
2620,2221094,24015.0,rainbow_cnn_dqn,,285.1,,2322,60,,,,,,,,,,,
2621,2224840,24054.8,rainbow_cnn_dqn,,461.7,,3746,98,,,,,,,,,,,
2622,2229713,24106.4,rainbow_cnn_dqn,,601.4,,4873,128,,,,,,,,,,,
2623,2277017,24594.1,rainbow_cnn_dqn,,5858.8,,47304,1255,,,,,,,,,,,
2624,2298662,24816.4,rainbow_cnn_dqn,,2679.1,,21645,573,,,,,,,,,,,
2625,2298938,24819.6,rainbow_cnn_dqn,,31.9,,276,6,,,,,,,,,,,
2626,2329803,25133.7,rainbow_cnn_dqn,,3821.6,,30865,818,,,,,,,,,,,
2627,2338364,25222.4,rainbow_cnn_dqn,,1058.4,,8561,226,,,,,,,,,,,
2628,2346622,25306.6,rainbow_cnn_dqn,,1020.9,,8258,218,,,,,,,,,,,
2629,2382452,25671.9,rainbow_cnn_dqn,,4436.9,,35830,950,,,,,,,,,,,
2630,2385571,25704.8,rainbow_cnn_dqn,,384.6,,3119,82,,,,,,,,,,,
2631,2385922,25708.8,rainbow_cnn_dqn,,41.2,,351,8,,,,,,,,,,,
2632,2414448,26001.2,rainbow_cnn_dqn,,3531.9,,28526,756,,,,,,,,,,,
2633,2454216,26407.7,rainbow_cnn_dqn,,4925.2,,39768,1055,,,,,,,,,,,
2634,2470574,26580.0,rainbow_cnn_dqn,,2024.4,,16358,433,,,,,,,,,,,
2635,2470699,26581.9,rainbow_cnn_dqn,,13.2,,125,2,,,,,,,,,,,
2636,2475115,26627.0,rainbow_cnn_dqn,,544.9,,4416,116,,,,,,,,,,,
2637,2489705,26778.7,rainbow_cnn_dqn,,1805.3,,14590,386,,,,,,,,,,,
2638,2497143,26855.8,rainbow_cnn_dqn,,919.1,,7438,196,,,,,,,,,,,
2639,2497604,26860.9,rainbow_cnn_dqn,,54.9,,461,11,,,,,,,,,,,
2640,2499015,26875.4,rainbow_cnn_dqn,,172.4,,1411,36,,,,,,,,,,,
2641,2499902,26884.8,rainbow_cnn_dqn,,107.4,,887,22,,,,,,,,,,,
2642,2520260,27092.7,rainbow_cnn_dqn,,2519.8,,20358,539,,,,,,,,,,,
2643,2527049,27164.7,rainbow_cnn_dqn,,838.9,,6789,179,,,,,,,,,,,
2644,2576785,27666.7,rainbow_cnn_dqn,,6159.6,,49736,1319,,,,,,,,,,,
2645,2581298,27713.3,rainbow_cnn_dqn,,557.3,,4513,119,,,,,,,,,,,
2646,2612660,28028.4,rainbow_cnn_dqn,,3883.0,,31362,831,,,,,,,,,,,
2647,2616910,28071.5,rainbow_cnn_dqn,,524.7,,4250,112,,,,,,,,,,,
2648,2619127,28093.6,rainbow_cnn_dqn,,272.8,,2217,58,,,,,,,,,,,
2649,2622925,28131.1,rainbow_cnn_dqn,,468.7,,3798,100,,,,,,,,,,,
2650,2623031,28132.5,rainbow_cnn_dqn,,11.3,,106,2,,,,,,,,,,,
2651,2703270,28996.0,rainbow_cnn_dqn,,9938.9,,80239,2129,,,,,,,,,,,
2652,2715533,29118.1,rainbow_cnn_dqn,,1516.8,,12263,324,,,,,,,,,,,
2653,2735858,29318.5,rainbow_cnn_dqn,,2515.6,,20325,538,,,,,,,,,,,
2654,2738395,29343.8,rainbow_cnn_dqn,,312.0,,2537,66,,,,,,,,,,,
2655,2772006,29677.9,rainbow_cnn_dqn,,4161.9,,33611,891,,,,,,,,,,,
2656,2855920,30507.6,rainbow_cnn_dqn,,10394.6,,83914,2227,,,,,,,,,,,
2657,2860574,30554.9,rainbow_cnn_dqn,,574.1,,4654,122,,,,,,,,,,,
2658,2861611,30567.2,rainbow_cnn_dqn,,126.0,,1037,26,,,,,,,,,,,
2659,2861933,30570.8,rainbow_cnn_dqn,,37.4,,322,7,,,,,,,,,,,
2660,2862289,30574.4,rainbow_cnn_dqn,,41.7,,356,8,,,,,,,,,,,
2661,2865331,30605.3,rainbow_cnn_dqn,,375.1,,3042,80,,,,,,,,,,,
2662,2866592,30618.6,rainbow_cnn_dqn,,153.8,,1261,32,,,,,,,,,,,
2663,2888939,30848.2,rainbow_cnn_dqn,,2766.4,,22347,592,,,,,,,,,,,
2664,2888990,30849.1,rainbow_cnn_dqn,,4.0,,51,0,,,,,,,,,,,
2665,2898275,30942.9,rainbow_cnn_dqn,,1147.9,,9285,245,,,,,,,,,,,
2666,2899387,30954.4,rainbow_cnn_dqn,,135.3,,1112,28,,,,,,,,,,,
2667,2901819,30979.1,rainbow_cnn_dqn,,298.8,,2432,63,,,,,,,,,,,
2668,2923687,31199.6,rainbow_cnn_dqn,,2706.8,,21868,579,,,,,,,,,,,
2669,2964489,31607.5,rainbow_cnn_dqn,,5052.9,,40802,1082,,,,,,,,,,,
2670,2969511,31658.3,rainbow_cnn_dqn,,619.9,,5022,132,,,,,,,,,,,
2671,3004831,32010.5,rainbow_cnn_dqn,,4374.2,,35320,937,,,,,,,,,,,
2672,3005518,32018.1,rainbow_cnn_dqn,,82.9,,687,17,,,,,,,,,,,
2673,3005753,32020.4,rainbow_cnn_dqn,,26.9,,235,5,,,,,,,,,,,
2674,3008337,32045.9,rainbow_cnn_dqn,,317.6,,2584,67,,,,,,,,,,,
2675,3099311,32950.6,rainbow_cnn_dqn,,11268.9,,90974,2414,,,,,,,,,,,
2676,3109151,33051.6,rainbow_cnn_dqn,,1216.9,,9840,260,,,,,,,,,,,
2677,3109273,33053.2,rainbow_cnn_dqn,,12.9,,122,2,,,,,,,,,,,
2678,3128098,33242.5,rainbow_cnn_dqn,,2330.5,,18825,499,,,,,,,,,,,
2679,3156408,33527.3,rainbow_cnn_dqn,,3504.9,,28310,750,,,,,,,,,,,
2680,3171339,33679.1,rainbow_cnn_dqn,,1847.5,,14931,395,,,,,,,,,,,
2681,3182160,33787.8,rainbow_cnn_dqn,,1338.4,,10821,286,,,,,,,,,,,
2682,3182291,33789.5,rainbow_cnn_dqn,,13.8,,131,2,,,,,,,,,,,
2683,3196389,33929.8,rainbow_cnn_dqn,,1744.4,,14098,373,,,,,,,,,,,
2684,3242706,34391.4,rainbow_cnn_dqn,,5736.7,,46317,1229,,,,,,,,,,,
2685,3242841,34393.4,rainbow_cnn_dqn,,15.1,,135,3,,,,,,,,,,,
2686,3242940,34394.4,rainbow_cnn_dqn,,10.6,,99,2,,,,,,,,,,,
2687,3243668,34401.5,rainbow_cnn_dqn,,87.9,,728,18,,,,,,,,,,,
2688,3243770,34402.5,rainbow_cnn_dqn,,10.9,,102,2,,,,,,,,,,,
2689,3303652,34999.9,rainbow_cnn_dqn,,7417.2,,59882,1589,,,,,,,,,,,
2690,3339692,35362.8,rainbow_cnn_dqn,,4463.3,,36040,956,,,,,,,,,,,
2691,3354956,35518.6,rainbow_cnn_dqn,,1888.9,,15264,404,,,,,,,,,,,
2692,3355191,35521.4,rainbow_cnn_dqn,,26.9,,235,5,,,,,,,,,,,
2693,3370099,35676.1,rainbow_cnn_dqn,,1845.2,,14908,395,,,,,,,,,,,
2694,3500587,37010.1,rainbow_cnn_dqn,,16164.4,,130488,3463,,,,,,,,,,,
2695,3556212,37561.0,rainbow_cnn_dqn,,6889.8,,55625,1476,,,,,,,,,,,
2696,3579743,37795.9,rainbow_cnn_dqn,,2913.6,,23531,624,,,,,,,,,,,
2697,3589547,37894.4,rainbow_cnn_dqn,,1212.4,,9804,259,,,,,,,,,,,
2698,3623533,38240.2,rainbow_cnn_dqn,,4208.4,,33986,901,,,,,,,,,,,
2699,3628401,38289.6,rainbow_cnn_dqn,,600.9,,4868,128,,,,,,,,,,,
2700,3643326,38439.8,rainbow_cnn_dqn,,1846.9,,14925,395,,,,,,,,,,,
2701,3643412,38445.2,rainbow_cnn_dqn,,8.4,,86,1,,,,,,,,,,,
2702,3651557,38527.4,rainbow_cnn_dqn,,1006.9,,8145,215,,,,,,,,,,,
2703,3706355,39082.5,rainbow_cnn_dqn,,6787.3,,54798,1454,,,,,,,,,,,
2704,3709415,39114.0,rainbow_cnn_dqn,,376.9,,3060,80,,,,,,,,,,,
2705,3735162,39376.5,rainbow_cnn_dqn,,3187.4,,25747,682,,,,,,,,,,,
2706,3818678,40212.2,rainbow_cnn_dqn,,10344.9,,83516,2216,,,,,,,,,,,
2707,3869163,40711.5,rainbow_cnn_dqn,,6252.5,,50485,1339,,,,,,,,,,,
2708,3889369,40914.6,rainbow_cnn_dqn,,2501.0,,20206,535,,,,,,,,,,,
2709,3932892,41357.0,rainbow_cnn_dqn,,5389.8,,43523,1154,,,,,,,,,,,
2710,4009295,42129.8,rainbow_cnn_dqn,,9463.5,,76403,2027,,,,,,,,,,,
2711,4059259,42639.0,rainbow_cnn_dqn,,6187.8,,49964,1325,,,,,,,,,,,
2712,4098407,43035.6,rainbow_cnn_dqn,,4847.9,,39148,1038,,,,,,,,,,,
2713,4102203,43074.5,rainbow_cnn_dqn,,468.5,,3796,100,,,,,,,,,,,
2714,4104813,43100.7,rainbow_cnn_dqn,,321.1,,2610,68,,,,,,,,,,,
2715,4118269,43238.8,rainbow_cnn_dqn,,1664.9,,13456,356,,,,,,,,,,,
2716,4131108,43366.7,rainbow_cnn_dqn,,1588.8,,12839,340,,,,,,,,,,,
2717,4164981,43712.6,rainbow_cnn_dqn,,4194.4,,33873,898,,,,,,,,,,,
2718,4218380,44256.0,rainbow_cnn_dqn,,6614.1,,53399,1417,,,,,,,,,,,
2719,4238404,44462.7,rainbow_cnn_dqn,,2479.2,,20024,531,,,,,,,,,,,
2720,4245611,44535.5,rainbow_cnn_dqn,,890.6,,7207,190,,,,,,,,,,,
2721,4274104,44819.5,rainbow_cnn_dqn,,3527.7,,28493,755,,,,,,,,,,,
2722,4279583,44875.3,rainbow_cnn_dqn,,676.4,,5479,144,,,,,,,,,,,
2723,4328125,45367.9,rainbow_cnn_dqn,,6012.3,,48542,1288,,,,,,,,,,,
2724,4357873,45670.9,rainbow_cnn_dqn,,3683.8,,29748,789,,,,,,,,,,,
2725,4369804,45790.4,rainbow_cnn_dqn,,1476.4,,11931,316,,,,,,,,,,,
2726,4372340,45817.8,rainbow_cnn_dqn,,311.9,,2536,66,,,,,,,,,,,
2727,4413534,46234.9,rainbow_cnn_dqn,,5101.1,,41194,1092,,,,,,,,,,,
2728,4425943,46360.2,rainbow_cnn_dqn,,1535.0,,12409,328,,,,,,,,,,,
2729,4435840,46459.7,rainbow_cnn_dqn,,1224.4,,9897,262,,,,,,,,,,,
2730,4477340,46880.2,rainbow_cnn_dqn,,5139.8,,41500,1101,,,,,,,,,,,
2731,4505034,47154.6,rainbow_cnn_dqn,,3428.9,,27694,734,,,,,,,,,,,
2732,4505123,47155.9,rainbow_cnn_dqn,,8.7,,89,1,,,,,,,,,,,
2733,4505222,47156.9,rainbow_cnn_dqn,,10.6,,99,2,,,,,,,,,,,
2734,4514404,47247.3,rainbow_cnn_dqn,,1135.8,,9182,243,,,,,,,,,,,
2735,4516390,47267.3,rainbow_cnn_dqn,,244.3,,1986,52,,,,,,,,,,,
2736,4517816,47281.8,rainbow_cnn_dqn,,174.8,,1426,37,,,,,,,,,,,
2737,4520521,47309.0,rainbow_cnn_dqn,,333.3,,2705,71,,,,,,,,,,,
2738,4558100,47687.3,rainbow_cnn_dqn,,4654.1,,37579,997,,,,,,,,,,,
2739,4615610,48268.6,rainbow_cnn_dqn,,7123.3,,57510,1526,,,,,,,,,,,
2740,4677281,48892.3,rainbow_cnn_dqn,,7638.4,,61671,1636,,,,,,,,,,,
2741,4679175,48912.0,rainbow_cnn_dqn,,232.4,,1894,49,,,,,,,,,,,
2742,4684423,48964.8,rainbow_cnn_dqn,,647.9,,5248,138,,,,,,,,,,,
2743,4729193,49416.1,rainbow_cnn_dqn,,5545.1,,44770,1188,,,,,,,,,,,
2744,4753653,49661.2,rainbow_cnn_dqn,,3028.1,,24460,648,,,,,,,,,,,
2745,4755552,49680.9,rainbow_cnn_dqn,,232.9,,1899,49,,,,,,,,,,,
2746,4767993,49809.1,rainbow_cnn_dqn,,1539.1,,12441,329,,,,,,,,,,,
2747,4775105,49884.1,rainbow_cnn_dqn,,879.3,,7112,188,,,,,,,,,,,
2748,4776302,49896.8,rainbow_cnn_dqn,,146.5,,1197,31,,,,,,,,,,,
2749,4812371,50258.6,rainbow_cnn_dqn,,4467.1,,36069,957,,,,,,,,,,,
2750,4837245,50510.6,rainbow_cnn_dqn,,3079.4,,24874,659,,,,,,,,,,,
2751,4842207,50574.9,rainbow_cnn_dqn,,613.0,,4962,131,,,,,,,,,,,
2752,4845364,50607.1,rainbow_cnn_dqn,,389.3,,3157,83,,,,,,,,,,,
2753,4854962,50704.1,rainbow_cnn_dqn,,1187.3,,9598,254,,,,,,,,,,,
2754,4857353,50728.6,rainbow_cnn_dqn,,293.8,,2391,62,,,,,,,,,,,
2755,4890152,51058.3,rainbow_cnn_dqn,,4061.8,,32799,870,,,,,,,,,,,
2756,4891126,51068.5,rainbow_cnn_dqn,,118.8,,974,25,,,,,,,,,,,
2757,4895705,51114.1,rainbow_cnn_dqn,,564.8,,4579,120,,,,,,,,,,,
2758,4920933,51367.8,rainbow_cnn_dqn,,3123.8,,25228,669,,,,,,,,,,,
2759,4934954,51507.9,rainbow_cnn_dqn,,1734.9,,14021,371,,,,,,,,,,,
2760,5035427,52524.0,rainbow_cnn_dqn,,12445.6,,100473,2666,,,,,,,,,,,
2761,5110552,53308.2,rainbow_cnn_dqn,,9305.1,,75125,1993,,,,,,,,,,,
2762,5140814,53635.0,rainbow_cnn_dqn,,3746.9,,30262,802,,,,,,,,,,,
2763,5185391,54109.3,rainbow_cnn_dqn,,5520.4,,44577,1182,,,,,,,,,,,
2764,5202070,54292.2,rainbow_cnn_dqn,,2064.6,,16679,442,,,,,,,,,,,
2765,5212305,54403.2,rainbow_cnn_dqn,,1266.3,,10235,271,,,,,,,,,,,
2766,5218005,54463.6,rainbow_cnn_dqn,,703.9,,5700,150,,,,,,,,,,,
2767,5249250,54801.2,rainbow_cnn_dqn,,3868.6,,31245,828,,,,,,,,,,,
2768,5252845,54841.0,rainbow_cnn_dqn,,443.0,,3595,94,,,,,,,,,,,
2769,5253355,54847.2,rainbow_cnn_dqn,,60.7,,510,12,,,,,,,,,,,
2770,5261145,54928.5,rainbow_cnn_dqn,,963.3,,7790,206,,,,,,,,,,,
2771,5264205,54961.3,rainbow_cnn_dqn,,376.9,,3060,80,,,,,,,,,,,
2772,5265809,54978.1,rainbow_cnn_dqn,,197.1,,1604,42,,,,,,,,,,,
2773,5294258,55279.8,rainbow_cnn_dqn,,3522.4,,28449,754,,,,,,,,,,,
2774,5305048,55395.3,rainbow_cnn_dqn,,1334.4,,10790,285,,,,,,,,,,,
2775,5310115,55449.3,rainbow_cnn_dqn,,625.3,,5067,133,,,,,,,,,,,
2776,5325349,55610.0,rainbow_cnn_dqn,,1885.0,,15234,403,,,,,,,,,,,
2777,5333930,55708.5,rainbow_cnn_dqn,,1061.3,,8581,227,,,,,,,,,,,
2778,5340326,55782.5,rainbow_cnn_dqn,,790.6,,6396,169,,,,,,,,,,,
2779,5385048,56271.4,rainbow_cnn_dqn,,5538.5,,44722,1186,,,,,,,,,,,
2780,5386413,56286.9,rainbow_cnn_dqn,,166.9,,1365,35,,,,,,,,,,,
2781,5428293,56734.3,rainbow_cnn_dqn,,5186.8,,41880,1111,,,,,,,,,,,
2782,5514115,57629.7,rainbow_cnn_dqn,,10630.4,,85822,2277,,,,,,,,,,,
2783,5629887,58836.7,rainbow_cnn_dqn,,14340.9,,115772,3072,,,,,,,,,,,
2784,5664720,59198.2,rainbow_cnn_dqn,,4313.8,,34833,924,,,,,,,,,,,
2785,5667348,59225.6,rainbow_cnn_dqn,,323.8,,2628,69,,,,,,,,,,,
2786,5730081,59894.2,rainbow_cnn_dqn,,7769.8,,62733,1664,,,,,,,,,,,
2787,5730741,59902.0,rainbow_cnn_dqn,,79.3,,660,16,,,,,,,,,,,
2788,5731515,59910.0,rainbow_cnn_dqn,,93.4,,774,19,,,,,,,,,,,
2789,5743895,60038.4,rainbow_cnn_dqn,,1532.1,,12380,328,,,,,,,,,,,
2790,5769519,60305.3,rainbow_cnn_dqn,,3172.4,,25624,679,,,,,,,,,,,
2791,5773750,60349.9,rainbow_cnn_dqn,,521.9,,4231,111,,,,,,,,,,,
2792,5795439,60581.2,rainbow_cnn_dqn,,2685.3,,21689,575,,,,,,,,,,,
2793,5816014,60796.2,rainbow_cnn_dqn,,2546.9,,20575,545,,,,,,,,,,,
2794,5843606,61088.4,rainbow_cnn_dqn,,3416.0,,27592,731,,,,,,,,,,,
2795,5964021,62356.2,rainbow_cnn_dqn,,14916.8,,120415,3196,,,,,,,,,,,
2796,5973990,62466.4,rainbow_cnn_dqn,,1233.4,,9969,264,,,,,,,,,,,
2797,5977805,62507.6,rainbow_cnn_dqn,,470.4,,3815,100,,,,,,,,,,,
2798,5996134,62702.8,rainbow_cnn_dqn,,2269.2,,18329,486,,,,,,,,,,,
2799,6067794,63452.9,rainbow_cnn_dqn,,8875.8,,71660,1901,,,,,,,,,,,
2800,6099823,63791.8,rainbow_cnn_dqn,,3965.9,,32029,849,,,,,,,,,,,
2801,6112755,63962.0,rainbow_cnn_dqn,,1599.9,,12932,342,,,,,,,,,,,
2802,6114839,63984.0,rainbow_cnn_dqn,,255.9,,2084,54,,,,,,,,,,,
2803,6116656,64003.1,rainbow_cnn_dqn,,222.9,,1817,47,,,,,,,,,,,
2804,6116819,64005.2,rainbow_cnn_dqn,,17.9,,163,3,,,,,,,,,,,
2805,6137039,64218.7,rainbow_cnn_dqn,,2503.3,,20220,536,,,,,,,,,,,
2806,6145167,64303.8,rainbow_cnn_dqn,,1005.2,,8128,215,,,,,,,,,,,
2807,6158284,64443.3,rainbow_cnn_dqn,,1622.9,,13117,347,,,,,,,,,,,
2808,6283122,65759.9,rainbow_cnn_dqn,,15464.4,,124838,3313,,,,,,,,,,,
2809,6324887,66192.1,rainbow_cnn_dqn,,5172.6,,41765,1108,,,,,,,,,,,
2810,6337419,66321.7,rainbow_cnn_dqn,,1550.9,,12532,332,,,,,,,,,,,
2811,6339327,66343.8,rainbow_cnn_dqn,,234.7,,1908,50,,,,,,,,,,,
2812,6379390,66770.7,rainbow_cnn_dqn,,4961.0,,40063,1062,,,,,,,,,,,
2813,6381022,66788.9,rainbow_cnn_dqn,,199.9,,1632,42,,,,,,,,,,,
2814,6393784,66925.0,rainbow_cnn_dqn,,1579.3,,12762,338,,,,,,,,,,,
2815,6468991,67740.5,rainbow_cnn_dqn,,9315.1,,75207,1995,,,,,,,,,,,
2816,6473009,67785.0,rainbow_cnn_dqn,,496.1,,4018,106,,,,,,,,,,,
2817,6481268,67874.8,rainbow_cnn_dqn,,1021.0,,8259,218,,,,,,,,,,,
2818,6489490,67962.5,rainbow_cnn_dqn,,1016.4,,8222,217,,,,,,,,,,,
2819,6491836,67987.9,rainbow_cnn_dqn,,288.4,,2346,61,,,,,,,,,,,
2820,6541000,68509.0,rainbow_cnn_dqn,,6088.9,,49164,1304,,,,,,,,,,,
2821,6547111,68573.4,rainbow_cnn_dqn,,754.9,,6111,161,,,,,,,,,,,
2822,6547198,68574.7,rainbow_cnn_dqn,,8.5,,87,1,,,,,,,,,,,
2823,6547546,68578.4,rainbow_cnn_dqn,,40.9,,348,8,,,,,,,,,,,
2824,6548589,68589.1,rainbow_cnn_dqn,,127.5,,1043,27,,,,,,,,,,,
2825,6548916,68592.9,rainbow_cnn_dqn,,38.8,,327,8,,,,,,,,,,,
2826,6605132,69181.5,rainbow_cnn_dqn,,6962.4,,56216,1491,,,,,,,,,,,
2827,6656181,69740.0,rainbow_cnn_dqn,,6322.4,,51049,1354,,,,,,,,,,,
2828,6659318,69774.7,rainbow_cnn_dqn,,386.4,,3137,82,,,,,,,,,,,
2829,6666411,69852.6,rainbow_cnn_dqn,,876.5,,7093,187,,,,,,,,,,,
2830,6675173,69948.2,rainbow_cnn_dqn,,1083.0,,8762,231,,,,,,,,,,,
2831,6692548,70134.7,rainbow_cnn_dqn,,2150.4,,17375,460,,,,,,,,,,,
2832,6744372,70681.8,rainbow_cnn_dqn,,6418.8,,51824,1375,,,,,,,,,,,
2833,6754984,70796.5,rainbow_cnn_dqn,,1313.0,,10612,281,,,,,,,,,,,
2834,6766389,70915.5,rainbow_cnn_dqn,,1411.2,,11405,302,,,,,,,,,,,
2835,6766493,70917.0,rainbow_cnn_dqn,,11.1,,104,2,,,,,,,,,,,
2836,6852685,71836.9,rainbow_cnn_dqn,,10676.4,,86192,2287,,,,,,,,,,,
2837,6859443,71912.3,rainbow_cnn_dqn,,834.9,,6758,178,,,,,,,,,,,
2838,6941837,72791.7,rainbow_cnn_dqn,,10205.7,,82394,2186,,,,,,,,,,,
2839,6943022,72805.3,rainbow_cnn_dqn,,144.4,,1185,30,,,,,,,,,,,
2840,6945034,72827.4,rainbow_cnn_dqn,,246.9,,2012,52,,,,,,,,,,,
2841,6960315,72991.5,rainbow_cnn_dqn,,1891.5,,15281,405,,,,,,,,,,,
2842,7004697,73473.2,rainbow_cnn_dqn,,5496.4,,44382,1177,,,,,,,,,,,
2843,7004783,73475.0,rainbow_cnn_dqn,,8.4,,86,1,,,,,,,,,,,
2844,7005095,73478.3,rainbow_cnn_dqn,,36.4,,312,7,,,,,,,,,,,
2845,7062254,74088.3,rainbow_cnn_dqn,,7079.2,,57159,1516,,,,,,,,,,,
2846,7062797,74094.9,rainbow_cnn_dqn,,64.9,,543,13,,,,,,,,,,,
2847,7090511,74390.7,rainbow_cnn_dqn,,3431.8,,27714,735,,,,,,,,,,,
2848,7093468,74424.4,rainbow_cnn_dqn,,363.9,,2957,77,,,,,,,,,,,
2849,7093723,74427.5,rainbow_cnn_dqn,,29.8,,255,6,,,,,,,,,,,
2850,7093823,74428.5,rainbow_cnn_dqn,,10.7,,100,2,,,,,,,,,,,
2851,7094831,74445.1,rainbow_cnn_dqn,,123.1,,1008,26,,,,,,,,,,,
2852,7127178,74785.5,rainbow_cnn_dqn,,4005.8,,32347,858,,,,,,,,,,,
2853,7169684,75227.4,rainbow_cnn_dqn,,5263.8,,42506,1127,,,,,,,,,,,
2854,7170381,75235.4,rainbow_cnn_dqn,,83.9,,697,17,,,,,,,,,,,
2855,7172095,75252.9,rainbow_cnn_dqn,,209.9,,1714,44,,,,,,,,,,,
2856,7222861,75789.1,rainbow_cnn_dqn,,6287.8,,50766,1347,,,,,,,,,,,
2857,7251461,76093.5,rainbow_cnn_dqn,,3541.1,,28600,758,,,,,,,,,,,
2858,7335250,76981.3,rainbow_cnn_dqn,,10378.5,,83789,2223,,,,,,,,,,,
2859,7352414,77168.8,rainbow_cnn_dqn,,2124.8,,17164,455,,,,,,,,,,,
2860,7387510,77548.5,rainbow_cnn_dqn,,4346.4,,35096,931,,,,,,,,,,,
2861,7415598,77847.5,rainbow_cnn_dqn,,3478.2,,28088,745,,,,,,,,,,,
2862,7504861,78793.2,rainbow_cnn_dqn,,11057.3,,89263,2369,,,,,,,,,,,
2863,7518526,78940.1,rainbow_cnn_dqn,,1691.2,,13665,362,,,,,,,,,,,
2864,7596213,79766.6,rainbow_cnn_dqn,,9622.5,,77687,2061,,,,,,,,,,,
2865,7601082,79822.7,rainbow_cnn_dqn,,601.0,,4869,128,,,,,,,,,,,
2866,7623899,80069.8,rainbow_cnn_dqn,,2825.1,,22817,605,,,,,,,,,,,
2867,7633409,80177.3,rainbow_cnn_dqn,,1175.8,,9510,251,,,,,,,,,,,
2868,7633466,80178.4,rainbow_cnn_dqn,,4.6,,57,0,,,,,,,,,,,
2869,7633861,80182.6,rainbow_cnn_dqn,,46.5,,395,9,,,,,,,,,,,
2870,7634782,80192.2,rainbow_cnn_dqn,,111.7,,921,23,,,,,,,,,,,
2871,7646974,80319.9,rainbow_cnn_dqn,,1508.8,,12192,323,,,,,,,,,,,
2872,7658071,80439.2,rainbow_cnn_dqn,,1373.2,,11097,294,,,,,,,,,,,
2873,7688970,80762.5,rainbow_cnn_dqn,,3825.9,,30899,819,,,,,,,,,,,
2874,7737769,81287.2,rainbow_cnn_dqn,,6043.4,,48799,1294,,,,,,,,,,,
2875,7778422,81721.5,rainbow_cnn_dqn,,5034.4,,40653,1078,,,,,,,,,,,
2876,7833738,82303.2,rainbow_cnn_dqn,,6850.8,,55316,1467,,,,,,,,,,,
2877,7834094,82310.2,rainbow_cnn_dqn,,41.7,,356,8,,,,,,,,,,,
2878,7834224,82311.5,rainbow_cnn_dqn,,13.7,,130,2,,,,,,,,,,,
2879,7880111,82801.5,rainbow_cnn_dqn,,5682.9,,45887,1217,,,,,,,,,,,
2880,7890141,82905.9,rainbow_cnn_dqn,,1240.4,,10030,265,,,,,,,,,,,
2881,7908352,83094.9,rainbow_cnn_dqn,,2253.8,,18211,482,,,,,,,,,,,
2882,7909576,83108.0,rainbow_cnn_dqn,,149.2,,1224,31,,,,,,,,,,,
2883,7910427,83117.2,rainbow_cnn_dqn,,102.9,,851,21,,,,,,,,,,,
2884,7911462,83128.1,rainbow_cnn_dqn,,125.8,,1035,26,,,,,,,,,,,
2885,7911568,83129.6,rainbow_cnn_dqn,,11.3,,106,2,,,,,,,,,,,
2886,7911660,83130.6,rainbow_cnn_dqn,,9.0,,92,1,,,,,,,,,,,
2887,7917367,83191.8,rainbow_cnn_dqn,,704.6,,5707,150,,,,,,,,,,,
2888,7939375,83428.6,rainbow_cnn_dqn,,2724.4,,22008,583,,,,,,,,,,,
2889,7981882,83882.0,rainbow_cnn_dqn,,5263.9,,42507,1127,,,,,,,,,,,
2890,7993833,84009.1,rainbow_cnn_dqn,,1478.4,,11951,316,,,,,,,,,,,
2891,7994936,84021.2,rainbow_cnn_dqn,,134.4,,1103,28,,,,,,,,,,,
2892,8006754,84146.0,rainbow_cnn_dqn,,1462.4,,11818,313,,,,,,,,,,,
2893,8017319,84257.2,rainbow_cnn_dqn,,1306.5,,10565,279,,,,,,,,,,,
2894,8140654,85573.5,rainbow_cnn_dqn,,15278.1,,123335,3273,,,,,,,,,,,
2895,8152004,85696.7,rainbow_cnn_dqn,,1403.9,,11350,300,,,,,,,,,,,
2896,8157591,85757.5,rainbow_cnn_dqn,,689.9,,5587,147,,,,,,,,,,,
2897,8160353,85787.9,rainbow_cnn_dqn,,339.9,,2762,72,,,,,,,,,,,
2898,8173603,85933.9,rainbow_cnn_dqn,,1639.8,,13250,351,,,,,,,,,,,
2899,8211017,86340.3,rainbow_cnn_dqn,,4633.1,,37414,992,,,,,,,,,,,
