HPO: algorithm=ppo n_trials=200 study=ppo_6235238 workers=12 gpus=4
Tue Aug 11 08:11:03 2026       
+-----------------------------------------------------------------------------------------+
| NVIDIA-SMI 595.71.05              Driver Version: 595.71.05      CUDA Version: 13.2     |
+-----------------------------------------+------------------------+----------------------+
| GPU  Name                 Persistence-M | Bus-Id          Disp.A | Volatile Uncorr. ECC |
| Fan  Temp   Perf          Pwr:Usage/Cap |           Memory-Usage | GPU-Util  Compute M. |
|                                         |                        |               MIG M. |
|=========================================+========================+======================|
|   0  NVIDIA A100 80GB PCIe          On  |   00000000:19:00.0 Off |                    0 |
| N/A   44C    P0             82W /  300W |    3245MiB /  81920MiB |     32%      Default |
|                                         |                        |             Disabled |
+-----------------------------------------+------------------------+----------------------+
|   1  NVIDIA A100 80GB PCIe          On  |   00000000:1A:00.0 Off |                    0 |
| N/A   43C    P0             81W /  300W |    3789MiB /  81920MiB |     32%      Default |
|                                         |                        |             Disabled |
+-----------------------------------------+------------------------+----------------------+
|   2  NVIDIA A100 80GB PCIe          On  |   00000000:1B:00.0 Off |                    0 |
| N/A   42C    P0             75W /  300W |    4007MiB /  81920MiB |     30%      Default |
|                                         |                        |             Disabled |
+-----------------------------------------+------------------------+----------------------+
|   3  NVIDIA A100 80GB PCIe          On  |   00000000:1C:00.0 Off |                    0 |
| N/A   45C    P0             84W /  300W |    3571MiB /  81920MiB |     31%      Default |
|                                         |                        |             Disabled |
+-----------------------------------------+------------------------+----------------------+

+-----------------------------------------------------------------------------------------+
| Processes:                                                                              |
|  GPU   GI   CI              PID   Type   Process name                        GPU Memory |
|        ID   ID                                                               Usage      |
|=========================================================================================|
|    0   N/A  N/A            9862      G   /usr/libexec/Xorg                        17MiB |
|    0   N/A  N/A         1748564      C   python                                  994MiB |
|    0   N/A  N/A         1748575      C   python                                 1108MiB |
|    0   N/A  N/A         1748579      C   python                                 1096MiB |
|    1   N/A  N/A            9862      G   /usr/libexec/Xorg                        17MiB |
|    1   N/A  N/A         1748572      C   python                                 1442MiB |
|    1   N/A  N/A         1748576      C   python                                 1150MiB |
|    1   N/A  N/A         1748580      C   python                                 1150MiB |
|    2   N/A  N/A            9862      G   /usr/libexec/Xorg                        17MiB |
|    2   N/A  N/A         1748573      C   python                                 1484MiB |
|    2   N/A  N/A         1748577      C   python                                 1040MiB |
|    2   N/A  N/A         1748581      C   python                                 1436MiB |
|    3   N/A  N/A            9862      G   /usr/libexec/Xorg                        17MiB |
|    3   N/A  N/A         1748574      C   python                                 1504MiB |
|    3   N/A  N/A         1748578      C   python                                 1004MiB |
|    3   N/A  N/A         1748582      C   python                                 1016MiB |
+-----------------------------------------------------------------------------------------+
2026-08-11_07-11-50: Training starting...
Device: cuda
2026-08-11_07-11-57 Episode 0: New best reward -8.10, training model saved.
2026-08-11_07-11-57 Episode 0: New best greedy reward 2.00, model saved.
2026-08-11_07-11-57 Episode 1: New best reward -5.70, training model saved.
2026-08-11_07-12-28 Episode 81: New best reward -2.10, training model saved.
2026-08-11_07-13-12 Episode 187: New best reward 0.30, training model saved.
2026-08-11_07-13-21 Episode 211: New best reward 0.90, training model saved.
2026-08-11_07-13-31 Episode 235: New best reward 3.90, training model saved.
2026-08-11_07-14-32 Episode 382: New best reward 4.20, training model saved.
2026-08-11_07-15-19 Episode 498: New best reward 4.70, training model saved.
2026-08-11_07-15-40 Episode 551: New best reward 6.00, training model saved.
2026-08-11_07-16-04 Episode 612: New best reward 8.40, training model saved.
2026-08-11_07-17-21 Episode 794: New best reward 9.30, training model saved.
2026-08-11_07-20-23 Episode 1227: New best reward 13.80, training model saved.
2026-08-11_07-27-38: Training starting...
Device: cuda
2026-08-11_07-27-38 Episode 0: New best reward -8.10, training model saved.
2026-08-11_07-27-39 Episode 0: New best greedy reward 2.00, model saved.
2026-08-11_07-27-39 Episode 1: New best reward -5.70, training model saved.
2026-08-11_07-28-10 Episode 81: New best reward -2.10, training model saved.
2026-08-11_07-29-39 Episode 299: New best reward -0.30, training model saved.
2026-08-11_07-30-06 Episode 358: New best reward 0.90, training model saved.
2026-08-11_07-30-24 Episode 405: New best reward 2.10, training model saved.
2026-08-11_07-32-27 Episode 703: New best reward 3.90, training model saved.
2026-08-11_07-35-47 Episode 1185: New best reward 4.30, training model saved.
2026-08-11_07-36-21 Episode 1271: New best reward 4.50, training model saved.
2026-08-11_07-37-00 Episode 1363: New best reward 6.70, training model saved.
2026-08-11_07-39-20 Episode 1697: New best reward 8.40, training model saved.
2026-08-11_07-41-13 Episode 1963: New best reward 8.90, training model saved.
2026-08-11_07-43-29: Training starting...
Device: cuda
2026-08-11_07-43-29 Episode 0: New best reward -8.10, training model saved.
2026-08-11_07-43-30 Episode 0: New best greedy reward 2.00, model saved.
2026-08-11_07-43-30 Episode 1: New best reward -5.70, training model saved.
2026-08-11_07-44-02 Episode 81: New best reward -2.10, training model saved.
2026-08-11_07-45-32 Episode 299: New best reward -0.30, training model saved.
2026-08-11_07-45-57 Episode 358: New best reward 0.90, training model saved.
2026-08-11_07-46-16 Episode 405: New best reward 0.90, training model saved.
2026-08-11_07-46-57 Episode 503: New best reward 2.10, training model saved.
2026-08-11_07-47-06 Episode 527: New best reward 3.30, training model saved.
2026-08-11_07-47-08 Episode 531: New best reward 3.90, training model saved.
2026-08-11_07-47-23 Episode 569: New best reward 6.00, training model saved.
2026-08-11_07-48-47 Episode 772: New best reward 6.80, training model saved.
2026-08-11_07-49-40 Episode 900: New best reward 8.40, training model saved.
2026-08-11_07-53-09 Episode 1404: New best reward 10.50, training model saved.
2026-08-11_07-56-50 Episode 1929: New best reward 10.80, training model saved.
2026-08-11_07-58-10 Episode 2108: New best reward 12.90, training model saved.
2026-08-11_08-04-01 Episode 2931: New best reward 13.00, training model saved.
2026-08-11_08-04-46 Episode 3041: New best reward 13.20, training model saved.
2026-08-11_08-19-48 Episode 5000: New best greedy reward 3.90, model saved.
2026-08-11_08-24-19 Episode 5543: New best reward 20.50, training model saved.
2026-08-11_08-28-16 Episode 6000: New best greedy reward 6.10, model saved.
2026-08-11_08-29-34: Training starting...
Device: cuda
2026-08-11_08-29-34 Episode 0: New best reward -8.10, training model saved.
2026-08-11_08-29-35 Episode 0: New best greedy reward 2.00, model saved.
2026-08-11_08-29-35 Episode 1: New best reward -5.70, training model saved.
2026-08-11_08-30-13 Episode 81: New best reward -2.10, training model saved.
2026-08-11_08-31-10 Episode 211: New best reward 2.70, training model saved.
2026-08-11_08-32-19 Episode 360: New best reward 3.90, training model saved.
2026-08-11_08-32-28 Episode 382: New best reward 4.50, training model saved.
2026-08-11_08-34-26 Episode 634: New best reward 4.90, training model saved.
2026-08-11_08-34-27 Episode 636: New best reward 6.20, training model saved.
2026-08-11_08-34-41 Episode 656: New best reward 6.30, training model saved.
2026-08-11_08-35-06 Episode 718: New best reward 6.80, training model saved.
2026-08-11_08-36-07 Episode 846: New best reward 8.60, training model saved.
2026-08-11_08-36-56 Episode 959: New best reward 8.80, training model saved.
2026-08-11_08-38-22 Episode 1141: New best reward 11.10, training model saved.
2026-08-11_08-39-08 Episode 1225: New best reward 11.20, training model saved.
2026-08-11_08-41-20 Episode 1488: New best reward 11.30, training model saved.
2026-08-11_08-42-17 Episode 1589: New best reward 13.20, training model saved.
2026-08-11_08-42-34 Episode 1624: New best reward 13.70, training model saved.
2026-08-11_08-43-39 Episode 1741: New best reward 15.80, training model saved.
2026-08-11_08-46-54 Episode 2080: New best reward 24.70, training model saved.
2026-08-11_08-55-55 Episode 2923: New best reward 24.90, training model saved.
2026-08-11_08-56-44 Episode 3000: New best greedy reward 6.70, model saved.
2026-08-11_09-00-42 Episode 3329: New best reward 32.60, training model saved.
2026-08-11_09-02-29 Episode 3463: New best reward 37.30, training model saved.
2026-08-11_09-04-43 Episode 3604: New best reward 39.30, training model saved.
2026-08-11_09-05-05 Episode 3627: New best reward 46.50, training model saved.
2026-08-11_09-09-24 Episode 3872: New best reward 69.70, training model saved.
2026-08-11_09-12-01 Episode 4000: New best greedy reward 18.70, model saved.
2026-08-11_09-13-14 Episode 4053: New best reward 82.90, training model saved.
2026-08-11_09-14-36 Episode 4106: New best reward 97.80, training model saved.
2026-08-11_09-15-14 Episode 4132: New best reward 118.80, training model saved.
2026-08-11_09-18-33 Episode 4236: New best reward 154.00, training model saved.
2026-08-11_09-21-13: Training starting...
Device: cuda
2026-08-11_09-21-13 Episode 0: New best reward -8.10, training model saved.
2026-08-11_09-21-14 Episode 0: New best greedy reward 2.00, model saved.
2026-08-11_09-21-14 Episode 1: New best reward -5.70, training model saved.
2026-08-11_09-21-47 Episode 81: New best reward -2.10, training model saved.
2026-08-11_09-21-49 Episode 85: New best reward 0.30, training model saved.
2026-08-11_09-22-35 Episode 195: New best reward 2.10, training model saved.
2026-08-11_09-22-37 Episode 200: New best reward 3.90, training model saved.
2026-08-11_09-22-59 Episode 250: New best reward 8.40, training model saved.
2026-08-11_09-26-29 Episode 746: New best reward 8.50, training model saved.
2026-08-11_09-27-02 Episode 822: New best reward 8.90, training model saved.
2026-08-11_09-28-23 Episode 1000: New best greedy reward 6.10, model saved.
2026-08-11_09-31-26 Episode 1410: New best reward 9.50, training model saved.
2026-08-11_09-31-59 Episode 1480: New best reward 15.50, training model saved.
2026-08-11_09-32-46 Episode 1571: New best reward 23.00, training model saved.
2026-08-11_09-33-23 Episode 1641: New best reward 23.30, training model saved.
2026-08-11_09-35-44 Episode 1878: New best reward 26.90, training model saved.
2026-08-11_09-37-01 Episode 2000: New best greedy reward 11.20, model saved.
2026-08-11_09-37-13: Training starting...
Device: cuda
2026-08-11_09-37-14 Episode 0: New best reward -8.10, training model saved.
2026-08-11_09-37-14 Episode 0: New best greedy reward 2.00, model saved.
2026-08-11_09-37-14 Episode 1: New best reward -5.70, training model saved.
2026-08-11_09-37-46 Episode 81: New best reward -2.10, training model saved.
2026-08-11_09-39-14 Episode 299: New best reward -0.30, training model saved.
2026-08-11_09-39-39 Episode 358: New best reward 0.90, training model saved.
2026-08-11_09-39-40 Episode 360: New best reward 3.90, training model saved.
2026-08-11_09-40-36 Episode 494: New best reward 4.70, training model saved.
2026-08-11_09-41-25 Episode 617: New best reward 4.90, training model saved.
2026-08-11_09-42-27 Episode 767: New best reward 5.00, training model saved.
2026-08-11_09-42-56 Episode 832: New best reward 8.40, training model saved.
2026-08-11_09-49-11 Episode 1726: New best reward 8.60, training model saved.
2026-08-11_09-49-26 Episode 1756: New best reward 12.90, training model saved.
2026-08-11_09-50-40 Episode 1895: New best reward 15.00, training model saved.
2026-08-11_09-51-30 Episode 1986: New best reward 17.90, training model saved.
2026-08-11_09-51-39 Episode 2000: New best greedy reward 4.10, model saved.
2026-08-11_09-52-52: Training starting...
Device: cuda
2026-08-11_09-52-53 Episode 0: New best reward -8.10, training model saved.
2026-08-11_09-52-53 Episode 0: New best greedy reward 2.00, model saved.
2026-08-11_09-52-53 Episode 1: New best reward -5.70, training model saved.
2026-08-11_09-53-25 Episode 81: New best reward -2.10, training model saved.
2026-08-11_09-54-53 Episode 299: New best reward -0.30, training model saved.
2026-08-11_09-55-18 Episode 358: New best reward 0.90, training model saved.
2026-08-11_09-55-36 Episode 405: New best reward 0.90, training model saved.
2026-08-11_09-56-17 Episode 503: New best reward 1.50, training model saved.
2026-08-11_09-57-38 Episode 703: New best reward 3.90, training model saved.
2026-08-11_10-00-44 Episode 1160: New best reward 4.10, training model saved.
2026-08-11_10-00-56 Episode 1188: New best reward 4.20, training model saved.
2026-08-11_10-01-31 Episode 1280: New best reward 4.70, training model saved.
2026-08-11_10-01-54 Episode 1333: New best reward 4.90, training model saved.
2026-08-11_10-02-36 Episode 1439: New best reward 6.00, training model saved.
2026-08-11_10-03-05 Episode 1508: New best reward 6.40, training model saved.
2026-08-11_10-06-24 Episode 2000: New best greedy reward 3.90, model saved.
2026-08-11_10-09-48 Episode 2502: New best reward 6.60, training model saved.
2026-08-11_10-10-59 Episode 2669: New best reward 8.40, training model saved.
2026-08-11_10-12-24 Episode 2864: New best reward 9.30, training model saved.
2026-08-11_10-13-15 Episode 2968: New best reward 11.30, training model saved.
2026-08-11_10-13-16 Episode 2970: New best reward 12.90, training model saved.
2026-08-11_10-16-10 Episode 3278: New best reward 17.90, training model saved.
2026-08-11_10-16-32 Episode 3315: New best reward 18.30, training model saved.
2026-08-11_10-17-24 Episode 3391: New best reward 22.40, training model saved.
2026-08-11_10-18-23 Episode 3474: New best reward 26.90, training model saved.
2026-08-11_10-18-33 Episode 3484: New best reward 34.40, training model saved.
2026-08-11_10-20-50 Episode 3646: New best reward 54.90, training model saved.
2026-08-11_10-22-31 Episode 3727: New best reward 59.90, training model saved.
2026-08-11_10-22-57 Episode 3738: New best reward 104.60, training model saved.
2026-08-11_10-25-49 Episode 3822: New best reward 127.60, training model saved.
2026-08-11_10-25-59 Episode 3824: New best reward 132.50, training model saved.
2026-08-11_10-26-16 Episode 3826: New best reward 153.00, training model saved.
2026-08-11_10-26-42 Episode 3828: New best reward 291.30, training model saved.
2026-08-11_10-31-38 Episode 3878: New best reward 468.80, training model saved.
2026-08-11_10-35-43 Episode 3910: New best reward 597.50, training model saved.
2026-08-11_10-38-29: Training starting...
Device: cuda
2026-08-11_10-38-30 Episode 0: New best reward -8.10, training model saved.
2026-08-11_10-38-30 Episode 0: New best greedy reward 2.00, model saved.
2026-08-11_10-38-30 Episode 1: New best reward -5.70, training model saved.
2026-08-11_10-39-05 Episode 81: New best reward -2.10, training model saved.
2026-08-11_10-40-39 Episode 299: New best reward -0.30, training model saved.
2026-08-11_10-41-06 Episode 358: New best reward 1.50, training model saved.
2026-08-11_10-41-06 Episode 360: New best reward 3.90, training model saved.
2026-08-11_10-42-06 Episode 494: New best reward 5.00, training model saved.
2026-08-11_10-43-45 Episode 725: New best reward 6.80, training model saved.
2026-08-11_10-44-24 Episode 815: New best reward 8.40, training model saved.
2026-08-11_10-47-31 Episode 1228: New best reward 11.20, training model saved.
2026-08-11_10-49-51 Episode 1517: New best reward 12.90, training model saved.
2026-08-11_10-54-17 Episode 2000: New best greedy reward 8.40, model saved.
2026-08-11_10-55-30 Episode 2120: New best reward 15.70, training model saved.
2026-08-11_10-57-51 Episode 2340: New best reward 17.90, training model saved.
2026-08-11_10-58-48 Episode 2417: New best reward 26.90, training model saved.
2026-08-11_11-00-54 Episode 2572: New best reward 27.50, training model saved.
2026-08-11_11-01-15 Episode 2592: New best reward 36.40, training model saved.
2026-08-11_11-02-05 Episode 2641: New best reward 39.30, training model saved.
2026-08-11_11-02-15 Episode 2648: New best reward 46.00, training model saved.
2026-08-11_11-02-58 Episode 2678: New best reward 51.60, training model saved.
2026-08-11_11-04-44 Episode 2767: New best reward 59.90, training model saved.
2026-08-11_11-06-23 Episode 2830: New best reward 82.90, training model saved.
2026-08-11_11-07-02 Episode 2853: New best reward 96.90, training model saved.
2026-08-11_11-07-55 Episode 2881: New best reward 104.80, training model saved.
2026-08-11_11-08-41 Episode 2906: New best reward 124.90, training model saved.
2026-08-11_11-11-35 Episode 3000: New best greedy reward 29.30, model saved.
2026-08-11_11-12-35 Episode 3027: New best reward 127.70, training model saved.
2026-08-11_11-15-44 Episode 3092: New best reward 177.20, training model saved.
2026-08-11_11-21-34 Episode 3211: New best reward 331.30, training model saved.
2026-08-11_11-27-33: Training starting...
Device: cuda
2026-08-11_11-27-33 Episode 0: New best reward -8.10, training model saved.
2026-08-11_11-27-34 Episode 0: New best greedy reward 2.00, model saved.
2026-08-11_11-27-34 Episode 1: New best reward -5.70, training model saved.
2026-08-11_11-28-06 Episode 81: New best reward -2.10, training model saved.
2026-08-11_11-29-38 Episode 299: New best reward -0.30, training model saved.
2026-08-11_11-30-06 Episode 358: New best reward 0.90, training model saved.
2026-08-11_11-30-24 Episode 405: New best reward 2.10, training model saved.
2026-08-11_11-30-49 Episode 469: New best reward 3.90, training model saved.
2026-08-11_11-34-34 Episode 983: New best reward 4.20, training model saved.
2026-08-11_11-34-38 Episode 994: New best reward 4.60, training model saved.
2026-08-11_11-35-50 Episode 1159: New best reward 6.00, training model saved.
2026-08-11_11-38-07 Episode 1479: New best reward 6.40, training model saved.
2026-08-11_11-38-59 Episode 1611: New best reward 7.80, training model saved.
2026-08-11_11-39-45 Episode 1712: New best reward 8.40, training model saved.
2026-08-11_11-49-25 Episode 3000: New best greedy reward 6.20, model saved.
2026-08-11_11-53-07 Episode 3477: New best reward 9.30, training model saved.
2026-08-11_11-55-42 Episode 3785: New best reward 9.40, training model saved.
2026-08-11_12-04-55 Episode 5000: New best greedy reward 6.70, model saved.
2026-08-11_12-11-31 Episode 5839: New best reward 11.20, training model saved.
2026-08-11_12-12-24 Episode 5944: New best reward 12.90, training model saved.
2026-08-11_12-28-56 Episode 8000: New best greedy reward 8.40, model saved.
2026-08-11_13-17-11 Episode 14237: New best reward 17.30, training model saved.
2026-08-11_13-31-30 Episode 16000: New best greedy reward 17.90, model saved.
2026-08-11_13-33-07 Episode 16186: New best reward 17.90, training model saved.
2026-08-11_13-40-21 Episode 16954: New best reward 18.60, training model saved.
2026-08-11_13-42-08 Episode 17131: New best reward 24.70, training model saved.
2026-08-11_13-50-20: Training starting...
Device: cuda
2026-08-11_13-50-21 Episode 0: New best reward -8.10, training model saved.
2026-08-11_13-50-21 Episode 0: New best greedy reward 2.00, model saved.
2026-08-11_13-50-21 Episode 1: New best reward -5.70, training model saved.
2026-08-11_13-50-55 Episode 81: New best reward -2.10, training model saved.
2026-08-11_13-51-49 Episode 211: New best reward 2.70, training model saved.
2026-08-11_13-52-53 Episode 360: New best reward 3.90, training model saved.
2026-08-11_13-54-13 Episode 551: New best reward 4.40, training model saved.
2026-08-11_13-54-28 Episode 583: New best reward 4.60, training model saved.
2026-08-11_13-54-40 Episode 613: New best reward 4.80, training model saved.
2026-08-11_13-54-41 Episode 617: New best reward 5.00, training model saved.
2026-08-11_13-55-03 Episode 663: New best reward 8.60, training model saved.
2026-08-11_13-56-51 Episode 919: New best reward 8.70, training model saved.
2026-08-11_13-58-17 Episode 1114: New best reward 10.50, training model saved.
2026-08-11_13-58-33 Episode 1146: New best reward 11.00, training model saved.
2026-08-11_14-00-35 Episode 1410: New best reward 11.20, training model saved.
2026-08-11_14-01-01 Episode 1457: New best reward 15.50, training model saved.
2026-08-11_14-05-49 Episode 2000: New best greedy reward 6.20, model saved.
2026-08-11_14-10-55 Episode 2508: New best reward 18.10, training model saved.
2026-08-11_14-11-07 Episode 2526: New best reward 20.40, training model saved.
2026-08-11_14-12-20 Episode 2644: New best reward 22.40, training model saved.
2026-08-11_14-12-40 Episode 2668: New best reward 22.70, training model saved.
2026-08-11_14-12-48 Episode 2682: New best reward 22.90, training model saved.
2026-08-11_14-16-15 Episode 3000: New best greedy reward 9.10, model saved.
2026-08-11_14-27-34 Episode 3934: New best reward 27.40, training model saved.
2026-08-11_14-27-58 Episode 3961: New best reward 27.70, training model saved.
2026-08-11_14-28-31 Episode 4000: New best greedy reward 13.50, model saved.
2026-08-11_14-33-13 Episode 4326: New best reward 29.60, training model saved.
2026-08-11_14-36-58 Episode 4591: New best reward 36.60, training model saved.
2026-08-11_14-38-17: Training starting...
Device: cuda
2026-08-11_14-38-17 Episode 0: New best reward -8.10, training model saved.
2026-08-11_14-38-18 Episode 0: New best greedy reward 2.00, model saved.
2026-08-11_14-38-18 Episode 1: New best reward -5.70, training model saved.
2026-08-11_14-38-49 Episode 81: New best reward -2.10, training model saved.
2026-08-11_14-39-33 Episode 187: New best reward 0.30, training model saved.
2026-08-11_14-39-52 Episode 235: New best reward 3.90, training model saved.
2026-08-11_14-40-52 Episode 382: New best reward 6.20, training model saved.
2026-08-11_14-42-33 Episode 630: New best reward 6.30, training model saved.
2026-08-11_14-42-35 Episode 635: New best reward 8.40, training model saved.
2026-08-11_14-42-49 Episode 662: New best reward 8.80, training model saved.
2026-08-11_14-44-03 Episode 836: New best reward 10.60, training model saved.
2026-08-11_14-46-36 Episode 1170: New best reward 11.20, training model saved.
2026-08-11_14-47-51 Episode 1324: New best reward 11.30, training model saved.
2026-08-11_14-48-36 Episode 1405: New best reward 17.90, training model saved.
2026-08-11_14-49-08 Episode 1464: New best reward 18.50, training model saved.
2026-08-11_14-50-27 Episode 1601: New best reward 20.30, training model saved.
2026-08-11_14-50-59 Episode 1650: New best reward 24.80, training model saved.
2026-08-11_14-53-14 Episode 1846: New best reward 26.90, training model saved.
2026-08-11_14-53-21 Episode 1851: New best reward 27.20, training model saved.
2026-08-11_14-53-37 Episode 1873: New best reward 32.60, training model saved.
2026-08-11_14-54-04 Episode 1902: New best reward 37.20, training model saved.
2026-08-11_14-54-12 Episode 1909: New best reward 38.60, training model saved.
2026-08-11_14-54-29 Episode 1925: New best reward 57.10, training model saved.
2026-08-11_14-55-06 Episode 1950: New best reward 89.00, training model saved.
2026-08-11_14-55-56 Episode 2000: New best greedy reward 5.00, model saved.
2026-08-11_15-00-10 Episode 2171: New best reward 111.90, training model saved.
2026-08-11_15-01-20 Episode 2203: New best reward 120.40, training model saved.
2026-08-11_15-05-22 Episode 2313: New best reward 166.90, training model saved.
2026-08-11_15-05-57 Episode 2325: New best reward 194.90, training model saved.
2026-08-11_15-12-09 Episode 2449: New best reward 337.80, training model saved.
2026-08-11_15-14-51 Episode 2482: New best reward 457.40, training model saved.
2026-08-11_15-24-05: Training starting...
Device: cuda
2026-08-11_15-24-06 Episode 0: New best reward -8.10, training model saved.
2026-08-11_15-24-06 Episode 0: New best greedy reward 2.00, model saved.
2026-08-11_15-24-07 Episode 1: New best reward -5.70, training model saved.
2026-08-11_15-24-41 Episode 81: New best reward -2.10, training model saved.
2026-08-11_15-26-12 Episode 299: New best reward -0.30, training model saved.
2026-08-11_15-26-39 Episode 358: New best reward 1.50, training model saved.
2026-08-11_15-26-40 Episode 360: New best reward 3.90, training model saved.
2026-08-11_15-27-38 Episode 494: New best reward 5.00, training model saved.
2026-08-11_15-29-49 Episode 799: New best reward 7.20, training model saved.
2026-08-11_15-32-21 Episode 1141: New best reward 8.40, training model saved.
2026-08-11_15-33-26 Episode 1285: New best reward 9.10, training model saved.
2026-08-11_15-34-45 Episode 1436: New best reward 12.90, training model saved.
2026-08-11_15-38-06 Episode 1781: New best reward 13.10, training model saved.
2026-08-11_15-40-36 Episode 2000: New best greedy reward 6.40, model saved.
2026-08-11_15-41-57 Episode 2116: New best reward 22.40, training model saved.
2026-08-11_15-43-23 Episode 2236: New best reward 26.90, training model saved.
2026-08-11_15-47-39 Episode 2539: New best reward 29.60, training model saved.
2026-08-11_15-52-47 Episode 2935: New best reward 32.70, training model saved.
2026-08-11_15-53-49 Episode 3000: New best greedy reward 18.50, model saved.
2026-08-11_15-54-23 Episode 3039: New best reward 36.40, training model saved.
2026-08-11_15-56-30 Episode 3164: New best reward 43.50, training model saved.
2026-08-11_15-58-07 Episode 3248: New best reward 50.40, training model saved.
2026-08-11_16-01-46 Episode 3429: New best reward 63.80, training model saved.
2026-08-11_16-02-25 Episode 3455: New best reward 68.90, training model saved.
2026-08-11_16-03-08 Episode 3486: New best reward 76.50, training model saved.
2026-08-11_16-03-41 Episode 3503: New best reward 120.40, training model saved.
2026-08-11_16-08-15 Episode 3615: New best reward 123.20, training model saved.
2026-08-11_16-10-03 Episode 3657: New best reward 152.90, training model saved.
2026-08-11_16-12-19: Training starting...
Device: cuda
2026-08-11_16-12-20 Episode 0: New best reward -8.10, training model saved.
2026-08-11_16-12-20 Episode 0: New best greedy reward 2.00, model saved.
2026-08-11_16-12-20 Episode 1: New best reward -5.70, training model saved.
2026-08-11_16-12-54 Episode 81: New best reward -2.10, training model saved.
2026-08-11_16-14-24 Episode 299: New best reward 0.90, training model saved.
2026-08-11_16-14-50 Episode 358: New best reward 1.50, training model saved.
2026-08-11_16-14-51 Episode 360: New best reward 3.90, training model saved.
2026-08-11_16-14-59 Episode 382: New best reward 4.50, training model saved.
2026-08-11_16-16-45 Episode 635: New best reward 6.00, training model saved.
2026-08-11_16-17-16 Episode 707: New best reward 6.60, training model saved.
2026-08-11_16-17-38 Episode 754: New best reward 8.60, training model saved.
2026-08-11_16-21-26 Episode 1282: New best reward 8.80, training model saved.
2026-08-11_16-21-34 Episode 1292: New best reward 12.90, training model saved.
2026-08-11_16-26-08 Episode 1811: New best reward 13.20, training model saved.
2026-08-11_16-27-37 Episode 1957: New best reward 13.70, training model saved.
2026-08-11_16-28-05 Episode 2000: New best greedy reward 9.00, model saved.
2026-08-11_16-29-02 Episode 2079: New best reward 15.50, training model saved.
2026-08-11_16-29-23 Episode 2110: New best reward 17.90, training model saved.
2026-08-11_16-29-25 Episode 2112: New best reward 20.50, training model saved.
2026-08-11_16-30-05 Episode 2161: New best reward 27.20, training model saved.
2026-08-11_16-31-13 Episode 2237: New best reward 27.50, training model saved.
2026-08-11_16-32-29 Episode 2316: New best reward 27.90, training model saved.
2026-08-11_16-33-17 Episode 2369: New best reward 29.50, training model saved.
2026-08-11_16-33-49 Episode 2397: New best reward 34.80, training model saved.
2026-08-11_16-33-56 Episode 2401: New best reward 51.10, training model saved.
2026-08-11_16-36-37 Episode 2535: New best reward 64.40, training model saved.
2026-08-11_16-37-21 Episode 2569: New best reward 82.90, training model saved.
2026-08-11_16-43-05 Episode 2766: New best reward 149.20, training model saved.
2026-08-11_16-47-16 Episode 2845: New best reward 173.10, training model saved.
2026-08-11_16-50-21 Episode 2890: New best reward 174.80, training model saved.
2026-08-11_16-51-31 Episode 2903: New best reward 298.40, training model saved.
2026-08-11_16-55-11 Episode 2959: New best reward 412.70, training model saved.
2026-08-11_16-58-31 Episode 2992: New best reward 414.40, training model saved.
2026-08-11_16-59-15 Episode 3000: New best greedy reward 278.90, model saved.
2026-08-11_17-02-09 Episode 3030: New best reward 449.80, training model saved.
2026-08-11_17-05-51 Episode 3060: New best reward 582.50, training model saved.
2026-08-11_17-20-18 Episode 3139: New best reward 937.20, training model saved.
2026-08-11_17-30-20 Episode 3186: New best reward 950.90, training model saved.
2026-08-11_17-54-54 Episode 3294: New best reward 1296.40, training model saved.
2026-08-11_18-40-27: Training starting...
Device: cuda
2026-08-11_18-40-28 Episode 0: New best reward -8.10, training model saved.
2026-08-11_18-40-28 Episode 0: New best greedy reward 2.00, model saved.
2026-08-11_18-40-28 Episode 1: New best reward -5.70, training model saved.
2026-08-11_18-41-01 Episode 81: New best reward -2.10, training model saved.
2026-08-11_18-41-54 Episode 211: New best reward 2.70, training model saved.
2026-08-11_18-42-56 Episode 360: New best reward 3.30, training model saved.
2026-08-11_18-43-13 Episode 405: New best reward 3.90, training model saved.
2026-08-11_18-44-21 Episode 569: New best reward 4.40, training model saved.
2026-08-11_18-44-47 Episode 631: New best reward 4.50, training model saved.
2026-08-11_18-45-33 Episode 740: New best reward 6.00, training model saved.
2026-08-11_18-45-50 Episode 782: New best reward 8.40, training model saved.
2026-08-11_18-46-16 Episode 841: New best reward 11.00, training model saved.
2026-08-11_18-49-48 Episode 1347: New best reward 11.10, training model saved.
2026-08-11_18-51-50 Episode 1620: New best reward 12.90, training model saved.
2026-08-11_18-53-59 Episode 1882: New best reward 20.50, training model saved.
2026-08-11_18-56-11: Training starting...
Device: cuda
2026-08-11_18-56-11 Episode 0: New best reward -8.10, training model saved.
2026-08-11_18-56-12 Episode 0: New best greedy reward 2.00, model saved.
2026-08-11_18-56-12 Episode 1: New best reward -5.70, training model saved.
2026-08-11_18-56-47 Episode 81: New best reward -2.10, training model saved.
2026-08-11_18-58-21 Episode 299: New best reward 0.30, training model saved.
2026-08-11_18-58-48 Episode 358: New best reward 1.50, training model saved.
2026-08-11_18-58-49 Episode 360: New best reward 3.90, training model saved.
2026-08-11_18-59-49 Episode 494: New best reward 6.00, training model saved.
2026-08-11_19-00-49 Episode 636: New best reward 8.40, training model saved.
2026-08-11_19-05-15 Episode 1185: New best reward 11.10, training model saved.
2026-08-11_19-07-20 Episode 1403: New best reward 12.90, training model saved.
2026-08-11_19-09-55 Episode 1646: New best reward 13.00, training model saved.
2026-08-11_19-10-08 Episode 1662: New best reward 13.80, training model saved.
2026-08-11_19-11-41 Episode 1802: New best reward 20.80, training model saved.
2026-08-11_19-12-48 Episode 1893: New best reward 22.40, training model saved.
2026-08-11_19-13-06 Episode 1913: New best reward 27.80, training model saved.
2026-08-11_19-14-20 Episode 1992: New best reward 36.40, training model saved.
2026-08-11_19-14-24 Episode 1995: New best reward 43.30, training model saved.
2026-08-11_19-14-29 Episode 2000: New best greedy reward 6.40, model saved.
2026-08-11_19-14-34 Episode 2003: New best reward 50.40, training model saved.
2026-08-11_19-15-06 Episode 2027: New best reward 65.30, training model saved.
2026-08-11_19-18-12 Episode 2171: New best reward 68.90, training model saved.
2026-08-11_19-18-34 Episode 2175: New best reward 99.40, training model saved.
2026-08-11_19-19-53 Episode 2219: New best reward 124.90, training model saved.
2026-08-11_19-22-42 Episode 2298: New best reward 144.80, training model saved.
2026-08-11_19-27-06 Episode 2410: New best reward 149.00, training model saved.
2026-08-11_19-29-23 Episode 2459: New best reward 177.50, training model saved.
2026-08-11_19-33-36 Episode 2529: New best reward 216.80, training model saved.
2026-08-11_19-40-56 Episode 2654: New best reward 218.40, training model saved.
2026-08-11_19-42-18 Episode 2669: New best reward 232.40, training model saved.
2026-08-11_19-45-31: Training starting...
Device: cuda
2026-08-11_19-45-32 Episode 0: New best reward -8.10, training model saved.
2026-08-11_19-45-32 Episode 0: New best greedy reward 2.00, model saved.
2026-08-11_19-45-32 Episode 1: New best reward -5.70, training model saved.
2026-08-11_19-46-09 Episode 81: New best reward -2.10, training model saved.
2026-08-11_19-46-11 Episode 85: New best reward 0.30, training model saved.
2026-08-11_19-46-59 Episode 195: New best reward 2.10, training model saved.
2026-08-11_19-47-05 Episode 211: New best reward 3.30, training model saved.
2026-08-11_19-47-18 Episode 243: New best reward 3.90, training model saved.
2026-08-11_19-48-02 Episode 329: New best reward 6.00, training model saved.
2026-08-11_19-48-40 Episode 410: New best reward 6.80, training model saved.
2026-08-11_19-48-55 Episode 448: New best reward 8.40, training model saved.
2026-08-11_19-50-45 Episode 688: New best reward 8.90, training model saved.
2026-08-11_19-51-02 Episode 727: New best reward 9.00, training model saved.
2026-08-11_19-52-01 Episode 840: New best reward 13.10, training model saved.
2026-08-11_19-54-39 Episode 1128: New best reward 15.20, training model saved.
2026-08-11_19-55-50 Episode 1238: New best reward 18.50, training model saved.
2026-08-11_19-56-28 Episode 1292: New best reward 40.90, training model saved.
2026-08-11_19-59-30 Episode 1506: New best reward 43.20, training model saved.
2026-08-11_19-59-56 Episode 1527: New best reward 50.40, training model saved.
2026-08-11_20-01-34 Episode 1597: New best reward 118.70, training model saved.
2026-08-11_20-07-46 Episode 1759: New best reward 166.90, training model saved.
2026-08-11_20-09-25 Episode 1789: New best reward 190.40, training model saved.
2026-08-11_20-17-10 Episode 1915: New best reward 246.40, training model saved.
2026-08-11_20-22-48 Episode 1993: New best reward 404.90, training model saved.
2026-08-11_20-23-10 Episode 2000: New best greedy reward 36.40, model saved.
2026-08-11_21-23-25 Episode 2733: New best reward 512.40, training model saved.
2026-08-11_21-32-20 Episode 2788: New best reward 521.90, training model saved.
2026-08-11_21-34-37 Episode 2795: New best reward 592.10, training model saved.
2026-08-11_21-49-31 Episode 2878: New best reward 603.80, training model saved.
2026-08-11_21-58-54 Episode 2927: New best reward 1145.30, training model saved.
2026-08-11_22-14-49 Episode 3000: New best greedy reward 445.30, model saved.
2026-08-11_22-38-02: Training starting...
Device: cuda
2026-08-11_22-38-02 Episode 0: New best reward -8.10, training model saved.
2026-08-11_22-38-02 Episode 0: New best greedy reward 2.00, model saved.
2026-08-11_22-38-03 Episode 1: New best reward -5.70, training model saved.
2026-08-11_22-38-39 Episode 81: New best reward -2.10, training model saved.
2026-08-11_22-38-41 Episode 85: New best reward 0.30, training model saved.
2026-08-11_22-39-36 Episode 211: New best reward 3.30, training model saved.
2026-08-11_22-39-45 Episode 235: New best reward 3.90, training model saved.
2026-08-11_22-40-10 Episode 286: New best reward 4.10, training model saved.
2026-08-11_22-40-32 Episode 329: New best reward 4.30, training model saved.
2026-08-11_22-40-32 Episode 330: New best reward 8.40, training model saved.
2026-08-11_22-45-47 Episode 1000: New best greedy reward 4.10, model saved.
2026-08-11_22-46-16 Episode 1052: New best reward 8.50, training model saved.
2026-08-11_22-46-20 Episode 1061: New best reward 9.10, training model saved.
2026-08-11_22-47-16 Episode 1164: New best reward 9.30, training model saved.
2026-08-11_22-47-32 Episode 1184: New best reward 12.90, training model saved.
2026-08-11_22-48-02 Episode 1232: New best reward 13.30, training model saved.
2026-08-11_22-48-42 Episode 1295: New best reward 13.40, training model saved.
2026-08-11_22-49-04 Episode 1337: New best reward 15.50, training model saved.
2026-08-11_22-49-32 Episode 1378: New best reward 18.30, training model saved.
2026-08-11_22-50-03 Episode 1422: New best reward 23.10, training model saved.
2026-08-11_22-51-09 Episode 1503: New best reward 34.20, training model saved.
2026-08-11_22-51-24 Episode 1516: New best reward 47.10, training model saved.
2026-08-11_22-53-50 Episode 1634: New best reward 65.00, training model saved.
2026-08-11_22-54-28 Episode 1660: New best reward 69.70, training model saved.
2026-08-11_22-56-29 Episode 1736: New best reward 82.90, training model saved.
2026-08-11_22-57-40 Episode 1765: New best reward 149.30, training model saved.
2026-08-11_23-02-43 Episode 1884: New best reward 167.90, training model saved.
2026-08-11_23-08-48 Episode 1985: New best reward 218.40, training model saved.
2026-08-11_23-09-44 Episode 1998: New best reward 223.30, training model saved.
2026-08-11_23-10-06 Episode 2000: New best greedy reward 302.40, model saved.
2026-08-11_23-12-23 Episode 2030: New best reward 223.90, training model saved.
2026-08-11_23-13-36 Episode 2044: New best reward 236.90, training model saved.
2026-08-11_23-15-34 Episode 2070: New best reward 347.30, training model saved.
2026-08-11_23-31-03 Episode 2223: New best reward 538.60, training model saved.
2026-08-11_23-54-08 Episode 2402: New best reward 600.90, training model saved.
2026-08-12_00-00-31 Episode 2438: New best reward 601.70, training model saved.
2026-08-12_01-05-27 Episode 2867: New best reward 601.80, training model saved.
2026-08-12_01-07-44 Episode 2877: New best reward 711.20, training model saved.
2026-08-12_01-19-08: Training starting...
Device: cuda
2026-08-12_01-19-09 Episode 0: New best reward -8.10, training model saved.
2026-08-12_01-19-09 Episode 0: New best greedy reward 2.00, model saved.
2026-08-12_01-19-09 Episode 1: New best reward -5.70, training model saved.
2026-08-12_01-19-43 Episode 81: New best reward -2.10, training model saved.
2026-08-12_01-19-45 Episode 85: New best reward 0.30, training model saved.
2026-08-12_01-19-46 Episode 89: New best reward 0.90, training model saved.
2026-08-12_01-20-15 Episode 162: New best reward 1.50, training model saved.
2026-08-12_01-20-18 Episode 164: New best reward 3.30, training model saved.
2026-08-12_01-20-27 Episode 187: New best reward 3.90, training model saved.
2026-08-12_01-20-54 Episode 250: New best reward 6.10, training model saved.
2026-08-12_01-21-34 Episode 345: New best reward 6.80, training model saved.
2026-08-12_01-21-37 Episode 352: New best reward 8.80, training model saved.
2026-08-12_01-23-02 Episode 556: New best reward 8.90, training model saved.
2026-08-12_01-23-14 Episode 578: New best reward 9.40, training model saved.
2026-08-12_01-23-28 Episode 609: New best reward 11.30, training model saved.
2026-08-12_01-23-56 Episode 666: New best reward 12.90, training model saved.
2026-08-12_01-24-58 Episode 796: New best reward 13.00, training model saved.
2026-08-12_01-26-43 Episode 1001: New best reward 15.40, training model saved.
2026-08-12_01-28-33 Episode 1204: New best reward 15.70, training model saved.
2026-08-12_01-29-01 Episode 1250: New best reward 15.80, training model saved.
2026-08-12_01-29-45 Episode 1320: New best reward 20.60, training model saved.
2026-08-12_01-33-06 Episode 1634: New best reward 23.00, training model saved.
2026-08-12_01-34-48 Episode 1764: New best reward 25.20, training model saved.
2026-08-12_01-35-21 Episode 1799: New best reward 27.10, training model saved.
2026-08-12_01-35-28 Episode 1807: New best reward 29.30, training model saved.
2026-08-12_01-35-40 Episode 1819: New best reward 31.90, training model saved.
2026-08-12_01-35-45 Episode 1823: New best reward 39.30, training model saved.
2026-08-12_01-35-50 Episode 1827: New best reward 48.70, training model saved.
2026-08-12_01-36-27 Episode 1858: New best reward 64.40, training model saved.
2026-08-12_01-37-26 Episode 1908: New best reward 71.60, training model saved.
2026-08-12_01-38-52 Episode 1975: New best reward 80.90, training model saved.
2026-08-12_01-39-30 Episode 2000: New best greedy reward 37.10, model saved.
2026-08-12_01-41-27 Episode 2078: New best reward 116.80, training model saved.
2026-08-12_01-49-01 Episode 2324: New best reward 162.90, training model saved.
2026-08-12_01-50-01 Episode 2345: New best reward 190.40, training model saved.
2026-08-12_01-55-47 Episode 2457: New best reward 230.30, training model saved.
2026-08-12_01-56-25 Episode 2464: New best reward 288.50, training model saved.
2026-08-12_01-58-31 Episode 2498: New best reward 305.30, training model saved.
2026-08-12_02-02-08 Episode 2535: New best reward 386.40, training model saved.
2026-08-12_02-06-44: Training starting...
Device: cuda
2026-08-12_02-06-44 Episode 0: New best reward -8.10, training model saved.
2026-08-12_02-06-44 Episode 0: New best greedy reward 2.00, model saved.
2026-08-12_02-06-45 Episode 1: New best reward -5.70, training model saved.
2026-08-12_02-07-16 Episode 81: New best reward -2.10, training model saved.
2026-08-12_02-09-10 Episode 358: New best reward 0.90, training model saved.
2026-08-12_02-10-10 Episode 503: New best reward 1.50, training model saved.
2026-08-12_02-11-31 Episode 703: New best reward 3.90, training model saved.
2026-08-12_02-14-40 Episode 1160: New best reward 4.10, training model saved.
2026-08-12_02-14-50 Episode 1185: New best reward 4.30, training model saved.
2026-08-12_02-16-03 Episode 1363: New best reward 6.30, training model saved.
2026-08-12_02-16-19 Episode 1404: New best reward 8.40, training model saved.
2026-08-12_02-17-37 Episode 1593: New best reward 9.10, training model saved.
2026-08-12_02-20-50 Episode 2065: New best reward 9.20, training model saved.
2026-08-12_02-26-16 Episode 2825: New best reward 12.90, training model saved.
2026-08-12_02-30-42 Episode 3362: New best reward 17.90, training model saved.
2026-08-12_02-30-54 Episode 3383: New best reward 18.50, training model saved.
2026-08-12_02-31-36 Episode 3455: New best reward 20.40, training model saved.
2026-08-12_02-33-44 Episode 3674: New best reward 27.60, training model saved.
2026-08-12_02-34-56 Episode 3789: New best reward 28.00, training model saved.
2026-08-12_02-37-17 Episode 4000: New best greedy reward 11.30, model saved.
2026-08-12_02-39-23 Episode 4166: New best reward 31.90, training model saved.
2026-08-12_02-41-29 Episode 4314: New best reward 37.50, training model saved.
2026-08-12_02-42-08 Episode 4352: New best reward 54.90, training model saved.
2026-08-12_02-44-19 Episode 4465: New best reward 55.70, training model saved.
2026-08-12_02-44-32 Episode 4473: New best reward 68.90, training model saved.
2026-08-12_02-46-33 Episode 4557: New best reward 84.10, training model saved.
2026-08-12_02-46-59 Episode 4575: New best reward 88.90, training model saved.
2026-08-12_02-48-39 Episode 4629: New best reward 186.80, training model saved.
2026-08-12_02-52-15: Training starting...
Device: cuda
2026-08-12_02-52-16 Episode 0: New best reward -8.10, training model saved.
2026-08-12_02-52-16 Episode 0: New best greedy reward 2.00, model saved.
2026-08-12_02-52-16 Episode 1: New best reward -5.70, training model saved.
2026-08-12_02-52-52 Episode 81: New best reward -2.10, training model saved.
2026-08-12_02-53-38 Episode 187: New best reward -0.30, training model saved.
2026-08-12_02-53-48 Episode 211: New best reward 2.70, training model saved.
2026-08-12_02-54-00 Episode 243: New best reward 3.90, training model saved.
2026-08-12_02-54-44 Episode 329: New best reward 6.70, training model saved.
2026-08-12_02-55-25 Episode 420: New best reward 8.40, training model saved.
2026-08-12_02-59-30 Episode 936: New best reward 12.90, training model saved.
2026-08-12_03-00-06 Episode 1000: New best greedy reward 6.80, model saved.
2026-08-12_03-06-25 Episode 1644: New best reward 17.30, training model saved.
2026-08-12_03-08-15 Episode 1819: New best reward 17.90, training model saved.
2026-08-12_03-08-42 Episode 1867: New best reward 26.90, training model saved.
2026-08-12_03-32-25 Episode 4388: New best reward 27.40, training model saved.
2026-08-12_03-39-05 Episode 5000: New best greedy reward 47.00, model saved.
2026-08-12_03-42-42: Training starting...
Device: cuda
2026-08-12_03-42-42 Episode 0: New best reward -8.10, training model saved.
2026-08-12_03-42-42 Episode 0: New best greedy reward 2.00, model saved.
2026-08-12_03-42-43 Episode 1: New best reward -5.70, training model saved.
2026-08-12_03-43-14 Episode 81: New best reward -2.10, training model saved.
2026-08-12_03-43-57 Episode 187: New best reward 0.30, training model saved.
2026-08-12_03-44-17 Episode 235: New best reward 3.90, training model saved.
2026-08-12_03-45-16 Episode 382: New best reward 6.00, training model saved.
2026-08-12_03-46-24 Episode 551: New best reward 6.30, training model saved.
2026-08-12_03-47-08 Episode 656: New best reward 8.40, training model saved.
2026-08-12_03-52-32 Episode 1445: New best reward 8.70, training model saved.
2026-08-12_03-53-06 Episode 1521: New best reward 9.30, training model saved.
2026-08-12_03-53-36 Episode 1593: New best reward 11.30, training model saved.
[worker] done. total trials in study: 200
2026-08-11_07-11-50: Training starting...
Device: cuda
2026-08-11_07-11-57 Episode 0: New best reward -8.10, training model saved.
2026-08-11_07-11-57 Episode 0: New best greedy reward 2.00, model saved.
2026-08-11_07-11-58 Episode 1: New best reward -5.70, training model saved.
2026-08-11_07-12-35 Episode 81: New best reward -2.10, training model saved.
2026-08-11_07-14-07 Episode 299: New best reward -0.30, training model saved.
2026-08-11_07-14-34 Episode 358: New best reward 1.50, training model saved.
2026-08-11_07-14-35 Episode 360: New best reward 3.90, training model saved.
2026-08-11_07-15-34 Episode 494: New best reward 4.90, training model saved.
2026-08-11_07-17-32 Episode 770: New best reward 6.40, training model saved.
2026-08-11_07-19-28 Episode 1036: New best reward 8.40, training model saved.
2026-08-11_07-20-45 Episode 1208: New best reward 8.80, training model saved.
2026-08-11_07-21-57 Episode 1356: New best reward 11.20, training model saved.
2026-08-11_07-23-21 Episode 1513: New best reward 12.90, training model saved.
2026-08-11_07-28-15 Episode 2000: New best greedy reward 6.50, model saved.
2026-08-11_07-31-15 Episode 2255: New best reward 13.00, training model saved.
2026-08-11_07-31-45 Episode 2296: New best reward 15.40, training model saved.
2026-08-11_07-33-09 Episode 2405: New best reward 17.90, training model saved.
2026-08-11_07-34-24 Episode 2498: New best reward 20.10, training model saved.
2026-08-11_07-34-41 Episode 2517: New best reward 20.50, training model saved.
2026-08-11_07-35-06 Episode 2547: New best reward 26.90, training model saved.
2026-08-11_07-35-35 Episode 2579: New best reward 31.90, training model saved.
2026-08-11_07-36-12 Episode 2614: New best reward 32.60, training model saved.
2026-08-11_07-37-14 Episode 2669: New best reward 40.90, training model saved.
2026-08-11_07-38-34 Episode 2739: New best reward 45.90, training model saved.
2026-08-11_07-39-53 Episode 2793: New best reward 50.40, training model saved.
2026-08-11_07-40-05 Episode 2798: New best reward 65.30, training model saved.
2026-08-11_07-41-26 Episode 2849: New best reward 81.30, training model saved.
2026-08-11_07-41-44 Episode 2862: New best reward 82.90, training model saved.
2026-08-11_07-44-23 Episode 2944: New best reward 88.80, training model saved.
2026-08-11_07-45-34 Episode 2973: New best reward 101.90, training model saved.
2026-08-11_07-46-43 Episode 3000: New best greedy reward 57.80, model saved.
2026-08-11_07-49-17 Episode 3055: New best reward 115.90, training model saved.
2026-08-11_07-50-47 Episode 3080: New best reward 143.90, training model saved.
2026-08-11_07-53-34 Episode 3122: New best reward 237.60, training model saved.
2026-08-11_07-58-52 Episode 3190: New best reward 349.90, training model saved.
2026-08-11_08-06-59 Episode 3310: New best reward 384.70, training model saved.
2026-08-11_08-09-08 Episode 3334: New best reward 400.40, training model saved.
2026-08-11_08-17-01 Episode 3411: New best reward 502.90, training model saved.
2026-08-11_08-45-17 Episode 3650: New best reward 558.90, training model saved.
2026-08-11_09-09-13 Episode 3791: New best reward 1037.70, training model saved.
2026-08-11_09-27-26 Episode 3868: New best reward 1996.40, training model saved.
2026-08-11_09-51-25: Training starting...
Device: cuda
2026-08-11_09-51-25 Episode 0: New best reward -8.10, training model saved.
2026-08-11_09-51-25 Episode 0: New best greedy reward 2.00, model saved.
2026-08-11_09-51-26 Episode 1: New best reward -5.70, training model saved.
2026-08-11_09-52-00 Episode 81: New best reward -2.10, training model saved.
2026-08-11_09-53-29 Episode 299: New best reward -0.30, training model saved.
2026-08-11_09-53-54 Episode 358: New best reward 1.50, training model saved.
2026-08-11_09-53-55 Episode 360: New best reward 2.10, training model saved.
2026-08-11_09-54-03 Episode 382: New best reward 3.90, training model saved.
2026-08-11_09-55-21 Episode 569: New best reward 4.00, training model saved.
2026-08-11_09-55-53 Episode 647: New best reward 4.20, training model saved.
2026-08-11_09-56-19 Episode 707: New best reward 4.50, training model saved.
2026-08-11_09-56-38 Episode 748: New best reward 4.90, training model saved.
2026-08-11_09-57-03 Episode 809: New best reward 5.00, training model saved.
2026-08-11_09-57-11 Episode 827: New best reward 6.70, training model saved.
2026-08-11_09-57-16 Episode 839: New best reward 6.80, training model saved.
2026-08-11_09-58-29 Episode 1010: New best reward 7.80, training model saved.
2026-08-11_09-59-00 Episode 1082: New best reward 8.40, training model saved.
2026-08-11_10-03-30 Episode 1604: New best reward 9.20, training model saved.
2026-08-11_10-04-04 Episode 1657: New best reward 9.40, training model saved.
2026-08-11_10-04-10 Episode 1667: New best reward 12.90, training model saved.
2026-08-11_10-07-36 Episode 1973: New best reward 17.90, training model saved.
2026-08-11_10-07-55 Episode 2000: New best greedy reward 8.90, model saved.
2026-08-11_10-08-06 Episode 2010: New best reward 22.40, training model saved.
2026-08-11_10-08-24 Episode 2031: New best reward 37.20, training model saved.
2026-08-11_10-09-46 Episode 2112: New best reward 45.90, training model saved.
2026-08-11_10-10-11 Episode 2133: New best reward 51.60, training model saved.
2026-08-11_10-11-43 Episode 2181: New best reward 191.10, training model saved.
2026-08-11_10-13-56 Episode 2215: New best reward 387.20, training model saved.
2026-08-11_10-24-04 Episode 2328: New best reward 625.20, training model saved.
2026-08-11_10-30-01 Episode 2375: New best reward 776.20, training model saved.
2026-08-11_10-31-24 Episode 2376: New best reward 1233.50, training model saved.
2026-08-11_10-47-01 Episode 2423: New best reward 1767.90, training model saved.
2026-08-11_11-13-05 Episode 2475: New best reward 2300.30, training model saved.
2026-08-11_11-17-47 Episode 2477: New best reward 3102.40, training model saved.
2026-08-11_11-41-17 Episode 2524: New best reward 4142.90, training model saved.
2026-08-11_12-10-59: Training starting...
Device: cuda
2026-08-11_12-10-59 Episode 0: New best reward -8.10, training model saved.
2026-08-11_12-10-59 Episode 0: New best greedy reward 2.00, model saved.
2026-08-11_12-11-00 Episode 1: New best reward -5.70, training model saved.
2026-08-11_12-11-33 Episode 81: New best reward -2.10, training model saved.
2026-08-11_12-12-16 Episode 187: New best reward -0.30, training model saved.
2026-08-11_12-12-19 Episode 195: New best reward 0.90, training model saved.
2026-08-11_12-12-21 Episode 200: New best reward 3.90, training model saved.
2026-08-11_12-12-44 Episode 254: New best reward 4.10, training model saved.
2026-08-11_12-12-57 Episode 287: New best reward 4.80, training model saved.
2026-08-11_12-13-14 Episode 327: New best reward 8.40, training model saved.
2026-08-11_12-13-16 Episode 331: New best reward 13.60, training model saved.
2026-08-11_12-19-16 Episode 1110: New best reward 14.00, training model saved.
2026-08-11_12-20-24 Episode 1230: New best reward 18.20, training model saved.
2026-08-11_12-21-13 Episode 1299: New best reward 18.40, training model saved.
2026-08-11_12-21-55 Episode 1355: New best reward 23.20, training model saved.
2026-08-11_12-22-08 Episode 1373: New best reward 23.60, training model saved.
2026-08-11_12-22-20 Episode 1385: New best reward 36.40, training model saved.
2026-08-11_12-22-54 Episode 1417: New best reward 56.10, training model saved.
2026-08-11_12-23-33 Episode 1450: New best reward 61.10, training model saved.
2026-08-11_12-24-43 Episode 1493: New best reward 179.30, training model saved.
2026-08-11_12-28-47 Episode 1578: New best reward 274.40, training model saved.
2026-08-11_12-32-51 Episode 1624: New best reward 502.90, training model saved.
2026-08-11_12-46-45 Episode 1872: New best reward 585.30, training model saved.
2026-08-11_12-53-15 Episode 1922: New best reward 666.40, training model saved.
2026-08-11_13-05-25 Episode 2000: New best greedy reward 113.80, model saved.
2026-08-11_13-06-35 Episode 2003: New best reward 785.10, training model saved.
2026-08-11_13-11-16 Episode 2019: New best reward 1199.50, training model saved.
2026-08-11_13-13-36 Episode 2022: New best reward 1509.20, training model saved.
2026-08-11_13-18-10 Episode 2033: New best reward 1543.90, training model saved.
2026-08-11_13-32-37 Episode 2076: New best reward 1791.50, training model saved.
2026-08-11_13-59-45 Episode 2166: New best reward 2153.20, training model saved.
2026-08-11_14-07-53 Episode 2175: New best reward 2448.90, training model saved.
2026-08-11_14-22-14 Episode 2186: New best reward 3459.80, training model saved.
2026-08-11_14-51-45: Training starting...
Device: cuda
2026-08-11_14-51-45 Episode 0: New best reward -8.10, training model saved.
2026-08-11_14-51-45 Episode 0: New best greedy reward 2.00, model saved.
2026-08-11_14-51-46 Episode 1: New best reward -5.70, training model saved.
2026-08-11_14-52-21 Episode 81: New best reward -2.10, training model saved.
2026-08-11_14-53-06 Episode 187: New best reward 0.30, training model saved.
2026-08-11_14-53-09 Episode 195: New best reward 2.10, training model saved.
2026-08-11_14-53-16 Episode 211: New best reward 3.30, training model saved.
2026-08-11_14-53-25 Episode 235: New best reward 3.90, training model saved.
2026-08-11_14-53-36 Episode 254: New best reward 4.20, training model saved.
2026-08-11_14-54-13 Episode 339: New best reward 5.00, training model saved.
2026-08-11_14-54-33 Episode 390: New best reward 6.10, training model saved.
2026-08-11_14-54-47 Episode 414: New best reward 6.20, training model saved.
2026-08-11_14-54-49 Episode 418: New best reward 8.40, training model saved.
2026-08-11_14-55-32 Episode 516: New best reward 8.90, training model saved.
2026-08-11_14-56-24 Episode 635: New best reward 11.10, training model saved.
2026-08-11_15-00-45 Episode 1205: New best reward 12.90, training model saved.
2026-08-11_15-07-27 Episode 2000: New best greedy reward 6.40, model saved.
2026-08-11_15-07-46 Episode 2030: New best reward 15.60, training model saved.
2026-08-11_15-08-20: Training starting...
Device: cuda
2026-08-11_15-08-20 Episode 0: New best reward -8.10, training model saved.
2026-08-11_15-08-20 Episode 0: New best greedy reward 2.00, model saved.
2026-08-11_15-08-21 Episode 1: New best reward -5.70, training model saved.
2026-08-11_15-08-53 Episode 81: New best reward -2.10, training model saved.
2026-08-11_15-08-54 Episode 85: New best reward 0.30, training model saved.
2026-08-11_15-08-56 Episode 89: New best reward 0.90, training model saved.
2026-08-11_15-09-24 Episode 162: New best reward 1.50, training model saved.
2026-08-11_15-09-38 Episode 195: New best reward 2.10, training model saved.
2026-08-11_15-09-40 Episode 200: New best reward 3.90, training model saved.
2026-08-11_15-10-00 Episode 250: New best reward 6.10, training model saved.
2026-08-11_15-11-06 Episode 412: New best reward 9.30, training model saved.
2026-08-11_15-12-45 Episode 646: New best reward 9.40, training model saved.
2026-08-11_15-13-31 Episode 755: New best reward 10.50, training model saved.
2026-08-11_15-14-02 Episode 823: New best reward 11.30, training model saved.
2026-08-11_15-14-43 Episode 917: New best reward 12.90, training model saved.
2026-08-11_15-18-56 Episode 1441: New best reward 13.70, training model saved.
2026-08-11_15-19-37 Episode 1522: New best reward 14.00, training model saved.
2026-08-11_15-20-50 Episode 1658: New best reward 20.50, training model saved.
2026-08-11_15-24-05 Episode 2000: New best greedy reward 6.10, model saved.
2026-08-11_15-27-54 Episode 2373: New best reward 22.40, training model saved.
2026-08-11_15-30-28 Episode 2588: New best reward 22.80, training model saved.
2026-08-11_15-32-02 Episode 2715: New best reward 23.00, training model saved.
2026-08-11_15-32-11 Episode 2725: New best reward 28.00, training model saved.
2026-08-11_15-33-14 Episode 2805: New best reward 45.90, training model saved.
2026-08-11_15-35-53 Episode 3000: New best greedy reward 9.10, model saved.
2026-08-11_15-36-28 Episode 3034: New best reward 46.30, training model saved.
2026-08-11_15-38-06 Episode 3128: New best reward 66.60, training model saved.
2026-08-11_15-41-56 Episode 3327: New best reward 79.10, training model saved.
2026-08-11_15-43-43 Episode 3403: New best reward 102.40, training model saved.
2026-08-11_15-47-23 Episode 3518: New best reward 155.60, training model saved.
2026-08-11_15-53-54: Training starting...
Device: cuda
2026-08-11_15-53-54 Episode 0: New best reward -8.10, training model saved.
2026-08-11_15-53-54 Episode 0: New best greedy reward 2.00, model saved.
2026-08-11_15-53-55 Episode 1: New best reward -5.70, training model saved.
2026-08-11_15-54-30 Episode 81: New best reward -2.10, training model saved.
2026-08-11_15-54-31 Episode 85: New best reward 0.30, training model saved.
2026-08-11_15-55-14 Episode 187: New best reward 1.50, training model saved.
2026-08-11_15-55-17 Episode 195: New best reward 2.10, training model saved.
2026-08-11_15-55-19 Episode 200: New best reward 3.90, training model saved.
2026-08-11_15-55-42 Episode 250: New best reward 6.70, training model saved.
2026-08-11_15-56-37 Episode 384: New best reward 8.40, training model saved.
2026-08-11_15-56-55 Episode 420: New best reward 13.60, training model saved.
2026-08-11_15-59-14 Episode 720: New best reward 15.60, training model saved.
2026-08-11_16-01-50 Episode 1000: New best greedy reward 6.40, model saved.
2026-08-11_16-01-56 Episode 1009: New best reward 17.90, training model saved.
2026-08-11_16-03-43 Episode 1171: New best reward 20.80, training model saved.
2026-08-11_16-04-01 Episode 1192: New best reward 25.20, training model saved.
2026-08-11_16-05-55 Episode 1336: New best reward 26.90, training model saved.
2026-08-11_16-06-32 Episode 1373: New best reward 29.10, training model saved.
2026-08-11_16-06-46 Episode 1386: New best reward 29.40, training model saved.
2026-08-11_16-07-03 Episode 1401: New best reward 42.10, training model saved.
2026-08-11_16-07-46 Episode 1434: New best reward 51.20, training model saved.
2026-08-11_16-08-13 Episode 1453: New best reward 97.00, training model saved.
2026-08-11_16-09-28 Episode 1506: New best reward 111.80, training model saved.
2026-08-11_16-13-59 Episode 1648: New best reward 144.70, training model saved.
2026-08-11_16-18-58 Episode 1806: New best reward 155.80, training model saved.
2026-08-11_16-21-26 Episode 1852: New best reward 195.80, training model saved.
2026-08-11_16-27-53 Episode 2000: New best greedy reward 36.40, model saved.
2026-08-11_16-31-23 Episode 2058: New best reward 216.60, training model saved.
2026-08-11_16-34-49 Episode 2129: New best reward 219.00, training model saved.
2026-08-11_16-35-21 Episode 2134: New best reward 251.50, training model saved.
2026-08-11_16-42-19: Training starting...
Device: cuda
2026-08-11_16-42-19 Episode 0: New best reward -8.10, training model saved.
2026-08-11_16-42-20 Episode 0: New best greedy reward 2.00, model saved.
2026-08-11_16-42-20 Episode 1: New best reward -5.70, training model saved.
2026-08-11_16-42-52 Episode 81: New best reward -2.10, training model saved.
2026-08-11_16-42-54 Episode 85: New best reward 0.30, training model saved.
2026-08-11_16-42-55 Episode 89: New best reward 0.90, training model saved.
2026-08-11_16-43-09 Episode 123: New best reward 3.90, training model saved.
2026-08-11_16-44-16 Episode 287: New best reward 4.00, training model saved.
2026-08-11_16-44-25 Episode 310: New best reward 4.70, training model saved.
2026-08-11_16-44-35 Episode 330: New best reward 5.00, training model saved.
2026-08-11_16-44-38 Episode 338: New best reward 6.80, training model saved.
2026-08-11_16-44-41 Episode 344: New best reward 8.40, training model saved.
2026-08-11_16-45-19 Episode 433: New best reward 8.60, training model saved.
2026-08-11_16-47-01 Episode 658: New best reward 9.20, training model saved.
2026-08-11_16-47-13 Episode 678: New best reward 12.90, training model saved.
2026-08-11_16-50-18 Episode 1000: New best greedy reward 9.00, model saved.
2026-08-11_16-51-16 Episode 1090: New best reward 13.50, training model saved.
2026-08-11_16-51-41 Episode 1128: New best reward 17.90, training model saved.
2026-08-11_16-52-28 Episode 1199: New best reward 22.40, training model saved.
2026-08-11_16-53-06 Episode 1245: New best reward 26.90, training model saved.
2026-08-11_16-53-37 Episode 1282: New best reward 34.80, training model saved.
2026-08-11_16-54-49 Episode 1362: New best reward 39.10, training model saved.
2026-08-11_16-54-53 Episode 1364: New best reward 59.90, training model saved.
2026-08-11_16-58-16 Episode 1559: New best reward 67.30, training model saved.
2026-08-11_17-01-07 Episode 1690: New best reward 68.90, training model saved.
2026-08-11_17-04-23 Episode 1878: New best reward 74.80, training model saved.
2026-08-11_17-06-14 Episode 1964: New best reward 79.10, training model saved.
2026-08-11_17-06-47 Episode 1985: New best reward 121.20, training model saved.
2026-08-11_17-19-33 Episode 2544: New best reward 122.60, training model saved.
2026-08-11_17-20-17 Episode 2558: New best reward 138.90, training model saved.
2026-08-11_17-20-35 Episode 2561: New best reward 209.70, training model saved.
2026-08-11_17-24-33 Episode 2652: New best reward 219.00, training model saved.
2026-08-11_17-28-22: Training starting...
Device: cuda
2026-08-11_17-28-22 Episode 0: New best reward -8.10, training model saved.
2026-08-11_17-28-22 Episode 0: New best greedy reward 2.00, model saved.
2026-08-11_17-28-23 Episode 1: New best reward -5.70, training model saved.
2026-08-11_17-28-56 Episode 81: New best reward -2.10, training model saved.
2026-08-11_17-28-58 Episode 85: New best reward 0.30, training model saved.
2026-08-11_17-29-28 Episode 162: New best reward 1.50, training model saved.
2026-08-11_17-29-40 Episode 187: New best reward 2.70, training model saved.
2026-08-11_17-29-45 Episode 200: New best reward 3.90, training model saved.
2026-08-11_17-30-07 Episode 250: New best reward 4.50, training model saved.
2026-08-11_17-30-21 Episode 287: New best reward 4.60, training model saved.
2026-08-11_17-30-25 Episode 296: New best reward 6.40, training model saved.
2026-08-11_17-30-39 Episode 327: New best reward 8.40, training model saved.
2026-08-11_17-34-00 Episode 812: New best reward 8.70, training model saved.
2026-08-11_17-34-11 Episode 832: New best reward 11.30, training model saved.
2026-08-11_17-35-29 Episode 1000: New best greedy reward 6.50, model saved.
2026-08-11_17-35-53 Episode 1048: New best reward 12.90, training model saved.
2026-08-11_17-36-34 Episode 1127: New best reward 15.30, training model saved.
2026-08-11_17-37-06 Episode 1177: New best reward 20.50, training model saved.
2026-08-11_17-37-40 Episode 1226: New best reward 23.30, training model saved.
2026-08-11_17-38-06 Episode 1262: New best reward 27.00, training model saved.
2026-08-11_17-38-43 Episode 1307: New best reward 29.40, training model saved.
2026-08-11_17-39-15 Episode 1344: New best reward 40.90, training model saved.
2026-08-11_17-39-39 Episode 1366: New best reward 43.10, training model saved.
2026-08-11_17-40-07 Episode 1391: New best reward 43.40, training model saved.
2026-08-11_17-40-20 Episode 1397: New best reward 51.00, training model saved.
2026-08-11_17-40-37 Episode 1410: New best reward 57.70, training model saved.
2026-08-11_17-40-59 Episode 1425: New best reward 65.50, training model saved.
2026-08-11_17-41-40 Episode 1451: New best reward 67.20, training model saved.
2026-08-11_17-42-50 Episode 1494: New best reward 88.90, training model saved.
2026-08-11_17-43-14 Episode 1504: New best reward 96.90, training model saved.
2026-08-11_17-44-25 Episode 1545: New best reward 104.80, training model saved.
2026-08-11_17-44-43 Episode 1549: New best reward 143.90, training model saved.
2026-08-11_17-47-21 Episode 1606: New best reward 146.20, training model saved.
2026-08-11_17-47-39 Episode 1609: New best reward 159.10, training model saved.
2026-08-11_17-48-06 Episode 1613: New best reward 244.30, training model saved.
2026-08-11_17-51-54 Episode 1674: New best reward 390.90, training model saved.
2026-08-11_18-08-23 Episode 1876: New best reward 404.90, training model saved.
2026-08-11_18-10-23 Episode 1894: New best reward 426.80, training model saved.
2026-08-11_18-13-00 Episode 1913: New best reward 435.80, training model saved.
2026-08-11_18-14-15 Episode 1918: New best reward 442.40, training model saved.
2026-08-11_18-16-42 Episode 1931: New best reward 516.90, training model saved.
2026-08-11_18-22-00 Episode 2000: New best greedy reward 137.30, model saved.
2026-08-11_18-47-18 Episode 2191: New best reward 554.40, training model saved.
2026-08-11_18-54-05 Episode 2233: New best reward 820.40, training model saved.
2026-08-11_18-56-02 Episode 2236: New best reward 1107.80, training model saved.
2026-08-11_19-03-28 Episode 2255: New best reward 1198.40, training model saved.
2026-08-11_19-20-26 Episode 2317: New best reward 1240.40, training model saved.
2026-08-11_19-52-43: Training starting...
Device: cuda
2026-08-11_19-52-43 Episode 0: New best reward -8.10, training model saved.
2026-08-11_19-52-43 Episode 0: New best greedy reward 2.00, model saved.
2026-08-11_19-52-44 Episode 1: New best reward -5.70, training model saved.
2026-08-11_19-53-17 Episode 81: New best reward -2.10, training model saved.
2026-08-11_19-54-48 Episode 299: New best reward 0.90, training model saved.
2026-08-11_19-55-13 Episode 358: New best reward 1.50, training model saved.
2026-08-11_19-55-14 Episode 360: New best reward 3.90, training model saved.
2026-08-11_19-56-40 Episode 569: New best reward 4.20, training model saved.
2026-08-11_19-57-02 Episode 617: New best reward 6.60, training model saved.
2026-08-11_19-59-18 Episode 933: New best reward 8.40, training model saved.
2026-08-11_20-02-34 Episode 1375: New best reward 8.80, training model saved.
2026-08-11_20-03-00 Episode 1436: New best reward 9.30, training model saved.
2026-08-11_20-03-14 Episode 1462: New best reward 13.00, training model saved.
2026-08-11_20-06-21 Episode 1857: New best reward 20.20, training model saved.
2026-08-11_20-07-37 Episode 2000: New best greedy reward 6.20, model saved.
2026-08-11_20-09-10 Episode 2156: New best reward 23.10, training model saved.
2026-08-11_20-10-25 Episode 2273: New best reward 25.20, training model saved.
2026-08-11_20-11-56 Episode 2399: New best reward 28.00, training model saved.
2026-08-11_20-13-50 Episode 2537: New best reward 40.90, training model saved.
2026-08-11_20-16-25 Episode 2691: New best reward 45.90, training model saved.
2026-08-11_20-17-17 Episode 2737: New best reward 54.90, training model saved.
2026-08-11_20-17-54 Episode 2765: New best reward 82.90, training model saved.
2026-08-11_20-19-22 Episode 2826: New best reward 96.90, training model saved.
2026-08-11_20-19-36 Episode 2832: New best reward 135.40, training model saved.
2026-08-11_20-20-43 Episode 2876: New best reward 139.40, training model saved.
2026-08-11_20-24-09 Episode 3000: New best greedy reward 28.10, model saved.
2026-08-11_20-24-42 Episode 3016: New best reward 169.40, training model saved.
2026-08-11_20-31-59 Episode 3179: New best reward 218.40, training model saved.
2026-08-11_20-33-47 Episode 3208: New best reward 232.50, training model saved.
2026-08-11_20-38-08 Episode 3263: New best reward 265.70, training model saved.
2026-08-11_20-39-02 Episode 3273: New best reward 288.40, training model saved.
2026-08-11_20-53-26 Episode 3486: New best reward 307.60, training model saved.
2026-08-11_20-56-40 Episode 3521: New best reward 321.90, training model saved.
2026-08-11_21-01-14 Episode 3564: New best reward 341.00, training model saved.
2026-08-11_21-05-21 Episode 3615: New best reward 410.60, training model saved.
2026-08-11_21-17-12 Episode 3761: New best reward 489.40, training model saved.
2026-08-11_21-39-27 Episode 4000: New best greedy reward 1126.80, model saved.
2026-08-11_21-41-21 Episode 4013: New best reward 536.40, training model saved.
2026-08-11_21-58-02 Episode 4145: New best reward 555.50, training model saved.
2026-08-11_22-35-53: Training starting...
Device: cuda
2026-08-11_22-35-54 Episode 0: New best reward -8.10, training model saved.
2026-08-11_22-35-54 Episode 0: New best greedy reward 2.00, model saved.
2026-08-11_22-35-54 Episode 1: New best reward -5.70, training model saved.
2026-08-11_22-36-28 Episode 81: New best reward -2.10, training model saved.
2026-08-11_22-37-58 Episode 299: New best reward -0.30, training model saved.
2026-08-11_22-38-23 Episode 358: New best reward 1.50, training model saved.
2026-08-11_22-38-24 Episode 360: New best reward 3.90, training model saved.
2026-08-11_22-39-51 Episode 569: New best reward 4.00, training model saved.
2026-08-11_22-40-07 Episode 605: New best reward 4.10, training model saved.
2026-08-11_22-40-38 Episode 677: New best reward 4.70, training model saved.
2026-08-11_22-41-00 Episode 734: New best reward 4.90, training model saved.
2026-08-11_22-42-37 Episode 961: New best reward 6.00, training model saved.
2026-08-11_22-42-58 Episode 1006: New best reward 8.40, training model saved.
2026-08-11_22-45-34 Episode 1368: New best reward 8.50, training model saved.
2026-08-11_22-46-24 Episode 1477: New best reward 8.60, training model saved.
2026-08-11_22-46-56 Episode 1544: New best reward 8.80, training model saved.
2026-08-11_22-47-13 Episode 1580: New best reward 15.30, training model saved.
2026-08-11_22-50-58 Episode 1995: New best reward 15.80, training model saved.
2026-08-11_22-51-02 Episode 2000: New best greedy reward 5.00, model saved.
2026-08-11_22-51-16 Episode 2025: New best reward 18.50, training model saved.
2026-08-11_22-51-25 Episode 2038: New best reward 18.70, training model saved.
2026-08-11_22-53-07 Episode 2198: New best reward 20.70, training model saved.
2026-08-11_22-54-29 Episode 2311: New best reward 25.30, training model saved.
2026-08-11_22-54-42 Episode 2329: New best reward 27.70, training model saved.
2026-08-11_22-56-47 Episode 2476: New best reward 39.30, training model saved.
2026-08-11_22-58-03 Episode 2551: New best reward 41.60, training model saved.
2026-08-11_22-58-06 Episode 2553: New best reward 41.90, training model saved.
2026-08-11_22-59-01 Episode 2604: New best reward 42.00, training model saved.
2026-08-11_22-59-25 Episode 2622: New best reward 43.60, training model saved.
2026-08-11_22-59-57 Episode 2653: New best reward 46.80, training model saved.
2026-08-11_23-00-05 Episode 2657: New best reward 65.50, training model saved.
2026-08-11_23-04-06 Episode 2835: New best reward 76.80, training model saved.
2026-08-11_23-04-59 Episode 2868: New best reward 97.70, training model saved.
2026-08-11_23-07-17 Episode 2939: New best reward 113.80, training model saved.
2026-08-11_23-07-33 Episode 2942: New best reward 186.50, training model saved.
2026-08-11_23-10-25 Episode 3000: New best greedy reward 363.80, model saved.
2026-08-11_23-13-39 Episode 3072: New best reward 222.90, training model saved.
2026-08-11_23-19-34 Episode 3171: New best reward 233.30, training model saved.
2026-08-11_23-22-20 Episode 3208: New best reward 314.80, training model saved.
2026-08-11_23-23-04 Episode 3212: New best reward 575.80, training model saved.
2026-08-11_23-45-00 Episode 3448: New best reward 657.80, training model saved.
2026-08-12_00-38-22 Episode 3839: New best reward 1044.40, training model saved.
2026-08-12_01-05-20: Training starting...
Device: cuda
2026-08-12_01-05-20 Episode 0: New best reward -8.10, training model saved.
2026-08-12_01-05-21 Episode 0: New best greedy reward 2.00, model saved.
2026-08-12_01-05-21 Episode 1: New best reward -5.70, training model saved.
2026-08-12_01-05-55 Episode 81: New best reward -2.10, training model saved.
2026-08-12_01-07-26 Episode 299: New best reward 0.90, training model saved.
2026-08-12_01-07-52 Episode 358: New best reward 1.50, training model saved.
2026-08-12_01-07-52 Episode 360: New best reward 3.90, training model saved.
2026-08-12_01-09-19 Episode 569: New best reward 4.20, training model saved.
2026-08-12_01-09-36 Episode 605: New best reward 4.50, training model saved.
2026-08-12_01-09-58 Episode 655: New best reward 4.60, training model saved.
2026-08-12_01-10-06 Episode 677: New best reward 6.70, training model saved.
2026-08-12_01-10-18 Episode 706: New best reward 9.00, training model saved.
2026-08-12_01-13-59 Episode 1203: New best reward 9.20, training model saved.
2026-08-12_01-16-34 Episode 1503: New best reward 9.30, training model saved.
2026-08-12_01-17-11 Episode 1568: New best reward 11.30, training model saved.
2026-08-12_01-17-29 Episode 1594: New best reward 12.90, training model saved.
2026-08-12_01-18-30 Episode 1696: New best reward 13.60, training model saved.
2026-08-12_01-20-02 Episode 1842: New best reward 22.40, training model saved.
2026-08-12_01-21-43 Episode 1986: New best reward 37.30, training model saved.
2026-08-12_01-21-54 Episode 2000: New best greedy reward 3.90, model saved.
2026-08-12_01-24-10 Episode 2136: New best reward 55.80, training model saved.
2026-08-12_01-25-47 Episode 2206: New best reward 62.20, training model saved.
2026-08-12_01-26-25 Episode 2227: New best reward 90.40, training model saved.
2026-08-12_01-27-59 Episode 2266: New best reward 138.90, training model saved.
2026-08-12_01-29-46 Episode 2305: New best reward 163.60, training model saved.
2026-08-12_01-32-00 Episode 2355: New best reward 166.90, training model saved.
2026-08-12_01-32-32 Episode 2360: New best reward 204.40, training model saved.
2026-08-12_01-33-51 Episode 2377: New best reward 277.30, training model saved.
2026-08-12_01-38-31 Episode 2440: New best reward 456.40, training model saved.
2026-08-12_01-40-23 Episode 2455: New best reward 463.70, training model saved.
2026-08-12_01-51-15 Episode 2526: New best reward 488.90, training model saved.
2026-08-12_01-55-16 Episode 2551: New best reward 582.40, training model saved.
2026-08-12_01-56-14 Episode 2556: New best reward 652.40, training model saved.
2026-08-12_02-02-08 Episode 2583: New best reward 671.40, training model saved.
2026-08-12_02-05-48 Episode 2598: New best reward 731.90, training model saved.
2026-08-12_02-07-15 Episode 2602: New best reward 986.70, training model saved.
2026-08-12_02-13-15 Episode 2616: New best reward 1142.50, training model saved.
2026-08-12_02-25-30 Episode 2635: New best reward 3294.10, training model saved.
2026-08-12_03-27-16: Training starting...
Device: cuda
2026-08-12_03-27-17 Episode 0: New best reward -8.10, training model saved.
2026-08-12_03-27-17 Episode 0: New best greedy reward 2.00, model saved.
2026-08-12_03-27-17 Episode 1: New best reward -5.70, training model saved.
2026-08-12_03-27-50 Episode 81: New best reward -2.10, training model saved.
2026-08-12_03-29-17 Episode 299: New best reward 0.90, training model saved.
2026-08-12_03-29-42 Episode 358: New best reward 1.50, training model saved.
2026-08-12_03-30-00 Episode 405: New best reward 2.10, training model saved.
2026-08-12_03-30-09 Episode 423: New best reward 3.90, training model saved.
2026-08-12_03-31-08 Episode 569: New best reward 4.20, training model saved.
2026-08-12_03-31-53 Episode 677: New best reward 4.60, training model saved.
2026-08-12_03-32-46 Episode 810: New best reward 8.40, training model saved.
2026-08-12_03-37-30 Episode 1482: New best reward 9.50, training model saved.
2026-08-12_03-41-54 Episode 2000: New best greedy reward 9.00, model saved.
2026-08-12_03-42-25 Episode 2053: New best reward 12.90, training model saved.
2026-08-12_03-42-54: Training starting...
Device: cuda
2026-08-12_03-42-54 Episode 0: New best reward -8.10, training model saved.
2026-08-12_03-42-54 Episode 0: New best greedy reward 2.00, model saved.
2026-08-12_03-42-55 Episode 1: New best reward -5.70, training model saved.
2026-08-12_03-43-26 Episode 81: New best reward -2.10, training model saved.
2026-08-12_03-45-19 Episode 358: New best reward 0.90, training model saved.
2026-08-12_03-46-17 Episode 503: New best reward 1.50, training model saved.
2026-08-12_03-46-26 Episode 527: New best reward 3.30, training model saved.
2026-08-12_03-46-28 Episode 531: New best reward 3.90, training model saved.
2026-08-12_03-46-42 Episode 569: New best reward 6.00, training model saved.
2026-08-12_03-48-34 Episode 845: New best reward 8.40, training model saved.
2026-08-12_03-50-13 Episode 1088: New best reward 13.70, training model saved.
2026-08-12_03-55-55 Episode 1920: New best reward 15.30, training model saved.
[worker] done. total trials in study: 200
2026-08-11_07-11-50: Training starting...
Device: cuda
2026-08-11_07-11-57 Episode 0: New best reward -8.10, training model saved.
2026-08-11_07-11-57 Episode 0: New best greedy reward 2.00, model saved.
2026-08-11_07-11-58 Episode 1: New best reward -5.70, training model saved.
2026-08-11_07-12-34 Episode 81: New best reward -2.10, training model saved.
2026-08-11_07-12-35 Episode 85: New best reward 0.30, training model saved.
2026-08-11_07-13-18 Episode 187: New best reward 0.90, training model saved.
2026-08-11_07-13-28 Episode 211: New best reward 3.30, training model saved.
2026-08-11_07-13-40 Episode 243: New best reward 3.90, training model saved.
2026-08-11_07-13-59 Episode 286: New best reward 4.70, training model saved.
2026-08-11_07-14-20 Episode 334: New best reward 4.80, training model saved.
2026-08-11_07-14-40 Episode 384: New best reward 5.00, training model saved.
2026-08-11_07-14-59 Episode 424: New best reward 8.60, training model saved.
2026-08-11_07-19-03 Episode 1000: New best greedy reward 3.90, model saved.
2026-08-11_07-22-10 Episode 1414: New best reward 9.50, training model saved.
2026-08-11_07-22-38 Episode 1466: New best reward 10.80, training model saved.
2026-08-11_07-23-15 Episode 1539: New best reward 12.90, training model saved.
2026-08-11_07-24-53 Episode 1725: New best reward 20.20, training model saved.
2026-08-11_07-25-34 Episode 1798: New best reward 20.80, training model saved.
2026-08-11_07-27-27 Episode 2000: New best greedy reward 15.80, model saved.
2026-08-11_07-28-55 Episode 2150: New best reward 22.40, training model saved.
2026-08-11_07-31-10 Episode 2342: New best reward 22.80, training model saved.
2026-08-11_07-31-46 Episode 2386: New best reward 24.60, training model saved.
2026-08-11_07-32-23 Episode 2432: New best reward 26.90, training model saved.
2026-08-11_07-32-30 Episode 2438: New best reward 46.90, training model saved.
2026-08-11_07-36-33 Episode 2690: New best reward 50.40, training model saved.
2026-08-11_07-47-28 Episode 3346: New best reward 55.90, training model saved.
2026-08-11_07-48-09 Episode 3373: New best reward 64.40, training model saved.
2026-08-11_07-50-03 Episode 3448: New best reward 66.80, training model saved.
2026-08-11_07-50-22 Episode 3459: New best reward 97.80, training model saved.
2026-08-11_07-51-53 Episode 3505: New best reward 109.30, training model saved.
2026-08-11_07-52-16 Episode 3512: New best reward 111.20, training model saved.
2026-08-11_07-53-05 Episode 3535: New best reward 113.20, training model saved.
2026-08-11_07-55-21 Episode 3608: New best reward 115.90, training model saved.
2026-08-11_07-55-51 Episode 3620: New best reward 141.20, training model saved.
2026-08-11_07-59-42: Training starting...
Device: cuda
2026-08-11_07-59-43 Episode 0: New best reward -8.10, training model saved.
2026-08-11_07-59-43 Episode 0: New best greedy reward 2.00, model saved.
2026-08-11_07-59-43 Episode 1: New best reward -5.70, training model saved.
2026-08-11_08-00-15 Episode 81: New best reward -2.10, training model saved.
2026-08-11_08-01-01 Episode 187: New best reward 0.30, training model saved.
2026-08-11_08-01-20 Episode 235: New best reward 3.90, training model saved.
2026-08-11_08-02-23 Episode 382: New best reward 4.30, training model saved.
2026-08-11_08-02-33 Episode 406: New best reward 4.50, training model saved.
2026-08-11_08-04-02 Episode 620: New best reward 4.60, training model saved.
2026-08-11_08-04-09 Episode 636: New best reward 8.40, training model saved.
2026-08-11_08-09-04 Episode 1307: New best reward 8.50, training model saved.
2026-08-11_08-09-23 Episode 1349: New best reward 8.90, training model saved.
2026-08-11_08-09-44 Episode 1401: New best reward 9.30, training model saved.
2026-08-11_08-09-48 Episode 1406: New best reward 12.90, training model saved.
2026-08-11_08-12-48 Episode 1763: New best reward 13.30, training model saved.
2026-08-11_08-13-45 Episode 1872: New best reward 13.70, training model saved.
2026-08-11_08-13-52 Episode 1885: New best reward 13.90, training model saved.
2026-08-11_08-14-04 Episode 1907: New best reward 15.30, training model saved.
2026-08-11_08-14-56 Episode 2000: New best greedy reward 6.20, model saved.
2026-08-11_08-15-13 Episode 2030: New best reward 23.00, training model saved.
2026-08-11_08-20-02 Episode 2507: New best reward 23.50, training model saved.
2026-08-11_08-20-16 Episode 2526: New best reward 26.90, training model saved.
2026-08-11_08-20-57 Episode 2579: New best reward 34.80, training model saved.
2026-08-11_08-23-30 Episode 2781: New best reward 37.40, training model saved.
2026-08-11_08-25-07 Episode 2894: New best reward 55.60, training model saved.
2026-08-11_08-26-50 Episode 3000: New best greedy reward 13.80, model saved.
2026-08-11_08-29-05 Episode 3132: New best reward 60.60, training model saved.
2026-08-11_08-30-20 Episode 3198: New best reward 74.30, training model saved.
2026-08-11_08-32-53 Episode 3319: New best reward 74.50, training model saved.
2026-08-11_08-33-12 Episode 3327: New best reward 85.10, training model saved.
2026-08-11_08-35-17 Episode 3426: New best reward 90.80, training model saved.
2026-08-11_08-37-17 Episode 3505: New best reward 99.60, training model saved.
2026-08-11_08-40-06 Episode 3600: New best reward 134.40, training model saved.
2026-08-11_08-42-10 Episode 3650: New best reward 139.60, training model saved.
2026-08-11_08-47-23: Training starting...
Device: cuda
2026-08-11_08-47-23 Episode 0: New best reward -8.10, training model saved.
2026-08-11_08-47-24 Episode 0: New best greedy reward 2.00, model saved.
2026-08-11_08-47-24 Episode 1: New best reward -5.70, training model saved.
2026-08-11_08-47-58 Episode 81: New best reward -2.10, training model saved.
2026-08-11_08-49-29 Episode 299: New best reward 1.50, training model saved.
2026-08-11_08-49-56 Episode 360: New best reward 3.90, training model saved.
2026-08-11_08-50-05 Episode 382: New best reward 4.50, training model saved.
2026-08-11_08-51-51 Episode 635: New best reward 9.30, training model saved.
2026-08-11_08-54-35 Episode 1004: New best reward 9.40, training model saved.
2026-08-11_08-55-09 Episode 1079: New best reward 12.90, training model saved.
2026-08-11_08-59-10 Episode 1528: New best reward 17.90, training model saved.
2026-08-11_09-00-28 Episode 1651: New best reward 23.10, training model saved.
2026-08-11_09-01-27 Episode 1722: New best reward 23.30, training model saved.
2026-08-11_09-02-02 Episode 1757: New best reward 52.90, training model saved.
2026-08-11_09-03-10 Episode 1820: New best reward 56.00, training model saved.
2026-08-11_09-03-29 Episode 1834: New best reward 64.70, training model saved.
2026-08-11_09-06-01 Episode 1939: New best reward 69.70, training model saved.
2026-08-11_09-06-16 Episode 1945: New best reward 84.00, training model saved.
2026-08-11_09-07-12 Episode 1971: New best reward 90.10, training model saved.
2026-08-11_09-07-55 Episode 1985: New best reward 207.30, training model saved.
2026-08-11_09-08-44 Episode 2000: New best greedy reward 15.70, model saved.
2026-08-11_09-09-26 Episode 2011: New best reward 333.30, training model saved.
2026-08-11_09-27-47 Episode 2266: New best reward 571.20, training model saved.
2026-08-11_09-30-16 Episode 2284: New best reward 699.10, training model saved.
2026-08-11_10-15-09 Episode 2565: New best reward 731.90, training model saved.
2026-08-11_10-17-31 Episode 2572: New best reward 754.90, training model saved.
2026-08-11_10-31-20 Episode 2626: New best reward 1114.70, training model saved.
2026-08-11_11-01-35 Episode 2710: New best reward 2626.40, training model saved.
2026-08-11_11-11-26: Training starting...
Device: cuda
2026-08-11_11-11-26 Episode 0: New best reward -8.10, training model saved.
2026-08-11_11-11-27 Episode 0: New best greedy reward 2.00, model saved.
2026-08-11_11-11-27 Episode 1: New best reward -5.70, training model saved.
2026-08-11_11-12-01 Episode 81: New best reward -2.10, training model saved.
2026-08-11_11-13-30 Episode 299: New best reward -0.30, training model saved.
2026-08-11_11-13-54 Episode 358: New best reward 1.50, training model saved.
2026-08-11_11-13-55 Episode 360: New best reward 3.90, training model saved.
2026-08-11_11-14-50 Episode 494: New best reward 4.70, training model saved.
2026-08-11_11-16-17 Episode 708: New best reward 4.90, training model saved.
2026-08-11_11-16-22 Episode 719: New best reward 5.00, training model saved.
2026-08-11_11-21-09 Episode 1416: New best reward 6.00, training model saved.
2026-08-11_11-21-54 Episode 1520: New best reward 6.60, training model saved.
2026-08-11_11-23-14 Episode 1701: New best reward 8.40, training model saved.
2026-08-11_11-24-54 Episode 1912: New best reward 10.50, training model saved.
2026-08-11_11-24-57 Episode 1918: New best reward 10.80, training model saved.
2026-08-11_11-25-11 Episode 1946: New best reward 12.90, training model saved.
2026-08-11_11-25-39 Episode 2000: New best greedy reward 4.50, model saved.
2026-08-11_11-27-09: Training starting...
Device: cuda
2026-08-11_11-27-09 Episode 0: New best reward -8.10, training model saved.
2026-08-11_11-27-09 Episode 0: New best greedy reward 2.00, model saved.
2026-08-11_11-27-10 Episode 1: New best reward -5.70, training model saved.
2026-08-11_11-27-42 Episode 81: New best reward -2.10, training model saved.
2026-08-11_11-29-11 Episode 299: New best reward -0.30, training model saved.
2026-08-11_11-29-35 Episode 358: New best reward 1.50, training model saved.
2026-08-11_11-29-36 Episode 359: New best reward 2.10, training model saved.
2026-08-11_11-29-36 Episode 360: New best reward 3.90, training model saved.
2026-08-11_11-29-45 Episode 382: New best reward 4.80, training model saved.
2026-08-11_11-32-41 Episode 809: New best reward 6.40, training model saved.
2026-08-11_11-33-42 Episode 956: New best reward 6.70, training model saved.
2026-08-11_11-33-43 Episode 957: New best reward 8.40, training model saved.
2026-08-11_11-36-05 Episode 1293: New best reward 9.30, training model saved.
2026-08-11_11-37-10 Episode 1438: New best reward 12.90, training model saved.
2026-08-11_11-41-44 Episode 1989: New best reward 15.60, training model saved.
2026-08-11_11-41-53 Episode 2000: New best greedy reward 6.40, model saved.
2026-08-11_11-45-21 Episode 2347: New best reward 22.40, training model saved.
2026-08-11_11-46-19 Episode 2432: New best reward 26.90, training model saved.
2026-08-11_11-52-07 Episode 2908: New best reward 39.20, training model saved.
2026-08-11_11-52-16 Episode 2916: New best reward 51.10, training model saved.
2026-08-11_11-53-54 Episode 3000: New best greedy reward 9.20, model saved.
2026-08-11_11-54-25 Episode 3029: New best reward 68.90, training model saved.
2026-08-11_11-57-10 Episode 3148: New best reward 76.70, training model saved.
2026-08-11_11-57-28 Episode 3157: New best reward 78.60, training model saved.
2026-08-11_11-57-45 Episode 3164: New best reward 85.50, training model saved.
2026-08-11_11-58-35 Episode 3192: New best reward 113.80, training model saved.
2026-08-11_11-59-58 Episode 3233: New best reward 150.60, training model saved.
2026-08-11_12-04-02 Episode 3335: New best reward 204.40, training model saved.
2026-08-11_12-13-12 Episode 3514: New best reward 228.20, training model saved.
2026-08-11_12-14-51 Episode 3533: New best reward 234.80, training model saved.
2026-08-11_12-15-35 Episode 3543: New best reward 236.90, training model saved.
2026-08-11_12-19-25 Episode 3593: New best reward 386.40, training model saved.
2026-08-11_12-34-32 Episode 3785: New best reward 657.00, training model saved.
2026-08-11_12-57-16 Episode 4000: New best greedy reward 628.90, model saved.
2026-08-11_13-34-46 Episode 4310: New best reward 701.30, training model saved.
2026-08-11_14-12-05: Training starting...
Device: cuda
2026-08-11_14-12-05 Episode 0: New best reward -8.10, training model saved.
2026-08-11_14-12-06 Episode 0: New best greedy reward 2.00, model saved.
2026-08-11_14-12-06 Episode 1: New best reward -5.70, training model saved.
2026-08-11_14-12-39 Episode 81: New best reward -2.10, training model saved.
2026-08-11_14-12-41 Episode 85: New best reward 0.30, training model saved.
2026-08-11_14-12-42 Episode 89: New best reward 0.90, training model saved.
2026-08-11_14-13-11 Episode 162: New best reward 1.50, training model saved.
2026-08-11_14-13-13 Episode 164: New best reward 3.90, training model saved.
2026-08-11_14-13-49 Episode 251: New best reward 6.30, training model saved.
2026-08-11_14-13-50 Episode 253: New best reward 9.20, training model saved.
2026-08-11_14-15-37 Episode 509: New best reward 9.30, training model saved.
2026-08-11_14-16-55 Episode 690: New best reward 10.50, training model saved.
2026-08-11_14-18-01 Episode 840: New best reward 10.90, training model saved.
2026-08-11_14-20-09 Episode 1114: New best reward 12.90, training model saved.
2026-08-11_14-23-13 Episode 1478: New best reward 13.40, training model saved.
2026-08-11_14-25-08 Episode 1667: New best reward 17.90, training model saved.
2026-08-11_14-28-49 Episode 2000: New best greedy reward 9.00, model saved.
2026-08-11_14-32-02 Episode 2275: New best reward 22.40, training model saved.
2026-08-11_14-35-43 Episode 2568: New best reward 22.90, training model saved.
2026-08-11_14-36-50 Episode 2653: New best reward 25.20, training model saved.
2026-08-11_14-37-10 Episode 2675: New best reward 26.90, training model saved.
2026-08-11_14-39-31 Episode 2858: New best reward 31.90, training model saved.
2026-08-11_14-41-19 Episode 2993: New best reward 37.20, training model saved.
2026-08-11_14-41-27 Episode 3000: New best greedy reward 9.10, model saved.
2026-08-11_14-41-53 Episode 3027: New best reward 48.40, training model saved.
2026-08-11_14-45-20 Episode 3237: New best reward 65.60, training model saved.
2026-08-11_14-45-53 Episode 3262: New best reward 71.80, training model saved.
2026-08-11_14-46-58 Episode 3316: New best reward 73.90, training model saved.
2026-08-11_14-52-30 Episode 3563: New best reward 136.60, training model saved.
2026-08-11_14-55-06 Episode 3658: New best reward 172.00, training model saved.
2026-08-11_14-57-57: Training starting...
Device: cuda
2026-08-11_14-57-57 Episode 0: New best reward -8.10, training model saved.
2026-08-11_14-57-57 Episode 0: New best greedy reward 2.00, model saved.
2026-08-11_14-57-58 Episode 1: New best reward -5.70, training model saved.
2026-08-11_14-58-29 Episode 81: New best reward -2.10, training model saved.
2026-08-11_15-00-31 Episode 358: New best reward 0.90, training model saved.
2026-08-11_15-00-49 Episode 405: New best reward 2.10, training model saved.
2026-08-11_15-02-58 Episode 699: New best reward 3.30, training model saved.
2026-08-11_15-02-59 Episode 703: New best reward 3.90, training model saved.
2026-08-11_15-05-02 Episode 983: New best reward 4.30, training model saved.
2026-08-11_15-06-35 Episode 1205: New best reward 4.70, training model saved.
2026-08-11_15-06-53 Episode 1249: New best reward 6.80, training model saved.
2026-08-11_15-08-53 Episode 1523: New best reward 8.40, training model saved.
2026-08-11_15-11-22 Episode 1862: New best reward 9.00, training model saved.
2026-08-11_15-12-06 Episode 1955: New best reward 10.50, training model saved.
2026-08-11_15-13-28 Episode 2137: New best reward 11.10, training model saved.
2026-08-11_15-15-24 Episode 2387: New best reward 12.90, training model saved.
2026-08-11_15-21-15 Episode 3000: New best greedy reward 6.10, model saved.
2026-08-11_15-22-51 Episode 3135: New best reward 13.50, training model saved.
2026-08-11_15-23-06 Episode 3158: New best reward 13.70, training model saved.
2026-08-11_15-23-54 Episode 3220: New best reward 17.90, training model saved.
2026-08-11_15-25-14 Episode 3332: New best reward 20.50, training model saved.
2026-08-11_15-25-16 Episode 3334: New best reward 29.30, training model saved.
2026-08-11_15-26-30 Episode 3419: New best reward 41.60, training model saved.
2026-08-11_15-29-08 Episode 3574: New best reward 77.80, training model saved.
2026-08-11_15-31-44 Episode 3691: New best reward 97.80, training model saved.
2026-08-11_15-33-07 Episode 3725: New best reward 134.40, training model saved.
2026-08-11_15-37-54 Episode 3824: New best reward 303.00, training model saved.
2026-08-11_15-39-55 Episode 3849: New best reward 342.80, training model saved.
2026-08-11_15-46-38: Training starting...
Device: cuda
2026-08-11_15-46-38 Episode 0: New best reward -8.10, training model saved.
2026-08-11_15-46-38 Episode 0: New best greedy reward 2.00, model saved.
2026-08-11_15-46-39 Episode 1: New best reward -5.70, training model saved.
2026-08-11_15-47-14 Episode 81: New best reward -2.10, training model saved.
2026-08-11_15-48-00 Episode 187: New best reward -0.90, training model saved.
2026-08-11_15-48-22 Episode 243: New best reward 3.90, training model saved.
2026-08-11_15-49-13 Episode 355: New best reward 4.60, training model saved.
2026-08-11_15-49-45 Episode 425: New best reward 8.40, training model saved.
2026-08-11_15-50-06 Episode 477: New best reward 9.10, training model saved.
2026-08-11_15-54-00 Episode 1000: New best greedy reward 3.90, model saved.
2026-08-11_16-00-49 Episode 1874: New best reward 12.90, training model saved.
2026-08-11_16-01-50 Episode 2000: New best greedy reward 7.20, model saved.
2026-08-11_16-03-24: Training starting...
Device: cuda
2026-08-11_16-03-24 Episode 0: New best reward -8.10, training model saved.
2026-08-11_16-03-24 Episode 0: New best greedy reward 2.00, model saved.
2026-08-11_16-03-25 Episode 1: New best reward -5.70, training model saved.
2026-08-11_16-04-00 Episode 81: New best reward -2.10, training model saved.
2026-08-11_16-04-01 Episode 85: New best reward 0.30, training model saved.
2026-08-11_16-04-03 Episode 89: New best reward 0.90, training model saved.
2026-08-11_16-04-46 Episode 187: New best reward 3.90, training model saved.
2026-08-11_16-05-20 Episode 266: New best reward 4.40, training model saved.
2026-08-11_16-05-27 Episode 282: New best reward 4.50, training model saved.
2026-08-11_16-05-32 Episode 296: New best reward 4.90, training model saved.
2026-08-11_16-05-35 Episode 302: New best reward 6.00, training model saved.
2026-08-11_16-05-36 Episode 304: New best reward 8.40, training model saved.
2026-08-11_16-06-19 Episode 402: New best reward 8.90, training model saved.
2026-08-11_16-08-00 Episode 612: New best reward 10.70, training model saved.
2026-08-11_16-08-15 Episode 638: New best reward 12.90, training model saved.
2026-08-11_16-09-27 Episode 775: New best reward 13.60, training model saved.
2026-08-11_16-11-37 Episode 1000: New best greedy reward 4.60, model saved.
2026-08-11_16-11-48 Episode 1013: New best reward 15.20, training model saved.
2026-08-11_16-12-06 Episode 1040: New best reward 18.80, training model saved.
2026-08-11_16-13-05 Episode 1117: New best reward 18.90, training model saved.
2026-08-11_16-14-01 Episode 1189: New best reward 20.10, training model saved.
2026-08-11_16-14-09 Episode 1195: New best reward 20.40, training model saved.
2026-08-11_16-14-13 Episode 1199: New best reward 32.80, training model saved.
2026-08-11_16-14-49 Episode 1234: New best reward 37.50, training model saved.
2026-08-11_16-17-17 Episode 1369: New best reward 43.30, training model saved.
2026-08-11_16-18-27 Episode 1417: New best reward 69.60, training model saved.
2026-08-11_16-20-20 Episode 1482: New best reward 81.30, training model saved.
2026-08-11_16-20-32 Episode 1486: New best reward 92.80, training model saved.
2026-08-11_16-21-05 Episode 1493: New best reward 99.50, training model saved.
2026-08-11_16-23-33 Episode 1563: New best reward 109.10, training model saved.
2026-08-11_16-24-38 Episode 1585: New best reward 113.10, training model saved.
2026-08-11_16-26-15 Episode 1630: New best reward 134.40, training model saved.
2026-08-11_16-26-33 Episode 1636: New best reward 146.60, training model saved.
2026-08-11_16-28-15 Episode 1665: New best reward 167.60, training model saved.
2026-08-11_16-32-25 Episode 1752: New best reward 168.00, training model saved.
2026-08-11_16-34-28 Episode 1799: New best reward 190.40, training model saved.
2026-08-11_16-37-14 Episode 1840: New best reward 234.80, training model saved.
2026-08-11_16-39-51 Episode 1874: New best reward 309.20, training model saved.
2026-08-11_16-49-22 Episode 1985: New best reward 359.60, training model saved.
2026-08-11_16-50-08 Episode 2000: New best greedy reward 204.40, model saved.
2026-08-11_16-52-40: Training starting...
Device: cuda
2026-08-11_16-52-41 Episode 0: New best reward -8.10, training model saved.
2026-08-11_16-52-41 Episode 0: New best greedy reward 2.00, model saved.
2026-08-11_16-52-42 Episode 1: New best reward -5.70, training model saved.
2026-08-11_16-53-14 Episode 81: New best reward -2.10, training model saved.
2026-08-11_16-54-42 Episode 299: New best reward -0.30, training model saved.
2026-08-11_16-55-06 Episode 358: New best reward 1.50, training model saved.
2026-08-11_16-55-07 Episode 360: New best reward 3.90, training model saved.
2026-08-11_16-55-16 Episode 382: New best reward 4.50, training model saved.
2026-08-11_16-56-47 Episode 605: New best reward 4.70, training model saved.
2026-08-11_16-56-59 Episode 634: New best reward 4.80, training model saved.
2026-08-11_16-57-09 Episode 656: New best reward 4.90, training model saved.
2026-08-11_16-57-17 Episode 676: New best reward 6.20, training model saved.
2026-08-11_16-58-59 Episode 922: New best reward 6.30, training model saved.
2026-08-11_16-59-23 Episode 981: New best reward 6.50, training model saved.
2026-08-11_17-00-08 Episode 1089: New best reward 8.40, training model saved.
2026-08-11_17-03-01 Episode 1449: New best reward 11.10, training model saved.
2026-08-11_17-05-18 Episode 1699: New best reward 12.30, training model saved.
2026-08-11_17-05-26 Episode 1712: New best reward 12.90, training model saved.
2026-08-11_17-07-29 Episode 1908: New best reward 17.90, training model saved.
2026-08-11_17-07-51 Episode 1940: New best reward 22.40, training model saved.
2026-08-11_17-08-33 Episode 2000: New best greedy reward 8.60, model saved.
2026-08-11_17-09-07 Episode 2048: New best reward 29.80, training model saved.
2026-08-11_17-09-10 Episode 2050: New best reward 36.40, training model saved.
2026-08-11_17-09-40 Episode 2080: New best reward 39.20, training model saved.
2026-08-11_17-09-47 Episode 2085: New best reward 48.60, training model saved.
2026-08-11_17-09-56 Episode 2089: New best reward 73.90, training model saved.
2026-08-11_17-11-01 Episode 2126: New best reward 78.40, training model saved.
2026-08-11_17-12-03 Episode 2154: New best reward 127.70, training model saved.
2026-08-11_17-15-12 Episode 2228: New best reward 143.90, training model saved.
2026-08-11_17-16-35 Episode 2258: New best reward 227.90, training model saved.
2026-08-11_17-17-11 Episode 2263: New best reward 317.00, training model saved.
2026-08-11_17-25-59 Episode 2368: New best reward 431.30, training model saved.
2026-08-11_17-34-06 Episode 2438: New best reward 468.80, training model saved.
2026-08-11_17-41-59 Episode 2504: New best reward 527.30, training model saved.
2026-08-11_17-44-16 Episode 2517: New best reward 541.30, training model saved.
2026-08-11_17-47-31 Episode 2539: New best reward 872.50, training model saved.
2026-08-11_17-56-51 Episode 2580: New best reward 935.20, training model saved.
2026-08-11_18-28-03 Episode 2715: New best reward 947.00, training model saved.
2026-08-11_18-37-45 Episode 2754: New best reward 1423.20, training model saved.
2026-08-11_18-57-34 Episode 2807: New best reward 1842.90, training model saved.
2026-08-11_19-09-18 Episode 2834: New best reward 3447.90, training model saved.
2026-08-11_19-11-23: Training starting...
Device: cuda
2026-08-11_19-11-23 Episode 0: New best reward -8.10, training model saved.
2026-08-11_19-11-24 Episode 0: New best greedy reward 2.00, model saved.
2026-08-11_19-11-24 Episode 1: New best reward -5.70, training model saved.
2026-08-11_19-11-58 Episode 81: New best reward -2.10, training model saved.
2026-08-11_19-12-01 Episode 89: New best reward -1.50, training model saved.
2026-08-11_19-12-29 Episode 162: New best reward 0.30, training model saved.
2026-08-11_19-12-41 Episode 187: New best reward 2.70, training model saved.
2026-08-11_19-12-46 Episode 200: New best reward 3.90, training model saved.
2026-08-11_19-13-09 Episode 254: New best reward 4.20, training model saved.
2026-08-11_19-13-23 Episode 287: New best reward 4.80, training model saved.
2026-08-11_19-14-03 Episode 382: New best reward 8.40, training model saved.
2026-08-11_19-17-09 Episode 792: New best reward 8.50, training model saved.
2026-08-11_19-17-49 Episode 868: New best reward 8.80, training model saved.
2026-08-11_19-17-53 Episode 875: New best reward 11.30, training model saved.
2026-08-11_19-18-09 Episode 907: New best reward 12.90, training model saved.
2026-08-11_19-19-03 Episode 997: New best reward 25.30, training model saved.
2026-08-11_19-19-05 Episode 1000: New best greedy reward 3.90, model saved.
2026-08-11_19-21-48 Episode 1232: New best reward 26.90, training model saved.
2026-08-11_19-22-13 Episode 1254: New best reward 57.10, training model saved.
2026-08-11_19-26-55 Episode 1519: New best reward 76.70, training model saved.
2026-08-11_19-27-02 Episode 1521: New best reward 78.40, training model saved.
2026-08-11_19-29-57 Episode 1631: New best reward 148.40, training model saved.
2026-08-11_19-32-02 Episode 1684: New best reward 155.40, training model saved.
2026-08-11_19-33-21 Episode 1700: New best reward 326.00, training model saved.
2026-08-11_19-38-14 Episode 1766: New best reward 457.40, training model saved.
2026-08-11_19-49-40 Episode 1935: New best reward 582.80, training model saved.
2026-08-11_19-55-42 Episode 2000: New best greedy reward 62.70, model saved.
2026-08-11_20-01-04 Episode 2044: New best reward 740.90, training model saved.
2026-08-11_20-27-06 Episode 2297: New best reward 1152.90, training model saved.
2026-08-11_20-52-26 Episode 2442: New best reward 1310.40, training model saved.
2026-08-11_21-01-00 Episode 2456: New best reward 1345.70, training model saved.
2026-08-11_21-11-14 Episode 2476: New best reward 1686.70, training model saved.
2026-08-11_21-21-43 Episode 2492: New best reward 1751.80, training model saved.
2026-08-11_21-28-03 Episode 2499: New best reward 3223.90, training model saved.
2026-08-11_21-32-27: Training starting...
Device: cuda
2026-08-11_21-32-27 Episode 0: New best reward -8.10, training model saved.
2026-08-11_21-32-28 Episode 0: New best greedy reward 2.00, model saved.
2026-08-11_21-32-28 Episode 1: New best reward -5.70, training model saved.
2026-08-11_21-33-02 Episode 81: New best reward -2.10, training model saved.
2026-08-11_21-33-03 Episode 85: New best reward 0.30, training model saved.
2026-08-11_21-33-49 Episode 195: New best reward 2.10, training model saved.
2026-08-11_21-33-51 Episode 200: New best reward 3.90, training model saved.
2026-08-11_21-34-15 Episode 254: New best reward 4.20, training model saved.
2026-08-11_21-34-28 Episode 287: New best reward 4.60, training model saved.
2026-08-11_21-34-55 Episode 348: New best reward 8.40, training model saved.
2026-08-11_21-34-56 Episode 350: New best reward 11.30, training model saved.
2026-08-11_21-35-36 Episode 443: New best reward 12.90, training model saved.
2026-08-11_21-41-07 Episode 1151: New best reward 17.90, training model saved.
2026-08-11_21-45-53 Episode 1615: New best reward 22.80, training model saved.
2026-08-11_21-46-28 Episode 1662: New best reward 23.20, training model saved.
2026-08-11_21-47-41 Episode 1762: New best reward 23.40, training model saved.
2026-08-11_21-47-47 Episode 1767: New best reward 43.50, training model saved.
2026-08-11_21-49-23 Episode 1885: New best reward 60.80, training model saved.
2026-08-11_21-51-41 Episode 2000: New best greedy reward 19.00, model saved.
2026-08-11_21-53-25 Episode 2080: New best reward 85.30, training model saved.
2026-08-11_21-55-04 Episode 2143: New best reward 96.90, training model saved.
2026-08-11_21-57-07 Episode 2209: New best reward 118.80, training model saved.
2026-08-11_21-59-48 Episode 2275: New best reward 181.20, training model saved.
2026-08-11_22-01-14 Episode 2305: New best reward 204.40, training model saved.
2026-08-11_22-05-22 Episode 2383: New best reward 261.40, training model saved.
2026-08-11_22-08-12 Episode 2414: New best reward 279.00, training model saved.
2026-08-11_22-18-18 Episode 2529: New best reward 572.90, training model saved.
2026-08-11_22-19-52: Training starting...
Device: cuda
2026-08-11_22-19-52 Episode 0: New best reward -8.10, training model saved.
2026-08-11_22-19-52 Episode 0: New best greedy reward 2.00, model saved.
2026-08-11_22-19-53 Episode 1: New best reward -5.70, training model saved.
2026-08-11_22-20-24 Episode 81: New best reward -2.10, training model saved.
2026-08-11_22-21-16 Episode 211: New best reward 2.70, training model saved.
2026-08-11_22-21-47 Episode 287: New best reward 3.90, training model saved.
2026-08-11_22-22-14 Episode 355: New best reward 4.40, training model saved.
2026-08-11_22-22-24 Episode 382: New best reward 4.90, training model saved.
2026-08-11_22-22-49 Episode 438: New best reward 8.90, training model saved.
2026-08-11_22-26-28 Episode 968: New best reward 11.00, training model saved.
2026-08-11_22-28-00 Episode 1168: New best reward 12.90, training model saved.
2026-08-11_22-33-19 Episode 1718: New best reward 13.10, training model saved.
2026-08-11_22-34-08 Episode 1791: New best reward 22.40, training model saved.
2026-08-11_22-34-15 Episode 1798: New best reward 23.10, training model saved.
2026-08-11_22-34-17 Episode 1799: New best reward 24.90, training model saved.
2026-08-11_22-34-52 Episode 1842: New best reward 26.90, training model saved.
2026-08-11_22-35-37 Episode 1901: New best reward 27.40, training model saved.
2026-08-11_22-35-55 Episode 1917: New best reward 34.80, training model saved.
2026-08-11_22-36-25 Episode 1947: New best reward 36.90, training model saved.
2026-08-11_22-36-31 Episode 1952: New best reward 42.00, training model saved.
2026-08-11_22-37-15 Episode 1992: New best reward 55.90, training model saved.
2026-08-11_22-37-27 Episode 2000: New best greedy reward 37.20, model saved.
2026-08-11_22-37-46 Episode 2009: New best reward 74.70, training model saved.
2026-08-11_22-39-32 Episode 2063: New best reward 93.10, training model saved.
2026-08-11_22-39-39 Episode 2065: New best reward 99.20, training model saved.
2026-08-11_22-40-37 Episode 2089: New best reward 182.10, training model saved.
2026-08-11_22-42-54 Episode 2133: New best reward 208.90, training model saved.
2026-08-11_22-43-32 Episode 2140: New best reward 265.40, training model saved.
2026-08-11_22-43-54 Episode 2142: New best reward 303.30, training model saved.
2026-08-11_22-47-19 Episode 2191: New best reward 331.30, training model saved.
2026-08-11_22-51-37 Episode 2227: New best reward 356.30, training model saved.
2026-08-11_22-55-17 Episode 2259: New best reward 585.20, training model saved.
2026-08-11_23-02-08 Episode 2305: New best reward 868.00, training model saved.
2026-08-11_23-32-12 Episode 2440: New best reward 1076.90, training model saved.
2026-08-11_23-35-48 Episode 2451: New best reward 1132.90, training model saved.
2026-08-11_23-52-18 Episode 2508: New best reward 2955.80, training model saved.
2026-08-12_00-25-51 Episode 2568: New best reward 5105.10, training model saved.
2026-08-12_00-39-18: Training starting...
Device: cuda
2026-08-12_00-39-18 Episode 0: New best reward -8.10, training model saved.
2026-08-12_00-39-18 Episode 0: New best greedy reward 2.00, model saved.
2026-08-12_00-39-19 Episode 1: New best reward -5.70, training model saved.
2026-08-12_00-39-52 Episode 81: New best reward -2.10, training model saved.
2026-08-12_00-40-46 Episode 211: New best reward 2.70, training model saved.
2026-08-12_00-41-49 Episode 360: New best reward 3.90, training model saved.
2026-08-12_00-43-16 Episode 569: New best reward 4.20, training model saved.
2026-08-12_00-43-43 Episode 631: New best reward 4.40, training model saved.
2026-08-12_00-43-44 Episode 633: New best reward 4.90, training model saved.
2026-08-12_00-44-11 Episode 695: New best reward 5.00, training model saved.
2026-08-12_00-44-14 Episode 703: New best reward 6.20, training model saved.
2026-08-12_00-44-23 Episode 725: New best reward 8.40, training model saved.
2026-08-12_00-45-26 Episode 874: New best reward 10.50, training model saved.
2026-08-12_00-47-41 Episode 1183: New best reward 10.90, training model saved.
2026-08-12_00-49-11 Episode 1375: New best reward 15.60, training model saved.
2026-08-12_00-50-17 Episode 1504: New best reward 18.30, training model saved.
2026-08-12_00-50-20 Episode 1508: New best reward 20.70, training model saved.
2026-08-12_00-54-48 Episode 2000: New best greedy reward 4.90, model saved.
2026-08-12_00-55-53 Episode 2105: New best reward 22.40, training model saved.
2026-08-12_00-57-24 Episode 2247: New best reward 22.50, training model saved.
2026-08-12_00-58-17 Episode 2326: New best reward 23.00, training model saved.
2026-08-12_00-58-26 Episode 2336: New best reward 24.60, training model saved.
2026-08-12_00-58-49 Episode 2369: New best reward 27.60, training model saved.
2026-08-12_00-59-40 Episode 2438: New best reward 28.00, training model saved.
2026-08-12_01-00-17 Episode 2489: New best reward 32.60, training model saved.
2026-08-12_01-01-22 Episode 2564: New best reward 37.20, training model saved.
2026-08-12_01-02-52 Episode 2662: New best reward 48.70, training model saved.
2026-08-12_01-03-12 Episode 2677: New best reward 59.90, training model saved.
2026-08-12_01-03-43 Episode 2703: New best reward 64.40, training model saved.
2026-08-12_01-05-20 Episode 2783: New best reward 87.90, training model saved.
2026-08-12_01-07-25 Episode 2859: New best reward 90.80, training model saved.
2026-08-12_01-09-09 Episode 2913: New best reward 93.10, training model saved.
2026-08-12_01-09-28 Episode 2921: New best reward 96.90, training model saved.
2026-08-12_01-09-40 Episode 2924: New best reward 97.50, training model saved.
2026-08-12_01-10-02 Episode 2933: New best reward 136.80, training model saved.
2026-08-12_01-10-55 Episode 2945: New best reward 373.20, training model saved.
2026-08-12_01-13-48 Episode 3000: New best greedy reward 186.80, model saved.
2026-08-12_01-17-45 Episode 3048: New best reward 417.30, training model saved.
2026-08-12_01-21-10 Episode 3072: New best reward 639.20, training model saved.
2026-08-12_01-51-23 Episode 3280: New best reward 732.50, training model saved.
2026-08-12_02-00-36 Episode 3314: New best reward 1035.00, training model saved.
2026-08-12_02-27-08 Episode 3395: New best reward 1090.90, training model saved.
2026-08-12_02-39-47 Episode 3427: New best reward 1355.20, training model saved.
2026-08-12_02-46-18 Episode 3438: New best reward 1585.90, training model saved.
2026-08-12_02-49-44 Episode 3441: New best reward 2047.90, training model saved.
2026-08-12_03-06-25: Training starting...
Device: cuda
2026-08-12_03-06-26 Episode 0: New best reward -8.10, training model saved.
2026-08-12_03-06-26 Episode 0: New best greedy reward 2.00, model saved.
2026-08-12_03-06-26 Episode 1: New best reward -5.70, training model saved.
2026-08-12_03-07-03 Episode 81: New best reward -2.10, training model saved.
2026-08-12_03-07-50 Episode 187: New best reward -0.90, training model saved.
2026-08-12_03-07-59 Episode 211: New best reward 2.70, training model saved.
2026-08-12_03-08-39 Episode 299: New best reward 3.90, training model saved.
2026-08-12_03-09-26 Episode 405: New best reward 4.10, training model saved.
2026-08-12_03-09-27 Episode 406: New best reward 4.40, training model saved.
2026-08-12_03-09-37 Episode 420: New best reward 6.40, training model saved.
2026-08-12_03-09-39 Episode 424: New best reward 6.70, training model saved.
2026-08-12_03-09-46 Episode 441: New best reward 8.80, training model saved.
2026-08-12_03-14-07 Episode 1000: New best greedy reward 4.20, model saved.
2026-08-12_03-18-32 Episode 1458: New best reward 8.90, training model saved.
2026-08-12_03-20-24 Episode 1628: New best reward 13.20, training model saved.
2026-08-12_03-22-28 Episode 1798: New best reward 15.80, training model saved.
2026-08-12_03-23-53 Episode 1901: New best reward 22.40, training model saved.
2026-08-12_03-24-28 Episode 1942: New best reward 23.40, training model saved.
2026-08-12_03-24-37 Episode 1955: New best reward 24.80, training model saved.
2026-08-12_03-25-16 Episode 2000: New best greedy reward 6.80, model saved.
2026-08-12_03-25-35 Episode 2023: New best reward 27.70, training model saved.
2026-08-12_03-25-44 Episode 2027: New best reward 33.00, training model saved.
2026-08-12_03-26-42 Episode 2080: New best reward 41.90, training model saved.
2026-08-12_03-28-28 Episode 2171: New best reward 42.10, training model saved.
2026-08-12_03-28-36 Episode 2174: New best reward 71.70, training model saved.
2026-08-12_03-35-05 Episode 2489: New best reward 74.70, training model saved.
2026-08-12_03-37-37 Episode 2560: New best reward 169.30, training model saved.
2026-08-12_03-41-41 Episode 2652: New best reward 169.80, training model saved.
2026-08-12_03-46-04 Episode 2738: New best reward 202.60, training model saved.
2026-08-12_03-57-19: Training starting...
Device: cuda
2026-08-12_03-57-19 Episode 0: New best reward -8.10, training model saved.
2026-08-12_03-57-19 Episode 0: New best greedy reward 2.00, model saved.
2026-08-12_03-57-20 Episode 1: New best reward -5.70, training model saved.
2026-08-12_03-57-52 Episode 81: New best reward -2.10, training model saved.
2026-08-12_03-57-54 Episode 85: New best reward 0.30, training model saved.
2026-08-12_03-58-23 Episode 162: New best reward 1.50, training model saved.
2026-08-12_03-58-25 Episode 164: New best reward 3.30, training model saved.
2026-08-12_03-58-33 Episode 187: New best reward 3.90, training model saved.
2026-08-12_03-58-57 Episode 250: New best reward 6.10, training model saved.
2026-08-12_03-59-26 Episode 328: New best reward 8.40, training model saved.
2026-08-12_04-00-14 Episode 456: New best reward 8.80, training model saved.
2026-08-12_04-00-33 Episode 501: New best reward 9.40, training model saved.
2026-08-12_04-01-41 Episode 668: New best reward 10.60, training model saved.
2026-08-12_04-03-26 Episode 915: New best reward 12.90, training model saved.
2026-08-12_04-04-08 Episode 1000: New best greedy reward 2.80, model saved.
2026-08-12_04-06-09 Episode 1247: New best reward 13.40, training model saved.
2026-08-12_04-10-11 Episode 1684: New best reward 17.90, training model saved.
2026-08-12_04-11-32 Episode 1813: New best reward 22.80, training model saved.
2026-08-12_04-13-18 Episode 1976: New best reward 23.00, training model saved.
2026-08-12_04-13-34 Episode 2000: New best greedy reward 8.70, model saved.
2026-08-12_04-17-13 Episode 2306: New best reward 36.90, training model saved.
2026-08-12_04-18-12 Episode 2379: New best reward 54.90, training model saved.
2026-08-12_04-22-25 Episode 2664: New best reward 102.20, training model saved.
2026-08-12_04-24-09 Episode 2736: New best reward 107.10, training model saved.
2026-08-12_04-25-07 Episode 2778: New best reward 107.30, training model saved.
2026-08-12_04-26-03 Episode 2811: New best reward 113.80, training model saved.
2026-08-12_04-27-37 Episode 2876: New best reward 139.10, training model saved.
2026-08-12_04-30-41 Episode 2982: New best reward 141.30, training model saved.
2026-08-12_04-31-24 Episode 3000: New best greedy reward 264.90, model saved.
2026-08-12_04-32-45 Episode 3041: New best reward 193.30, training model saved.
[worker] done. total trials in study: 200
2026-08-11_07-11-50: Training starting...
Device: cuda
2026-08-11_07-11-57 Episode 0: New best reward -8.10, training model saved.
2026-08-11_07-11-57 Episode 0: New best greedy reward 2.00, model saved.
2026-08-11_07-11-58 Episode 1: New best reward -5.70, training model saved.
2026-08-11_07-12-33 Episode 81: New best reward -2.10, training model saved.
2026-08-11_07-13-05 Episode 162: New best reward -0.30, training model saved.
2026-08-11_07-13-17 Episode 187: New best reward 0.90, training model saved.
2026-08-11_07-13-20 Episode 195: New best reward 2.10, training model saved.
2026-08-11_07-13-26 Episode 211: New best reward 3.30, training model saved.
2026-08-11_07-13-36 Episode 235: New best reward 3.90, training model saved.
2026-08-11_07-13-46 Episode 254: New best reward 4.20, training model saved.
2026-08-11_07-13-59 Episode 287: New best reward 4.60, training model saved.
2026-08-11_07-14-40 Episode 386: New best reward 4.80, training model saved.
2026-08-11_07-14-56 Episode 420: New best reward 6.80, training model saved.
2026-08-11_07-15-07 Episode 447: New best reward 8.40, training model saved.
2026-08-11_07-15-09 Episode 450: New best reward 12.90, training model saved.
2026-08-11_07-27-02 Episode 2000: New best greedy reward 3.90, model saved.
2026-08-11_07-28-04: Training starting...
Device: cuda
2026-08-11_07-28-05 Episode 0: New best reward -8.10, training model saved.
2026-08-11_07-28-05 Episode 0: New best greedy reward 2.00, model saved.
2026-08-11_07-28-05 Episode 1: New best reward -5.70, training model saved.
2026-08-11_07-28-42 Episode 81: New best reward -2.10, training model saved.
2026-08-11_07-28-43 Episode 85: New best reward 0.30, training model saved.
2026-08-11_07-29-14 Episode 162: New best reward 1.50, training model saved.
2026-08-11_07-29-32 Episode 195: New best reward 2.10, training model saved.
2026-08-11_07-29-33 Episode 200: New best reward 3.90, training model saved.
2026-08-11_07-29-59 Episode 254: New best reward 4.10, training model saved.
2026-08-11_07-30-04 Episode 266: New best reward 4.20, training model saved.
2026-08-11_07-30-12 Episode 287: New best reward 4.70, training model saved.
2026-08-11_07-30-33 Episode 327: New best reward 5.00, training model saved.
2026-08-11_07-30-37 Episode 337: New best reward 6.50, training model saved.
2026-08-11_07-30-42 Episode 348: New best reward 8.40, training model saved.
2026-08-11_07-31-13 Episode 414: New best reward 8.70, training model saved.
2026-08-11_07-31-21 Episode 435: New best reward 9.20, training model saved.
2026-08-11_07-31-34 Episode 469: New best reward 9.30, training model saved.
2026-08-11_07-32-54 Episode 643: New best reward 12.90, training model saved.
2026-08-11_07-40-35 Episode 1463: New best reward 13.50, training model saved.
2026-08-11_07-43-06 Episode 1669: New best reward 22.80, training model saved.
2026-08-11_07-44-58 Episode 1810: New best reward 34.10, training model saved.
2026-08-11_07-45-29 Episode 1842: New best reward 43.30, training model saved.
2026-08-11_07-46-51 Episode 1918: New best reward 55.30, training model saved.
2026-08-11_07-48-42 Episode 2000: New best greedy reward 37.20, model saved.
2026-08-11_07-50-12 Episode 2055: New best reward 69.60, training model saved.
2026-08-11_07-50-40 Episode 2065: New best reward 93.20, training model saved.
2026-08-11_07-52-23 Episode 2116: New best reward 112.00, training model saved.
2026-08-11_07-54-21 Episode 2166: New best reward 125.40, training model saved.
2026-08-11_07-55-44 Episode 2197: New best reward 130.90, training model saved.
2026-08-11_07-57-27 Episode 2228: New best reward 167.70, training model saved.
2026-08-11_08-01-09 Episode 2284: New best reward 239.40, training model saved.
2026-08-11_08-03-22 Episode 2313: New best reward 281.70, training model saved.
2026-08-11_08-03-47 Episode 2317: New best reward 289.40, training model saved.
2026-08-11_08-10-59 Episode 2390: New best reward 314.80, training model saved.
2026-08-11_08-14-10 Episode 2424: New best reward 351.30, training model saved.
2026-08-11_08-16-17 Episode 2435: New best reward 580.70, training model saved.
2026-08-11_08-25-23 Episode 2493: New best reward 616.00, training model saved.
2026-08-11_08-33-32 Episode 2537: New best reward 659.20, training model saved.
2026-08-11_08-51-50 Episode 2667: New best reward 883.80, training model saved.
2026-08-11_09-05-50 Episode 2722: New best reward 949.20, training model saved.
2026-08-11_09-07-24 Episode 2725: New best reward 1124.90, training model saved.
2026-08-11_09-11-44 Episode 2749: New best reward 1216.90, training model saved.
2026-08-11_09-54-58 Episode 2912: New best reward 1929.30, training model saved.
2026-08-11_10-01-44: Training starting...
Device: cuda
2026-08-11_10-01-44 Episode 0: New best reward -8.10, training model saved.
2026-08-11_10-01-44 Episode 0: New best greedy reward 2.00, model saved.
2026-08-11_10-01-45 Episode 1: New best reward -5.70, training model saved.
2026-08-11_10-02-18 Episode 81: New best reward -2.10, training model saved.
2026-08-11_10-02-19 Episode 85: New best reward 0.30, training model saved.
2026-08-11_10-02-50 Episode 162: New best reward 1.50, training model saved.
2026-08-11_10-03-00 Episode 187: New best reward 3.90, training model saved.
2026-08-11_10-03-26 Episode 250: New best reward 6.30, training model saved.
2026-08-11_10-04-19 Episode 381: New best reward 8.40, training model saved.
2026-08-11_10-05-05 Episode 489: New best reward 8.70, training model saved.
2026-08-11_10-05-56 Episode 611: New best reward 10.90, training model saved.
2026-08-11_10-06-52 Episode 740: New best reward 13.70, training model saved.
2026-08-11_10-08-56 Episode 1000: New best greedy reward 2.40, model saved.
2026-08-11_10-17-37 Episode 1907: New best reward 15.80, training model saved.
2026-08-11_10-18-10 Episode 1955: New best reward 17.90, training model saved.
2026-08-11_10-18-32 Episode 1988: New best reward 22.80, training model saved.
2026-08-11_10-18-41 Episode 2000: New best greedy reward 6.80, model saved.
2026-08-11_10-19-30 Episode 2062: New best reward 40.90, training model saved.
2026-08-11_10-21-31 Episode 2206: New best reward 53.20, training model saved.
2026-08-11_10-24-36 Episode 2396: New best reward 69.60, training model saved.
2026-08-11_10-32-14 Episode 2771: New best reward 70.00, training model saved.
2026-08-11_10-34-21 Episode 2845: New best reward 113.70, training model saved.
2026-08-11_10-38-43 Episode 3000: New best greedy reward 148.90, model saved.
2026-08-11_10-39-46 Episode 3028: New best reward 125.80, training model saved.
2026-08-11_10-42-35 Episode 3101: New best reward 141.20, training model saved.
2026-08-11_10-43-21 Episode 3119: New best reward 153.60, training model saved.
2026-08-11_10-46-27 Episode 3187: New best reward 209.70, training model saved.
2026-08-11_10-47-34: Training starting...
Device: cuda
2026-08-11_10-47-35 Episode 0: New best reward -8.10, training model saved.
2026-08-11_10-47-35 Episode 0: New best greedy reward 2.00, model saved.
2026-08-11_10-47-35 Episode 1: New best reward -5.70, training model saved.
2026-08-11_10-48-09 Episode 81: New best reward -2.10, training model saved.
2026-08-11_10-49-02 Episode 211: New best reward 2.70, training model saved.
2026-08-11_10-50-05 Episode 360: New best reward 3.90, training model saved.
2026-08-11_10-51-32 Episode 569: New best reward 6.00, training model saved.
2026-08-11_10-52-01 Episode 635: New best reward 6.30, training model saved.
2026-08-11_10-53-41 Episode 874: New best reward 6.80, training model saved.
2026-08-11_10-53-54 Episode 900: New best reward 8.40, training model saved.
2026-08-11_10-56-43 Episode 1298: New best reward 9.20, training model saved.
2026-08-11_10-59-08 Episode 1629: New best reward 12.90, training model saved.
2026-08-11_11-03-40: Training starting...
Device: cuda
2026-08-11_11-03-40 Episode 0: New best reward -8.10, training model saved.
2026-08-11_11-03-40 Episode 0: New best greedy reward 2.00, model saved.
2026-08-11_11-03-41 Episode 1: New best reward -5.70, training model saved.
2026-08-11_11-04-14 Episode 81: New best reward -2.10, training model saved.
2026-08-11_11-05-07 Episode 211: New best reward 1.50, training model saved.
2026-08-11_11-06-08 Episode 359: New best reward 2.10, training model saved.
2026-08-11_11-06-08 Episode 360: New best reward 3.90, training model saved.
2026-08-11_11-06-17 Episode 382: New best reward 4.50, training model saved.
2026-08-11_11-07-03 Episode 494: New best reward 4.60, training model saved.
2026-08-11_11-07-48 Episode 605: New best reward 8.40, training model saved.
2026-08-11_11-08-34 Episode 714: New best reward 11.10, training model saved.
2026-08-11_11-09-29 Episode 834: New best reward 13.00, training model saved.
2026-08-11_11-10-21 Episode 952: New best reward 13.80, training model saved.
2026-08-11_11-11-24 Episode 1079: New best reward 15.40, training model saved.
2026-08-11_11-12-45 Episode 1224: New best reward 15.60, training model saved.
2026-08-11_11-13-21 Episode 1283: New best reward 17.90, training model saved.
2026-08-11_11-13-24 Episode 1287: New best reward 22.40, training model saved.
2026-08-11_11-14-07 Episode 1352: New best reward 27.60, training model saved.
2026-08-11_11-15-44 Episode 1474: New best reward 29.80, training model saved.
2026-08-11_11-16-17 Episode 1505: New best reward 40.90, training model saved.
2026-08-11_11-16-37 Episode 1521: New best reward 57.20, training model saved.
2026-08-11_11-18-29 Episode 1625: New best reward 96.90, training model saved.
2026-08-11_11-20-41 Episode 1699: New best reward 149.00, training model saved.
2026-08-11_11-24-18 Episode 1772: New best reward 188.70, training model saved.
2026-08-11_11-24-41 Episode 1776: New best reward 208.90, training model saved.
2026-08-11_11-29-41 Episode 1873: New best reward 264.90, training model saved.
2026-08-11_11-36-39 Episode 1957: New best reward 302.60, training model saved.
2026-08-11_11-41-55 Episode 2000: New best greedy reward 1609.20, model saved.
2026-08-11_11-44-45 Episode 2026: New best reward 510.80, training model saved.
2026-08-11_11-48-11 Episode 2056: New best reward 569.50, training model saved.
2026-08-11_11-55-38 Episode 2118: New best reward 600.90, training model saved.
2026-08-11_12-03-54 Episode 2162: New best reward 825.70, training model saved.
2026-08-11_12-06-19 Episode 2170: New best reward 922.90, training model saved.
2026-08-11_12-07-42 Episode 2172: New best reward 1154.70, training model saved.
2026-08-11_12-32-45 Episode 2251: New best reward 1286.90, training model saved.
2026-08-11_13-08-44 Episode 2354: New best reward 2106.80, training model saved.
2026-08-11_13-59-03: Training starting...
Device: cuda
2026-08-11_13-59-04 Episode 0: New best reward -8.10, training model saved.
2026-08-11_13-59-04 Episode 0: New best greedy reward 2.00, model saved.
2026-08-11_13-59-04 Episode 1: New best reward -5.70, training model saved.
2026-08-11_13-59-36 Episode 81: New best reward -2.10, training model saved.
2026-08-11_14-01-00 Episode 299: New best reward 1.50, training model saved.
2026-08-11_14-01-26 Episode 360: New best reward 3.90, training model saved.
2026-08-11_14-02-20 Episode 494: New best reward 4.80, training model saved.
2026-08-11_14-05-50 Episode 1000: New best greedy reward 3.90, model saved.
2026-08-11_14-06-26 Episode 1087: New best reward 6.20, training model saved.
2026-08-11_14-07-28 Episode 1231: New best reward 6.80, training model saved.
2026-08-11_14-07-31 Episode 1239: New best reward 8.40, training model saved.
2026-08-11_14-09-30 Episode 1501: New best reward 8.80, training model saved.
2026-08-11_14-11-07 Episode 1699: New best reward 12.90, training model saved.
2026-08-11_14-13-55 Episode 2000: New best greedy reward 6.00, model saved.
2026-08-11_14-14-09 Episode 2026: New best reward 17.90, training model saved.
2026-08-11_14-14-52: Training starting...
Device: cuda
2026-08-11_14-14-53 Episode 0: New best reward -8.10, training model saved.
2026-08-11_14-14-53 Episode 0: New best greedy reward 2.00, model saved.
2026-08-11_14-14-54 Episode 1: New best reward -5.70, training model saved.
2026-08-11_14-15-26 Episode 81: New best reward -2.10, training model saved.
2026-08-11_14-16-18 Episode 211: New best reward 2.70, training model saved.
2026-08-11_14-17-20 Episode 360: New best reward 3.90, training model saved.
2026-08-11_14-17-28 Episode 382: New best reward 5.00, training model saved.
2026-08-11_14-19-12 Episode 634: New best reward 6.00, training model saved.
2026-08-11_14-19-52 Episode 734: New best reward 6.20, training model saved.
2026-08-11_14-20-06 Episode 766: New best reward 8.40, training model saved.
2026-08-11_14-23-45 Episode 1282: New best reward 8.50, training model saved.
2026-08-11_14-24-44 Episode 1408: New best reward 8.70, training model saved.
2026-08-11_14-24-51 Episode 1423: New best reward 8.80, training model saved.
2026-08-11_14-25-17 Episode 1479: New best reward 8.90, training model saved.
2026-08-11_14-26-07 Episode 1579: New best reward 12.90, training model saved.
2026-08-11_14-27-56 Episode 1792: New best reward 13.60, training model saved.
2026-08-11_14-30-32: Training starting...
Device: cuda
2026-08-11_14-30-32 Episode 0: New best reward -8.10, training model saved.
2026-08-11_14-30-33 Episode 0: New best greedy reward 2.00, model saved.
2026-08-11_14-30-33 Episode 1: New best reward -5.70, training model saved.
2026-08-11_14-31-04 Episode 81: New best reward -2.10, training model saved.
2026-08-11_14-32-32 Episode 299: New best reward -0.30, training model saved.
2026-08-11_14-32-57 Episode 358: New best reward 1.50, training model saved.
2026-08-11_14-32-58 Episode 360: New best reward 3.90, training model saved.
2026-08-11_14-34-22 Episode 569: New best reward 4.20, training model saved.
2026-08-11_14-34-41 Episode 617: New best reward 4.80, training model saved.
2026-08-11_14-35-22 Episode 719: New best reward 6.00, training model saved.
2026-08-11_14-35-58 Episode 808: New best reward 8.60, training model saved.
2026-08-11_14-37-31 Episode 1032: New best reward 8.80, training model saved.
2026-08-11_14-38-40 Episode 1202: New best reward 9.10, training model saved.
2026-08-11_14-39-36 Episode 1334: New best reward 15.50, training model saved.
2026-08-11_14-45-54: Training starting...
Device: cuda
2026-08-11_14-45-54 Episode 0: New best reward -8.10, training model saved.
2026-08-11_14-45-54 Episode 0: New best greedy reward 2.00, model saved.
2026-08-11_14-45-55 Episode 1: New best reward -5.70, training model saved.
2026-08-11_14-46-26 Episode 81: New best reward -2.10, training model saved.
2026-08-11_14-47-56 Episode 299: New best reward -0.30, training model saved.
2026-08-11_14-48-24 Episode 358: New best reward 0.90, training model saved.
2026-08-11_14-48-43 Episode 405: New best reward 2.10, training model saved.
2026-08-11_14-50-47 Episode 699: New best reward 2.70, training model saved.
2026-08-11_14-50-49 Episode 703: New best reward 3.90, training model saved.
2026-08-11_14-52-49 Episode 983: New best reward 4.30, training model saved.
2026-08-11_14-55-32 Episode 1373: New best reward 4.40, training model saved.
2026-08-11_14-56-07 Episode 1464: New best reward 4.90, training model saved.
2026-08-11_14-56-18 Episode 1480: New best reward 6.00, training model saved.
2026-08-11_14-57-10 Episode 1612: New best reward 8.60, training model saved.
2026-08-11_14-59-56 Episode 1992: New best reward 9.30, training model saved.
2026-08-11_15-01-20 Episode 2187: New best reward 11.30, training model saved.
2026-08-11_15-02-02: Training starting...
Device: cuda
2026-08-11_15-02-02 Episode 0: New best reward -8.10, training model saved.
2026-08-11_15-02-03 Episode 0: New best greedy reward 2.00, model saved.
2026-08-11_15-02-03 Episode 1: New best reward -5.70, training model saved.
2026-08-11_15-02-36 Episode 81: New best reward -2.10, training model saved.
2026-08-11_15-04-03 Episode 299: New best reward -0.30, training model saved.
2026-08-11_15-04-28 Episode 358: New best reward 1.50, training model saved.
2026-08-11_15-04-46 Episode 405: New best reward 3.90, training model saved.
2026-08-11_15-05-53 Episode 569: New best reward 6.00, training model saved.
2026-08-11_15-09-25 Episode 1083: New best reward 6.80, training model saved.
2026-08-11_15-10-02 Episode 1175: New best reward 8.40, training model saved.
2026-08-11_15-11-00 Episode 1312: New best reward 11.30, training model saved.
2026-08-11_15-16-18 Episode 2079: New best reward 13.50, training model saved.
2026-08-11_15-17-34: Training starting...
Device: cuda
2026-08-11_15-17-34 Episode 0: New best reward -8.10, training model saved.
2026-08-11_15-17-35 Episode 0: New best greedy reward 2.00, model saved.
2026-08-11_15-17-35 Episode 1: New best reward -5.70, training model saved.
2026-08-11_15-18-09 Episode 81: New best reward -2.10, training model saved.
2026-08-11_15-19-39 Episode 299: New best reward -0.30, training model saved.
2026-08-11_15-20-05 Episode 358: New best reward 1.50, training model saved.
2026-08-11_15-20-06 Episode 360: New best reward 3.90, training model saved.
2026-08-11_15-21-04 Episode 494: New best reward 5.00, training model saved.
2026-08-11_15-21-55 Episode 617: New best reward 8.40, training model saved.
2026-08-11_15-24-32 Episode 970: New best reward 12.90, training model saved.
2026-08-11_15-33-32 Episode 2000: New best greedy reward 8.40, model saved.
2026-08-11_15-35-19 Episode 2163: New best reward 15.70, training model saved.
2026-08-11_15-37-10 Episode 2326: New best reward 17.90, training model saved.
2026-08-11_15-37-46 Episode 2377: New best reward 22.40, training model saved.
2026-08-11_15-40-39 Episode 2600: New best reward 22.90, training model saved.
2026-08-11_15-40-59 Episode 2623: New best reward 36.40, training model saved.
2026-08-11_15-44-06 Episode 2845: New best reward 45.90, training model saved.
2026-08-11_15-45-10 Episode 2905: New best reward 59.90, training model saved.
2026-08-11_15-46-38 Episode 3000: New best greedy reward 9.20, model saved.
2026-08-11_15-50-26 Episode 3270: New best reward 83.50, training model saved.
2026-08-11_15-56-46 Episode 3586: New best reward 110.90, training model saved.
2026-08-11_16-02-39 Episode 3775: New best reward 111.10, training model saved.
2026-08-11_16-09-27 Episode 4000: New best greedy reward 33.10, model saved.
2026-08-11_16-10-53 Episode 4034: New best reward 129.90, training model saved.
2026-08-11_16-15-28 Episode 4164: New best reward 213.90, training model saved.
2026-08-11_16-27-53 Episode 4452: New best reward 233.00, training model saved.
2026-08-11_16-49-01 Episode 5000: New best greedy reward 109.30, model saved.
2026-08-11_17-03-26 Episode 5374: New best reward 386.40, training model saved.
2026-08-11_17-11-24 Episode 5504: New best reward 479.90, training model saved.
2026-08-11_17-44-30: Training starting...
Device: cuda
2026-08-11_17-44-31 Episode 0: New best reward -8.10, training model saved.
2026-08-11_17-44-31 Episode 0: New best greedy reward 2.00, model saved.
2026-08-11_17-44-31 Episode 1: New best reward -5.70, training model saved.
2026-08-11_17-45-04 Episode 81: New best reward -2.10, training model saved.
2026-08-11_17-45-06 Episode 85: New best reward 0.30, training model saved.
2026-08-11_17-45-49 Episode 187: New best reward 0.90, training model saved.
2026-08-11_17-45-52 Episode 195: New best reward 2.10, training model saved.
2026-08-11_17-45-54 Episode 200: New best reward 3.90, training model saved.
2026-08-11_17-46-15 Episode 250: New best reward 4.00, training model saved.
2026-08-11_17-46-21 Episode 266: New best reward 4.20, training model saved.
2026-08-11_17-46-31 Episode 290: New best reward 4.40, training model saved.
2026-08-11_17-47-00 Episode 360: New best reward 6.70, training model saved.
2026-08-11_17-47-06 Episode 375: New best reward 6.80, training model saved.
2026-08-11_17-47-14 Episode 396: New best reward 10.50, training model saved.
2026-08-11_17-49-31 Episode 699: New best reward 12.90, training model saved.
2026-08-11_17-50-24 Episode 801: New best reward 15.80, training model saved.
2026-08-11_17-51-27 Episode 910: New best reward 20.80, training model saved.
2026-08-11_17-52-06 Episode 964: New best reward 22.40, training model saved.
2026-08-11_17-52-36 Episode 1003: New best reward 24.70, training model saved.
2026-08-11_17-52-45 Episode 1011: New best reward 36.70, training model saved.
2026-08-11_17-53-57 Episode 1089: New best reward 37.10, training model saved.
2026-08-11_17-54-05 Episode 1096: New best reward 39.30, training model saved.
2026-08-11_17-54-20 Episode 1106: New best reward 48.40, training model saved.
2026-08-11_17-54-31 Episode 1115: New best reward 54.90, training model saved.
2026-08-11_17-54-37 Episode 1119: New best reward 60.00, training model saved.
2026-08-11_17-55-43 Episode 1164: New best reward 62.80, training model saved.
2026-08-11_17-56-03 Episode 1171: New best reward 76.60, training model saved.
2026-08-11_17-58-19 Episode 1254: New best reward 79.60, training model saved.
2026-08-11_17-58-44 Episode 1268: New best reward 85.10, training model saved.
2026-08-11_18-00-01 Episode 1308: New best reward 93.20, training model saved.
2026-08-11_18-01-52 Episode 1369: New best reward 96.90, training model saved.
2026-08-11_18-02-02 Episode 1370: New best reward 129.90, training model saved.
2026-08-11_18-02-20 Episode 1373: New best reward 137.20, training model saved.
2026-08-11_18-04-03 Episode 1420: New best reward 139.70, training model saved.
2026-08-11_18-04-47 Episode 1438: New best reward 163.30, training model saved.
2026-08-11_18-07-22 Episode 1485: New best reward 188.70, training model saved.
2026-08-11_18-07-55 Episode 1494: New best reward 193.30, training model saved.
2026-08-11_18-09-06 Episode 1509: New best reward 208.90, training model saved.
2026-08-11_18-09-52 Episode 1516: New best reward 356.80, training model saved.
2026-08-11_18-19-26 Episode 1646: New best reward 398.60, training model saved.
2026-08-11_18-30-59: Training starting...
Device: cuda
2026-08-11_18-31-00 Episode 0: New best reward -8.10, training model saved.
2026-08-11_18-31-00 Episode 0: New best greedy reward 2.00, model saved.
2026-08-11_18-31-01 Episode 1: New best reward -5.70, training model saved.
2026-08-11_18-31-36 Episode 81: New best reward -2.10, training model saved.
2026-08-11_18-33-08 Episode 299: New best reward -0.30, training model saved.
2026-08-11_18-33-35 Episode 358: New best reward 1.50, training model saved.
2026-08-11_18-33-36 Episode 359: New best reward 2.10, training model saved.
2026-08-11_18-33-36 Episode 360: New best reward 3.90, training model saved.
2026-08-11_18-33-45 Episode 382: New best reward 4.80, training model saved.
2026-08-11_18-35-30 Episode 623: New best reward 4.90, training model saved.
2026-08-11_18-36-07 Episode 708: New best reward 8.40, training model saved.
2026-08-11_18-36-15 Episode 726: New best reward 8.70, training model saved.
2026-08-11_18-36-42 Episode 786: New best reward 11.20, training model saved.
2026-08-11_18-42-21 Episode 1440: New best reward 15.80, training model saved.
2026-08-11_18-44-13 Episode 1608: New best reward 22.40, training model saved.
2026-08-11_18-46-12 Episode 1769: New best reward 22.70, training model saved.
2026-08-11_18-46-14 Episode 1770: New best reward 27.80, training model saved.
2026-08-11_18-47-49 Episode 1873: New best reward 45.90, training model saved.
2026-08-11_18-49-05 Episode 1946: New best reward 64.90, training model saved.
2026-08-11_18-50-15 Episode 1999: New best reward 82.90, training model saved.
2026-08-11_18-50-20 Episode 2000: New best greedy reward 68.90, model saved.
2026-08-11_18-53-37 Episode 2102: New best reward 85.70, training model saved.
2026-08-11_18-54-49 Episode 2134: New best reward 118.60, training model saved.
2026-08-11_18-55-56 Episode 2158: New best reward 172.90, training model saved.
2026-08-11_18-56-16 Episode 2161: New best reward 197.20, training model saved.
2026-08-11_19-09-43 Episode 2459: New best reward 274.40, training model saved.
2026-08-11_19-20-15: Training starting...
Device: cuda
2026-08-11_19-20-15 Episode 0: New best reward -8.10, training model saved.
2026-08-11_19-20-15 Episode 0: New best greedy reward 2.00, model saved.
2026-08-11_19-20-16 Episode 1: New best reward -5.70, training model saved.
2026-08-11_19-20-47 Episode 81: New best reward -2.10, training model saved.
2026-08-11_19-22-15 Episode 299: New best reward -0.30, training model saved.
2026-08-11_19-22-40 Episode 358: New best reward 1.50, training model saved.
2026-08-11_19-22-41 Episode 360: New best reward 3.90, training model saved.
2026-08-11_19-23-35 Episode 494: New best reward 5.00, training model saved.
2026-08-11_19-24-48 Episode 675: New best reward 8.70, training model saved.
2026-08-11_19-25-46 Episode 810: New best reward 10.60, training model saved.
2026-08-11_19-30-56 Episode 1544: New best reward 11.20, training model saved.
2026-08-11_19-32-08 Episode 1699: New best reward 12.90, training model saved.
2026-08-11_19-32-43 Episode 1761: New best reward 13.60, training model saved.
2026-08-11_19-32-51 Episode 1775: New best reward 16.10, training model saved.
2026-08-11_19-33-39 Episode 1861: New best reward 18.10, training model saved.
2026-08-11_19-33-44 Episode 1867: New best reward 22.70, training model saved.
2026-08-11_19-35-08 Episode 2000: New best greedy reward 6.70, model saved.
2026-08-11_19-35-44: Training starting...
Device: cuda
2026-08-11_19-35-44 Episode 0: New best reward -8.10, training model saved.
2026-08-11_19-35-44 Episode 0: New best greedy reward 2.00, model saved.
2026-08-11_19-35-45 Episode 1: New best reward -5.70, training model saved.
2026-08-11_19-36-18 Episode 81: New best reward -2.10, training model saved.
2026-08-11_19-36-20 Episode 85: New best reward 0.30, training model saved.
2026-08-11_19-37-01 Episode 187: New best reward 0.90, training model saved.
2026-08-11_19-37-11 Episode 211: New best reward 3.30, training model saved.
2026-08-11_19-37-20 Episode 235: New best reward 3.90, training model saved.
2026-08-11_19-38-01 Episode 329: New best reward 4.20, training model saved.
2026-08-11_19-38-02 Episode 330: New best reward 9.10, training model saved.
2026-08-11_19-39-36 Episode 552: New best reward 12.90, training model saved.
2026-08-11_19-45-01 Episode 1273: New best reward 15.80, training model saved.
2026-08-11_19-45-14 Episode 1298: New best reward 18.60, training model saved.
2026-08-11_19-45-32 Episode 1328: New best reward 25.20, training model saved.
2026-08-11_19-47-20 Episode 1503: New best reward 29.80, training model saved.
2026-08-11_19-49-52 Episode 1735: New best reward 32.20, training model saved.
2026-08-11_19-53-14 Episode 2000: New best greedy reward 28.00, model saved.
2026-08-11_19-54-10 Episode 2059: New best reward 34.80, training model saved.
2026-08-11_19-54-17 Episode 2066: New best reward 38.90, training model saved.
2026-08-11_19-54-43 Episode 2093: New best reward 52.70, training model saved.
2026-08-11_19-55-05 Episode 2116: New best reward 55.80, training model saved.
2026-08-11_19-55-33 Episode 2140: New best reward 57.20, training model saved.
2026-08-11_19-56-29 Episode 2180: New best reward 64.40, training model saved.
2026-08-11_19-57-34 Episode 2220: New best reward 65.20, training model saved.
2026-08-11_19-58-17 Episode 2247: New best reward 84.10, training model saved.
2026-08-11_19-58-23 Episode 2248: New best reward 87.90, training model saved.
2026-08-11_19-59-13 Episode 2274: New best reward 93.40, training model saved.
2026-08-11_20-00-04 Episode 2293: New best reward 110.90, training model saved.
2026-08-11_20-01-43 Episode 2339: New best reward 169.50, training model saved.
2026-08-11_20-06-52 Episode 2449: New best reward 172.70, training model saved.
2026-08-11_20-08-58 Episode 2487: New best reward 223.70, training model saved.
2026-08-11_20-09-41 Episode 2495: New best reward 307.90, training model saved.
2026-08-11_20-10-34 Episode 2506: New best reward 359.40, training model saved.
2026-08-11_20-22-52: Training starting...
Device: cuda
2026-08-11_20-22-52 Episode 0: New best reward -8.10, training model saved.
2026-08-11_20-22-52 Episode 0: New best greedy reward 2.00, model saved.
2026-08-11_20-22-53 Episode 1: New best reward -5.70, training model saved.
2026-08-11_20-23-28 Episode 81: New best reward -2.10, training model saved.
2026-08-11_20-24-59 Episode 299: New best reward 0.90, training model saved.
2026-08-11_20-25-26 Episode 358: New best reward 1.50, training model saved.
2026-08-11_20-25-27 Episode 360: New best reward 3.90, training model saved.
2026-08-11_20-25-35 Episode 382: New best reward 4.50, training model saved.
2026-08-11_20-27-24 Episode 634: New best reward 4.90, training model saved.
2026-08-11_20-27-25 Episode 636: New best reward 8.40, training model saved.
2026-08-11_20-28-04 Episode 725: New best reward 8.70, training model saved.
2026-08-11_20-32-29 Episode 1296: New best reward 8.80, training model saved.
2026-08-11_20-33-01 Episode 1355: New best reward 12.90, training model saved.
2026-08-11_20-36-12 Episode 1694: New best reward 13.40, training model saved.
2026-08-11_20-36-32 Episode 1722: New best reward 13.60, training model saved.
2026-08-11_20-36-56 Episode 1765: New best reward 15.80, training model saved.
2026-08-11_20-38-39 Episode 1917: New best reward 22.40, training model saved.
2026-08-11_20-39-36 Episode 2000: New best greedy reward 6.60, model saved.
2026-08-11_20-41-55 Episode 2191: New best reward 22.80, training model saved.
2026-08-11_20-42-02 Episode 2200: New best reward 29.10, training model saved.
2026-08-11_20-42-25 Episode 2225: New best reward 31.90, training model saved.
2026-08-11_20-43-14 Episode 2272: New best reward 46.90, training model saved.
2026-08-11_20-44-21 Episode 2337: New best reward 51.20, training model saved.
2026-08-11_20-47-58 Episode 2535: New best reward 68.90, training model saved.
2026-08-11_20-49-17 Episode 2589: New best reward 73.90, training model saved.
2026-08-11_20-51-34 Episode 2662: New best reward 79.20, training model saved.
2026-08-11_20-51-45 Episode 2665: New best reward 104.80, training model saved.
2026-08-11_20-52-36 Episode 2683: New best reward 127.20, training model saved.
2026-08-11_20-53-09 Episode 2698: New best reward 134.40, training model saved.
2026-08-11_20-55-38 Episode 2750: New best reward 149.10, training model saved.
2026-08-11_20-57-00 Episode 2768: New best reward 241.90, training model saved.
2026-08-11_20-58-36 Episode 2795: New best reward 246.40, training model saved.
2026-08-11_21-07-22 Episode 2901: New best reward 454.80, training model saved.
2026-08-11_21-09-20 Episode 2912: New best reward 493.90, training model saved.
2026-08-11_21-16-19 Episode 2981: New best reward 501.30, training model saved.
2026-08-11_21-18-25 Episode 3000: New best greedy reward 390.90, model saved.
2026-08-11_21-25-29 Episode 3074: New best reward 750.40, training model saved.
2026-08-11_22-09-10 Episode 3534: New best reward 760.70, training model saved.
2026-08-11_22-56-07: Training starting...
Device: cuda
2026-08-11_22-56-07 Episode 0: New best reward -8.10, training model saved.
2026-08-11_22-56-08 Episode 0: New best greedy reward 2.00, model saved.
2026-08-11_22-56-08 Episode 1: New best reward -5.70, training model saved.
2026-08-11_22-56-41 Episode 81: New best reward -2.10, training model saved.
2026-08-11_22-58-11 Episode 299: New best reward -0.30, training model saved.
2026-08-11_22-58-36 Episode 358: New best reward 0.90, training model saved.
2026-08-11_22-58-54 Episode 405: New best reward 2.10, training model saved.
2026-08-11_22-59-04 Episode 423: New best reward 3.90, training model saved.
2026-08-11_23-00-02 Episode 569: New best reward 4.00, training model saved.
2026-08-11_23-00-59 Episode 703: New best reward 4.40, training model saved.
2026-08-11_23-01-11 Episode 734: New best reward 4.50, training model saved.
2026-08-11_23-01-43 Episode 810: New best reward 6.00, training model saved.
2026-08-11_23-01-59 Episode 844: New best reward 6.50, training model saved.
2026-08-11_23-04-56 Episode 1269: New best reward 6.80, training model saved.
2026-08-11_23-05-53 Episode 1399: New best reward 7.80, training model saved.
2026-08-11_23-06-17 Episode 1455: New best reward 8.40, training model saved.
2026-08-11_23-09-09 Episode 1818: New best reward 8.70, training model saved.
2026-08-11_23-09-10 Episode 1821: New best reward 8.80, training model saved.
2026-08-11_23-09-23 Episode 1839: New best reward 11.00, training model saved.
2026-08-11_23-10-08 Episode 1925: New best reward 12.90, training model saved.
2026-08-11_23-10-48 Episode 2000: New best greedy reward 4.60, model saved.
2026-08-11_23-12-06: Training starting...
Device: cuda
2026-08-11_23-12-07 Episode 0: New best reward -8.10, training model saved.
2026-08-11_23-12-07 Episode 0: New best greedy reward 2.00, model saved.
2026-08-11_23-12-08 Episode 1: New best reward -5.70, training model saved.
2026-08-11_23-12-44 Episode 81: New best reward -2.10, training model saved.
2026-08-11_23-12-45 Episode 85: New best reward 0.30, training model saved.
2026-08-11_23-13-34 Episode 195: New best reward 2.10, training model saved.
2026-08-11_23-13-40 Episode 211: New best reward 3.30, training model saved.
2026-08-11_23-13-53 Episode 243: New best reward 3.90, training model saved.
2026-08-11_23-14-15 Episode 286: New best reward 4.10, training model saved.
2026-08-11_23-14-16 Episode 287: New best reward 4.20, training model saved.
2026-08-11_23-14-37 Episode 329: New best reward 4.30, training model saved.
2026-08-11_23-14-38 Episode 330: New best reward 6.60, training model saved.
2026-08-11_23-14-41 Episode 337: New best reward 8.40, training model saved.
2026-08-11_23-19-50 Episode 1001: New best reward 8.50, training model saved.
2026-08-11_23-20-26 Episode 1070: New best reward 10.80, training model saved.
2026-08-11_23-21-25 Episode 1178: New best reward 11.20, training model saved.
2026-08-11_23-22-28 Episode 1297: New best reward 13.70, training model saved.
2026-08-11_23-23-30 Episode 1391: New best reward 15.50, training model saved.
2026-08-11_23-23-40 Episode 1407: New best reward 15.80, training model saved.
2026-08-11_23-24-34 Episode 1476: New best reward 26.90, training model saved.
2026-08-11_23-25-44 Episode 1561: New best reward 46.60, training model saved.
2026-08-11_23-28-16 Episode 1703: New best reward 53.30, training model saved.
2026-08-11_23-29-17 Episode 1749: New best reward 68.90, training model saved.
2026-08-11_23-33-44 Episode 1938: New best reward 85.60, training model saved.
2026-08-11_23-35-25 Episode 2000: New best greedy reward 59.90, model saved.
2026-08-11_23-36-13 Episode 2026: New best reward 95.10, training model saved.
2026-08-11_23-36-41 Episode 2041: New best reward 107.50, training model saved.
2026-08-11_23-40-54 Episode 2148: New best reward 120.40, training model saved.
2026-08-11_23-41-05 Episode 2150: New best reward 132.20, training model saved.
2026-08-11_23-42-46 Episode 2178: New best reward 146.80, training model saved.
2026-08-11_23-44-42 Episode 2212: New best reward 162.60, training model saved.
2026-08-11_23-44-54 Episode 2213: New best reward 174.80, training model saved.
2026-08-11_23-48-04 Episode 2258: New best reward 253.80, training model saved.
2026-08-11_23-54-25 Episode 2373: New best reward 288.80, training model saved.
2026-08-11_23-58-19 Episode 2425: New best reward 309.70, training model saved.
2026-08-12_00-03-08: Training starting...
Device: cuda
2026-08-12_00-03-09 Episode 0: New best reward -8.10, training model saved.
2026-08-12_00-03-09 Episode 0: New best greedy reward 2.00, model saved.
2026-08-12_00-03-09 Episode 1: New best reward -5.70, training model saved.
2026-08-12_00-03-42 Episode 81: New best reward -2.10, training model saved.
2026-08-12_00-04-25 Episode 187: New best reward 0.30, training model saved.
2026-08-12_00-04-28 Episode 195: New best reward 2.10, training model saved.
2026-08-12_00-04-34 Episode 211: New best reward 3.30, training model saved.
2026-08-12_00-04-43 Episode 235: New best reward 3.90, training model saved.
2026-08-12_00-05-27 Episode 339: New best reward 6.00, training model saved.
2026-08-12_00-05-40 Episode 372: New best reward 6.20, training model saved.
2026-08-12_00-05-57 Episode 411: New best reward 9.00, training model saved.
2026-08-12_00-06-14 Episode 451: New best reward 10.50, training model saved.
2026-08-12_00-07-29 Episode 628: New best reward 11.10, training model saved.
2026-08-12_00-09-40 Episode 935: New best reward 12.90, training model saved.
2026-08-12_00-13-47 Episode 1458: New best reward 13.40, training model saved.
2026-08-12_00-18-29 Episode 2000: New best greedy reward 6.20, model saved.
2026-08-12_00-18-53 Episode 2038: New best reward 17.90, training model saved.
2026-08-12_00-28-04 Episode 2929: New best reward 22.70, training model saved.
2026-08-12_00-28-53 Episode 3000: New best greedy reward 9.10, model saved.
2026-08-12_00-30-17 Episode 3116: New best reward 25.10, training model saved.
2026-08-12_00-30-26 Episode 3127: New best reward 29.60, training model saved.
2026-08-12_00-33-56 Episode 3398: New best reward 41.10, training model saved.
2026-08-12_00-34-32 Episode 3445: New best reward 48.70, training model saved.
2026-08-12_00-39-16 Episode 3748: New best reward 51.10, training model saved.
2026-08-12_00-41-49 Episode 3895: New best reward 53.20, training model saved.
2026-08-12_00-42-21 Episode 3916: New best reward 65.50, training model saved.
2026-08-12_00-42-45 Episode 3932: New best reward 78.60, training model saved.
2026-08-12_00-44-10 Episode 4000: New best greedy reward 50.40, model saved.
2026-08-12_00-44-21 Episode 4005: New best reward 97.90, training model saved.
2026-08-12_00-49-32: Training starting...
Device: cuda
2026-08-12_00-49-33 Episode 0: New best reward -8.10, training model saved.
2026-08-12_00-49-33 Episode 0: New best greedy reward 2.00, model saved.
2026-08-12_00-49-33 Episode 1: New best reward -5.70, training model saved.
2026-08-12_00-50-06 Episode 81: New best reward -2.10, training model saved.
2026-08-12_00-50-07 Episode 85: New best reward 0.30, training model saved.
2026-08-12_00-50-49 Episode 187: New best reward 2.70, training model saved.
2026-08-12_00-50-54 Episode 200: New best reward 3.90, training model saved.
2026-08-12_00-51-15 Episode 250: New best reward 6.60, training model saved.
2026-08-12_00-51-33 Episode 296: New best reward 8.50, training model saved.
2026-08-12_00-52-31 Episode 432: New best reward 10.50, training model saved.
2026-08-12_00-57-01 Episode 1000: New best greedy reward 8.70, model saved.
2026-08-12_00-59-25 Episode 1232: New best reward 11.30, training model saved.
2026-08-12_00-59-46 Episode 1262: New best reward 20.20, training model saved.
2026-08-12_01-00-19 Episode 1305: New best reward 39.30, training model saved.
2026-08-12_01-03-23 Episode 1517: New best reward 41.60, training model saved.
2026-08-12_01-03-28 Episode 1519: New best reward 50.40, training model saved.
2026-08-12_01-04-00 Episode 1543: New best reward 57.40, training model saved.
2026-08-12_01-04-12 Episode 1548: New best reward 67.20, training model saved.
2026-08-12_01-04-35 Episode 1563: New best reward 68.90, training model saved.
2026-08-12_01-04-59 Episode 1569: New best reward 141.40, training model saved.
2026-08-12_01-09-53 Episode 1717: New best reward 162.40, training model saved.
2026-08-12_01-12-09 Episode 1765: New best reward 163.50, training model saved.
2026-08-12_01-15-11 Episode 1820: New best reward 246.40, training model saved.
2026-08-12_01-19-21 Episode 1894: New best reward 293.70, training model saved.
2026-08-12_01-25-00 Episode 2000: New best greedy reward 34.80, model saved.
2026-08-12_01-34-37 Episode 2201: New best reward 306.90, training model saved.
2026-08-12_01-35-43: Training starting...
Device: cuda
2026-08-12_01-35-44 Episode 0: New best reward -8.10, training model saved.
2026-08-12_01-35-44 Episode 0: New best greedy reward 2.00, model saved.
2026-08-12_01-35-44 Episode 1: New best reward -5.70, training model saved.
2026-08-12_01-36-18 Episode 81: New best reward -2.10, training model saved.
2026-08-12_01-37-49 Episode 299: New best reward 0.90, training model saved.
2026-08-12_01-38-15 Episode 358: New best reward 1.50, training model saved.
2026-08-12_01-38-16 Episode 360: New best reward 3.90, training model saved.
2026-08-12_01-39-44 Episode 569: New best reward 4.40, training model saved.
2026-08-12_01-40-24 Episode 660: New best reward 4.60, training model saved.
2026-08-12_01-40-31 Episode 676: New best reward 6.60, training model saved.
2026-08-12_01-40-54 Episode 732: New best reward 8.40, training model saved.
2026-08-12_01-41-51 Episode 865: New best reward 8.70, training model saved.
2026-08-12_01-42-26 Episode 948: New best reward 9.10, training model saved.
2026-08-12_01-44-16 Episode 1195: New best reward 10.70, training model saved.
2026-08-12_01-45-09 Episode 1302: New best reward 10.90, training model saved.
2026-08-12_01-45-10 Episode 1304: New best reward 11.30, training model saved.
2026-08-12_01-45-37 Episode 1355: New best reward 12.90, training model saved.
2026-08-12_01-48-26 Episode 1668: New best reward 13.00, training model saved.
2026-08-12_01-48-30 Episode 1675: New best reward 17.90, training model saved.
2026-08-12_01-48-35 Episode 1684: New best reward 20.40, training model saved.
2026-08-12_01-49-09 Episode 1741: New best reward 22.40, training model saved.
2026-08-12_01-51-58 Episode 2000: New best greedy reward 11.20, model saved.
2026-08-12_01-52-37 Episode 2053: New best reward 23.20, training model saved.
2026-08-12_01-53-18 Episode 2104: New best reward 34.70, training model saved.
2026-08-12_01-54-28 Episode 2185: New best reward 50.40, training model saved.
2026-08-12_01-56-40 Episode 2298: New best reward 55.60, training model saved.
2026-08-12_01-58-23 Episode 2376: New best reward 64.40, training model saved.
2026-08-12_01-59-24 Episode 2416: New best reward 83.50, training model saved.
2026-08-12_02-01-45 Episode 2484: New best reward 109.30, training model saved.
2026-08-12_02-01-53 Episode 2485: New best reward 111.70, training model saved.
2026-08-12_02-03-39 Episode 2526: New best reward 120.70, training model saved.
2026-08-12_02-04-16 Episode 2533: New best reward 134.40, training model saved.
2026-08-12_02-05-43 Episode 2557: New best reward 201.00, training model saved.
2026-08-12_02-06-16 Episode 2563: New best reward 260.40, training model saved.
2026-08-12_02-10-46 Episode 2632: New best reward 311.90, training model saved.
2026-08-12_02-12-50 Episode 2650: New best reward 351.30, training model saved.
2026-08-12_02-17-28 Episode 2685: New best reward 419.60, training model saved.
2026-08-12_02-23-41 Episode 2725: New best reward 545.80, training model saved.
2026-08-12_02-26-33 Episode 2735: New best reward 561.10, training model saved.
2026-08-12_02-29-10 Episode 2744: New best reward 575.40, training model saved.
2026-08-12_02-31-36 Episode 2750: New best reward 599.20, training model saved.
2026-08-12_02-35-07 Episode 2766: New best reward 950.90, training model saved.
2026-08-12_02-53-51 Episode 2835: New best reward 1175.00, training model saved.
2026-08-12_03-01-22 Episode 2858: New best reward 1296.40, training model saved.
2026-08-12_03-17-20 Episode 2895: New best reward 1534.40, training model saved.
2026-08-12_03-27-21 Episode 2915: New best reward 1606.90, training model saved.
2026-08-12_03-39-31 Episode 2934: New best reward 3708.90, training model saved.
2026-08-12_03-57-16: Training starting...
Device: cuda
2026-08-12_03-57-16 Episode 0: New best reward -8.10, training model saved.
2026-08-12_03-57-17 Episode 0: New best greedy reward 2.00, model saved.
2026-08-12_03-57-17 Episode 1: New best reward -5.70, training model saved.
2026-08-12_03-57-50 Episode 81: New best reward -2.10, training model saved.
2026-08-12_03-58-42 Episode 211: New best reward 2.70, training model saved.
2026-08-12_03-58-51 Episode 235: New best reward 3.90, training model saved.
2026-08-12_03-59-12 Episode 287: New best reward 4.20, training model saved.
2026-08-12_03-59-29 Episode 329: New best reward 4.30, training model saved.
2026-08-12_03-59-34 Episode 341: New best reward 4.40, training model saved.
2026-08-12_03-59-40 Episode 356: New best reward 5.00, training model saved.
2026-08-12_03-59-52 Episode 390: New best reward 6.50, training model saved.
2026-08-12_04-00-50 Episode 529: New best reward 8.40, training model saved.
2026-08-12_04-01-39 Episode 646: New best reward 8.60, training model saved.
2026-08-12_04-02-18 Episode 735: New best reward 9.40, training model saved.
2026-08-12_04-02-53 Episode 816: New best reward 12.90, training model saved.
2026-08-12_04-04-57 Episode 1103: New best reward 15.80, training model saved.
2026-08-12_04-12-23 Episode 2000: New best greedy reward 4.90, model saved.
2026-08-12_04-16-20 Episode 2422: New best reward 18.50, training model saved.
2026-08-12_04-20-44 Episode 2854: New best reward 20.40, training model saved.
2026-08-12_04-22-12 Episode 3000: New best greedy reward 6.70, model saved.
2026-08-12_04-25-34 Episode 3306: New best reward 20.70, training model saved.
2026-08-12_04-26-05 Episode 3351: New best reward 23.10, training model saved.
2026-08-12_04-26-35 Episode 3396: New best reward 27.60, training model saved.
2026-08-12_04-26-50 Episode 3415: New best reward 27.90, training model saved.
2026-08-12_04-32-33 Episode 3902: New best reward 29.10, training model saved.
2026-08-12_04-34-10 Episode 4029: New best reward 31.90, training model saved.
2026-08-12_04-35-00 Episode 4092: New best reward 41.70, training model saved.
2026-08-12_04-37-45 Episode 4293: New best reward 51.10, training model saved.
2026-08-12_04-40-29 Episode 4444: New best reward 55.00, training model saved.
2026-08-12_04-41-57 Episode 4516: New best reward 92.90, training model saved.
[worker] done. total trials in study: 200
2026-08-11_07-11-50: Training starting...
Device: cuda
2026-08-11_07-11-57 Episode 0: New best reward -8.10, training model saved.
2026-08-11_07-11-57 Episode 0: New best greedy reward 2.00, model saved.
2026-08-11_07-11-58 Episode 1: New best reward -5.70, training model saved.
2026-08-11_07-12-33 Episode 81: New best reward -2.10, training model saved.
2026-08-11_07-14-02 Episode 299: New best reward -0.30, training model saved.
2026-08-11_07-14-27 Episode 358: New best reward 1.50, training model saved.
2026-08-11_07-14-28 Episode 360: New best reward 3.90, training model saved.
2026-08-11_07-15-24 Episode 494: New best reward 5.00, training model saved.
2026-08-11_07-16-40 Episode 677: New best reward 6.10, training model saved.
2026-08-11_07-17-03 Episode 734: New best reward 8.40, training model saved.
2026-08-11_07-17-53 Episode 852: New best reward 10.50, training model saved.
2026-08-11_07-20-02 Episode 1148: New best reward 11.10, training model saved.
2026-08-11_07-20-22 Episode 1193: New best reward 12.90, training model saved.
2026-08-11_07-22-12 Episode 1412: New best reward 13.00, training model saved.
2026-08-11_07-22-24 Episode 1434: New best reward 15.50, training model saved.
2026-08-11_07-26-49 Episode 1909: New best reward 17.90, training model saved.
2026-08-11_07-27-27 Episode 1973: New best reward 18.40, training model saved.
2026-08-11_07-27-43 Episode 2000: New best greedy reward 6.70, model saved.
2026-08-11_07-28-31 Episode 2074: New best reward 18.50, training model saved.
2026-08-11_07-29-28 Episode 2159: New best reward 20.60, training model saved.
2026-08-11_07-30-00 Episode 2205: New best reward 22.50, training model saved.
2026-08-11_07-30-02 Episode 2206: New best reward 27.30, training model saved.
2026-08-11_07-32-39 Episode 2429: New best reward 32.60, training model saved.
2026-08-11_07-33-51 Episode 2516: New best reward 36.40, training model saved.
2026-08-11_07-35-15 Episode 2605: New best reward 39.10, training model saved.
2026-08-11_07-35-36 Episode 2625: New best reward 62.80, training model saved.
2026-08-11_07-37-32 Episode 2716: New best reward 101.90, training model saved.
2026-08-11_07-40-45 Episode 2831: New best reward 122.70, training model saved.
2026-08-11_07-45-39 Episode 2960: New best reward 132.40, training model saved.
2026-08-11_07-47-39 Episode 2999: New best reward 148.40, training model saved.
2026-08-11_07-47-49 Episode 3000: New best greedy reward 160.80, model saved.
2026-08-11_07-53-22 Episode 3110: New best reward 153.60, training model saved.
2026-08-11_07-54-15 Episode 3117: New best reward 398.10, training model saved.
2026-08-11_07-59-16: Training starting...
Device: cuda
2026-08-11_07-59-17 Episode 0: New best reward -8.10, training model saved.
2026-08-11_07-59-17 Episode 0: New best greedy reward 2.00, model saved.
2026-08-11_07-59-18 Episode 1: New best reward -5.70, training model saved.
2026-08-11_07-59-49 Episode 81: New best reward -2.10, training model saved.
2026-08-11_08-00-35 Episode 187: New best reward 0.30, training model saved.
2026-08-11_08-00-44 Episode 211: New best reward 0.90, training model saved.
2026-08-11_08-00-54 Episode 235: New best reward 3.90, training model saved.
2026-08-11_08-01-54 Episode 382: New best reward 5.00, training model saved.
2026-08-11_08-03-37 Episode 636: New best reward 6.10, training model saved.
2026-08-11_08-04-06 Episode 702: New best reward 6.30, training model saved.
2026-08-11_08-04-16 Episode 726: New best reward 6.40, training model saved.
2026-08-11_08-04-59 Episode 827: New best reward 10.60, training model saved.
2026-08-11_08-08-00 Episode 1270: New best reward 11.00, training model saved.
2026-08-11_08-11-25 Episode 1733: New best reward 11.10, training model saved.
2026-08-11_08-14-47 Episode 2152: New best reward 15.30, training model saved.
2026-08-11_08-17-21 Episode 2448: New best reward 17.90, training model saved.
2026-08-11_08-22-30 Episode 3000: New best greedy reward 8.90, model saved.
2026-08-11_08-23-23 Episode 3086: New best reward 18.00, training model saved.
2026-08-11_08-26-48 Episode 3430: New best reward 24.90, training model saved.
2026-08-11_08-35-00 Episode 4172: New best reward 36.80, training model saved.
2026-08-11_08-44-55 Episode 4953: New best reward 51.00, training model saved.
2026-08-11_08-45-34 Episode 5000: New best greedy reward 22.40, model saved.
2026-08-11_08-51-17 Episode 5386: New best reward 79.10, training model saved.
2026-08-11_08-59-57 Episode 5856: New best reward 90.80, training model saved.
2026-08-11_09-00-04 Episode 5858: New best reward 93.10, training model saved.
2026-08-11_09-03-18 Episode 6000: New best greedy reward 53.20, model saved.
2026-08-11_09-09-42 Episode 6255: New best reward 95.00, training model saved.
2026-08-11_09-13-39 Episode 6400: New best reward 99.20, training model saved.
2026-08-11_09-13-49 Episode 6403: New best reward 107.10, training model saved.
2026-08-11_09-15-48 Episode 6458: New best reward 125.50, training model saved.
2026-08-11_09-19-17 Episode 6547: New best reward 139.00, training model saved.
2026-08-11_09-22-04 Episode 6614: New best reward 154.10, training model saved.
2026-08-11_09-26-09 Episode 6715: New best reward 183.50, training model saved.
2026-08-11_09-29-24 Episode 6790: New best reward 209.70, training model saved.
2026-08-11_09-41-07 Episode 6996: New best reward 351.60, training model saved.
2026-08-11_09-41-24 Episode 7000: New best greedy reward 95.30, model saved.
2026-08-11_09-44-20 Episode 7038: New best reward 404.90, training model saved.
2026-08-11_10-02-18 Episode 7265: New best reward 409.90, training model saved.
2026-08-11_10-03-30 Episode 7276: New best reward 415.00, training model saved.
2026-08-11_10-11-20 Episode 7347: New best reward 487.30, training model saved.
2026-08-11_10-14-07 Episode 7371: New best reward 601.70, training model saved.
2026-08-11_10-16-09 Episode 7384: New best reward 639.60, training model saved.
2026-08-11_10-24-16: Training starting...
Device: cuda
2026-08-11_10-24-17 Episode 0: New best reward -8.10, training model saved.
2026-08-11_10-24-17 Episode 0: New best greedy reward 2.00, model saved.
2026-08-11_10-24-18 Episode 1: New best reward -5.70, training model saved.
2026-08-11_10-24-54 Episode 81: New best reward -2.10, training model saved.
2026-08-11_10-26-28 Episode 299: New best reward 0.30, training model saved.
2026-08-11_10-26-55 Episode 358: New best reward 1.50, training model saved.
2026-08-11_10-26-56 Episode 360: New best reward 3.90, training model saved.
2026-08-11_10-27-05 Episode 382: New best reward 4.80, training model saved.
2026-08-11_10-29-34 Episode 720: New best reward 8.40, training model saved.
2026-08-11_10-31-18 Episode 951: New best reward 8.70, training model saved.
2026-08-11_10-32-17 Episode 1075: New best reward 9.00, training model saved.
2026-08-11_10-32-22 Episode 1086: New best reward 13.80, training model saved.
2026-08-11_10-38-28 Episode 1797: New best reward 15.70, training model saved.
2026-08-11_10-40-24 Episode 2000: New best greedy reward 4.90, model saved.
2026-08-11_10-41-04 Episode 2068: New best reward 20.10, training model saved.
2026-08-11_10-42-38 Episode 2215: New best reward 20.50, training model saved.
2026-08-11_10-43-14 Episode 2273: New best reward 20.60, training model saved.
2026-08-11_10-43-50 Episode 2332: New best reward 34.60, training model saved.
2026-08-11_10-51-52 Episode 3000: New best reward 34.80, training model saved.
2026-08-11_10-51-53 Episode 3000: New best greedy reward 9.00, model saved.
2026-08-11_10-53-26 Episode 3101: New best reward 54.90, training model saved.
2026-08-11_10-53-51 Episode 3124: New best reward 56.00, training model saved.
2026-08-11_10-54-49 Episode 3175: New best reward 61.10, training model saved.
2026-08-11_11-00-45 Episode 3455: New best reward 92.50, training model saved.
2026-08-11_11-02-24 Episode 3519: New best reward 93.10, training model saved.
2026-08-11_11-02-47 Episode 3526: New best reward 93.60, training model saved.
2026-08-11_11-03-20 Episode 3539: New best reward 110.90, training model saved.
2026-08-11_11-07-10 Episode 3666: New best reward 148.40, training model saved.
2026-08-11_11-12-36 Episode 3786: New best reward 190.70, training model saved.
2026-08-11_11-13-46: Training starting...
Device: cuda
2026-08-11_11-13-47 Episode 0: New best reward -8.10, training model saved.
2026-08-11_11-13-47 Episode 0: New best greedy reward 2.00, model saved.
2026-08-11_11-13-47 Episode 1: New best reward -5.70, training model saved.
2026-08-11_11-14-20 Episode 81: New best reward -2.10, training model saved.
2026-08-11_11-15-48 Episode 299: New best reward -0.30, training model saved.
2026-08-11_11-16-13 Episode 358: New best reward 1.50, training model saved.
2026-08-11_11-16-14 Episode 360: New best reward 3.90, training model saved.
2026-08-11_11-16-22 Episode 382: New best reward 4.50, training model saved.
2026-08-11_11-18-00 Episode 617: New best reward 6.00, training model saved.
2026-08-11_11-19-18 Episode 810: New best reward 8.40, training model saved.
2026-08-11_11-24-21 Episode 1510: New best reward 12.90, training model saved.
2026-08-11_11-25-11 Episode 1611: New best reward 13.50, training model saved.
2026-08-11_11-27-04 Episode 1822: New best reward 13.60, training model saved.
2026-08-11_11-28-06 Episode 1931: New best reward 22.40, training model saved.
2026-08-11_11-28-46 Episode 2000: New best greedy reward 4.60, model saved.
2026-08-11_11-29-43 Episode 2079: New best reward 28.00, training model saved.
2026-08-11_11-30-12 Episode 2118: New best reward 43.50, training model saved.
2026-08-11_11-31-25 Episode 2202: New best reward 50.40, training model saved.
2026-08-11_11-31-51 Episode 2225: New best reward 64.40, training model saved.
2026-08-11_11-33-20 Episode 2281: New best reward 67.30, training model saved.
2026-08-11_11-35-14 Episode 2363: New best reward 69.90, training model saved.
2026-08-11_11-37-05 Episode 2446: New best reward 74.30, training model saved.
2026-08-11_11-39-18 Episode 2534: New best reward 111.70, training model saved.
2026-08-11_11-41-45 Episode 2598: New best reward 156.10, training model saved.
2026-08-11_11-44-23 Episode 2663: New best reward 205.10, training model saved.
2026-08-11_11-52-26 Episode 2825: New best reward 279.80, training model saved.
2026-08-11_12-00-00: Training starting...
Device: cuda
2026-08-11_12-00-01 Episode 0: New best reward -8.10, training model saved.
2026-08-11_12-00-01 Episode 0: New best greedy reward 2.00, model saved.
2026-08-11_12-00-01 Episode 1: New best reward -5.70, training model saved.
2026-08-11_12-00-34 Episode 81: New best reward -2.10, training model saved.
2026-08-11_12-01-18 Episode 187: New best reward -0.30, training model saved.
2026-08-11_12-01-27 Episode 211: New best reward 1.50, training model saved.
2026-08-11_12-01-59 Episode 287: New best reward 2.10, training model saved.
2026-08-11_12-02-03 Episode 299: New best reward 3.90, training model saved.
2026-08-11_12-02-17 Episode 329: New best reward 4.00, training model saved.
2026-08-11_12-02-29 Episode 360: New best reward 4.30, training model saved.
2026-08-11_12-02-38 Episode 382: New best reward 4.90, training model saved.
2026-08-11_12-02-51 Episode 412: New best reward 8.70, training model saved.
2026-08-11_12-04-10 Episode 597: New best reward 8.80, training model saved.
2026-08-11_12-16-54 Episode 1915: New best reward 9.10, training model saved.
2026-08-11_12-17-29 Episode 1965: New best reward 12.90, training model saved.
2026-08-11_12-17-53 Episode 2000: New best greedy reward 9.20, model saved.
2026-08-11_12-19-35 Episode 2147: New best reward 22.40, training model saved.
2026-08-11_12-20-46 Episode 2234: New best reward 26.90, training model saved.
2026-08-11_12-21-18 Episode 2265: New best reward 36.40, training model saved.
2026-08-11_12-22-28 Episode 2328: New best reward 54.90, training model saved.
2026-08-11_12-23-45 Episode 2383: New best reward 64.40, training model saved.
2026-08-11_12-23-50 Episode 2385: New best reward 65.10, training model saved.
2026-08-11_12-25-15 Episode 2429: New best reward 85.20, training model saved.
2026-08-11_12-26-04 Episode 2452: New best reward 111.90, training model saved.
2026-08-11_12-26-41 Episode 2466: New best reward 138.90, training model saved.
2026-08-11_12-27-40 Episode 2484: New best reward 236.90, training model saved.
2026-08-11_12-36-31 Episode 2613: New best reward 321.40, training model saved.
2026-08-11_12-38-40 Episode 2631: New best reward 583.60, training model saved.
2026-08-11_12-49-03 Episode 2711: New best reward 645.80, training model saved.
2026-08-11_12-51-00 Episode 2715: New best reward 712.90, training model saved.
2026-08-11_12-55-52 Episode 2735: New best reward 1288.10, training model saved.
2026-08-11_13-23-44 Episode 2834: New best reward 2094.40, training model saved.
2026-08-11_13-50-52 Episode 2880: New best reward 2871.80, training model saved.
2026-08-11_14-09-53 Episode 2917: New best reward 3397.40, training model saved.
2026-08-11_14-19-09: Training starting...
Device: cuda
2026-08-11_14-19-10 Episode 0: New best reward -8.10, training model saved.
2026-08-11_14-19-10 Episode 0: New best greedy reward 2.00, model saved.
2026-08-11_14-19-10 Episode 1: New best reward -5.70, training model saved.
2026-08-11_14-19-43 Episode 81: New best reward -2.10, training model saved.
2026-08-11_14-20-35 Episode 211: New best reward 2.70, training model saved.
2026-08-11_14-21-37 Episode 360: New best reward 3.90, training model saved.
2026-08-11_14-21-46 Episode 382: New best reward 5.00, training model saved.
2026-08-11_14-23-50 Episode 683: New best reward 6.50, training model saved.
2026-08-11_14-24-10 Episode 732: New best reward 8.40, training model saved.
2026-08-11_14-28-34 Episode 1339: New best reward 8.60, training model saved.
2026-08-11_14-28-48 Episode 1367: New best reward 10.70, training model saved.
2026-08-11_14-29-19 Episode 1431: New best reward 15.60, training model saved.
2026-08-11_14-32-12 Episode 1785: New best reward 24.90, training model saved.
2026-08-11_14-34-08 Episode 2000: New best greedy reward 6.30, model saved.
2026-08-11_14-35-39 Episode 2162: New best reward 29.50, training model saved.
2026-08-11_14-44-27 Episode 2921: New best reward 37.30, training model saved.
2026-08-11_14-45-42 Episode 2997: New best reward 43.50, training model saved.
2026-08-11_14-45-46 Episode 3000: New best greedy reward 6.80, model saved.
2026-08-11_14-46-04 Episode 3014: New best reward 82.90, training model saved.
2026-08-11_14-50-34 Episode 3234: New best reward 85.50, training model saved.
2026-08-11_14-54-39 Episode 3376: New best reward 106.60, training model saved.
2026-08-11_14-56-54 Episode 3436: New best reward 127.20, training model saved.
2026-08-11_14-58-46 Episode 3483: New best reward 135.10, training model saved.
2026-08-11_15-01-41 Episode 3550: New best reward 181.90, training model saved.
2026-08-11_15-04-56: Training starting...
Device: cuda
2026-08-11_15-04-56 Episode 0: New best reward -8.10, training model saved.
2026-08-11_15-04-56 Episode 0: New best greedy reward 2.00, model saved.
2026-08-11_15-04-57 Episode 1: New best reward -5.70, training model saved.
2026-08-11_15-05-29 Episode 81: New best reward -2.10, training model saved.
2026-08-11_15-05-31 Episode 85: New best reward 0.30, training model saved.
2026-08-11_15-06-01 Episode 162: New best reward 1.50, training model saved.
2026-08-11_15-06-15 Episode 195: New best reward 2.70, training model saved.
2026-08-11_15-06-17 Episode 200: New best reward 3.90, training model saved.
2026-08-11_15-06-38 Episode 250: New best reward 6.10, training model saved.
2026-08-11_15-07-02 Episode 311: New best reward 6.30, training model saved.
2026-08-11_15-07-14 Episode 337: New best reward 6.40, training model saved.
2026-08-11_15-07-16 Episode 342: New best reward 8.40, training model saved.
2026-08-11_15-11-08 Episode 898: New best reward 12.90, training model saved.
2026-08-11_15-14-13 Episode 1272: New best reward 15.30, training model saved.
2026-08-11_15-18-31 Episode 1687: New best reward 17.90, training model saved.
2026-08-11_15-18-41 Episode 1700: New best reward 18.10, training model saved.
2026-08-11_15-19-11 Episode 1736: New best reward 20.50, training model saved.
2026-08-11_15-19-41 Episode 1772: New best reward 22.90, training model saved.
2026-08-11_15-20-16 Episode 1812: New best reward 27.50, training model saved.
2026-08-11_15-21-32 Episode 1899: New best reward 37.10, training model saved.
2026-08-11_15-21-51 Episode 1915: New best reward 46.40, training model saved.
2026-08-11_15-22-40 Episode 1958: New best reward 55.30, training model saved.
2026-08-11_15-23-36 Episode 1999: New best reward 62.70, training model saved.
2026-08-11_15-23-39 Episode 2000: New best greedy reward 9.00, model saved.
2026-08-11_15-25-07 Episode 2063: New best reward 79.40, training model saved.
2026-08-11_15-25-34 Episode 2078: New best reward 93.30, training model saved.
2026-08-11_15-27-04 Episode 2140: New best reward 110.90, training model saved.
2026-08-11_15-27-13 Episode 2142: New best reward 111.70, training model saved.
2026-08-11_15-30-33 Episode 2242: New best reward 132.80, training model saved.
2026-08-11_15-35-51 Episode 2351: New best reward 288.50, training model saved.
2026-08-11_15-42-17 Episode 2465: New best reward 302.40, training model saved.
2026-08-11_15-48-13 Episode 2562: New best reward 396.10, training model saved.
2026-08-11_15-51-36: Training starting...
Device: cuda
2026-08-11_15-51-37 Episode 0: New best reward -8.10, training model saved.
2026-08-11_15-51-37 Episode 0: New best greedy reward 2.00, model saved.
2026-08-11_15-51-37 Episode 1: New best reward -5.70, training model saved.
2026-08-11_15-52-10 Episode 81: New best reward -2.10, training model saved.
2026-08-11_15-53-03 Episode 211: New best reward 2.70, training model saved.
2026-08-11_15-54-04 Episode 360: New best reward 3.90, training model saved.
2026-08-11_15-55-30 Episode 569: New best reward 4.40, training model saved.
2026-08-11_15-56-07 Episode 655: New best reward 5.00, training model saved.
2026-08-11_15-56-36 Episode 728: New best reward 6.60, training model saved.
2026-08-11_15-56-53 Episode 766: New best reward 6.80, training model saved.
2026-08-11_15-57-10 Episode 809: New best reward 8.40, training model saved.
2026-08-11_15-59-28 Episode 1142: New best reward 8.70, training model saved.
2026-08-11_16-00-11 Episode 1237: New best reward 13.20, training model saved.
2026-08-11_16-08-59 Episode 2323: New best reward 17.90, training model saved.
2026-08-11_16-09-20 Episode 2359: New best reward 20.30, training model saved.
2026-08-11_16-15-28 Episode 3000: New best greedy reward 6.40, model saved.
2026-08-11_16-18-26 Episode 3288: New best reward 20.70, training model saved.
2026-08-11_16-19-15 Episode 3362: New best reward 27.60, training model saved.
2026-08-11_16-30-30 Episode 4326: New best reward 27.80, training model saved.
2026-08-11_16-32-29 Episode 4476: New best reward 31.90, training model saved.
2026-08-11_16-34-34 Episode 4636: New best reward 37.10, training model saved.
2026-08-11_16-36-44 Episode 4793: New best reward 50.80, training model saved.
2026-08-11_16-38-21: Training starting...
Device: cuda
2026-08-11_16-38-22 Episode 0: New best reward -8.10, training model saved.
2026-08-11_16-38-22 Episode 0: New best greedy reward 2.00, model saved.
2026-08-11_16-38-22 Episode 1: New best reward -5.70, training model saved.
2026-08-11_16-38-56 Episode 81: New best reward -2.10, training model saved.
2026-08-11_16-40-27 Episode 299: New best reward -0.30, training model saved.
2026-08-11_16-40-53 Episode 358: New best reward 1.50, training model saved.
2026-08-11_16-40-53 Episode 360: New best reward 3.90, training model saved.
2026-08-11_16-42-21 Episode 569: New best reward 4.20, training model saved.
2026-08-11_16-42-38 Episode 605: New best reward 4.30, training model saved.
2026-08-11_16-42-48 Episode 631: New best reward 4.40, training model saved.
2026-08-11_16-43-37 Episode 742: New best reward 6.40, training model saved.
2026-08-11_16-43-51 Episode 776: New best reward 8.40, training model saved.
2026-08-11_16-45-59 Episode 1070: New best reward 8.90, training model saved.
2026-08-11_16-48-25 Episode 1401: New best reward 9.20, training model saved.
2026-08-11_16-49-33 Episode 1544: New best reward 12.90, training model saved.
2026-08-11_16-49-46 Episode 1573: New best reward 13.50, training model saved.
2026-08-11_16-51-46 Episode 1801: New best reward 17.90, training model saved.
2026-08-11_16-52-24 Episode 1877: New best reward 20.20, training model saved.
2026-08-11_16-53-31 Episode 2000: New best greedy reward 4.90, model saved.
2026-08-11_16-54-31: Training starting...
Device: cuda
2026-08-11_16-54-31 Episode 0: New best reward -8.10, training model saved.
2026-08-11_16-54-31 Episode 0: New best greedy reward 2.00, model saved.
2026-08-11_16-54-32 Episode 1: New best reward -5.70, training model saved.
2026-08-11_16-55-05 Episode 81: New best reward -2.10, training model saved.
2026-08-11_16-55-39 Episode 164: New best reward -1.50, training model saved.
2026-08-11_16-55-48 Episode 187: New best reward 0.30, training model saved.
2026-08-11_16-55-51 Episode 195: New best reward 1.50, training model saved.
2026-08-11_16-55-53 Episode 200: New best reward 3.90, training model saved.
2026-08-11_16-56-29 Episode 287: New best reward 4.50, training model saved.
2026-08-11_16-56-50 Episode 336: New best reward 8.40, training model saved.
2026-08-11_16-56-53 Episode 344: New best reward 8.50, training model saved.
2026-08-11_16-57-05 Episode 375: New best reward 8.80, training model saved.
2026-08-11_16-57-53 Episode 489: New best reward 9.20, training model saved.
2026-08-11_17-01-08 Episode 932: New best reward 11.30, training model saved.
2026-08-11_17-01-16 Episode 945: New best reward 12.90, training model saved.
2026-08-11_17-01-20 Episode 951: New best reward 20.20, training model saved.
2026-08-11_17-01-52 Episode 1000: New best greedy reward 13.70, model saved.
2026-08-11_17-02-07 Episode 1022: New best reward 20.80, training model saved.
2026-08-11_17-04-22 Episode 1250: New best reward 23.20, training model saved.
2026-08-11_17-05-17 Episode 1335: New best reward 41.80, training model saved.
2026-08-11_17-06-22 Episode 1386: New best reward 42.10, training model saved.
2026-08-11_17-06-46 Episode 1412: New best reward 43.10, training model saved.
2026-08-11_17-06-58 Episode 1419: New best reward 64.70, training model saved.
2026-08-11_17-07-51 Episode 1455: New best reward 66.70, training model saved.
2026-08-11_17-09-32 Episode 1521: New best reward 83.40, training model saved.
2026-08-11_17-10-11 Episode 1537: New best reward 95.10, training model saved.
2026-08-11_17-10-19 Episode 1538: New best reward 110.90, training model saved.
2026-08-11_17-16-30 Episode 1791: New best reward 121.10, training model saved.
2026-08-11_17-18-34 Episode 1849: New best reward 132.80, training model saved.
2026-08-11_17-19-49 Episode 1872: New best reward 176.60, training model saved.
2026-08-11_17-20-17 Episode 1878: New best reward 183.30, training model saved.
2026-08-11_17-20-37 Episode 1883: New best reward 188.70, training model saved.
2026-08-11_17-20-57 Episode 1885: New best reward 209.80, training model saved.
2026-08-11_17-21-20 Episode 1886: New best reward 330.40, training model saved.
2026-08-11_17-40-52: Training starting...
Device: cuda
2026-08-11_17-40-52 Episode 0: New best reward -8.10, training model saved.
2026-08-11_17-40-53 Episode 0: New best greedy reward 2.00, model saved.
2026-08-11_17-40-53 Episode 1: New best reward -5.70, training model saved.
2026-08-11_17-41-26 Episode 81: New best reward -2.10, training model saved.
2026-08-11_17-41-28 Episode 85: New best reward 0.30, training model saved.
2026-08-11_17-41-29 Episode 89: New best reward 0.90, training model saved.
2026-08-11_17-41-43 Episode 123: New best reward 3.90, training model saved.
2026-08-11_17-42-37 Episode 251: New best reward 5.00, training model saved.
2026-08-11_17-42-51 Episode 285: New best reward 6.60, training model saved.
2026-08-11_17-42-54 Episode 292: New best reward 8.40, training model saved.
2026-08-11_17-43-36 Episode 392: New best reward 8.90, training model saved.
2026-08-11_17-44-04 Episode 453: New best reward 11.00, training model saved.
2026-08-11_17-45-13 Episode 596: New best reward 13.50, training model saved.
2026-08-11_17-45-31 Episode 626: New best reward 20.50, training model saved.
2026-08-11_17-46-52 Episode 766: New best reward 24.90, training model saved.
2026-08-11_17-47-16 Episode 803: New best reward 27.60, training model saved.
2026-08-11_17-48-20 Episode 894: New best reward 48.30, training model saved.
2026-08-11_17-49-49 Episode 1000: New best greedy reward 29.70, model saved.
2026-08-11_17-51-52 Episode 1115: New best reward 53.30, training model saved.
2026-08-11_17-52-37 Episode 1150: New best reward 60.30, training model saved.
2026-08-11_17-57-03 Episode 1382: New best reward 88.40, training model saved.
2026-08-11_17-57-28 Episode 1395: New best reward 120.50, training model saved.
2026-08-11_18-01-55 Episode 1586: New best reward 132.60, training model saved.
2026-08-11_18-08-52 Episode 1811: New best reward 197.80, training model saved.
2026-08-11_18-16-07 Episode 1939: New best reward 232.40, training model saved.
2026-08-11_18-17-23 Episode 1954: New best reward 322.00, training model saved.
2026-08-11_18-22-11 Episode 2000: New best greedy reward 708.40, model saved.
2026-08-11_18-24-56 Episode 2025: New best reward 558.90, training model saved.
2026-08-11_18-29-31 Episode 2050: New best reward 588.00, training model saved.
2026-08-11_18-30-19 Episode 2054: New best reward 614.90, training model saved.
2026-08-11_18-44-10 Episode 2153: New best reward 824.90, training model saved.
2026-08-11_18-58-29 Episode 2236: New best reward 941.90, training model saved.
2026-08-11_19-12-52 Episode 2310: New best reward 1198.60, training model saved.
2026-08-11_19-31-26 Episode 2358: New best reward 1709.70, training model saved.
2026-08-11_20-09-19: Training starting...
Device: cuda
2026-08-11_20-09-19 Episode 0: New best reward -8.10, training model saved.
2026-08-11_20-09-19 Episode 0: New best greedy reward 2.00, model saved.
2026-08-11_20-09-20 Episode 1: New best reward -5.70, training model saved.
2026-08-11_20-09-53 Episode 81: New best reward -2.10, training model saved.
2026-08-11_20-09-54 Episode 85: New best reward 0.30, training model saved.
2026-08-11_20-10-24 Episode 162: New best reward 1.50, training model saved.
2026-08-11_20-10-39 Episode 195: New best reward 2.10, training model saved.
2026-08-11_20-10-41 Episode 200: New best reward 3.90, training model saved.
2026-08-11_20-11-02 Episode 250: New best reward 6.10, training model saved.
2026-08-11_20-11-39 Episode 338: New best reward 8.40, training model saved.
2026-08-11_20-12-41 Episode 485: New best reward 8.80, training model saved.
2026-08-11_20-13-17 Episode 569: New best reward 9.20, training model saved.
2026-08-11_20-14-08 Episode 688: New best reward 12.90, training model saved.
2026-08-11_20-18-33 Episode 1245: New best reward 14.00, training model saved.
2026-08-11_20-18-59 Episode 1290: New best reward 17.90, training model saved.
2026-08-11_20-21-31 Episode 1561: New best reward 22.40, training model saved.
2026-08-11_20-25-02: Training starting...
Device: cuda
2026-08-11_20-25-02 Episode 0: New best reward -8.10, training model saved.
2026-08-11_20-25-02 Episode 0: New best greedy reward 2.00, model saved.
2026-08-11_20-25-03 Episode 1: New best reward -5.70, training model saved.
2026-08-11_20-25-37 Episode 81: New best reward -2.10, training model saved.
2026-08-11_20-26-30 Episode 211: New best reward 2.70, training model saved.
2026-08-11_20-27-33 Episode 360: New best reward 3.90, training model saved.
2026-08-11_20-28-53 Episode 551: New best reward 4.40, training model saved.
2026-08-11_20-29-08 Episode 583: New best reward 4.90, training model saved.
2026-08-11_20-29-52 Episode 688: New best reward 8.40, training model saved.
2026-08-11_20-32-12 Episode 1011: New best reward 10.60, training model saved.
2026-08-11_20-34-02 Episode 1264: New best reward 17.90, training model saved.
2026-08-11_20-47-38 Episode 2828: New best reward 20.40, training model saved.
2026-08-11_20-53-25 Episode 3383: New best reward 25.20, training model saved.
2026-08-11_20-55-47 Episode 3594: New best reward 26.90, training model saved.
2026-08-11_21-01-57 Episode 4100: New best reward 27.90, training model saved.
2026-08-11_21-02-49 Episode 4161: New best reward 34.60, training model saved.
2026-08-11_21-04-42 Episode 4293: New best reward 36.90, training model saved.
2026-08-11_21-05-29 Episode 4348: New best reward 48.30, training model saved.
2026-08-11_21-06-20 Episode 4402: New best reward 48.80, training model saved.
2026-08-11_21-09-19 Episode 4612: New best reward 50.70, training model saved.
2026-08-11_21-12-31: Training starting...
Device: cuda
2026-08-11_21-12-32 Episode 0: New best reward -8.10, training model saved.
2026-08-11_21-12-32 Episode 0: New best greedy reward 2.00, model saved.
2026-08-11_21-12-32 Episode 1: New best reward -5.70, training model saved.
2026-08-11_21-13-07 Episode 81: New best reward -2.10, training model saved.
2026-08-11_21-14-02 Episode 211: New best reward 2.70, training model saved.
2026-08-11_21-15-08 Episode 360: New best reward 3.90, training model saved.
2026-08-11_21-16-31 Episode 551: New best reward 4.40, training model saved.
2026-08-11_21-17-00 Episode 613: New best reward 4.90, training model saved.
2026-08-11_21-17-04 Episode 622: New best reward 6.50, training model saved.
2026-08-11_21-18-16 Episode 788: New best reward 8.40, training model saved.
2026-08-11_21-19-52 Episode 1004: New best reward 10.80, training model saved.
2026-08-11_21-21-55 Episode 1265: New best reward 12.90, training model saved.
2026-08-11_21-27-39 Episode 1901: New best reward 13.30, training model saved.
2026-08-11_21-29-06 Episode 2049: New best reward 15.80, training model saved.
2026-08-11_21-32-38 Episode 2381: New best reward 18.00, training model saved.
2026-08-11_21-35-47 Episode 2659: New best reward 26.90, training model saved.
2026-08-11_21-40-08 Episode 3000: New best greedy reward 9.20, model saved.
2026-08-11_21-41-44 Episode 3113: New best reward 36.90, training model saved.
2026-08-11_21-46-49 Episode 3423: New best reward 37.10, training model saved.
2026-08-11_21-47-06 Episode 3436: New best reward 39.30, training model saved.
2026-08-11_21-47-53 Episode 3475: New best reward 59.90, training model saved.
2026-08-11_21-51-05 Episode 3622: New best reward 64.40, training model saved.
2026-08-11_21-51-33 Episode 3637: New best reward 79.60, training model saved.
2026-08-11_21-52-17 Episode 3667: New best reward 84.00, training model saved.
2026-08-11_21-53-46 Episode 3718: New best reward 85.30, training model saved.
2026-08-11_21-56-03 Episode 3799: New best reward 88.60, training model saved.
2026-08-11_21-56-49 Episode 3818: New best reward 111.80, training model saved.
2026-08-11_21-57-14 Episode 3824: New best reward 112.00, training model saved.
2026-08-11_21-57-49 Episode 3839: New best reward 125.80, training model saved.
2026-08-11_21-58-34 Episode 3855: New best reward 165.30, training model saved.
2026-08-11_22-05-37 Episode 4000: New best greedy reward 32.90, model saved.
2026-08-11_22-06-26 Episode 4012: New best reward 247.50, training model saved.
2026-08-11_22-06-52 Episode 4015: New best reward 252.10, training model saved.
2026-08-11_22-20-39 Episode 4210: New best reward 279.30, training model saved.
2026-08-11_22-21-30 Episode 4214: New best reward 454.60, training model saved.
2026-08-11_22-31-45 Episode 4302: New best reward 984.60, training model saved.
2026-08-11_23-12-18 Episode 4547: New best reward 1133.20, training model saved.
2026-08-11_23-22-43 Episode 4589: New best reward 1156.40, training model saved.
2026-08-11_23-26-25 Episode 4596: New best reward 1369.20, training model saved.
2026-08-11_23-42-08: Training starting...
Device: cuda
2026-08-11_23-42-09 Episode 0: New best reward -8.10, training model saved.
2026-08-11_23-42-09 Episode 0: New best greedy reward 2.00, model saved.
2026-08-11_23-42-09 Episode 1: New best reward -5.70, training model saved.
2026-08-11_23-42-41 Episode 81: New best reward -2.10, training model saved.
2026-08-11_23-43-48 Episode 243: New best reward 3.90, training model saved.
2026-08-11_23-45-34 Episode 494: New best reward 5.00, training model saved.
2026-08-11_23-46-26 Episode 622: New best reward 6.50, training model saved.
2026-08-11_23-46-46 Episode 665: New best reward 8.40, training model saved.
2026-08-11_23-47-56 Episode 829: New best reward 9.20, training model saved.
2026-08-11_23-54-44 Episode 1722: New best reward 9.40, training model saved.
2026-08-11_23-54-49 Episode 1730: New best reward 15.80, training model saved.
2026-08-11_23-55-55 Episode 1846: New best reward 17.90, training model saved.
2026-08-11_23-56-57 Episode 1931: New best reward 22.40, training model saved.
2026-08-11_23-57-02 Episode 1937: New best reward 27.30, training model saved.
2026-08-11_23-57-49 Episode 2000: New best greedy reward 11.20, model saved.
2026-08-11_23-58-18 Episode 2030: New best reward 36.40, training model saved.
2026-08-11_23-58-34 Episode 2045: New best reward 45.90, training model saved.
2026-08-11_23-59-28 Episode 2086: New best reward 65.20, training model saved.
2026-08-12_00-00-47 Episode 2147: New best reward 68.90, training model saved.
2026-08-12_00-01-36 Episode 2172: New best reward 74.50, training model saved.
2026-08-12_00-02-48 Episode 2207: New best reward 90.80, training model saved.
2026-08-12_00-06-30 Episode 2310: New best reward 93.40, training model saved.
2026-08-12_00-06-47 Episode 2316: New best reward 96.30, training model saved.
2026-08-12_00-06-54 Episode 2317: New best reward 106.40, training model saved.
2026-08-12_00-07-28 Episode 2324: New best reward 148.40, training model saved.
2026-08-12_00-07-38 Episode 2325: New best reward 162.40, training model saved.
2026-08-12_00-08-28 Episode 2339: New best reward 225.80, training model saved.
2026-08-12_00-10-25 Episode 2358: New best reward 263.20, training model saved.
2026-08-12_00-11-01 Episode 2359: New best reward 519.80, training model saved.
2026-08-12_00-11-51 Episode 2362: New best reward 666.40, training model saved.
2026-08-12_00-22-39 Episode 2430: New best reward 683.20, training model saved.
2026-08-12_00-28-52: Training starting...
Device: cuda
2026-08-12_00-28-52 Episode 0: New best reward -8.10, training model saved.
2026-08-12_00-28-52 Episode 0: New best greedy reward 2.00, model saved.
2026-08-12_00-28-53 Episode 1: New best reward -5.70, training model saved.
2026-08-12_00-29-27 Episode 81: New best reward -2.10, training model saved.
2026-08-12_00-30-56 Episode 299: New best reward 0.90, training model saved.
2026-08-12_00-31-21 Episode 358: New best reward 1.50, training model saved.
2026-08-12_00-31-22 Episode 360: New best reward 3.90, training model saved.
2026-08-12_00-32-48 Episode 569: New best reward 4.50, training model saved.
2026-08-12_00-33-27 Episode 659: New best reward 4.80, training model saved.
2026-08-12_00-33-48 Episode 714: New best reward 6.00, training model saved.
2026-08-12_00-33-56 Episode 734: New best reward 8.40, training model saved.
2026-08-12_00-36-46 Episode 1123: New best reward 9.30, training model saved.
2026-08-12_00-36-55 Episode 1136: New best reward 12.90, training model saved.
2026-08-12_00-38-41 Episode 1347: New best reward 15.20, training model saved.
2026-08-12_00-40-21 Episode 1523: New best reward 15.40, training model saved.
2026-08-12_00-41-02 Episode 1589: New best reward 18.10, training model saved.
2026-08-12_00-42-46 Episode 1758: New best reward 18.40, training model saved.
2026-08-12_00-42-48 Episode 1759: New best reward 31.90, training model saved.
2026-08-12_00-44-24 Episode 1888: New best reward 34.80, training model saved.
2026-08-12_00-45-54 Episode 1995: New best reward 41.60, training model saved.
2026-08-12_00-46-02 Episode 2000: New best greedy reward 27.70, model saved.
2026-08-12_00-46-25 Episode 2020: New best reward 60.60, training model saved.
2026-08-12_00-47-13 Episode 2050: New best reward 85.20, training model saved.
2026-08-12_00-48-37 Episode 2107: New best reward 92.40, training model saved.
2026-08-12_00-48-45 Episode 2109: New best reward 97.60, training model saved.
2026-08-12_00-49-00 Episode 2112: New best reward 134.50, training model saved.
2026-08-12_00-51-42 Episode 2175: New best reward 176.90, training model saved.
2026-08-12_00-58-23 Episode 2311: New best reward 222.90, training model saved.
2026-08-12_01-07-32 Episode 2430: New best reward 258.40, training model saved.
2026-08-12_01-09-59 Episode 2449: New best reward 361.30, training model saved.
2026-08-12_01-11-04 Episode 2456: New best reward 433.70, training model saved.
2026-08-12_01-11-51 Episode 2459: New best reward 475.50, training model saved.
2026-08-12_01-17-39 Episode 2517: New best reward 499.00, training model saved.
2026-08-12_01-27-38 Episode 2618: New best reward 547.80, training model saved.
2026-08-12_01-37-04 Episode 2660: New best reward 563.90, training model saved.
2026-08-12_01-39-09 Episode 2674: New best reward 603.80, training model saved.
2026-08-12_01-51-12 Episode 2745: New best reward 740.90, training model saved.
2026-08-12_02-00-10 Episode 2773: New best reward 874.60, training model saved.
2026-08-12_02-01-17 Episode 2774: New best reward 985.10, training model saved.
2026-08-12_02-24-25 Episode 2858: New best reward 993.10, training model saved.
2026-08-12_02-41-14 Episode 2929: New best reward 1383.30, training model saved.
2026-08-12_02-46-54 Episode 2945: New best reward 1901.30, training model saved.
2026-08-12_02-49-27: Training starting...
Device: cuda
2026-08-12_02-49-28 Episode 0: New best reward -8.10, training model saved.
2026-08-12_02-49-28 Episode 0: New best greedy reward 2.00, model saved.
2026-08-12_02-49-28 Episode 1: New best reward -5.70, training model saved.
2026-08-12_02-50-05 Episode 81: New best reward -2.10, training model saved.
2026-08-12_02-51-40 Episode 299: New best reward -0.30, training model saved.
2026-08-12_02-52-09 Episode 358: New best reward 1.50, training model saved.
2026-08-12_02-52-10 Episode 360: New best reward 3.90, training model saved.
2026-08-12_02-53-12 Episode 494: New best reward 5.00, training model saved.
2026-08-12_02-54-05 Episode 617: New best reward 6.20, training model saved.
2026-08-12_02-55-16 Episode 770: New best reward 6.50, training model saved.
2026-08-12_02-56-06 Episode 884: New best reward 8.40, training model saved.
2026-08-12_02-59-33 Episode 1309: New best reward 11.70, training model saved.
2026-08-12_03-00-41 Episode 1432: New best reward 12.30, training model saved.
2026-08-12_03-04-37 Episode 1870: New best reward 12.90, training model saved.
2026-08-12_03-05-47 Episode 1992: New best reward 13.10, training model saved.
2026-08-12_03-05-51 Episode 1997: New best reward 22.40, training model saved.
2026-08-12_03-05-53 Episode 2000: New best greedy reward 8.40, model saved.
2026-08-12_03-15-57 Episode 3000: New best greedy reward 37.20, model saved.
2026-08-12_03-17-22 Episode 3117: New best reward 22.60, training model saved.
2026-08-12_03-17-54 Episode 3155: New best reward 26.90, training model saved.
2026-08-12_03-18-27 Episode 3197: New best reward 28.00, training model saved.
2026-08-12_03-20-08 Episode 3305: New best reward 36.40, training model saved.
2026-08-12_03-29-35 Episode 4100: New best reward 43.50, training model saved.
2026-08-12_03-32-38 Episode 4302: New best reward 50.40, training model saved.
2026-08-12_04-39-48 Episode 11144: New best reward 53.10, training model saved.
2026-08-12_04-42-10 Episode 11290: New best reward 64.40, training model saved.
2026-08-12_04-46-27 Episode 11511: New best reward 83.00, training model saved.
2026-08-12_04-46-52 Episode 11523: New best reward 111.70, training model saved.
2026-08-12_04-48-04 Episode 11555: New best reward 113.80, training model saved.
2026-08-12_04-48-47 Episode 11571: New best reward 120.40, training model saved.
2026-08-12_04-49-05 Episode 11577: New best reward 176.40, training model saved.
2026-08-12_04-49-51 Episode 11591: New best reward 334.90, training model saved.
2026-08-12_05-03-38 Episode 11810: New best reward 435.70, training model saved.
2026-08-12_05-08-56 Episode 11857: New best reward 489.90, training model saved.
2026-08-12_05-09-31 Episode 11858: New best reward 570.70, training model saved.
[worker] done. total trials in study: 200
2026-08-11_07-11-50: Training starting...
Device: cuda
2026-08-11_07-11-57 Episode 0: New best reward -8.10, training model saved.
2026-08-11_07-11-57 Episode 0: New best greedy reward 2.00, model saved.
2026-08-11_07-11-58 Episode 1: New best reward -5.70, training model saved.
2026-08-11_07-12-35 Episode 81: New best reward -2.10, training model saved.
2026-08-11_07-13-29 Episode 211: New best reward 2.70, training model saved.
2026-08-11_07-14-36 Episode 360: New best reward 3.90, training model saved.
2026-08-11_07-14-45 Episode 382: New best reward 4.50, training model saved.
2026-08-11_07-16-31 Episode 623: New best reward 4.60, training model saved.
2026-08-11_07-16-35 Episode 634: New best reward 6.20, training model saved.
2026-08-11_07-16-36 Episode 636: New best reward 6.30, training model saved.
2026-08-11_07-17-30 Episode 752: New best reward 8.40, training model saved.
2026-08-11_07-18-29 Episode 898: New best reward 8.80, training model saved.
2026-08-11_07-21-42 Episode 1301: New best reward 9.20, training model saved.
2026-08-11_07-21-43 Episode 1302: New best reward 9.40, training model saved.
2026-08-11_07-22-22 Episode 1378: New best reward 11.10, training model saved.
2026-08-11_07-23-56 Episode 1560: New best reward 12.90, training model saved.
2026-08-11_07-26-51 Episode 1859: New best reward 17.90, training model saved.
2026-08-11_07-28-20 Episode 2000: New best greedy reward 3.90, model saved.
2026-08-11_07-30-20 Episode 2183: New best reward 22.70, training model saved.
2026-08-11_07-32-33 Episode 2372: New best reward 23.00, training model saved.
2026-08-11_07-36-54 Episode 2727: New best reward 27.30, training model saved.
2026-08-11_07-38-34 Episode 2848: New best reward 34.20, training model saved.
2026-08-11_07-40-49 Episode 3000: New best greedy reward 9.00, model saved.
2026-08-11_07-42-18 Episode 3093: New best reward 41.10, training model saved.
2026-08-11_07-44-09 Episode 3196: New best reward 60.60, training model saved.
2026-08-11_07-44-37 Episode 3212: New best reward 76.80, training model saved.
2026-08-11_07-48-10 Episode 3347: New best reward 137.10, training model saved.
2026-08-11_07-53-02 Episode 3496: New best reward 167.50, training model saved.
2026-08-11_07-59-03 Episode 3612: New best reward 178.70, training model saved.
2026-08-11_08-00-19 Episode 3627: New best reward 181.30, training model saved.
2026-08-11_08-03-03 Episode 3671: New best reward 251.70, training model saved.
2026-08-11_08-03-43 Episode 3680: New best reward 274.40, training model saved.
2026-08-11_08-04-35 Episode 3689: New best reward 377.60, training model saved.
2026-08-11_08-11-20 Episode 3753: New best reward 386.40, training model saved.
2026-08-11_08-13-31 Episode 3767: New best reward 615.10, training model saved.
2026-08-11_08-26-49 Episode 3863: New best reward 661.90, training model saved.
2026-08-11_08-35-05 Episode 3914: New best reward 723.50, training model saved.
2026-08-11_08-43-56 Episode 3959: New best reward 893.10, training model saved.
2026-08-11_08-45-33 Episode 3961: New best reward 1170.40, training model saved.
2026-08-11_09-03-01 Episode 4000: New best greedy reward 6908.80, model saved.
2026-08-11_09-39-12 Episode 4088: New best reward 1462.80, training model saved.
2026-08-11_12-24-31: Training starting...
Device: cuda
2026-08-11_12-24-31 Episode 0: New best reward -8.10, training model saved.
2026-08-11_12-24-31 Episode 0: New best greedy reward 2.00, model saved.
2026-08-11_12-24-32 Episode 1: New best reward -5.70, training model saved.
2026-08-11_12-25-08 Episode 81: New best reward -2.10, training model saved.
2026-08-11_12-26-04 Episode 211: New best reward 1.50, training model saved.
2026-08-11_12-27-11 Episode 360: New best reward 3.90, training model saved.
2026-08-11_12-28-12 Episode 494: New best reward 6.00, training model saved.
2026-08-11_12-29-11 Episode 633: New best reward 8.40, training model saved.
2026-08-11_12-32-41 Episode 1090: New best reward 8.50, training model saved.
2026-08-11_12-32-46 Episode 1099: New best reward 8.60, training model saved.
2026-08-11_12-33-40 Episode 1201: New best reward 8.90, training model saved.
2026-08-11_12-35-12 Episode 1376: New best reward 11.10, training model saved.
2026-08-11_12-36-29 Episode 1513: New best reward 13.00, training model saved.
2026-08-11_12-40-01 Episode 1854: New best reward 15.70, training model saved.
2026-08-11_12-41-44 Episode 2000: New best greedy reward 9.10, model saved.
2026-08-11_12-43-04 Episode 2117: New best reward 18.10, training model saved.
2026-08-11_12-44-13 Episode 2207: New best reward 22.40, training model saved.
2026-08-11_12-44-41 Episode 2237: New best reward 23.10, training model saved.
2026-08-11_12-45-49 Episode 2315: New best reward 26.90, training model saved.
2026-08-11_12-46-14 Episode 2345: New best reward 27.80, training model saved.
2026-08-11_12-46-45 Episode 2377: New best reward 60.90, training model saved.
2026-08-11_12-51-30 Episode 2582: New best reward 87.90, training model saved.
2026-08-11_12-55-25 Episode 2707: New best reward 93.60, training model saved.
2026-08-11_12-57-00 Episode 2755: New best reward 104.30, training model saved.
2026-08-11_12-57-16 Episode 2760: New best reward 121.20, training model saved.
2026-08-11_12-59-18 Episode 2809: New best reward 132.30, training model saved.
2026-08-11_13-00-26 Episode 2842: New best reward 148.40, training model saved.
2026-08-11_13-03-02 Episode 2902: New best reward 152.90, training model saved.
2026-08-11_13-03-48 Episode 2910: New best reward 223.90, training model saved.
2026-08-11_13-06-21 Episode 2956: New best reward 230.70, training model saved.
2026-08-11_13-07-25 Episode 2966: New best reward 295.80, training model saved.
2026-08-11_13-10-03 Episode 2996: New best reward 306.90, training model saved.
2026-08-11_13-13-16 Episode 3031: New best reward 323.30, training model saved.
2026-08-11_13-19-54 Episode 3105: New best reward 516.90, training model saved.
2026-08-11_13-31-59 Episode 3197: New best reward 624.40, training model saved.
2026-08-11_13-57-35 Episode 3382: New best reward 698.90, training model saved.
2026-08-11_13-59-55 Episode 3393: New best reward 852.90, training model saved.
2026-08-11_14-09-03 Episode 3428: New best reward 1133.20, training model saved.
2026-08-11_14-35-26 Episode 3509: New best reward 1341.30, training model saved.
2026-08-11_14-44-34 Episode 3528: New best reward 1471.50, training model saved.
2026-08-11_14-51-08: Training starting...
Device: cuda
2026-08-11_14-51-09 Episode 0: New best reward -8.10, training model saved.
2026-08-11_14-51-09 Episode 0: New best greedy reward 2.00, model saved.
2026-08-11_14-51-09 Episode 1: New best reward -5.70, training model saved.
2026-08-11_14-51-41 Episode 81: New best reward -2.10, training model saved.
2026-08-11_14-53-35 Episode 358: New best reward 0.90, training model saved.
2026-08-11_14-53-54 Episode 405: New best reward 0.90, training model saved.
2026-08-11_14-54-35 Episode 503: New best reward 1.50, training model saved.
2026-08-11_14-55-56 Episode 703: New best reward 3.30, training model saved.
2026-08-11_14-56-06 Episode 728: New best reward 3.90, training model saved.
2026-08-11_14-59-04 Episode 1160: New best reward 4.10, training model saved.
2026-08-11_14-59-14 Episode 1185: New best reward 4.30, training model saved.
2026-08-11_15-00-27 Episode 1363: New best reward 4.80, training model saved.
2026-08-11_15-01-30 Episode 1513: New best reward 4.90, training model saved.
2026-08-11_15-01-33 Episode 1522: New best reward 6.60, training model saved.
2026-08-11_15-06-51: Training starting...
Device: cuda
2026-08-11_15-06-51 Episode 0: New best reward -8.10, training model saved.
2026-08-11_15-06-51 Episode 0: New best greedy reward 2.00, model saved.
2026-08-11_15-06-52 Episode 1: New best reward -5.70, training model saved.
2026-08-11_15-07-25 Episode 81: New best reward -2.10, training model saved.
2026-08-11_15-08-55 Episode 299: New best reward 0.90, training model saved.
2026-08-11_15-09-20 Episode 358: New best reward 1.50, training model saved.
2026-08-11_15-09-21 Episode 360: New best reward 3.90, training model saved.
2026-08-11_15-09-30 Episode 382: New best reward 4.40, training model saved.
2026-08-11_15-11-09 Episode 617: New best reward 6.40, training model saved.
2026-08-11_15-14-30 Episode 1090: New best reward 6.60, training model saved.
2026-08-11_15-14-50 Episode 1138: New best reward 8.40, training model saved.
2026-08-11_15-16-23 Episode 1339: New best reward 8.60, training model saved.
2026-08-11_15-17-04 Episode 1426: New best reward 11.20, training model saved.
2026-08-11_15-17-21 Episode 1454: New best reward 13.90, training model saved.
2026-08-11_15-18-51 Episode 1635: New best reward 15.00, training model saved.
2026-08-11_15-19-47 Episode 1735: New best reward 26.90, training model saved.
2026-08-11_15-22-16 Episode 2000: New best greedy reward 3.90, model saved.
2026-08-11_15-27-17 Episode 2484: New best reward 36.40, training model saved.
2026-08-11_15-29-44 Episode 2663: New best reward 40.90, training model saved.
2026-08-11_15-30-31 Episode 2725: New best reward 45.90, training model saved.
2026-08-11_15-33-15 Episode 2895: New best reward 46.10, training model saved.
2026-08-11_15-33-36 Episode 2916: New best reward 50.40, training model saved.
2026-08-11_15-33-44 Episode 2920: New best reward 51.20, training model saved.
2026-08-11_15-34-05 Episode 2935: New best reward 68.90, training model saved.
2026-08-11_15-34-21 Episode 2942: New best reward 90.80, training model saved.
2026-08-11_15-35-54 Episode 3000: New best greedy reward 222.90, model saved.
2026-08-11_15-36-10 Episode 3009: New best reward 93.20, training model saved.
2026-08-11_15-46-41 Episode 3700: New best reward 143.90, training model saved.
2026-08-11_15-48-07 Episode 3742: New best reward 207.20, training model saved.
2026-08-11_15-53-54: Training starting...
Device: cuda
2026-08-11_15-53-55 Episode 0: New best reward -8.10, training model saved.
2026-08-11_15-53-55 Episode 0: New best greedy reward 2.00, model saved.
2026-08-11_15-53-55 Episode 1: New best reward -5.70, training model saved.
2026-08-11_15-54-30 Episode 81: New best reward -2.10, training model saved.
2026-08-11_15-55-15 Episode 187: New best reward -0.30, training model saved.
2026-08-11_15-55-25 Episode 211: New best reward 2.70, training model saved.
2026-08-11_15-55-37 Episode 243: New best reward 3.90, training model saved.
2026-08-11_15-56-43 Episode 393: New best reward 4.00, training model saved.
2026-08-11_15-56-53 Episode 411: New best reward 4.20, training model saved.
2026-08-11_15-56-57 Episode 420: New best reward 6.10, training model saved.
2026-08-11_15-56-58 Episode 422: New best reward 6.70, training model saved.
2026-08-11_15-57-02 Episode 430: New best reward 8.40, training model saved.
2026-08-11_15-57-06 Episode 440: New best reward 8.70, training model saved.
2026-08-11_16-01-17 Episode 1000: New best greedy reward 3.90, model saved.
2026-08-11_16-05-43 Episode 1521: New best reward 10.50, training model saved.
2026-08-11_16-07-09 Episode 1667: New best reward 13.80, training model saved.
2026-08-11_16-08-27 Episode 1800: New best reward 15.40, training model saved.
2026-08-11_16-10-33 Episode 2000: New best greedy reward 4.50, model saved.
2026-08-11_16-10-48 Episode 2020: New best reward 17.90, training model saved.
2026-08-11_16-11-59 Episode 2128: New best reward 20.20, training model saved.
2026-08-11_16-12-47 Episode 2203: New best reward 26.90, training model saved.
2026-08-11_16-18-40 Episode 2742: New best reward 27.10, training model saved.
2026-08-11_16-20-14 Episode 2847: New best reward 36.90, training model saved.
2026-08-11_16-20-55 Episode 2887: New best reward 41.20, training model saved.
2026-08-11_16-22-27 Episode 3000: New best greedy reward 8.80, model saved.
2026-08-11_16-33-25 Episode 3879: New best reward 50.40, training model saved.
2026-08-11_16-33-29 Episode 3881: New best reward 54.90, training model saved.
2026-08-11_16-38-16 Episode 4132: New best reward 60.10, training model saved.
2026-08-11_16-39-01 Episode 4172: New best reward 83.80, training model saved.
2026-08-11_16-42-58: Training starting...
Device: cuda
2026-08-11_16-42-58 Episode 0: New best reward -8.10, training model saved.
2026-08-11_16-42-58 Episode 0: New best greedy reward 2.00, model saved.
2026-08-11_16-42-59 Episode 1: New best reward -5.70, training model saved.
2026-08-11_16-43-32 Episode 81: New best reward -2.10, training model saved.
2026-08-11_16-45-00 Episode 299: New best reward -0.30, training model saved.
2026-08-11_16-45-26 Episode 358: New best reward 1.50, training model saved.
2026-08-11_16-45-27 Episode 360: New best reward 3.90, training model saved.
2026-08-11_16-46-52 Episode 569: New best reward 4.20, training model saved.
2026-08-11_16-47-13 Episode 617: New best reward 6.50, training model saved.
2026-08-11_16-48-22 Episode 781: New best reward 9.30, training model saved.
2026-08-11_16-52-17 Episode 1329: New best reward 10.60, training model saved.
2026-08-11_16-52-20 Episode 1332: New best reward 13.40, training model saved.
2026-08-11_16-56-57 Episode 1893: New best reward 15.70, training model saved.
2026-08-11_16-58-06 Episode 2027: New best reward 15.80, training model saved.
2026-08-11_16-58-48: Training starting...
Device: cuda
2026-08-11_16-58-48 Episode 0: New best reward -8.10, training model saved.
2026-08-11_16-58-49 Episode 0: New best greedy reward 2.00, model saved.
2026-08-11_16-58-49 Episode 1: New best reward -5.70, training model saved.
2026-08-11_16-59-22 Episode 81: New best reward -2.10, training model saved.
2026-08-11_16-59-23 Episode 85: New best reward 0.30, training model saved.
2026-08-11_17-00-09 Episode 195: New best reward 2.10, training model saved.
2026-08-11_17-00-11 Episode 200: New best reward 3.90, training model saved.
2026-08-11_17-00-38 Episode 266: New best reward 4.20, training model saved.
2026-08-11_17-00-48 Episode 290: New best reward 4.40, training model saved.
2026-08-11_17-01-05 Episode 330: New best reward 6.10, training model saved.
2026-08-11_17-01-16 Episode 357: New best reward 8.40, training model saved.
2026-08-11_17-03-51 Episode 723: New best reward 10.50, training model saved.
2026-08-11_17-04-04 Episode 744: New best reward 11.20, training model saved.
2026-08-11_17-06-11 Episode 1000: New best greedy reward 5.00, model saved.
2026-08-11_17-07-19 Episode 1128: New best reward 12.90, training model saved.
2026-08-11_17-07-56 Episode 1189: New best reward 17.90, training model saved.
2026-08-11_17-08-19 Episode 1227: New best reward 18.50, training model saved.
2026-08-11_17-08-29 Episode 1238: New best reward 20.70, training model saved.
2026-08-11_17-08-31 Episode 1240: New best reward 26.90, training model saved.
2026-08-11_17-09-43 Episode 1344: New best reward 29.50, training model saved.
2026-08-11_17-11-16 Episode 1467: New best reward 39.30, training model saved.
2026-08-11_17-11-43 Episode 1495: New best reward 42.10, training model saved.
2026-08-11_17-12-42 Episode 1545: New best reward 56.90, training model saved.
2026-08-11_17-13-13 Episode 1570: New best reward 64.90, training model saved.
2026-08-11_17-13-38 Episode 1584: New best reward 71.20, training model saved.
2026-08-11_17-13-49 Episode 1589: New best reward 78.50, training model saved.
2026-08-11_17-16-03 Episode 1657: New best reward 149.50, training model saved.
2026-08-11_17-21-27 Episode 1799: New best reward 204.40, training model saved.
2026-08-11_17-21-58 Episode 1804: New best reward 298.50, training model saved.
2026-08-11_17-25-37 Episode 1845: New best reward 419.60, training model saved.
2026-08-11_17-35-38 Episode 2000: New best greedy reward 20.70, model saved.
2026-08-11_17-43-41 Episode 2117: New best reward 452.00, training model saved.
2026-08-11_17-46-20 Episode 2139: New best reward 589.10, training model saved.
2026-08-11_17-59-36 Episode 2228: New best reward 1135.30, training model saved.
2026-08-11_18-22-54 Episode 2386: New best reward 2106.60, training model saved.
2026-08-11_19-07-55 Episode 2535: New best reward 3800.80, training model saved.
2026-08-11_19-20-20: Training starting...
Device: cuda
2026-08-11_19-20-20 Episode 0: New best reward -8.10, training model saved.
2026-08-11_19-20-20 Episode 0: New best greedy reward 2.00, model saved.
2026-08-11_19-20-21 Episode 1: New best reward -5.70, training model saved.
2026-08-11_19-20-54 Episode 81: New best reward -2.10, training model saved.
2026-08-11_19-20-55 Episode 85: New best reward 0.30, training model saved.
2026-08-11_19-21-41 Episode 195: New best reward 2.10, training model saved.
2026-08-11_19-21-43 Episode 200: New best reward 3.90, training model saved.
2026-08-11_19-22-05 Episode 250: New best reward 7.80, training model saved.
2026-08-11_19-22-47 Episode 351: New best reward 8.40, training model saved.
2026-08-11_19-23-17 Episode 422: New best reward 8.70, training model saved.
2026-08-11_19-23-25 Episode 442: New best reward 8.80, training model saved.
2026-08-11_19-25-30 Episode 723: New best reward 10.90, training model saved.
2026-08-11_19-25-53 Episode 771: New best reward 11.30, training model saved.
2026-08-11_19-27-00 Episode 900: New best reward 12.90, training model saved.
2026-08-11_19-27-40 Episode 967: New best reward 13.60, training model saved.
2026-08-11_19-28-08 Episode 1013: New best reward 13.90, training model saved.
2026-08-11_19-28-15 Episode 1020: New best reward 22.70, training model saved.
2026-08-11_19-28-19 Episode 1024: New best reward 29.10, training model saved.
2026-08-11_19-29-34 Episode 1114: New best reward 39.30, training model saved.
2026-08-11_19-29-38 Episode 1116: New best reward 42.00, training model saved.
2026-08-11_19-29-54 Episode 1130: New best reward 43.80, training model saved.
2026-08-11_19-29-59 Episode 1134: New best reward 54.90, training model saved.
2026-08-11_19-31-42 Episode 1211: New best reward 79.60, training model saved.
2026-08-11_19-31-50 Episode 1214: New best reward 83.90, training model saved.
2026-08-11_19-33-39 Episode 1273: New best reward 92.40, training model saved.
2026-08-11_19-35-06 Episode 1315: New best reward 97.90, training model saved.
2026-08-11_19-35-59 Episode 1337: New best reward 126.00, training model saved.
2026-08-11_19-36-53 Episode 1355: New best reward 158.10, training model saved.
2026-08-11_19-39-33 Episode 1406: New best reward 166.90, training model saved.
2026-08-11_19-39-58 Episode 1411: New best reward 234.90, training model saved.
2026-08-11_19-41-30 Episode 1433: New best reward 250.90, training model saved.
2026-08-11_19-41-50 Episode 1434: New best reward 277.30, training model saved.
2026-08-11_19-51-54 Episode 1569: New best reward 578.80, training model saved.
2026-08-11_20-15-55 Episode 1789: New best reward 750.40, training model saved.
2026-08-11_20-23-47 Episode 1821: New best reward 851.30, training model saved.
2026-08-11_20-26-38 Episode 1829: New best reward 852.90, training model saved.
2026-08-11_20-30-57 Episode 1843: New best reward 1322.80, training model saved.
2026-08-11_20-57-28 Episode 1920: New best reward 1509.30, training model saved.
2026-08-11_21-09-15 Episode 1942: New best reward 3344.90, training model saved.
2026-08-11_21-38-06: Training starting...
Device: cuda
2026-08-11_21-38-07 Episode 0: New best reward -8.10, training model saved.
2026-08-11_21-38-07 Episode 0: New best greedy reward 2.00, model saved.
2026-08-11_21-38-07 Episode 1: New best reward -5.70, training model saved.
2026-08-11_21-38-42 Episode 81: New best reward -2.10, training model saved.
2026-08-11_21-40-12 Episode 299: New best reward -0.30, training model saved.
2026-08-11_21-40-38 Episode 358: New best reward 1.50, training model saved.
2026-08-11_21-40-38 Episode 360: New best reward 2.10, training model saved.
2026-08-11_21-40-56 Episode 405: New best reward 3.90, training model saved.
2026-08-11_21-42-05 Episode 569: New best reward 4.20, training model saved.
2026-08-11_21-42-52 Episode 677: New best reward 4.90, training model saved.
2026-08-11_21-43-12 Episode 728: New best reward 6.70, training model saved.
2026-08-11_21-45-55 Episode 1105: New best reward 8.40, training model saved.
2026-08-11_21-47-07 Episode 1262: New best reward 8.80, training model saved.
2026-08-11_21-47-59 Episode 1362: New best reward 11.00, training model saved.
2026-08-11_21-51-20 Episode 1717: New best reward 12.90, training model saved.
2026-08-11_21-54-13 Episode 2000: New best greedy reward 8.40, model saved.
2026-08-11_21-54-19: Training starting...
Device: cuda
2026-08-11_21-54-20 Episode 0: New best reward -8.10, training model saved.
2026-08-11_21-54-20 Episode 0: New best greedy reward 2.00, model saved.
2026-08-11_21-54-20 Episode 1: New best reward -5.70, training model saved.
2026-08-11_21-54-54 Episode 81: New best reward -2.10, training model saved.
2026-08-11_21-55-38 Episode 187: New best reward 0.30, training model saved.
2026-08-11_21-55-41 Episode 195: New best reward 2.10, training model saved.
2026-08-11_21-55-47 Episode 211: New best reward 2.70, training model saved.
2026-08-11_21-55-57 Episode 235: New best reward 3.90, training model saved.
2026-08-11_21-56-06 Episode 254: New best reward 4.20, training model saved.
2026-08-11_21-56-39 Episode 334: New best reward 6.10, training model saved.
2026-08-11_21-56-54 Episode 371: New best reward 6.40, training model saved.
2026-08-11_21-57-06 Episode 396: New best reward 8.40, training model saved.
2026-08-11_21-57-12 Episode 406: New best reward 12.90, training model saved.
2026-08-11_22-05-17 Episode 1444: New best reward 15.20, training model saved.
2026-08-11_22-06-14 Episode 1544: New best reward 20.30, training model saved.
2026-08-11_22-07-04 Episode 1623: New best reward 20.40, training model saved.
2026-08-11_22-07-22 Episode 1651: New best reward 22.40, training model saved.
2026-08-11_22-09-17 Episode 1813: New best reward 34.80, training model saved.
2026-08-11_22-10-15 Episode 1885: New best reward 50.40, training model saved.
2026-08-11_22-11-43 Episode 2000: New best greedy reward 37.20, model saved.
2026-08-11_22-14-09 Episode 2137: New best reward 53.10, training model saved.
2026-08-11_22-15-13 Episode 2184: New best reward 57.30, training model saved.
2026-08-11_22-15-22 Episode 2192: New best reward 67.10, training model saved.
2026-08-11_22-16-06 Episode 2223: New best reward 83.30, training model saved.
2026-08-11_22-17-35 Episode 2264: New best reward 134.40, training model saved.
2026-08-11_22-21-26 Episode 2354: New best reward 274.40, training model saved.
2026-08-11_22-25-13 Episode 2400: New best reward 350.00, training model saved.
2026-08-11_22-30-53 Episode 2472: New best reward 389.20, training model saved.
2026-08-11_22-37-14 Episode 2521: New best reward 447.10, training model saved.
2026-08-11_22-38-09 Episode 2527: New best reward 452.30, training model saved.
2026-08-11_22-42-45 Episode 2558: New best reward 470.40, training model saved.
2026-08-11_22-44-52 Episode 2567: New best reward 762.80, training model saved.
2026-08-11_22-50-29 Episode 2608: New best reward 764.50, training model saved.
2026-08-11_22-53-43 Episode 2627: New best reward 816.50, training model saved.
2026-08-11_22-55-15 Episode 2629: New best reward 1014.70, training model saved.
2026-08-11_23-36-19 Episode 2807: New best reward 1054.00, training model saved.
2026-08-11_23-43-14 Episode 2826: New best reward 1090.90, training model saved.
2026-08-11_23-45-17 Episode 2829: New best reward 1478.40, training model saved.
2026-08-12_00-03-27 Episode 2876: New best reward 1518.80, training model saved.
2026-08-12_00-14-31: Training starting...
Device: cuda
2026-08-12_00-14-32 Episode 0: New best reward -8.10, training model saved.
2026-08-12_00-14-32 Episode 0: New best greedy reward 2.00, model saved.
2026-08-12_00-14-32 Episode 1: New best reward -5.70, training model saved.
2026-08-12_00-15-03 Episode 81: New best reward -2.10, training model saved.
2026-08-12_00-15-47 Episode 187: New best reward 0.30, training model saved.
2026-08-12_00-15-57 Episode 211: New best reward 0.90, training model saved.
2026-08-12_00-16-06 Episode 235: New best reward 3.90, training model saved.
2026-08-12_00-17-06 Episode 382: New best reward 5.00, training model saved.
2026-08-12_00-17-51 Episode 491: New best reward 6.60, training model saved.
2026-08-12_00-19-14 Episode 693: New best reward 8.40, training model saved.
2026-08-12_00-19-21 Episode 711: New best reward 9.10, training model saved.
2026-08-12_00-22-12 Episode 1121: New best reward 10.70, training model saved.
2026-08-12_00-22-33 Episode 1167: New best reward 10.80, training model saved.
2026-08-12_00-22-55 Episode 1218: New best reward 11.00, training model saved.
2026-08-12_00-24-23 Episode 1414: New best reward 12.90, training model saved.
2026-08-12_00-25-12 Episode 1515: New best reward 13.70, training model saved.
2026-08-12_00-27-37 Episode 1808: New best reward 15.40, training model saved.
2026-08-12_00-29-05 Episode 1982: New best reward 15.80, training model saved.
2026-08-12_00-29-15 Episode 2000: New best greedy reward 6.00, model saved.
2026-08-12_00-30-41 Episode 2166: New best reward 18.20, training model saved.
2026-08-12_00-34-58 Episode 2605: New best reward 22.80, training model saved.
2026-08-12_00-36-06 Episode 2709: New best reward 22.90, training model saved.
2026-08-12_00-37-14 Episode 2811: New best reward 25.20, training model saved.
2026-08-12_00-37-52 Episode 2860: New best reward 25.30, training model saved.
2026-08-12_00-39-28 Episode 3000: New best greedy reward 9.00, model saved.
2026-08-12_00-40-21 Episode 3071: New best reward 34.20, training model saved.
2026-08-12_00-40-45 Episode 3100: New best reward 46.50, training model saved.
2026-08-12_00-45-54 Episode 3453: New best reward 48.80, training model saved.
2026-08-12_00-45-59 Episode 3454: New best reward 65.20, training model saved.
2026-08-12_00-47-58 Episode 3572: New best reward 81.10, training model saved.
2026-08-12_00-49-05 Episode 3626: New best reward 93.00, training model saved.
2026-08-12_00-56-18 Episode 3959: New best reward 98.00, training model saved.
2026-08-12_00-57-06 Episode 3988: New best reward 116.70, training model saved.
2026-08-12_00-57-29 Episode 4000: New best greedy reward 50.40, model saved.
2026-08-12_00-59-02 Episode 4035: New best reward 135.00, training model saved.
2026-08-12_01-03-59 Episode 4155: New best reward 165.20, training model saved.
2026-08-12_01-07-47 Episode 4228: New best reward 223.70, training model saved.
2026-08-12_01-09-49 Episode 4275: New best reward 233.30, training model saved.
2026-08-12_01-12-45 Episode 4326: New best reward 239.60, training model saved.
2026-08-12_01-20-01 Episode 4447: New best reward 290.60, training model saved.
2026-08-12_01-24-23 Episode 4506: New best reward 292.90, training model saved.
2026-08-12_01-25-27 Episode 4517: New best reward 401.30, training model saved.
2026-08-12_01-35-51 Episode 4616: New best reward 443.30, training model saved.
2026-08-12_02-00-09 Episode 4839: New best reward 554.40, training model saved.
2026-08-12_02-07-16 Episode 4874: New best reward 582.40, training model saved.
2026-08-12_02-09-58 Episode 4891: New best reward 890.70, training model saved.
2026-08-12_02-29-50 Episode 5000: New best greedy reward 1350.70, model saved.
2026-08-12_02-56-19: Training starting...
Device: cuda
2026-08-12_02-56-19 Episode 0: New best reward -8.10, training model saved.
2026-08-12_02-56-19 Episode 0: New best greedy reward 2.00, model saved.
2026-08-12_02-56-20 Episode 1: New best reward -5.70, training model saved.
2026-08-12_02-56-51 Episode 81: New best reward -2.10, training model saved.
2026-08-12_02-57-34 Episode 187: New best reward 0.30, training model saved.
2026-08-12_02-57-53 Episode 235: New best reward 0.90, training model saved.
2026-08-12_02-58-42 Episode 358: New best reward 2.10, training model saved.
2026-08-12_02-58-43 Episode 360: New best reward 3.90, training model saved.
2026-08-12_02-59-38 Episode 494: New best reward 5.00, training model saved.
2026-08-12_03-00-24 Episode 612: New best reward 8.40, training model saved.
2026-08-12_03-06-10 Episode 1469: New best reward 8.90, training model saved.
2026-08-12_03-06-15 Episode 1480: New best reward 9.30, training model saved.
2026-08-12_03-08-28 Episode 1788: New best reward 11.00, training model saved.
2026-08-12_03-09-13 Episode 1889: New best reward 11.20, training model saved.
2026-08-12_03-10-15 Episode 2021: New best reward 12.90, training model saved.
2026-08-12_03-10-21 Episode 2034: New best reward 15.80, training model saved.
2026-08-12_03-10-56 Episode 2099: New best reward 17.90, training model saved.
2026-08-12_03-11-37: Training starting...
Device: cuda
2026-08-12_03-11-37 Episode 0: New best reward -8.10, training model saved.
2026-08-12_03-11-37 Episode 0: New best greedy reward 2.00, model saved.
2026-08-12_03-11-38 Episode 1: New best reward -5.70, training model saved.
2026-08-12_03-12-10 Episode 81: New best reward -2.10, training model saved.
2026-08-12_03-13-37 Episode 299: New best reward -0.30, training model saved.
2026-08-12_03-14-02 Episode 358: New best reward 1.50, training model saved.
2026-08-12_03-14-03 Episode 360: New best reward 3.30, training model saved.
2026-08-12_03-14-20 Episode 405: New best reward 3.90, training model saved.
2026-08-12_03-15-27 Episode 569: New best reward 4.20, training model saved.
2026-08-12_03-15-47 Episode 617: New best reward 6.70, training model saved.
2026-08-12_03-17-57 Episode 938: New best reward 8.40, training model saved.
2026-08-12_03-19-49 Episode 1208: New best reward 8.60, training model saved.
2026-08-12_03-20-02 Episode 1235: New best reward 12.90, training model saved.
2026-08-12_03-24-13 Episode 1784: New best reward 13.10, training model saved.
2026-08-12_03-25-35 Episode 1953: New best reward 15.40, training model saved.
2026-08-12_03-27-24 Episode 2160: New best reward 15.60, training model saved.
2026-08-12_03-30-37 Episode 2517: New best reward 15.70, training model saved.
2026-08-12_03-31-55 Episode 2654: New best reward 20.30, training model saved.
2026-08-12_03-33-47 Episode 2832: New best reward 20.50, training model saved.
2026-08-12_03-35-23 Episode 2981: New best reward 22.40, training model saved.
2026-08-12_03-35-37 Episode 3000: New best greedy reward 9.00, model saved.
2026-08-12_03-36-53 Episode 3116: New best reward 26.90, training model saved.
2026-08-12_03-38-43 Episode 3272: New best reward 27.60, training model saved.
2026-08-12_03-39-42 Episode 3354: New best reward 31.90, training model saved.
2026-08-12_03-46-53 Episode 3907: New best reward 37.20, training model saved.
2026-08-12_03-48-19 Episode 4000: New best greedy reward 50.40, model saved.
2026-08-12_03-49-12 Episode 4062: New best reward 41.60, training model saved.
2026-08-12_03-50-54 Episode 4164: New best reward 41.80, training model saved.
2026-08-12_03-52-12 Episode 4243: New best reward 48.20, training model saved.
2026-08-12_03-53-01 Episode 4288: New best reward 53.30, training model saved.
2026-08-12_03-54-13 Episode 4349: New best reward 55.80, training model saved.
2026-08-12_03-54-17 Episode 4351: New best reward 64.40, training model saved.
2026-08-12_03-56-36 Episode 4456: New best reward 101.90, training model saved.
2026-08-12_03-59-32 Episode 4589: New best reward 115.90, training model saved.
2026-08-12_04-08-57 Episode 4903: New best reward 152.90, training model saved.
2026-08-12_04-11-09 Episode 4960: New best reward 190.60, training model saved.
2026-08-12_04-12-56 Episode 5000: New best greedy reward 130.70, model saved.
2026-08-12_04-14-17 Episode 5029: New best reward 195.10, training model saved.
2026-08-12_04-20-58 Episode 5155: New best reward 362.90, training model saved.
2026-08-12_04-35-18 Episode 5364: New best reward 407.40, training model saved.
2026-08-12_04-36-16 Episode 5366: New best reward 757.10, training model saved.
2026-08-12_04-56-19 Episode 5559: New best reward 862.40, training model saved.
[worker] done. total trials in study: 200
2026-08-11_07-11-50: Training starting...
Device: cuda
2026-08-11_07-11-57 Episode 0: New best reward -8.10, training model saved.
2026-08-11_07-11-57 Episode 0: New best greedy reward 2.00, model saved.
2026-08-11_07-11-58 Episode 1: New best reward -5.70, training model saved.
2026-08-11_07-12-35 Episode 81: New best reward -2.10, training model saved.
2026-08-11_07-12-36 Episode 85: New best reward -0.30, training model saved.
2026-08-11_07-12-38 Episode 89: New best reward 0.90, training model saved.
2026-08-11_07-13-20 Episode 187: New best reward 2.10, training model saved.
2026-08-11_07-13-25 Episode 200: New best reward 3.90, training model saved.
2026-08-11_07-13-49 Episode 250: New best reward 7.20, training model saved.
2026-08-11_07-14-30 Episode 345: New best reward 8.40, training model saved.
2026-08-11_07-15-43 Episode 505: New best reward 8.60, training model saved.
2026-08-11_07-16-28 Episode 593: New best reward 11.00, training model saved.
2026-08-11_07-20-16 Episode 1000: New best greedy reward 3.90, model saved.
2026-08-11_07-20-24 Episode 1007: New best reward 13.20, training model saved.
2026-08-11_07-21-02 Episode 1070: New best reward 13.60, training model saved.
2026-08-11_07-21-36 Episode 1125: New best reward 15.40, training model saved.
2026-08-11_07-21-56 Episode 1160: New best reward 20.20, training model saved.
2026-08-11_07-22-29 Episode 1209: New best reward 20.70, training model saved.
2026-08-11_07-25-32 Episode 1497: New best reward 23.60, training model saved.
2026-08-11_07-28-50: Training starting...
Device: cuda
2026-08-11_07-28-50 Episode 0: New best reward -8.10, training model saved.
2026-08-11_07-28-51 Episode 0: New best greedy reward 2.00, model saved.
2026-08-11_07-28-51 Episode 1: New best reward -5.70, training model saved.
2026-08-11_07-29-25 Episode 81: New best reward -2.10, training model saved.
2026-08-11_07-30-55 Episode 299: New best reward 0.90, training model saved.
2026-08-11_07-31-20 Episode 358: New best reward 1.50, training model saved.
2026-08-11_07-31-21 Episode 360: New best reward 3.90, training model saved.
2026-08-11_07-32-47 Episode 569: New best reward 4.40, training model saved.
2026-08-11_07-33-26 Episode 655: New best reward 8.40, training model saved.
2026-08-11_07-34-14 Episode 771: New best reward 9.00, training model saved.
2026-08-11_07-37-03 Episode 1157: New best reward 10.60, training model saved.
2026-08-11_07-37-07 Episode 1164: New best reward 11.30, training model saved.
2026-08-11_07-37-59 Episode 1271: New best reward 12.90, training model saved.
2026-08-11_07-40-50 Episode 1594: New best reward 13.00, training model saved.
2026-08-11_07-42-08 Episode 1727: New best reward 15.70, training model saved.
2026-08-11_07-43-52 Episode 1903: New best reward 18.50, training model saved.
2026-08-11_07-44-52 Episode 2000: New best greedy reward 6.50, model saved.
2026-08-11_07-45-01 Episode 2011: New best reward 20.30, training model saved.
2026-08-11_07-45-07 Episode 2019: New best reward 27.70, training model saved.
2026-08-11_07-48-32 Episode 2279: New best reward 34.40, training model saved.
2026-08-11_07-49-11 Episode 2324: New best reward 41.30, training model saved.
2026-08-11_07-50-19 Episode 2386: New best reward 57.70, training model saved.
2026-08-11_07-52-07 Episode 2472: New best reward 115.90, training model saved.
2026-08-11_07-54-08 Episode 2552: New best reward 130.70, training model saved.
2026-08-11_07-58-04 Episode 2672: New best reward 139.80, training model saved.
2026-08-11_08-02-45 Episode 2768: New best reward 152.90, training model saved.
2026-08-11_08-03-51 Episode 2794: New best reward 174.70, training model saved.
2026-08-11_08-04-06 Episode 2795: New best reward 218.40, training model saved.
2026-08-11_08-15-26 Episode 2953: New best reward 246.40, training model saved.
2026-08-11_08-16-10 Episode 2961: New best reward 300.80, training model saved.
2026-08-11_08-18-18 Episode 3000: New best greedy reward 249.30, model saved.
2026-08-11_08-20-51 Episode 3025: New best reward 358.40, training model saved.
2026-08-11_08-26-08 Episode 3087: New best reward 376.90, training model saved.
2026-08-11_08-29-48 Episode 3117: New best reward 389.10, training model saved.
2026-08-11_08-32-22 Episode 3135: New best reward 636.80, training model saved.
2026-08-11_08-41-19 Episode 3208: New best reward 666.40, training model saved.
2026-08-11_08-57-25 Episode 3315: New best reward 922.90, training model saved.
2026-08-11_09-10-15 Episode 3394: New best reward 1499.80, training model saved.
2026-08-11_09-17-11 Episode 3423: New best reward 1650.90, training model saved.
2026-08-11_09-45-50 Episode 3527: New best reward 1938.50, training model saved.
2026-08-11_09-57-51: Training starting...
Device: cuda
2026-08-11_09-57-52 Episode 0: New best reward -8.10, training model saved.
2026-08-11_09-57-52 Episode 0: New best greedy reward 2.00, model saved.
2026-08-11_09-57-52 Episode 1: New best reward -5.70, training model saved.
2026-08-11_09-58-28 Episode 81: New best reward -2.10, training model saved.
2026-08-11_10-00-02 Episode 299: New best reward -0.30, training model saved.
2026-08-11_10-00-29 Episode 358: New best reward 1.50, training model saved.
2026-08-11_10-00-29 Episode 360: New best reward 2.10, training model saved.
2026-08-11_10-00-47 Episode 405: New best reward 3.90, training model saved.
2026-08-11_10-01-59 Episode 569: New best reward 4.00, training model saved.
2026-08-11_10-02-15 Episode 601: New best reward 4.10, training model saved.
2026-08-11_10-02-16 Episode 605: New best reward 4.20, training model saved.
2026-08-11_10-02-21 Episode 617: New best reward 6.40, training model saved.
2026-08-11_10-03-44 Episode 809: New best reward 6.50, training model saved.
2026-08-11_10-04-02 Episode 844: New best reward 6.70, training model saved.
2026-08-11_10-04-03 Episode 847: New best reward 6.80, training model saved.
2026-08-11_10-04-11 Episode 867: New best reward 8.40, training model saved.
2026-08-11_10-05-25 Episode 1028: New best reward 12.90, training model saved.
2026-08-11_10-14-58 Episode 2000: New best greedy reward 3.90, model saved.
2026-08-11_10-15-24 Episode 2038: New best reward 13.30, training model saved.
2026-08-11_10-17-46 Episode 2227: New best reward 17.90, training model saved.
2026-08-11_10-17-54 Episode 2237: New best reward 18.10, training model saved.
2026-08-11_10-18-11 Episode 2253: New best reward 34.30, training model saved.
2026-08-11_10-20-26 Episode 2383: New best reward 36.40, training model saved.
2026-08-11_10-20-45 Episode 2396: New best reward 40.90, training model saved.
2026-08-11_10-21-20 Episode 2418: New best reward 54.90, training model saved.
2026-08-11_10-22-46 Episode 2486: New best reward 64.40, training model saved.
2026-08-11_10-23-42 Episode 2528: New best reward 68.90, training model saved.
2026-08-11_10-24-51 Episode 2569: New best reward 73.90, training model saved.
2026-08-11_10-27-18 Episode 2653: New best reward 76.70, training model saved.
2026-08-11_10-28-20 Episode 2680: New best reward 132.20, training model saved.
2026-08-11_10-28-53 Episode 2692: New best reward 181.80, training model saved.
2026-08-11_10-39-35 Episode 2933: New best reward 222.90, training model saved.
2026-08-11_10-40-43 Episode 2942: New best reward 468.70, training model saved.
2026-08-11_10-44-21 Episode 3000: New best greedy reward 25.30, model saved.
2026-08-11_10-47-08: Training starting...
Device: cuda
2026-08-11_10-47-09 Episode 0: New best reward -8.10, training model saved.
2026-08-11_10-47-09 Episode 0: New best greedy reward 2.00, model saved.
2026-08-11_10-47-09 Episode 1: New best reward -5.70, training model saved.
2026-08-11_10-47-43 Episode 81: New best reward -2.10, training model saved.
2026-08-11_10-49-14 Episode 299: New best reward 0.30, training model saved.
2026-08-11_10-49-40 Episode 358: New best reward 1.50, training model saved.
2026-08-11_10-49-41 Episode 360: New best reward 3.90, training model saved.
2026-08-11_10-51-08 Episode 569: New best reward 4.50, training model saved.
2026-08-11_10-52-13 Episode 721: New best reward 4.80, training model saved.
2026-08-11_10-52-34 Episode 767: New best reward 8.40, training model saved.
2026-08-11_10-54-24 Episode 1026: New best reward 9.20, training model saved.
2026-08-11_10-55-11 Episode 1138: New best reward 11.00, training model saved.
2026-08-11_10-58-04 Episode 1501: New best reward 12.90, training model saved.
2026-08-11_11-03-11 Episode 2094: New best reward 17.90, training model saved.
2026-08-11_11-03-22: Training starting...
Device: cuda
2026-08-11_11-03-22 Episode 0: New best reward -8.10, training model saved.
2026-08-11_11-03-23 Episode 0: New best greedy reward 2.00, model saved.
2026-08-11_11-03-23 Episode 1: New best reward -5.70, training model saved.
2026-08-11_11-03-57 Episode 81: New best reward -2.10, training model saved.
2026-08-11_11-03-59 Episode 85: New best reward 0.30, training model saved.
2026-08-11_11-04-00 Episode 89: New best reward 0.90, training model saved.
2026-08-11_11-04-41 Episode 187: New best reward 2.10, training model saved.
2026-08-11_11-04-47 Episode 200: New best reward 3.90, training model saved.
2026-08-11_11-05-32 Episode 309: New best reward 4.00, training model saved.
2026-08-11_11-05-43 Episode 329: New best reward 6.00, training model saved.
2026-08-11_11-05-51 Episode 351: New best reward 6.60, training model saved.
2026-08-11_11-06-05 Episode 384: New best reward 8.40, training model saved.
2026-08-11_11-06-33 Episode 447: New best reward 9.20, training model saved.
2026-08-11_11-06-55 Episode 496: New best reward 13.10, training model saved.
2026-08-11_11-08-42 Episode 736: New best reward 15.20, training model saved.
2026-08-11_11-10-08 Episode 906: New best reward 15.80, training model saved.
2026-08-11_11-10-59 Episode 1000: New best greedy reward 4.40, model saved.
2026-08-11_11-11-54 Episode 1097: New best reward 20.30, training model saved.
2026-08-11_11-15-08 Episode 1427: New best reward 20.60, training model saved.
2026-08-11_11-15-35 Episode 1458: New best reward 24.90, training model saved.
2026-08-11_11-15-51 Episode 1477: New best reward 42.10, training model saved.
2026-08-11_11-16-27 Episode 1514: New best reward 50.90, training model saved.
2026-08-11_11-17-35 Episode 1575: New best reward 54.90, training model saved.
2026-08-11_11-18-38 Episode 1617: New best reward 64.40, training model saved.
2026-08-11_11-18-44 Episode 1618: New best reward 98.10, training model saved.
2026-08-11_11-21-07 Episode 1687: New best reward 127.10, training model saved.
2026-08-11_11-22-09 Episode 1710: New best reward 253.10, training model saved.
2026-08-11_11-22-45 Episode 1720: New best reward 303.40, training model saved.
2026-08-11_11-25-45 Episode 1775: New best reward 377.20, training model saved.
2026-08-11_11-38-58 Episode 2000: New best greedy reward 303.20, model saved.
2026-08-11_11-41-37 Episode 2024: New best reward 421.70, training model saved.
2026-08-11_11-51-17: Training starting...
Device: cuda
2026-08-11_11-51-18 Episode 0: New best reward -8.10, training model saved.
2026-08-11_11-51-18 Episode 0: New best greedy reward 2.00, model saved.
2026-08-11_11-51-18 Episode 1: New best reward -5.70, training model saved.
2026-08-11_11-51-53 Episode 81: New best reward -2.10, training model saved.
2026-08-11_11-51-54 Episode 85: New best reward 0.30, training model saved.
2026-08-11_11-52-58 Episode 243: New best reward 3.90, training model saved.
2026-08-11_11-53-56 Episode 385: New best reward 4.00, training model saved.
2026-08-11_11-53-59 Episode 393: New best reward 4.20, training model saved.
2026-08-11_11-54-13 Episode 427: New best reward 4.70, training model saved.
2026-08-11_11-55-11 Episode 569: New best reward 6.10, training model saved.
2026-08-11_11-55-31 Episode 617: New best reward 6.20, training model saved.
2026-08-11_11-55-56 Episode 675: New best reward 7.80, training model saved.
2026-08-11_11-57-09 Episode 846: New best reward 8.40, training model saved.
2026-08-11_11-58-06 Episode 974: New best reward 10.50, training model saved.
2026-08-11_11-58-19 Episode 1000: New best greedy reward 3.90, model saved.
2026-08-11_11-58-47 Episode 1056: New best reward 12.90, training model saved.
2026-08-11_12-00-18 Episode 1223: New best reward 13.30, training model saved.
2026-08-11_12-00-42 Episode 1265: New best reward 14.00, training model saved.
2026-08-11_12-01-15 Episode 1321: New best reward 18.10, training model saved.
2026-08-11_12-03-44 Episode 1563: New best reward 22.40, training model saved.
2026-08-11_12-03-48 Episode 1565: New best reward 37.40, training model saved.
2026-08-11_12-07-01: Training starting...
Device: cuda
2026-08-11_12-07-01 Episode 0: New best reward -8.10, training model saved.
2026-08-11_12-07-02 Episode 0: New best greedy reward 2.00, model saved.
2026-08-11_12-07-02 Episode 1: New best reward -5.70, training model saved.
2026-08-11_12-07-35 Episode 81: New best reward -2.10, training model saved.
2026-08-11_12-08-07 Episode 162: New best reward -0.90, training model saved.
2026-08-11_12-08-18 Episode 187: New best reward -0.30, training model saved.
2026-08-11_12-08-27 Episode 211: New best reward 1.50, training model saved.
2026-08-11_12-08-44 Episode 250: New best reward 2.70, training model saved.
2026-08-11_12-08-58 Episode 287: New best reward 3.90, training model saved.
2026-08-11_12-09-16 Episode 329: New best reward 4.00, training model saved.
2026-08-11_12-09-17 Episode 331: New best reward 4.80, training model saved.
2026-08-11_12-09-28 Episode 357: New best reward 6.60, training model saved.
2026-08-11_12-09-57 Episode 428: New best reward 9.20, training model saved.
2026-08-11_12-11-48 Episode 676: New best reward 13.90, training model saved.
2026-08-11_12-12-21 Episode 742: New best reward 15.60, training model saved.
2026-08-11_12-13-03 Episode 821: New best reward 15.70, training model saved.
2026-08-11_12-13-56 Episode 904: New best reward 34.20, training model saved.
2026-08-11_12-14-59 Episode 1000: New best greedy reward 6.20, model saved.
2026-08-11_12-15-03 Episode 1002: New best reward 34.60, training model saved.
2026-08-11_12-16-15 Episode 1087: New best reward 60.60, training model saved.
2026-08-11_12-17-54 Episode 1173: New best reward 60.80, training model saved.
2026-08-11_12-18-10 Episode 1182: New best reward 96.90, training model saved.
2026-08-11_12-18-54 Episode 1200: New best reward 109.20, training model saved.
2026-08-11_12-19-46 Episode 1224: New best reward 111.90, training model saved.
2026-08-11_12-20-26 Episode 1237: New best reward 127.80, training model saved.
2026-08-11_12-20-55 Episode 1244: New best reward 132.80, training model saved.
2026-08-11_12-24-08 Episode 1307: New best reward 179.30, training model saved.
2026-08-11_12-25-43 Episode 1327: New best reward 236.90, training model saved.
2026-08-11_12-30-01 Episode 1421: New best reward 272.80, training model saved.
2026-08-11_12-30-41 Episode 1425: New best reward 333.30, training model saved.
2026-08-11_12-32-11 Episode 1443: New best reward 337.10, training model saved.
2026-08-11_12-34-16 Episode 1463: New best reward 378.00, training model saved.
2026-08-11_12-35-31 Episode 1470: New best reward 396.90, training model saved.
2026-08-11_12-36-47 Episode 1476: New best reward 403.30, training model saved.
2026-08-11_12-38-35 Episode 1480: New best reward 1331.80, training model saved.
2026-08-11_12-53-06: Training starting...
Device: cuda
2026-08-11_12-53-07 Episode 0: New best reward -8.10, training model saved.
2026-08-11_12-53-07 Episode 0: New best greedy reward 2.00, model saved.
2026-08-11_12-53-08 Episode 1: New best reward -5.70, training model saved.
2026-08-11_12-53-43 Episode 81: New best reward -2.10, training model saved.
2026-08-11_12-53-44 Episode 85: New best reward 0.30, training model saved.
2026-08-11_12-54-28 Episode 187: New best reward 0.90, training model saved.
2026-08-11_12-54-38 Episode 211: New best reward 3.30, training model saved.
2026-08-11_12-54-47 Episode 235: New best reward 3.90, training model saved.
2026-08-11_12-54-58 Episode 254: New best reward 4.20, training model saved.
2026-08-11_12-55-31 Episode 329: New best reward 4.70, training model saved.
2026-08-11_12-55-32 Episode 330: New best reward 4.90, training model saved.
2026-08-11_12-55-35 Episode 337: New best reward 8.40, training model saved.
2026-08-11_12-57-47 Episode 642: New best reward 11.20, training model saved.
2026-08-11_12-57-59 Episode 658: New best reward 12.90, training model saved.
2026-08-11_13-05-22 Episode 1486: New best reward 14.00, training model saved.
2026-08-11_13-06-46 Episode 1614: New best reward 15.60, training model saved.
2026-08-11_13-08-09 Episode 1731: New best reward 20.80, training model saved.
2026-08-11_13-10-17 Episode 1919: New best reward 22.50, training model saved.
2026-08-11_13-11-18 Episode 2000: New best greedy reward 8.40, model saved.
2026-08-11_13-15-05 Episode 2281: New best reward 31.90, training model saved.
2026-08-11_13-16-08 Episode 2344: New best reward 36.70, training model saved.
2026-08-11_13-16-37 Episode 2372: New best reward 39.30, training model saved.
2026-08-11_13-18-39 Episode 2484: New best reward 51.10, training model saved.
2026-08-11_13-21-43 Episode 2628: New best reward 83.30, training model saved.
2026-08-11_13-26-48 Episode 2800: New best reward 92.40, training model saved.
2026-08-11_13-27-39 Episode 2820: New best reward 111.90, training model saved.
2026-08-11_13-31-11 Episode 2910: New best reward 178.70, training model saved.
2026-08-11_13-31-48 Episode 2924: New best reward 205.10, training model saved.
2026-08-11_13-35-44 Episode 3000: New best greedy reward 321.10, model saved.
2026-08-11_13-37-12 Episode 3017: New best reward 289.50, training model saved.
2026-08-11_13-42-22: Training starting...
Device: cuda
2026-08-11_13-42-23 Episode 0: New best reward -8.10, training model saved.
2026-08-11_13-42-23 Episode 0: New best greedy reward 2.00, model saved.
2026-08-11_13-42-24 Episode 1: New best reward -5.70, training model saved.
2026-08-11_13-42-59 Episode 81: New best reward -2.10, training model saved.
2026-08-11_13-43-53 Episode 211: New best reward 2.70, training model saved.
2026-08-11_13-44-58 Episode 360: New best reward 3.90, training model saved.
2026-08-11_13-45-07 Episode 382: New best reward 4.50, training model saved.
2026-08-11_13-46-45 Episode 605: New best reward 4.80, training model saved.
2026-08-11_13-47-40 Episode 735: New best reward 8.40, training model saved.
2026-08-11_13-50-16 Episode 1076: New best reward 8.70, training model saved.
2026-08-11_13-50-20 Episode 1085: New best reward 9.30, training model saved.
2026-08-11_13-52-33 Episode 1359: New best reward 11.00, training model saved.
2026-08-11_13-53-56 Episode 1521: New best reward 12.90, training model saved.
2026-08-11_13-54-04 Episode 1538: New best reward 15.60, training model saved.
2026-08-11_13-58-26 Episode 2000: New best greedy reward 6.20, model saved.
2026-08-11_13-58-59: Training starting...
Device: cuda
2026-08-11_13-59-00 Episode 0: New best reward -8.10, training model saved.
2026-08-11_13-59-00 Episode 0: New best greedy reward 2.00, model saved.
2026-08-11_13-59-01 Episode 1: New best reward -5.70, training model saved.
2026-08-11_13-59-34 Episode 81: New best reward -2.10, training model saved.
2026-08-11_14-01-05 Episode 299: New best reward 0.90, training model saved.
2026-08-11_14-01-30 Episode 358: New best reward 1.50, training model saved.
2026-08-11_14-01-31 Episode 360: New best reward 3.90, training model saved.
2026-08-11_14-01-40 Episode 382: New best reward 4.50, training model saved.
2026-08-11_14-03-45 Episode 677: New best reward 4.90, training model saved.
2026-08-11_14-04-20 Episode 759: New best reward 6.10, training model saved.
2026-08-11_14-04-40 Episode 808: New best reward 8.40, training model saved.
2026-08-11_14-06-12 Episode 1018: New best reward 8.60, training model saved.
2026-08-11_14-07-09 Episode 1144: New best reward 8.70, training model saved.
2026-08-11_14-07-44 Episode 1221: New best reward 11.30, training model saved.
2026-08-11_14-08-19 Episode 1292: New best reward 13.20, training model saved.
2026-08-11_14-09-51 Episode 1474: New best reward 15.70, training model saved.
2026-08-11_14-10-52 Episode 1591: New best reward 15.80, training model saved.
2026-08-11_14-11-49 Episode 1680: New best reward 17.90, training model saved.
2026-08-11_14-12-41 Episode 1771: New best reward 18.70, training model saved.
2026-08-11_14-12-54 Episode 1787: New best reward 22.80, training model saved.
2026-08-11_14-13-47 Episode 1860: New best reward 27.80, training model saved.
2026-08-11_14-15-27 Episode 2000: New best greedy reward 6.80, model saved.
2026-08-11_14-16-09 Episode 2050: New best reward 32.60, training model saved.
2026-08-11_14-16-33 Episode 2071: New best reward 50.40, training model saved.
2026-08-11_14-17-11 Episode 2110: New best reward 51.30, training model saved.
2026-08-11_14-19-20 Episode 2218: New best reward 67.30, training model saved.
2026-08-11_14-19-50 Episode 2234: New best reward 68.90, training model saved.
2026-08-11_14-21-42 Episode 2298: New best reward 99.10, training model saved.
2026-08-11_14-25-35 Episode 2410: New best reward 158.80, training model saved.
2026-08-11_14-26-50 Episode 2447: New best reward 219.40, training model saved.
2026-08-11_14-28-54 Episode 2491: New best reward 237.70, training model saved.
2026-08-11_14-33-22 Episode 2568: New best reward 320.90, training model saved.
2026-08-11_14-48-34 Episode 2760: New best reward 340.90, training model saved.
2026-08-11_14-51-12 Episode 2781: New best reward 358.40, training model saved.
2026-08-11_14-57-27 Episode 2845: New best reward 404.90, training model saved.
2026-08-11_14-58-50 Episode 2850: New best reward 475.70, training model saved.
2026-08-11_15-01-33 Episode 2871: New best reward 524.70, training model saved.
2026-08-11_15-12-41 Episode 2952: New best reward 599.30, training model saved.
2026-08-11_15-14-57 Episode 2961: New best reward 737.40, training model saved.
2026-08-11_15-16-31 Episode 2972: New best reward 804.80, training model saved.
2026-08-11_15-21-40 Episode 3000: New best greedy reward 110.90, model saved.
2026-08-11_15-52-49 Episode 3183: New best reward 877.30, training model saved.
2026-08-11_16-35-13: Training starting...
Device: cuda
2026-08-11_16-35-14 Episode 0: New best reward -8.10, training model saved.
2026-08-11_16-35-14 Episode 0: New best greedy reward 2.00, model saved.
2026-08-11_16-35-15 Episode 1: New best reward -5.70, training model saved.
2026-08-11_16-35-51 Episode 81: New best reward -2.10, training model saved.
2026-08-11_16-37-27 Episode 299: New best reward -0.30, training model saved.
2026-08-11_16-37-56 Episode 358: New best reward 1.50, training model saved.
2026-08-11_16-37-56 Episode 360: New best reward 3.90, training model saved.
2026-08-11_16-38-05 Episode 382: New best reward 4.50, training model saved.
2026-08-11_16-39-53 Episode 617: New best reward 6.50, training model saved.
2026-08-11_16-40-44 Episode 734: New best reward 6.80, training model saved.
2026-08-11_16-42-14 Episode 920: New best reward 8.40, training model saved.
2026-08-11_16-42-42 Episode 977: New best reward 9.10, training model saved.
2026-08-11_16-44-53 Episode 1247: New best reward 12.90, training model saved.
2026-08-11_16-50-21 Episode 1797: New best reward 22.40, training model saved.
2026-08-11_16-52-42 Episode 2000: New best greedy reward 3.90, model saved.
2026-08-11_16-52-58 Episode 2027: New best reward 26.90, training model saved.
2026-08-11_16-57-50 Episode 2401: New best reward 31.90, training model saved.
2026-08-11_16-58-18 Episode 2430: New best reward 36.40, training model saved.
2026-08-11_17-02-57 Episode 2771: New best reward 40.90, training model saved.
2026-08-11_17-05-58 Episode 3000: New best greedy reward 8.40, model saved.
2026-08-11_17-10-54 Episode 3319: New best reward 45.90, training model saved.
2026-08-11_17-13-45 Episode 3485: New best reward 50.40, training model saved.
2026-08-11_17-14-22 Episode 3516: New best reward 82.90, training model saved.
2026-08-11_17-23-48 Episode 3961: New best reward 93.50, training model saved.
2026-08-11_17-26-16: Training starting...
Device: cuda
2026-08-11_17-26-16 Episode 0: New best reward -8.10, training model saved.
2026-08-11_17-26-17 Episode 0: New best greedy reward 2.00, model saved.
2026-08-11_17-26-17 Episode 1: New best reward -5.70, training model saved.
2026-08-11_17-26-49 Episode 81: New best reward -2.10, training model saved.
2026-08-11_17-28-18 Episode 299: New best reward -0.30, training model saved.
2026-08-11_17-28-45 Episode 358: New best reward 0.90, training model saved.
2026-08-11_17-29-03 Episode 405: New best reward 0.90, training model saved.
2026-08-11_17-29-46 Episode 503: New best reward 1.50, training model saved.
2026-08-11_17-30-56 Episode 674: New best reward 3.90, training model saved.
2026-08-11_17-34-17 Episode 1160: New best reward 4.60, training model saved.
2026-08-11_17-34-24 Episode 1178: New best reward 4.70, training model saved.
2026-08-11_17-34-41 Episode 1220: New best reward 4.90, training model saved.
2026-08-11_17-35-03 Episode 1275: New best reward 5.00, training model saved.
2026-08-11_17-35-28 Episode 1331: New best reward 6.00, training model saved.
2026-08-11_17-35-48 Episode 1382: New best reward 6.20, training model saved.
2026-08-11_17-35-58 Episode 1407: New best reward 6.80, training model saved.
2026-08-11_17-37-12 Episode 1584: New best reward 8.40, training model saved.
2026-08-11_17-37-31 Episode 1630: New best reward 8.80, training model saved.
2026-08-11_17-38-14 Episode 1729: New best reward 8.90, training model saved.
2026-08-11_17-41-36 Episode 2200: New best reward 10.90, training model saved.
2026-08-11_17-42-05: Training starting...
Device: cuda
2026-08-11_17-42-05 Episode 0: New best reward -8.10, training model saved.
2026-08-11_17-42-06 Episode 0: New best greedy reward 2.00, model saved.
2026-08-11_17-42-06 Episode 1: New best reward -5.70, training model saved.
2026-08-11_17-42-39 Episode 81: New best reward -2.10, training model saved.
2026-08-11_17-44-08 Episode 299: New best reward -0.30, training model saved.
2026-08-11_17-44-32 Episode 358: New best reward 1.50, training model saved.
2026-08-11_17-44-33 Episode 360: New best reward 3.90, training model saved.
2026-08-11_17-45-58 Episode 569: New best reward 4.00, training model saved.
2026-08-11_17-46-12 Episode 601: New best reward 4.10, training model saved.
2026-08-11_17-46-30 Episode 647: New best reward 4.20, training model saved.
2026-08-11_17-46-44 Episode 677: New best reward 4.70, training model saved.
2026-08-11_17-46-56 Episode 708: New best reward 4.90, training model saved.
2026-08-11_17-47-40 Episode 815: New best reward 8.40, training model saved.
2026-08-11_17-51-57 Episode 1429: New best reward 8.50, training model saved.
2026-08-11_17-52-47 Episode 1535: New best reward 8.80, training model saved.
2026-08-11_17-53-40 Episode 1648: New best reward 12.90, training model saved.
2026-08-11_17-56-43 Episode 2000: New best greedy reward 8.90, model saved.
2026-08-11_17-57-45: Training starting...
Device: cuda
2026-08-11_17-57-46 Episode 0: New best reward -8.10, training model saved.
2026-08-11_17-57-46 Episode 0: New best greedy reward 2.00, model saved.
2026-08-11_17-57-46 Episode 1: New best reward -5.70, training model saved.
2026-08-11_17-58-19 Episode 81: New best reward -2.10, training model saved.
2026-08-11_17-58-21 Episode 85: New best reward 0.30, training model saved.
2026-08-11_17-58-51 Episode 162: New best reward 1.50, training model saved.
2026-08-11_17-59-03 Episode 187: New best reward 2.70, training model saved.
2026-08-11_17-59-08 Episode 200: New best reward 3.90, training model saved.
2026-08-11_17-59-31 Episode 253: New best reward 4.70, training model saved.
2026-08-11_17-59-31 Episode 254: New best reward 4.80, training model saved.
2026-08-11_17-59-50 Episode 302: New best reward 6.00, training model saved.
2026-08-11_18-00-12 Episode 353: New best reward 8.40, training model saved.
2026-08-11_18-00-51 Episode 442: New best reward 9.10, training model saved.
2026-08-11_18-04-53 Episode 1000: New best greedy reward 6.00, model saved.
2026-08-11_18-05-03 Episode 1022: New best reward 9.40, training model saved.
2026-08-11_18-05-12 Episode 1037: New best reward 9.50, training model saved.
2026-08-11_18-05-59 Episode 1137: New best reward 10.80, training model saved.
2026-08-11_18-06-30 Episode 1203: New best reward 12.90, training model saved.
2026-08-11_18-07-02 Episode 1262: New best reward 15.70, training model saved.
2026-08-11_18-07-06 Episode 1268: New best reward 17.90, training model saved.
2026-08-11_18-07-15 Episode 1281: New best reward 18.70, training model saved.
2026-08-11_18-08-00 Episode 1350: New best reward 23.00, training model saved.
2026-08-11_18-08-18 Episode 1378: New best reward 25.20, training model saved.
2026-08-11_18-09-23 Episode 1467: New best reward 34.10, training model saved.
2026-08-11_18-09-31 Episode 1477: New best reward 39.00, training model saved.
2026-08-11_18-09-47 Episode 1495: New best reward 43.10, training model saved.
2026-08-11_18-10-22 Episode 1538: New best reward 45.90, training model saved.
2026-08-11_18-11-35 Episode 1605: New best reward 73.90, training model saved.
2026-08-11_18-12-41 Episode 1659: New best reward 81.20, training model saved.
2026-08-11_18-13-17 Episode 1678: New best reward 94.80, training model saved.
2026-08-11_18-14-21 Episode 1716: New best reward 95.30, training model saved.
2026-08-11_18-14-52 Episode 1729: New best reward 102.70, training model saved.
2026-08-11_18-15-22 Episode 1736: New best reward 104.80, training model saved.
2026-08-11_18-15-48 Episode 1742: New best reward 176.40, training model saved.
2026-08-11_18-16-17 Episode 1748: New best reward 194.90, training model saved.
2026-08-11_18-17-14 Episode 1759: New best reward 291.00, training model saved.
2026-08-11_18-19-25 Episode 1782: New best reward 309.80, training model saved.
2026-08-11_18-19-52 Episode 1784: New best reward 347.30, training model saved.
2026-08-11_18-23-03 Episode 1821: New best reward 946.40, training model saved.
2026-08-11_18-42-44 Episode 1959: New best reward 1369.30, training model saved.
2026-08-11_18-52-12 Episode 2000: New best greedy reward 708.40, model saved.
2026-08-11_19-24-40 Episode 2173: New best reward 2005.90, training model saved.
2026-08-11_19-38-16 Episode 2208: New best reward 2274.40, training model saved.
2026-08-11_20-16-07 Episode 2279: New best reward 5326.80, training model saved.
2026-08-11_20-31-24: Training starting...
Device: cuda
2026-08-11_20-31-25 Episode 0: New best reward -8.10, training model saved.
2026-08-11_20-31-25 Episode 0: New best greedy reward 2.00, model saved.
2026-08-11_20-31-25 Episode 1: New best reward -5.70, training model saved.
2026-08-11_20-31-57 Episode 81: New best reward -2.10, training model saved.
2026-08-11_20-33-33 Episode 299: New best reward -0.30, training model saved.
2026-08-11_20-34-05 Episode 358: New best reward 0.90, training model saved.
2026-08-11_20-34-24 Episode 405: New best reward 0.90, training model saved.
2026-08-11_20-35-12 Episode 503: New best reward 1.50, training model saved.
2026-08-11_20-36-30 Episode 674: New best reward 3.90, training model saved.
2026-08-11_20-38-53 Episode 991: New best reward 4.00, training model saved.
2026-08-11_20-39-01 Episode 1011: New best reward 4.30, training model saved.
2026-08-11_20-40-16 Episode 1178: New best reward 4.50, training model saved.
2026-08-11_20-40-39 Episode 1236: New best reward 4.80, training model saved.
2026-08-11_20-40-45 Episode 1249: New best reward 8.40, training model saved.
2026-08-11_20-41-20 Episode 1312: New best reward 8.50, training model saved.
2026-08-11_20-41-27 Episode 1330: New best reward 8.60, training model saved.
2026-08-11_20-46-17 Episode 1958: New best reward 8.90, training model saved.
2026-08-11_20-47-44 Episode 2143: New best reward 9.10, training model saved.
2026-08-11_20-48-30 Episode 2252: New best reward 9.20, training model saved.
2026-08-11_20-48-43: Training starting...
Device: cuda
2026-08-11_20-48-44 Episode 0: New best reward -8.10, training model saved.
2026-08-11_20-48-44 Episode 0: New best greedy reward 2.00, model saved.
2026-08-11_20-48-45 Episode 1: New best reward -5.70, training model saved.
2026-08-11_20-49-18 Episode 81: New best reward -2.10, training model saved.
2026-08-11_20-50-10 Episode 211: New best reward 2.70, training model saved.
2026-08-11_20-51-12 Episode 360: New best reward 3.90, training model saved.
2026-08-11_20-52-37 Episode 569: New best reward 4.50, training model saved.
2026-08-11_20-52-57 Episode 617: New best reward 6.40, training model saved.
2026-08-11_20-54-17 Episode 811: New best reward 8.40, training model saved.
2026-08-11_20-55-11 Episode 940: New best reward 10.70, training model saved.
2026-08-11_20-56-34 Episode 1134: New best reward 12.90, training model saved.
2026-08-11_21-04-11 Episode 2101: New best reward 13.10, training model saved.
2026-08-11_21-04-20 Episode 2118: New best reward 13.40, training model saved.
2026-08-11_21-07-42 Episode 2494: New best reward 17.90, training model saved.
2026-08-11_21-19-23 Episode 3614: New best reward 18.20, training model saved.
2026-08-11_21-23-51 Episode 4000: New best greedy reward 17.90, model saved.
2026-08-11_21-23-58 Episode 4008: New best reward 23.10, training model saved.
2026-08-11_21-26-53 Episode 4248: New best reward 27.70, training model saved.
2026-08-11_21-28-57 Episode 4406: New best reward 31.30, training model saved.
2026-08-11_21-32-15 Episode 4660: New best reward 36.40, training model saved.
2026-08-11_21-33-16 Episode 4721: New best reward 39.20, training model saved.
2026-08-11_21-37-15 Episode 4984: New best reward 39.30, training model saved.
2026-08-11_21-37-58 Episode 5028: New best reward 54.90, training model saved.
2026-08-11_21-38-02 Episode 5029: New best reward 55.90, training model saved.
2026-08-11_21-42-16 Episode 5251: New best reward 73.90, training model saved.
2026-08-11_21-45-19 Episode 5393: New best reward 74.30, training model saved.
2026-08-11_21-45-33 Episode 5402: New best reward 78.90, training model saved.
2026-08-11_21-47-44 Episode 5480: New best reward 79.30, training model saved.
2026-08-11_21-49-30 Episode 5550: New best reward 96.90, training model saved.
2026-08-11_21-50-50 Episode 5604: New best reward 107.00, training model saved.
2026-08-11_21-50-59 Episode 5605: New best reward 139.70, training model saved.
2026-08-11_21-56-45 Episode 5785: New best reward 155.30, training model saved.
2026-08-11_22-03-59 Episode 5957: New best reward 169.10, training model saved.
2026-08-11_22-06-41 Episode 6018: New best reward 177.10, training model saved.
2026-08-11_22-20-15 Episode 6262: New best reward 274.60, training model saved.
2026-08-11_22-24-48 Episode 6327: New best reward 319.30, training model saved.
2026-08-11_22-25-32 Episode 6330: New best reward 498.40, training model saved.
2026-08-11_22-31-19 Episode 6411: New best reward 610.40, training model saved.
2026-08-11_22-54-50 Episode 6614: New best reward 813.10, training model saved.
2026-08-11_23-06-58: Training starting...
Device: cuda
2026-08-11_23-06-58 Episode 0: New best reward -8.10, training model saved.
2026-08-11_23-06-59 Episode 0: New best greedy reward 2.00, model saved.
2026-08-11_23-06-59 Episode 1: New best reward -5.70, training model saved.
2026-08-11_23-07-35 Episode 81: New best reward -2.10, training model saved.
2026-08-11_23-07-37 Episode 85: New best reward 0.30, training model saved.
2026-08-11_23-08-25 Episode 195: New best reward 2.10, training model saved.
2026-08-11_23-08-31 Episode 211: New best reward 3.30, training model saved.
2026-08-11_23-08-44 Episode 243: New best reward 3.90, training model saved.
2026-08-11_23-09-06 Episode 286: New best reward 4.10, training model saved.
2026-08-11_23-09-06 Episode 287: New best reward 4.20, training model saved.
2026-08-11_23-09-28 Episode 329: New best reward 4.30, training model saved.
2026-08-11_23-09-28 Episode 330: New best reward 6.40, training model saved.
2026-08-11_23-09-31 Episode 337: New best reward 8.60, training model saved.
2026-08-11_23-13-49 Episode 893: New best reward 9.40, training model saved.
2026-08-11_23-14-39 Episode 1000: New best greedy reward 3.90, model saved.
2026-08-11_23-14-42 Episode 1007: New best reward 11.10, training model saved.
2026-08-11_23-15-03 Episode 1042: New best reward 13.10, training model saved.
2026-08-11_23-17-15 Episode 1275: New best reward 20.20, training model saved.
2026-08-11_23-17-58 Episode 1340: New best reward 20.30, training model saved.
2026-08-11_23-18-14 Episode 1356: New best reward 40.90, training model saved.
2026-08-11_23-22-05 Episode 1634: New best reward 48.80, training model saved.
2026-08-11_23-24-26 Episode 1776: New best reward 59.30, training model saved.
2026-08-11_23-26-59 Episode 1894: New best reward 82.90, training model saved.
2026-08-11_23-29-58 Episode 2000: New best greedy reward 35.80, model saved.
2026-08-11_23-30-54 Episode 2022: New best reward 83.60, training model saved.
2026-08-11_23-35-26 Episode 2165: New best reward 132.70, training model saved.
2026-08-11_23-39-58 Episode 2288: New best reward 158.30, training model saved.
2026-08-11_23-41-12 Episode 2309: New best reward 183.80, training model saved.
2026-08-11_23-48-20 Episode 2459: New best reward 194.30, training model saved.
2026-08-11_23-51-45 Episode 2514: New best reward 222.90, training model saved.
2026-08-11_23-58-57: Training starting...
Device: cuda
2026-08-11_23-58-58 Episode 0: New best reward -8.10, training model saved.
2026-08-11_23-58-58 Episode 0: New best greedy reward 2.00, model saved.
2026-08-11_23-58-59 Episode 1: New best reward -5.70, training model saved.
2026-08-11_23-59-32 Episode 81: New best reward -2.10, training model saved.
2026-08-12_00-01-00 Episode 299: New best reward 0.90, training model saved.
2026-08-12_00-01-24 Episode 358: New best reward 1.50, training model saved.
2026-08-12_00-01-25 Episode 360: New best reward 3.90, training model saved.
2026-08-12_00-01-34 Episode 382: New best reward 4.50, training model saved.
2026-08-12_00-03-06 Episode 605: New best reward 6.10, training model saved.
2026-08-12_00-03-13 Episode 622: New best reward 6.50, training model saved.
2026-08-12_00-04-38 Episode 823: New best reward 6.80, training model saved.
2026-08-12_00-04-48 Episode 847: New best reward 8.40, training model saved.
2026-08-12_00-07-26 Episode 1218: New best reward 8.50, training model saved.
2026-08-12_00-07-57 Episode 1285: New best reward 8.80, training model saved.
2026-08-12_00-08-18 Episode 1329: New best reward 12.90, training model saved.
2026-08-12_00-13-41 Episode 1916: New best reward 13.70, training model saved.
2026-08-12_00-14-03 Episode 1952: New best reward 22.40, training model saved.
2026-08-12_00-14-40 Episode 1997: New best reward 23.60, training model saved.
2026-08-12_00-14-42 Episode 2000: New best greedy reward 6.80, model saved.
2026-08-12_00-14-54 Episode 2014: New best reward 36.40, training model saved.
2026-08-12_00-16-15 Episode 2101: New best reward 51.50, training model saved.
2026-08-12_00-17-23 Episode 2155: New best reward 92.40, training model saved.
2026-08-12_00-17-34 Episode 2158: New best reward 111.10, training model saved.
2026-08-12_00-18-24 Episode 2191: New best reward 127.80, training model saved.
2026-08-12_00-20-16 Episode 2255: New best reward 159.00, training model saved.
2026-08-12_00-23-58 Episode 2344: New best reward 228.70, training model saved.
2026-08-12_00-32-28 Episode 2515: New best reward 332.80, training model saved.
2026-08-12_00-34-51 Episode 2539: New best reward 336.10, training model saved.
2026-08-12_00-37-08 Episode 2558: New best reward 638.40, training model saved.
2026-08-12_01-02-51 Episode 2750: New best reward 796.90, training model saved.
2026-08-12_01-41-52 Episode 3000: New best greedy reward 390.90, model saved.
2026-08-12_01-56-38 Episode 3086: New best reward 1030.90, training model saved.
2026-08-12_02-01-09 Episode 3094: New best reward 1187.30, training model saved.
2026-08-12_02-05-02 Episode 3100: New best reward 1607.30, training model saved.
2026-08-12_02-11-29 Episode 3117: New best reward 2308.90, training model saved.
2026-08-12_03-10-53: Training starting...
Device: cuda
2026-08-12_03-10-53 Episode 0: New best reward -8.10, training model saved.
2026-08-12_03-10-54 Episode 0: New best greedy reward 2.00, model saved.
2026-08-12_03-10-54 Episode 1: New best reward -5.70, training model saved.
2026-08-12_03-11-27 Episode 81: New best reward -2.10, training model saved.
2026-08-12_03-12-18 Episode 211: New best reward 1.50, training model saved.
2026-08-12_03-12-35 Episode 250: New best reward 2.10, training model saved.
2026-08-12_03-12-36 Episode 254: New best reward 3.90, training model saved.
2026-08-12_03-13-07 Episode 329: New best reward 4.00, training model saved.
2026-08-12_03-13-10 Episode 338: New best reward 4.10, training model saved.
2026-08-12_03-13-13 Episode 345: New best reward 5.00, training model saved.
2026-08-12_03-13-56 Episode 451: New best reward 8.40, training model saved.
2026-08-12_03-14-42 Episode 562: New best reward 9.10, training model saved.
2026-08-12_03-14-59 Episode 599: New best reward 9.20, training model saved.
2026-08-12_03-15-06 Episode 616: New best reward 9.40, training model saved.
2026-08-12_03-17-29 Episode 948: New best reward 10.60, training model saved.
2026-08-12_03-18-17 Episode 1049: New best reward 10.70, training model saved.
2026-08-12_03-18-48 Episode 1111: New best reward 11.10, training model saved.
2026-08-12_03-18-57 Episode 1130: New best reward 13.80, training model saved.
2026-08-12_03-20-59 Episode 1354: New best reward 20.30, training model saved.
2026-08-12_03-24-23 Episode 1712: New best reward 20.50, training model saved.
2026-08-12_03-25-38 Episode 1828: New best reward 23.20, training model saved.
2026-08-12_03-25-41 Episode 1831: New best reward 27.00, training model saved.
2026-08-12_03-27-18 Episode 1979: New best reward 36.40, training model saved.
2026-08-12_03-27-33 Episode 2000: New best greedy reward 8.90, model saved.
2026-08-12_03-28-55 Episode 2105: New best reward 50.40, training model saved.
2026-08-12_03-31-43 Episode 2284: New best reward 53.20, training model saved.
2026-08-12_03-32-59 Episode 2353: New best reward 64.90, training model saved.
2026-08-12_03-37-26 Episode 2572: New best reward 70.10, training model saved.
2026-08-12_03-38-38 Episode 2606: New best reward 136.60, training model saved.
2026-08-12_03-41-56 Episode 2696: New best reward 138.90, training model saved.
2026-08-12_03-42-07 Episode 2698: New best reward 154.00, training model saved.
2026-08-12_03-43-40 Episode 2725: New best reward 205.10, training model saved.
2026-08-12_03-50-58 Episode 2849: New best reward 247.30, training model saved.
2026-08-12_03-56-05 Episode 2923: New best reward 253.40, training model saved.
2026-08-12_04-00-23 Episode 2981: New best reward 318.70, training model saved.
2026-08-12_04-02-20 Episode 3000: New best greedy reward 278.90, model saved.
2026-08-12_04-11-02 Episode 3107: New best reward 442.60, training model saved.
2026-08-12_04-23-31 Episode 3254: New best reward 458.90, training model saved.
2026-08-12_04-28-43 Episode 3303: New best reward 617.80, training model saved.
2026-08-12_04-54-13 Episode 3475: New best reward 1139.10, training model saved.
[worker] done. total trials in study: 200
2026-08-11_07-11-50: Training starting...
Device: cuda
2026-08-11_07-11-57 Episode 0: New best reward -8.10, training model saved.
2026-08-11_07-11-57 Episode 0: New best greedy reward 2.00, model saved.
2026-08-11_07-11-58 Episode 1: New best reward -5.70, training model saved.
2026-08-11_07-12-32 Episode 81: New best reward -2.10, training model saved.
2026-08-11_07-12-34 Episode 85: New best reward 0.30, training model saved.
2026-08-11_07-12-36 Episode 89: New best reward 0.90, training model saved.
2026-08-11_07-13-04 Episode 162: New best reward 1.50, training model saved.
2026-08-11_07-13-07 Episode 164: New best reward 3.90, training model saved.
2026-08-11_07-13-42 Episode 251: New best reward 6.40, training model saved.
2026-08-11_07-13-43 Episode 253: New best reward 6.80, training model saved.
2026-08-11_07-14-32 Episode 373: New best reward 9.30, training model saved.
2026-08-11_07-15-11 Episode 467: New best reward 10.80, training model saved.
2026-08-11_07-16-22 Episode 635: New best reward 11.20, training model saved.
2026-08-11_07-21-20 Episode 1328: New best reward 13.80, training model saved.
2026-08-11_07-26-44 Episode 2000: New best greedy reward 3.90, model saved.
2026-08-11_07-26-58 Episode 2026: New best reward 25.20, training model saved.
2026-08-11_07-27-40: Training starting...
Device: cuda
2026-08-11_07-27-41 Episode 0: New best reward -8.10, training model saved.
2026-08-11_07-27-41 Episode 0: New best greedy reward 2.00, model saved.
2026-08-11_07-27-42 Episode 1: New best reward -5.70, training model saved.
2026-08-11_07-28-16 Episode 81: New best reward -2.10, training model saved.
2026-08-11_07-28-17 Episode 85: New best reward 0.30, training model saved.
2026-08-11_07-29-09 Episode 211: New best reward 3.30, training model saved.
2026-08-11_07-29-18 Episode 235: New best reward 3.90, training model saved.
2026-08-11_07-29-41 Episode 287: New best reward 4.10, training model saved.
2026-08-11_07-30-04 Episode 341: New best reward 4.20, training model saved.
2026-08-11_07-30-09 Episode 355: New best reward 4.50, training model saved.
2026-08-11_07-30-46 Episode 445: New best reward 4.60, training model saved.
2026-08-11_07-31-11 Episode 502: New best reward 6.10, training model saved.
2026-08-11_07-31-45 Episode 584: New best reward 6.60, training model saved.
2026-08-11_07-32-00 Episode 619: New best reward 9.00, training model saved.
2026-08-11_07-33-00 Episode 761: New best reward 11.10, training model saved.
2026-08-11_07-34-18 Episode 935: New best reward 12.90, training model saved.
2026-08-11_07-35-06 Episode 1036: New best reward 13.30, training model saved.
2026-08-11_07-37-17 Episode 1309: New best reward 20.20, training model saved.
2026-08-11_07-43-09 Episode 1955: New best reward 20.70, training model saved.
2026-08-11_07-43-35 Episode 2000: New best greedy reward 6.40, model saved.
2026-08-11_07-43-37: Training starting...
Device: cuda
2026-08-11_07-43-37 Episode 0: New best reward -8.10, training model saved.
2026-08-11_07-43-38 Episode 0: New best greedy reward 2.00, model saved.
2026-08-11_07-43-38 Episode 1: New best reward -5.70, training model saved.
2026-08-11_07-44-11 Episode 81: New best reward -2.10, training model saved.
2026-08-11_07-44-12 Episode 85: New best reward 0.30, training model saved.
2026-08-11_07-44-45 Episode 164: New best reward 1.50, training model saved.
2026-08-11_07-44-54 Episode 187: New best reward 3.90, training model saved.
2026-08-11_07-45-20 Episode 250: New best reward 6.10, training model saved.
2026-08-11_07-45-35 Episode 287: New best reward 8.80, training model saved.
2026-08-11_07-46-02 Episode 350: New best reward 10.70, training model saved.
2026-08-11_07-48-28 Episode 666: New best reward 12.90, training model saved.
2026-08-11_07-49-26 Episode 774: New best reward 13.10, training model saved.
2026-08-11_07-50-29 Episode 882: New best reward 13.40, training model saved.
2026-08-11_07-51-15 Episode 958: New best reward 13.90, training model saved.
2026-08-11_07-51-41 Episode 997: New best reward 17.90, training model saved.
2026-08-11_07-51-45 Episode 1000: New best greedy reward 20.50, model saved.
2026-08-11_07-52-08 Episode 1032: New best reward 24.90, training model saved.
2026-08-11_07-52-57 Episode 1091: New best reward 32.40, training model saved.
2026-08-11_07-53-04 Episode 1097: New best reward 54.90, training model saved.
2026-08-11_07-54-21 Episode 1159: New best reward 82.90, training model saved.
2026-08-11_07-55-49 Episode 1209: New best reward 99.10, training model saved.
2026-08-11_07-56-51 Episode 1234: New best reward 117.00, training model saved.
2026-08-11_07-57-33 Episode 1258: New best reward 121.20, training model saved.
2026-08-11_08-01-24 Episode 1344: New best reward 162.40, training model saved.
2026-08-11_08-02-08 Episode 1352: New best reward 299.00, training model saved.
2026-08-11_08-27-14 Episode 1866: New best reward 334.90, training model saved.
2026-08-11_08-28-25 Episode 1886: New best reward 377.10, training model saved.
2026-08-11_08-29-58: Training starting...
Device: cuda
2026-08-11_08-29-58 Episode 0: New best reward -8.10, training model saved.
2026-08-11_08-29-58 Episode 0: New best greedy reward 2.00, model saved.
2026-08-11_08-29-59 Episode 1: New best reward -5.70, training model saved.
2026-08-11_08-30-31 Episode 81: New best reward -2.10, training model saved.
2026-08-11_08-30-33 Episode 85: New best reward 0.30, training model saved.
2026-08-11_08-31-18 Episode 195: New best reward 2.10, training model saved.
2026-08-11_08-31-20 Episode 200: New best reward 3.90, training model saved.
2026-08-11_08-31-56 Episode 286: New best reward 4.10, training model saved.
2026-08-11_08-31-57 Episode 287: New best reward 4.90, training model saved.
2026-08-11_08-32-29 Episode 365: New best reward 8.40, training model saved.
2026-08-11_08-32-41 Episode 393: New best reward 11.20, training model saved.
2026-08-11_08-33-33 Episode 519: New best reward 11.30, training model saved.
2026-08-11_08-36-26 Episode 903: New best reward 12.90, training model saved.
2026-08-11_08-37-21 Episode 1000: New best greedy reward 8.60, model saved.
2026-08-11_08-40-00 Episode 1271: New best reward 13.50, training model saved.
2026-08-11_08-40-12 Episode 1287: New best reward 15.70, training model saved.
2026-08-11_08-40-20 Episode 1298: New best reward 17.90, training model saved.
2026-08-11_08-40-24 Episode 1302: New best reward 39.10, training model saved.
2026-08-11_08-44-53 Episode 1615: New best reward 81.30, training model saved.
2026-08-11_08-46-02 Episode 1655: New best reward 104.40, training model saved.
2026-08-11_08-46-47 Episode 1677: New best reward 110.90, training model saved.
2026-08-11_08-49-18 Episode 1747: New best reward 118.10, training model saved.
2026-08-11_08-50-10 Episode 1769: New best reward 124.90, training model saved.
2026-08-11_08-52-09 Episode 1813: New best reward 277.30, training model saved.
2026-08-11_08-52-32 Episode 1814: New best reward 342.80, training model saved.
2026-08-11_09-01-03 Episode 1940: New best reward 447.00, training model saved.
2026-08-11_09-07-03 Episode 2000: New best greedy reward 95.30, model saved.
2026-08-11_09-08-41 Episode 2006: New best reward 564.80, training model saved.
2026-08-11_09-17-57 Episode 2084: New best reward 795.30, training model saved.
2026-08-11_09-45-34 Episode 2300: New best reward 1034.90, training model saved.
2026-08-11_09-49-59 Episode 2310: New best reward 1054.10, training model saved.
2026-08-11_09-52-02 Episode 2313: New best reward 1166.60, training model saved.
2026-08-11_09-55-16 Episode 2319: New best reward 1369.30, training model saved.
2026-08-11_10-04-22 Episode 2332: New best reward 2454.00, training model saved.
2026-08-11_10-31-05 Episode 2368: New best reward 4854.80, training model saved.
2026-08-11_10-58-37: Training starting...
Device: cuda
2026-08-11_10-58-38 Episode 0: New best reward -8.10, training model saved.
2026-08-11_10-58-38 Episode 0: New best greedy reward 2.00, model saved.
2026-08-11_10-58-39 Episode 1: New best reward -5.70, training model saved.
2026-08-11_10-59-14 Episode 81: New best reward -2.10, training model saved.
2026-08-11_11-00-44 Episode 299: New best reward 1.50, training model saved.
2026-08-11_11-01-11 Episode 360: New best reward 3.90, training model saved.
2026-08-11_11-02-38 Episode 569: New best reward 4.50, training model saved.
2026-08-11_11-03-36 Episode 706: New best reward 4.70, training model saved.
2026-08-11_11-03-42 Episode 721: New best reward 5.00, training model saved.
2026-08-11_11-04-22 Episode 817: New best reward 8.60, training model saved.
2026-08-11_11-07-09 Episode 1200: New best reward 8.80, training model saved.
2026-08-11_11-07-46 Episode 1283: New best reward 11.20, training model saved.
2026-08-11_11-09-02 Episode 1438: New best reward 22.40, training model saved.
2026-08-11_11-14-50: Training starting...
Device: cuda
2026-08-11_11-14-51 Episode 0: New best reward -8.10, training model saved.
2026-08-11_11-14-51 Episode 0: New best greedy reward 2.00, model saved.
2026-08-11_11-14-51 Episode 1: New best reward -5.70, training model saved.
2026-08-11_11-15-24 Episode 81: New best reward -2.10, training model saved.
2026-08-11_11-16-53 Episode 299: New best reward -0.30, training model saved.
2026-08-11_11-17-18 Episode 358: New best reward 1.50, training model saved.
2026-08-11_11-17-19 Episode 360: New best reward 3.90, training model saved.
2026-08-11_11-17-27 Episode 382: New best reward 4.50, training model saved.
2026-08-11_11-19-05 Episode 617: New best reward 6.00, training model saved.
2026-08-11_11-20-07 Episode 766: New best reward 6.50, training model saved.
2026-08-11_11-20-35 Episode 829: New best reward 6.60, training model saved.
2026-08-11_11-20-50 Episode 866: New best reward 8.40, training model saved.
2026-08-11_11-21-59 Episode 1023: New best reward 9.00, training model saved.
2026-08-11_11-22-55 Episode 1146: New best reward 9.40, training model saved.
2026-08-11_11-23-03 Episode 1164: New best reward 11.00, training model saved.
2026-08-11_11-23-58 Episode 1266: New best reward 12.90, training model saved.
2026-08-11_11-24-21 Episode 1310: New best reward 17.90, training model saved.
2026-08-11_11-27-31 Episode 1625: New best reward 22.40, training model saved.
2026-08-11_11-29-15 Episode 1794: New best reward 22.90, training model saved.
2026-08-11_11-30-35 Episode 1911: New best reward 32.20, training model saved.
2026-08-11_11-31-51 Episode 1997: New best reward 36.40, training model saved.
2026-08-11_11-31-55 Episode 2000: New best greedy reward 26.90, model saved.
2026-08-11_11-32-57 Episode 2069: New best reward 41.90, training model saved.
2026-08-11_11-33-13 Episode 2086: New best reward 50.40, training model saved.
2026-08-11_11-34-07 Episode 2133: New best reward 96.90, training model saved.
2026-08-11_11-37-38 Episode 2284: New best reward 97.60, training model saved.
2026-08-11_11-48-02 Episode 2812: New best reward 111.40, training model saved.
2026-08-11_11-49-38 Episode 2857: New best reward 120.90, training model saved.
2026-08-11_11-51-45 Episode 2930: New best reward 152.90, training model saved.
2026-08-11_11-53-45 Episode 3000: New best greedy reward 131.00, model saved.
2026-08-11_11-56-57 Episode 3075: New best reward 167.70, training model saved.
2026-08-11_12-01-12: Training starting...
Device: cuda
2026-08-11_12-01-12 Episode 0: New best reward -8.10, training model saved.
2026-08-11_12-01-12 Episode 0: New best greedy reward 2.00, model saved.
2026-08-11_12-01-13 Episode 1: New best reward -5.70, training model saved.
2026-08-11_12-01-46 Episode 81: New best reward -2.10, training model saved.
2026-08-11_12-02-29 Episode 187: New best reward -0.30, training model saved.
2026-08-11_12-02-32 Episode 195: New best reward 0.90, training model saved.
2026-08-11_12-02-34 Episode 200: New best reward 3.90, training model saved.
2026-08-11_12-03-08 Episode 281: New best reward 4.10, training model saved.
2026-08-11_12-03-10 Episode 287: New best reward 4.40, training model saved.
2026-08-11_12-03-29 Episode 330: New best reward 6.70, training model saved.
2026-08-11_12-03-32 Episode 336: New best reward 6.80, training model saved.
2026-08-11_12-03-38 Episode 352: New best reward 8.40, training model saved.
2026-08-11_12-03-55 Episode 393: New best reward 8.80, training model saved.
2026-08-11_12-06-57 Episode 807: New best reward 12.90, training model saved.
2026-08-11_12-08-19 Episode 947: New best reward 17.90, training model saved.
2026-08-11_12-08-54 Episode 1000: New best greedy reward 8.40, model saved.
2026-08-11_12-10-26 Episode 1128: New best reward 39.10, training model saved.
2026-08-11_12-11-38 Episode 1190: New best reward 45.90, training model saved.
2026-08-11_12-11-54 Episode 1206: New best reward 46.00, training model saved.
2026-08-11_12-12-57 Episode 1255: New best reward 47.00, training model saved.
2026-08-11_12-13-02 Episode 1258: New best reward 64.50, training model saved.
2026-08-11_12-14-35 Episode 1321: New best reward 85.30, training model saved.
2026-08-11_12-14-57 Episode 1328: New best reward 113.70, training model saved.
2026-08-11_12-15-05 Episode 1329: New best reward 120.40, training model saved.
2026-08-11_12-15-29 Episode 1334: New best reward 166.90, training model saved.
2026-08-11_12-19-22 Episode 1412: New best reward 359.50, training model saved.
2026-08-11_12-24-54 Episode 1467: New best reward 417.30, training model saved.
2026-08-11_12-35-31 Episode 1600: New best reward 659.40, training model saved.
2026-08-11_13-10-09 Episode 1917: New best reward 718.60, training model saved.
2026-08-11_13-16-23 Episode 1937: New best reward 910.10, training model saved.
2026-08-11_13-17-51 Episode 1939: New best reward 1028.70, training model saved.
2026-08-11_13-23-02 Episode 1954: New best reward 1174.90, training model saved.
2026-08-11_13-24-27 Episode 1956: New best reward 1202.90, training model saved.
2026-08-11_13-28-19 Episode 1965: New best reward 1428.00, training model saved.
2026-08-11_13-37-19 Episode 1984: New best reward 2092.50, training model saved.
2026-08-11_14-02-11 Episode 2000: New best greedy reward 16924.90, model saved.
2026-08-11_14-14-33 Episode 2028: New best reward 2323.50, training model saved.
2026-08-11_14-19-39 Episode 2032: New best reward 2657.30, training model saved.
2026-08-11_14-28-37 Episode 2042: New best reward 3273.30, training model saved.
2026-08-11_16-53-48: Training starting...
Device: cuda
2026-08-11_16-53-49 Episode 0: New best reward -8.10, training model saved.
2026-08-11_16-53-49 Episode 0: New best greedy reward 2.00, model saved.
2026-08-11_16-53-50 Episode 1: New best reward -5.70, training model saved.
2026-08-11_16-54-23 Episode 81: New best reward -2.10, training model saved.
2026-08-11_16-54-24 Episode 85: New best reward 0.30, training model saved.
2026-08-11_16-54-26 Episode 89: New best reward 0.90, training model saved.
2026-08-11_16-54-55 Episode 162: New best reward 1.50, training model saved.
2026-08-11_16-55-06 Episode 187: New best reward 3.90, training model saved.
2026-08-11_16-55-34 Episode 254: New best reward 4.10, training model saved.
2026-08-11_16-55-39 Episode 266: New best reward 4.20, training model saved.
2026-08-11_16-55-45 Episode 281: New best reward 4.40, training model saved.
2026-08-11_16-55-47 Episode 287: New best reward 4.60, training model saved.
2026-08-11_16-55-51 Episode 296: New best reward 6.00, training model saved.
2026-08-11_16-56-09 Episode 337: New best reward 6.50, training model saved.
2026-08-11_16-56-28 Episode 385: New best reward 6.80, training model saved.
2026-08-11_16-57-24 Episode 525: New best reward 8.40, training model saved.
2026-08-11_16-57-31 Episode 540: New best reward 8.90, training model saved.
2026-08-11_16-58-46 Episode 706: New best reward 10.90, training model saved.
2026-08-11_16-59-21 Episode 782: New best reward 11.20, training model saved.
2026-08-11_17-00-19 Episode 892: New best reward 11.30, training model saved.
2026-08-11_17-00-52 Episode 951: New best reward 12.90, training model saved.
2026-08-11_17-01-15 Episode 991: New best reward 13.20, training model saved.
2026-08-11_17-01-30 Episode 1019: New best reward 15.70, training model saved.
2026-08-11_17-01-51 Episode 1051: New best reward 22.40, training model saved.
2026-08-11_17-04-01 Episode 1252: New best reward 24.70, training model saved.
2026-08-11_17-05-01 Episode 1331: New best reward 24.80, training model saved.
2026-08-11_17-05-08 Episode 1339: New best reward 25.10, training model saved.
2026-08-11_17-05-11 Episode 1340: New best reward 36.40, training model saved.
2026-08-11_17-05-13 Episode 1341: New best reward 37.00, training model saved.
2026-08-11_17-05-32 Episode 1359: New best reward 39.30, training model saved.
2026-08-11_17-05-45 Episode 1367: New best reward 46.80, training model saved.
2026-08-11_17-05-50 Episode 1370: New best reward 53.30, training model saved.
2026-08-11_17-07-33 Episode 1453: New best reward 60.50, training model saved.
2026-08-11_17-07-49 Episode 1461: New best reward 66.90, training model saved.
2026-08-11_17-08-06 Episode 1468: New best reward 76.60, training model saved.
2026-08-11_17-10-40 Episode 1552: New best reward 160.50, training model saved.
2026-08-11_17-11-07 Episode 1559: New best reward 183.80, training model saved.
2026-08-11_17-12-28 Episode 1580: New best reward 339.90, training model saved.
2026-08-11_17-25-26 Episode 1756: New best reward 484.40, training model saved.
2026-08-11_17-43-10 Episode 1883: New best reward 782.90, training model saved.
2026-08-11_17-52-45 Episode 1941: New best reward 905.20, training model saved.
2026-08-11_18-06-02 Episode 1989: New best reward 1056.70, training model saved.
2026-08-11_18-07-05 Episode 2000: New best greedy reward 36.40, model saved.
2026-08-11_18-19-28 Episode 2056: New best reward 1345.80, training model saved.
2026-08-11_18-30-25 Episode 2085: New best reward 2262.40, training model saved.
2026-08-11_19-00-55 Episode 2141: New best reward 2717.50, training model saved.
2026-08-11_19-10-41 Episode 2151: New best reward 3732.40, training model saved.
2026-08-11_19-16-21: Training starting...
Device: cuda
2026-08-11_19-16-21 Episode 0: New best reward -8.10, training model saved.
2026-08-11_19-16-21 Episode 0: New best greedy reward 2.00, model saved.
2026-08-11_19-16-22 Episode 1: New best reward -5.70, training model saved.
2026-08-11_19-16-57 Episode 81: New best reward -2.10, training model saved.
2026-08-11_19-18-30 Episode 299: New best reward 1.50, training model saved.
2026-08-11_19-18-57 Episode 360: New best reward 3.90, training model saved.
2026-08-11_19-19-06 Episode 382: New best reward 4.80, training model saved.
2026-08-11_19-20-56 Episode 635: New best reward 9.40, training model saved.
2026-08-11_19-25-22 Episode 1226: New best reward 11.30, training model saved.
2026-08-11_19-28-35 Episode 1614: New best reward 12.90, training model saved.
2026-08-11_19-32-56: Training starting...
Device: cuda
2026-08-11_19-32-57 Episode 0: New best reward -8.10, training model saved.
2026-08-11_19-32-57 Episode 0: New best greedy reward 2.00, model saved.
2026-08-11_19-32-57 Episode 1: New best reward -5.70, training model saved.
2026-08-11_19-33-30 Episode 81: New best reward -2.10, training model saved.
2026-08-11_19-34-58 Episode 299: New best reward -0.30, training model saved.
2026-08-11_19-35-22 Episode 358: New best reward 1.50, training model saved.
2026-08-11_19-35-23 Episode 360: New best reward 2.10, training model saved.
2026-08-11_19-35-40 Episode 405: New best reward 3.90, training model saved.
2026-08-11_19-36-46 Episode 569: New best reward 4.00, training model saved.
2026-08-11_19-37-41 Episode 703: New best reward 4.40, training model saved.
2026-08-11_19-38-10 Episode 775: New best reward 6.50, training model saved.
2026-08-11_19-39-05 Episode 908: New best reward 8.40, training model saved.
2026-08-11_19-41-45 Episode 1288: New best reward 8.80, training model saved.
2026-08-11_19-41-46 Episode 1291: New best reward 12.90, training model saved.
2026-08-11_19-47-49 Episode 2000: New best greedy reward 6.40, model saved.
2026-08-11_19-48-06 Episode 2024: New best reward 13.70, training model saved.
2026-08-11_19-48-44 Episode 2084: New best reward 17.90, training model saved.
2026-08-11_19-49-33 Episode 2157: New best reward 18.00, training model saved.
2026-08-11_19-49-38 Episode 2162: New best reward 18.80, training model saved.
2026-08-11_19-50-03 Episode 2200: New best reward 22.60, training model saved.
2026-08-11_19-50-43 Episode 2253: New best reward 24.70, training model saved.
2026-08-11_19-51-29 Episode 2308: New best reward 36.40, training model saved.
2026-08-11_19-53-13 Episode 2423: New best reward 55.20, training model saved.
2026-08-11_19-53-39 Episode 2441: New best reward 59.90, training model saved.
2026-08-11_19-54-02 Episode 2463: New best reward 78.70, training model saved.
2026-08-11_19-59-39 Episode 2672: New best reward 112.00, training model saved.
2026-08-11_20-00-18 Episode 2685: New best reward 162.40, training model saved.
2026-08-11_20-01-29 Episode 2714: New best reward 174.80, training model saved.
2026-08-11_20-05-11 Episode 2781: New best reward 178.70, training model saved.
2026-08-11_20-09-54 Episode 2891: New best reward 221.30, training model saved.
2026-08-11_20-10-47 Episode 2903: New best reward 256.20, training model saved.
2026-08-11_20-14-28 Episode 2963: New best reward 269.90, training model saved.
2026-08-11_20-16-51 Episode 3000: New best greedy reward 11.30, model saved.
2026-08-11_20-18-38: Training starting...
Device: cuda
2026-08-11_20-18-38 Episode 0: New best reward -8.10, training model saved.
2026-08-11_20-18-39 Episode 0: New best greedy reward 2.00, model saved.
2026-08-11_20-18-39 Episode 1: New best reward -5.70, training model saved.
2026-08-11_20-19-14 Episode 81: New best reward -2.10, training model saved.
2026-08-11_20-20-45 Episode 299: New best reward -0.30, training model saved.
2026-08-11_20-21-12 Episode 358: New best reward 1.50, training model saved.
2026-08-11_20-21-21 Episode 382: New best reward 3.30, training model saved.
2026-08-11_20-21-30 Episode 405: New best reward 3.90, training model saved.
2026-08-11_20-23-03 Episode 617: New best reward 4.00, training model saved.
2026-08-11_20-23-15 Episode 647: New best reward 4.20, training model saved.
2026-08-11_20-24-36 Episode 832: New best reward 4.40, training model saved.
2026-08-11_20-24-41 Episode 844: New best reward 4.60, training model saved.
2026-08-11_20-24-49 Episode 864: New best reward 4.90, training model saved.
2026-08-11_20-25-49 Episode 1000: New best greedy reward 8.40, model saved.
2026-08-11_20-26-53 Episode 1147: New best reward 6.50, training model saved.
2026-08-11_20-27-57 Episode 1300: New best reward 6.60, training model saved.
2026-08-11_20-29-28 Episode 1501: New best reward 6.70, training model saved.
2026-08-11_20-29-31 Episode 1508: New best reward 6.80, training model saved.
2026-08-11_20-29-34 Episode 1514: New best reward 8.40, training model saved.
2026-08-11_20-34-32 Episode 2120: New best reward 9.40, training model saved.
2026-08-11_20-34-47 Episode 2150: New best reward 11.10, training model saved.
2026-08-11_20-35-07: Training starting...
Device: cuda
2026-08-11_20-35-07 Episode 0: New best reward -8.10, training model saved.
2026-08-11_20-35-08 Episode 0: New best greedy reward 2.00, model saved.
2026-08-11_20-35-08 Episode 1: New best reward -5.70, training model saved.
2026-08-11_20-35-41 Episode 81: New best reward -2.10, training model saved.
2026-08-11_20-36-12 Episode 162: New best reward -0.30, training model saved.
2026-08-11_20-36-27 Episode 195: New best reward 0.90, training model saved.
2026-08-11_20-36-29 Episode 200: New best reward 3.90, training model saved.
2026-08-11_20-36-51 Episode 254: New best reward 4.00, training model saved.
2026-08-11_20-36-56 Episode 266: New best reward 4.10, training model saved.
2026-08-11_20-37-04 Episode 287: New best reward 4.80, training model saved.
2026-08-11_20-37-22 Episode 327: New best reward 5.00, training model saved.
2026-08-11_20-37-23 Episode 329: New best reward 8.40, training model saved.
2026-08-11_20-37-35 Episode 358: New best reward 12.90, training model saved.
2026-08-11_20-37-41 Episode 370: New best reward 13.10, training model saved.
2026-08-11_20-44-43 Episode 1240: New best reward 15.30, training model saved.
2026-08-11_20-45-48 Episode 1338: New best reward 17.90, training model saved.
2026-08-11_20-46-24 Episode 1390: New best reward 18.10, training model saved.
2026-08-11_20-46-29 Episode 1396: New best reward 20.80, training model saved.
2026-08-11_20-46-34 Episode 1402: New best reward 21.20, training model saved.
2026-08-11_20-46-39 Episode 1406: New best reward 40.90, training model saved.
2026-08-11_20-48-04 Episode 1506: New best reward 52.60, training model saved.
2026-08-11_20-49-04 Episode 1555: New best reward 53.20, training model saved.
2026-08-11_20-49-10 Episode 1556: New best reward 71.80, training model saved.
2026-08-11_20-49-54 Episode 1577: New best reward 78.80, training model saved.
2026-08-11_20-50-03 Episode 1581: New best reward 82.90, training model saved.
2026-08-11_20-50-57 Episode 1600: New best reward 85.10, training model saved.
2026-08-11_20-51-11 Episode 1605: New best reward 85.20, training model saved.
2026-08-11_20-51-57 Episode 1621: New best reward 165.30, training model saved.
2026-08-11_20-58-22 Episode 1749: New best reward 224.10, training model saved.
2026-08-11_21-01-02 Episode 1785: New best reward 228.80, training model saved.
2026-08-11_21-02-10 Episode 1798: New best reward 278.90, training model saved.
2026-08-11_21-05-50 Episode 1843: New best reward 289.20, training model saved.
2026-08-11_21-08-15 Episode 1865: New best reward 344.40, training model saved.
2026-08-11_21-09-37 Episode 1881: New best reward 348.90, training model saved.
2026-08-11_21-11-25 Episode 1887: New best reward 550.00, training model saved.
2026-08-11_21-27-14 Episode 2000: New best greedy reward 25.30, model saved.
2026-08-11_21-34-59 Episode 2057: New best reward 554.40, training model saved.
2026-08-11_21-37-23 Episode 2076: New best reward 603.80, training model saved.
2026-08-11_21-38-10 Episode 2077: New best reward 706.80, training model saved.
2026-08-11_21-49-54 Episode 2152: New best reward 1058.40, training model saved.
2026-08-11_22-13-27 Episode 2245: New best reward 1601.00, training model saved.
2026-08-11_22-49-06 Episode 2337: New best reward 2918.80, training model saved.
2026-08-11_22-59-07: Training starting...
Device: cuda
2026-08-11_22-59-07 Episode 0: New best reward -8.10, training model saved.
2026-08-11_22-59-07 Episode 0: New best greedy reward 2.00, model saved.
2026-08-11_22-59-08 Episode 1: New best reward -5.70, training model saved.
2026-08-11_22-59-41 Episode 81: New best reward -2.10, training model saved.
2026-08-11_23-00-12 Episode 162: New best reward -0.30, training model saved.
2026-08-11_23-00-24 Episode 187: New best reward 0.90, training model saved.
2026-08-11_23-00-34 Episode 211: New best reward 3.30, training model saved.
2026-08-11_23-00-43 Episode 235: New best reward 3.90, training model saved.
2026-08-11_23-01-05 Episode 287: New best reward 4.10, training model saved.
2026-08-11_23-01-28 Episode 341: New best reward 4.30, training model saved.
2026-08-11_23-01-35 Episode 358: New best reward 4.60, training model saved.
2026-08-11_23-02-02 Episode 420: New best reward 4.80, training model saved.
2026-08-11_23-02-03 Episode 424: New best reward 6.70, training model saved.
2026-08-11_23-02-11 Episode 443: New best reward 8.40, training model saved.
2026-08-11_23-03-13 Episode 585: New best reward 10.50, training model saved.
2026-08-11_23-04-41 Episode 796: New best reward 11.00, training model saved.
2026-08-11_23-04-57 Episode 827: New best reward 12.90, training model saved.
2026-08-11_23-12-39 Episode 1811: New best reward 15.10, training model saved.
2026-08-11_23-14-20 Episode 2000: New best greedy reward 3.90, model saved.
2026-08-11_23-15-04: Training starting...
Device: cuda
2026-08-11_23-15-05 Episode 0: New best reward -8.10, training model saved.
2026-08-11_23-15-05 Episode 0: New best greedy reward 2.00, model saved.
2026-08-11_23-15-05 Episode 1: New best reward -5.70, training model saved.
2026-08-11_23-15-42 Episode 81: New best reward -2.10, training model saved.
2026-08-11_23-16-14 Episode 162: New best reward -0.30, training model saved.
2026-08-11_23-16-29 Episode 187: New best reward 0.30, training model saved.
2026-08-11_23-16-39 Episode 211: New best reward 2.70, training model saved.
2026-08-11_23-16-48 Episode 235: New best reward 3.90, training model saved.
2026-08-11_23-17-13 Episode 287: New best reward 4.10, training model saved.
2026-08-11_23-17-40 Episode 341: New best reward 4.20, training model saved.
2026-08-11_23-18-05 Episode 405: New best reward 4.60, training model saved.
2026-08-11_23-18-15 Episode 419: New best reward 4.70, training model saved.
2026-08-11_23-18-16 Episode 420: New best reward 6.30, training model saved.
2026-08-11_23-18-19 Episode 426: New best reward 8.20, training model saved.
2026-08-11_23-19-56 Episode 648: New best reward 8.40, training model saved.
2026-08-11_23-20-11 Episode 671: New best reward 9.10, training model saved.
2026-08-11_23-20-22 Episode 698: New best reward 9.20, training model saved.
2026-08-11_23-22-10 Episode 926: New best reward 12.90, training model saved.
2026-08-11_23-24-56 Episode 1255: New best reward 13.80, training model saved.
2026-08-11_23-26-05 Episode 1380: New best reward 17.90, training model saved.
2026-08-11_23-32-21 Episode 2000: New best greedy reward 6.00, model saved.
2026-08-11_23-32-35: Training starting...
Device: cuda
2026-08-11_23-32-35 Episode 0: New best reward -8.10, training model saved.
2026-08-11_23-32-36 Episode 0: New best greedy reward 2.00, model saved.
2026-08-11_23-32-36 Episode 1: New best reward -5.70, training model saved.
2026-08-11_23-33-09 Episode 81: New best reward -2.10, training model saved.
2026-08-11_23-33-52 Episode 187: New best reward 0.30, training model saved.
2026-08-11_23-33-56 Episode 195: New best reward 2.10, training model saved.
2026-08-11_23-34-02 Episode 211: New best reward 2.70, training model saved.
2026-08-11_23-34-11 Episode 235: New best reward 3.90, training model saved.
2026-08-11_23-34-20 Episode 254: New best reward 4.20, training model saved.
2026-08-11_23-34-33 Episode 287: New best reward 4.50, training model saved.
2026-08-11_23-34-51 Episode 327: New best reward 8.40, training model saved.
2026-08-11_23-35-29 Episode 416: New best reward 12.90, training model saved.
2026-08-11_23-43-50 Episode 1466: New best reward 17.90, training model saved.
2026-08-11_23-45-41 Episode 1647: New best reward 26.90, training model saved.
2026-08-11_23-49-30 Episode 2000: New best greedy reward 8.90, model saved.
2026-08-11_23-52-41 Episode 2252: New best reward 40.90, training model saved.
2026-08-11_23-53-14 Episode 2287: New best reward 59.90, training model saved.
2026-08-11_23-56-32 Episode 2472: New best reward 65.00, training model saved.
2026-08-11_23-56-45 Episode 2477: New best reward 79.00, training model saved.
2026-08-12_00-00-38 Episode 2625: New best reward 97.80, training model saved.
2026-08-12_00-02-52 Episode 2684: New best reward 173.10, training model saved.
2026-08-12_00-09-29 Episode 2803: New best reward 195.90, training model saved.
2026-08-12_00-12-29 Episode 2845: New best reward 246.40, training model saved.
2026-08-12_00-14-17 Episode 2865: New best reward 317.10, training model saved.
2026-08-12_00-15-56 Episode 2881: New best reward 333.30, training model saved.
2026-08-12_00-16-44 Episode 2885: New best reward 417.30, training model saved.
2026-08-12_00-19-50 Episode 2917: New best reward 558.90, training model saved.
2026-08-12_00-30-45 Episode 3000: New best greedy reward 278.90, model saved.
2026-08-12_00-39-31 Episode 3079: New best reward 585.30, training model saved.
2026-08-12_00-46-43 Episode 3121: New best reward 675.90, training model saved.
2026-08-12_00-51-46 Episode 3142: New best reward 923.70, training model saved.
2026-08-12_01-12-17 Episode 3255: New best reward 1527.20, training model saved.
2026-08-12_02-03-50: Training starting...
Device: cuda
2026-08-12_02-03-50 Episode 0: New best reward -8.10, training model saved.
2026-08-12_02-03-50 Episode 0: New best greedy reward 2.00, model saved.
2026-08-12_02-03-51 Episode 1: New best reward -5.70, training model saved.
2026-08-12_02-04-26 Episode 81: New best reward -2.10, training model saved.
2026-08-12_02-05-58 Episode 299: New best reward -0.30, training model saved.
2026-08-12_02-06-25 Episode 358: New best reward 1.50, training model saved.
2026-08-12_02-06-25 Episode 360: New best reward 3.90, training model saved.
2026-08-12_02-07-26 Episode 494: New best reward 6.00, training model saved.
2026-08-12_02-08-50 Episode 688: New best reward 6.20, training model saved.
2026-08-12_02-09-04 Episode 724: New best reward 7.80, training model saved.
2026-08-12_02-09-56 Episode 836: New best reward 8.40, training model saved.
2026-08-12_02-10-47 Episode 952: New best reward 8.50, training model saved.
2026-08-12_02-12-39 Episode 1181: New best reward 12.90, training model saved.
2026-08-12_02-19-37 Episode 1878: New best reward 13.20, training model saved.
2026-08-12_02-19-46 Episode 1893: New best reward 13.30, training model saved.
2026-08-12_02-20-38: Training starting...
Device: cuda
2026-08-12_02-20-38 Episode 0: New best reward -8.10, training model saved.
2026-08-12_02-20-39 Episode 0: New best greedy reward 2.00, model saved.
2026-08-12_02-20-39 Episode 1: New best reward -5.70, training model saved.
2026-08-12_02-21-10 Episode 81: New best reward -2.10, training model saved.
2026-08-12_02-22-14 Episode 235: New best reward 3.90, training model saved.
2026-08-12_02-24-03 Episode 494: New best reward 5.00, training model saved.
2026-08-12_02-24-58 Episode 635: New best reward 6.00, training model saved.
2026-08-12_02-25-18 Episode 676: New best reward 8.40, training model saved.
2026-08-12_02-29-22 Episode 1284: New best reward 11.00, training model saved.
2026-08-12_02-32-39 Episode 1729: New best reward 13.40, training model saved.
2026-08-12_02-37-19 Episode 2273: New best reward 19.10, training model saved.
2026-08-12_02-37-30 Episode 2293: New best reward 20.60, training model saved.
2026-08-12_02-40-06 Episode 2557: New best reward 23.10, training model saved.
2026-08-12_02-42-50 Episode 2814: New best reward 27.10, training model saved.
2026-08-12_02-43-56 Episode 2893: New best reward 37.40, training model saved.
2026-08-12_02-45-05 Episode 2969: New best reward 42.00, training model saved.
2026-08-12_02-45-35 Episode 3000: New best greedy reward 8.90, model saved.
2026-08-12_02-46-21 Episode 3050: New best reward 48.70, training model saved.
2026-08-12_02-46-26 Episode 3052: New best reward 50.60, training model saved.
2026-08-12_02-48-22 Episode 3147: New best reward 57.70, training model saved.
2026-08-12_02-50-07 Episode 3209: New best reward 64.50, training model saved.
2026-08-12_02-53-37 Episode 3339: New best reward 84.00, training model saved.
2026-08-12_02-54-02 Episode 3349: New best reward 117.10, training model saved.
2026-08-12_02-56-07 Episode 3400: New best reward 218.40, training model saved.
2026-08-12_02-56-32 Episode 3406: New best reward 289.20, training model saved.
2026-08-12_02-59-45 Episode 3454: New best reward 445.10, training model saved.
2026-08-12_03-06-40 Episode 3539: New best reward 558.90, training model saved.
2026-08-12_03-07-02: Training starting...
Device: cuda
2026-08-12_03-07-03 Episode 0: New best reward -8.10, training model saved.
2026-08-12_03-07-03 Episode 0: New best greedy reward 2.00, model saved.
2026-08-12_03-07-03 Episode 1: New best reward -5.70, training model saved.
2026-08-12_03-07-36 Episode 81: New best reward -2.10, training model saved.
2026-08-12_03-07-38 Episode 85: New best reward 0.30, training model saved.
2026-08-12_03-08-19 Episode 187: New best reward 0.90, training model saved.
2026-08-12_03-08-23 Episode 195: New best reward 2.10, training model saved.
2026-08-12_03-08-25 Episode 200: New best reward 3.90, training model saved.
2026-08-12_03-08-45 Episode 250: New best reward 6.20, training model saved.
2026-08-12_03-09-01 Episode 287: New best reward 6.70, training model saved.
2026-08-12_03-09-44 Episode 392: New best reward 8.70, training model saved.
2026-08-12_03-11-33 Episode 645: New best reward 8.90, training model saved.
2026-08-12_03-12-13 Episode 741: New best reward 9.50, training model saved.
2026-08-12_03-14-09 Episode 1004: New best reward 10.50, training model saved.
2026-08-12_03-14-15 Episode 1017: New best reward 15.40, training model saved.
2026-08-12_03-16-43 Episode 1318: New best reward 18.90, training model saved.
2026-08-12_03-23-29 Episode 1994: New best reward 34.60, training model saved.
2026-08-12_03-23-33 Episode 2000: New best greedy reward 8.90, model saved.
2026-08-12_03-24-50 Episode 2107: New best reward 48.70, training model saved.
2026-08-12_03-29-29 Episode 2442: New best reward 51.00, training model saved.
2026-08-12_03-29-41 Episode 2451: New best reward 55.70, training model saved.
2026-08-12_03-29-48 Episode 2456: New best reward 62.60, training model saved.
2026-08-12_03-31-03 Episode 2521: New best reward 107.00, training model saved.
2026-08-12_03-36-12 Episode 2709: New best reward 110.90, training model saved.
2026-08-12_03-38-11 Episode 2764: New best reward 121.50, training model saved.
2026-08-12_03-38-36 Episode 2770: New best reward 125.70, training model saved.
2026-08-12_03-40-34 Episode 2809: New best reward 135.50, training model saved.
2026-08-12_03-41-12 Episode 2824: New best reward 137.30, training model saved.
2026-08-12_03-43-38 Episode 2875: New best reward 154.00, training model saved.
2026-08-12_03-45-39 Episode 2907: New best reward 155.50, training model saved.
2026-08-12_03-48-44 Episode 2969: New best reward 250.90, training model saved.
2026-08-12_03-50-43 Episode 3000: New best greedy reward 278.90, model saved.
2026-08-12_03-52-26 Episode 3018: New best reward 323.70, training model saved.
2026-08-12_03-56-41 Episode 3065: New best reward 330.40, training model saved.
2026-08-12_04-00-36 Episode 3115: New best reward 365.70, training model saved.
2026-08-12_04-06-25 Episode 3176: New best reward 470.60, training model saved.
2026-08-12_04-07-50 Episode 3190: New best reward 625.40, training model saved.
2026-08-12_04-10-24 Episode 3208: New best reward 806.40, training model saved.
2026-08-12_05-04-10 Episode 3589: New best reward 902.80, training model saved.
[worker] done. total trials in study: 200
2026-08-11_07-11-50: Training starting...
Device: cuda
2026-08-11_07-11-57 Episode 0: New best reward -8.10, training model saved.
2026-08-11_07-11-57 Episode 0: New best greedy reward 2.00, model saved.
2026-08-11_07-11-58 Episode 1: New best reward -5.70, training model saved.
2026-08-11_07-12-29 Episode 81: New best reward -2.10, training model saved.
2026-08-11_07-13-31 Episode 235: New best reward 0.30, training model saved.
2026-08-11_07-14-22 Episode 358: New best reward 1.50, training model saved.
2026-08-11_07-14-23 Episode 360: New best reward 3.90, training model saved.
2026-08-11_07-15-46 Episode 569: New best reward 4.60, training model saved.
2026-08-11_07-16-05 Episode 617: New best reward 6.20, training model saved.
2026-08-11_07-16-22 Episode 655: New best reward 6.60, training model saved.
2026-08-11_07-16-36 Episode 688: New best reward 8.40, training model saved.
2026-08-11_07-16-37 Episode 690: New best reward 8.70, training model saved.
2026-08-11_07-18-12 Episode 917: New best reward 8.90, training model saved.
2026-08-11_07-19-06 Episode 1036: New best reward 9.20, training model saved.
2026-08-11_07-19-27 Episode 1084: New best reward 12.90, training model saved.
2026-08-11_07-22-50 Episode 1484: New best reward 13.10, training model saved.
2026-08-11_07-23-35 Episode 1566: New best reward 15.20, training model saved.
2026-08-11_07-23-49 Episode 1589: New best reward 17.90, training model saved.
2026-08-11_07-24-09 Episode 1621: New best reward 18.60, training model saved.
2026-08-11_07-24-36 Episode 1662: New best reward 20.50, training model saved.
2026-08-11_07-24-49 Episode 1678: New best reward 25.10, training model saved.
2026-08-11_07-25-28 Episode 1725: New best reward 29.40, training model saved.
2026-08-11_07-25-40 Episode 1733: New best reward 51.30, training model saved.
2026-08-11_07-26-09 Episode 1763: New best reward 53.20, training model saved.
2026-08-11_07-26-58 Episode 1799: New best reward 54.90, training model saved.
2026-08-11_07-27-33 Episode 1826: New best reward 68.90, training model saved.
2026-08-11_07-27-47 Episode 1832: New best reward 69.60, training model saved.
2026-08-11_07-28-25 Episode 1854: New best reward 106.40, training model saved.
2026-08-11_07-29-25 Episode 1874: New best reward 328.10, training model saved.
2026-08-11_07-36-46 Episode 1955: New best reward 376.90, training model saved.
2026-08-11_07-39-55 Episode 1975: New best reward 488.90, training model saved.
2026-08-11_07-42-18 Episode 1988: New best reward 638.90, training model saved.
2026-08-11_07-43-33 Episode 2000: New best greedy reward 23.40, model saved.
2026-08-11_07-45-51 Episode 2021: New best reward 779.60, training model saved.
2026-08-11_08-04-13 Episode 2111: New best reward 1020.90, training model saved.
2026-08-11_08-20-21 Episode 2183: New best reward 1168.80, training model saved.
2026-08-11_08-23-29 Episode 2193: New best reward 1679.10, training model saved.
2026-08-11_08-57-27 Episode 2320: New best reward 2379.20, training model saved.
2026-08-11_09-33-59: Training starting...
Device: cuda
2026-08-11_09-33-59 Episode 0: New best reward -8.10, training model saved.
2026-08-11_09-34-00 Episode 0: New best greedy reward 2.00, model saved.
2026-08-11_09-34-00 Episode 1: New best reward -5.70, training model saved.
2026-08-11_09-34-32 Episode 81: New best reward -2.10, training model saved.
2026-08-11_09-35-35 Episode 235: New best reward 0.30, training model saved.
2026-08-11_09-36-26 Episode 358: New best reward 1.50, training model saved.
2026-08-11_09-36-27 Episode 360: New best reward 3.90, training model saved.
2026-08-11_09-37-22 Episode 494: New best reward 5.00, training model saved.
2026-08-11_09-38-35 Episode 673: New best reward 6.30, training model saved.
2026-08-11_09-38-41 Episode 688: New best reward 8.40, training model saved.
2026-08-11_09-39-07 Episode 751: New best reward 8.60, training model saved.
2026-08-11_09-41-45 Episode 1130: New best reward 8.70, training model saved.
2026-08-11_09-44-34 Episode 1532: New best reward 11.10, training model saved.
2026-08-11_09-45-18 Episode 1625: New best reward 12.90, training model saved.
2026-08-11_09-45-45 Episode 1684: New best reward 15.40, training model saved.
2026-08-11_09-46-11 Episode 1735: New best reward 20.50, training model saved.
2026-08-11_09-47-31 Episode 1870: New best reward 23.60, training model saved.
2026-08-11_09-49-05 Episode 1996: New best reward 52.70, training model saved.
2026-08-11_09-49-10 Episode 2000: New best greedy reward 36.40, model saved.
2026-08-11_09-50-58 Episode 2114: New best reward 68.90, training model saved.
2026-08-11_09-52-04 Episode 2153: New best reward 96.90, training model saved.
2026-08-11_09-53-23 Episode 2184: New best reward 120.60, training model saved.
2026-08-11_09-54-37 Episode 2209: New best reward 146.10, training model saved.
2026-08-11_09-57-06 Episode 2260: New best reward 173.00, training model saved.
2026-08-11_10-00-33 Episode 2315: New best reward 193.30, training model saved.
2026-08-11_10-02-30 Episode 2337: New best reward 480.40, training model saved.
2026-08-11_10-13-49 Episode 2446: New best reward 512.40, training model saved.
2026-08-11_10-31-15 Episode 2572: New best reward 518.10, training model saved.
2026-08-11_10-32-38 Episode 2574: New best reward 727.50, training model saved.
2026-08-11_10-37-59 Episode 2602: New best reward 1314.90, training model saved.
2026-08-11_11-10-04 Episode 2696: New best reward 2532.90, training model saved.
2026-08-11_11-30-02 Episode 2729: New best reward 3009.20, training model saved.
2026-08-11_11-53-15: Training starting...
Device: cuda
2026-08-11_11-53-15 Episode 0: New best reward -8.10, training model saved.
2026-08-11_11-53-15 Episode 0: New best greedy reward 2.00, model saved.
2026-08-11_11-53-16 Episode 1: New best reward -5.70, training model saved.
2026-08-11_11-53-49 Episode 81: New best reward -2.10, training model saved.
2026-08-11_11-55-18 Episode 299: New best reward -0.30, training model saved.
2026-08-11_11-55-43 Episode 358: New best reward 1.50, training model saved.
2026-08-11_11-55-44 Episode 360: New best reward 3.90, training model saved.
2026-08-11_11-56-39 Episode 494: New best reward 5.00, training model saved.
2026-08-11_11-58-13 Episode 726: New best reward 6.50, training model saved.
2026-08-11_11-59-06 Episode 853: New best reward 6.80, training model saved.
2026-08-11_11-59-49 Episode 960: New best reward 8.40, training model saved.
2026-08-11_12-04-14 Episode 1533: New best reward 8.70, training model saved.
2026-08-11_12-04-15 Episode 1534: New best reward 8.80, training model saved.
2026-08-11_12-05-55 Episode 1709: New best reward 10.90, training model saved.
2026-08-11_12-06-10 Episode 1734: New best reward 11.30, training model saved.
2026-08-11_12-06-50 Episode 1798: New best reward 12.90, training model saved.
2026-08-11_12-08-19 Episode 1940: New best reward 15.40, training model saved.
2026-08-11_12-08-58 Episode 2000: New best greedy reward 11.00, model saved.
2026-08-11_12-09-34 Episode 2055: New best reward 22.40, training model saved.
2026-08-11_12-10-00 Episode 2091: New best reward 25.30, training model saved.
2026-08-11_12-10-54 Episode 2153: New best reward 40.90, training model saved.
2026-08-11_12-12-29 Episode 2245: New best reward 57.20, training model saved.
2026-08-11_12-12-40 Episode 2250: New best reward 59.90, training model saved.
2026-08-11_12-13-33 Episode 2286: New best reward 82.90, training model saved.
2026-08-11_12-15-30 Episode 2354: New best reward 83.00, training model saved.
2026-08-11_12-16-56 Episode 2396: New best reward 99.10, training model saved.
2026-08-11_12-18-46 Episode 2446: New best reward 107.40, training model saved.
2026-08-11_12-19-06 Episode 2455: New best reward 107.50, training model saved.
2026-08-11_12-21-36 Episode 2506: New best reward 129.90, training model saved.
2026-08-11_12-23-15 Episode 2536: New best reward 320.90, training model saved.
2026-08-11_12-30-50 Episode 2654: New best reward 351.10, training model saved.
2026-08-11_12-31-49 Episode 2660: New best reward 430.80, training model saved.
2026-08-11_12-55-20 Episode 2896: New best reward 865.30, training model saved.
2026-08-11_13-18-02 Episode 3000: New best greedy reward 321.90, model saved.
2026-08-11_13-20-51 Episode 3015: New best reward 1093.30, training model saved.
2026-08-11_13-32-07 Episode 3058: New best reward 1336.80, training model saved.
2026-08-11_14-04-28 Episode 3163: New best reward 1394.40, training model saved.
2026-08-11_15-09-49: Training starting...
Device: cuda
2026-08-11_15-09-49 Episode 0: New best reward -8.10, training model saved.
2026-08-11_15-09-50 Episode 0: New best greedy reward 2.00, model saved.
2026-08-11_15-09-50 Episode 1: New best reward -5.70, training model saved.
2026-08-11_15-10-23 Episode 81: New best reward -2.10, training model saved.
2026-08-11_15-10-25 Episode 85: New best reward 0.30, training model saved.
2026-08-11_15-11-10 Episode 195: New best reward 2.10, training model saved.
2026-08-11_15-11-12 Episode 200: New best reward 3.90, training model saved.
2026-08-11_15-11-33 Episode 250: New best reward 7.20, training model saved.
2026-08-11_15-12-39 Episode 407: New best reward 8.40, training model saved.
2026-08-11_15-17-04 Episode 1000: New best greedy reward 3.90, model saved.
2026-08-11_15-18-22 Episode 1141: New best reward 9.40, training model saved.
2026-08-11_15-18-36 Episode 1168: New best reward 11.10, training model saved.
2026-08-11_15-20-05 Episode 1318: New best reward 13.40, training model saved.
2026-08-11_15-23-01 Episode 1594: New best reward 17.90, training model saved.
2026-08-11_15-23-44 Episode 1661: New best reward 19.10, training model saved.
2026-08-11_15-24-34 Episode 1735: New best reward 26.90, training model saved.
2026-08-11_15-25-37 Episode 1834: New best reward 27.40, training model saved.
2026-08-11_15-26-55 Episode 1935: New best reward 28.10, training model saved.
2026-08-11_15-27-15 Episode 1961: New best reward 33.00, training model saved.
2026-08-11_15-27-49 Episode 2000: New best greedy reward 36.40, model saved.
2026-08-11_15-29-47 Episode 2147: New best reward 54.90, training model saved.
2026-08-11_15-41-03 Episode 2935: New best reward 76.40, training model saved.
2026-08-11_15-42-20 Episode 2977: New best reward 167.60, training model saved.
2026-08-11_15-56-27: Training starting...
Device: cuda
2026-08-11_15-56-27 Episode 0: New best reward -8.10, training model saved.
2026-08-11_15-56-28 Episode 0: New best greedy reward 2.00, model saved.
2026-08-11_15-56-28 Episode 1: New best reward -5.70, training model saved.
2026-08-11_15-57-02 Episode 81: New best reward -2.10, training model saved.
2026-08-11_15-57-04 Episode 85: New best reward 0.30, training model saved.
2026-08-11_15-57-48 Episode 187: New best reward 2.70, training model saved.
2026-08-11_15-57-53 Episode 200: New best reward 3.90, training model saved.
2026-08-11_15-58-16 Episode 250: New best reward 4.40, training model saved.
2026-08-11_15-58-34 Episode 295: New best reward 4.80, training model saved.
2026-08-11_15-58-51 Episode 329: New best reward 6.40, training model saved.
2026-08-11_15-58-54 Episode 337: New best reward 6.80, training model saved.
2026-08-11_15-59-13 Episode 383: New best reward 8.40, training model saved.
2026-08-11_16-03-46 Episode 1000: New best greedy reward 4.00, model saved.
2026-08-11_16-05-26 Episode 1207: New best reward 8.80, training model saved.
2026-08-11_16-09-40 Episode 1756: New best reward 9.00, training model saved.
2026-08-11_16-10-37 Episode 1876: New best reward 11.00, training model saved.
2026-08-11_16-11-38 Episode 2000: New best greedy reward 4.70, model saved.
2026-08-11_16-13-11: Training starting...
Device: cuda
2026-08-11_16-13-12 Episode 0: New best reward -8.10, training model saved.
2026-08-11_16-13-12 Episode 0: New best greedy reward 2.00, model saved.
2026-08-11_16-13-13 Episode 1: New best reward -5.70, training model saved.
2026-08-11_16-13-47 Episode 81: New best reward -2.10, training model saved.
2026-08-11_16-15-19 Episode 299: New best reward -0.30, training model saved.
2026-08-11_16-15-34 Episode 331: New best reward 3.30, training model saved.
2026-08-11_16-15-45 Episode 360: New best reward 3.90, training model saved.
2026-08-11_16-17-46 Episode 647: New best reward 4.20, training model saved.
2026-08-11_16-18-11 Episode 703: New best reward 6.60, training model saved.
2026-08-11_16-20-21 Episode 1000: New best greedy reward 3.90, model saved.
2026-08-11_16-21-24 Episode 1142: New best reward 8.40, training model saved.
2026-08-11_16-21-28 Episode 1152: New best reward 9.00, training model saved.
2026-08-11_16-25-01 Episode 1609: New best reward 9.20, training model saved.
2026-08-11_16-25-48 Episode 1705: New best reward 10.50, training model saved.
2026-08-11_16-26-17 Episode 1758: New best reward 11.30, training model saved.
2026-08-11_16-27-06 Episode 1856: New best reward 23.30, training model saved.
2026-08-11_16-36-09 Episode 3000: New best greedy reward 9.10, model saved.
2026-08-11_17-15-09 Episode 8000: New best greedy reward 10.50, model saved.
2026-08-11_18-18-21 Episode 14368: New best reward 26.90, training model saved.
2026-08-11_18-20-32 Episode 14530: New best reward 31.90, training model saved.
2026-08-11_18-21-40 Episode 14609: New best reward 32.80, training model saved.
2026-08-11_18-22-30 Episode 14664: New best reward 36.40, training model saved.
2026-08-11_18-23-04 Episode 14702: New best reward 36.90, training model saved.
2026-08-11_18-28-08 Episode 15000: New best greedy reward 22.40, model saved.
2026-08-11_18-28-16 Episode 15005: New best reward 59.90, training model saved.
2026-08-11_18-28-44 Episode 15032: New best reward 64.40, training model saved.
2026-08-11_18-29-35 Episode 15060: New best reward 101.90, training model saved.
2026-08-11_18-34-56 Episode 15264: New best reward 102.60, training model saved.
2026-08-11_18-35-51 Episode 15283: New best reward 106.70, training model saved.
2026-08-11_18-36-59: Training starting...
Device: cuda
2026-08-11_18-37-00 Episode 0: New best reward -8.10, training model saved.
2026-08-11_18-37-00 Episode 0: New best greedy reward 2.00, model saved.
2026-08-11_18-37-00 Episode 1: New best reward -5.70, training model saved.
2026-08-11_18-37-33 Episode 81: New best reward -2.10, training model saved.
2026-08-11_18-37-37 Episode 89: New best reward -1.50, training model saved.
2026-08-11_18-38-16 Episode 187: New best reward 2.70, training model saved.
2026-08-11_18-38-21 Episode 200: New best reward 3.90, training model saved.
2026-08-11_18-38-49 Episode 266: New best reward 4.20, training model saved.
2026-08-11_18-39-16 Episode 330: New best reward 8.40, training model saved.
2026-08-11_18-39-42 Episode 394: New best reward 9.30, training model saved.
2026-08-11_18-43-15 Episode 883: New best reward 11.10, training model saved.
2026-08-11_18-43-17 Episode 888: New best reward 11.20, training model saved.
2026-08-11_18-43-29 Episode 910: New best reward 12.90, training model saved.
2026-08-11_18-43-43 Episode 934: New best reward 13.30, training model saved.
2026-08-11_18-43-44 Episode 935: New best reward 13.40, training model saved.
2026-08-11_18-43-52 Episode 945: New best reward 15.80, training model saved.
2026-08-11_18-43-53 Episode 947: New best reward 17.90, training model saved.
2026-08-11_18-43-56 Episode 950: New best reward 26.90, training model saved.
2026-08-11_18-44-08 Episode 966: New best reward 29.50, training model saved.
2026-08-11_18-44-30 Episode 1000: New best greedy reward 4.40, model saved.
2026-08-11_18-44-41 Episode 1013: New best reward 34.50, training model saved.
2026-08-11_18-45-43 Episode 1085: New best reward 36.70, training model saved.
2026-08-11_18-46-21 Episode 1129: New best reward 40.90, training model saved.
2026-08-11_18-52-00 Episode 1573: New best reward 54.90, training model saved.
2026-08-11_18-54-11 Episode 1690: New best reward 78.40, training model saved.
2026-08-11_18-58-18 Episode 1879: New best reward 130.30, training model saved.
2026-08-11_18-58-48 Episode 1887: New best reward 134.40, training model saved.
2026-08-11_18-59-05 Episode 1890: New best reward 157.90, training model saved.
2026-08-11_19-01-16 Episode 1921: New best reward 289.30, training model saved.
2026-08-11_19-01-48 Episode 1923: New best reward 291.20, training model saved.
2026-08-11_19-05-14 Episode 2000: New best greedy reward 163.10, model saved.
2026-08-11_19-11-58 Episode 2147: New best reward 322.10, training model saved.
2026-08-11_19-23-26: Training starting...
Device: cuda
2026-08-11_19-23-26 Episode 0: New best reward -8.10, training model saved.
2026-08-11_19-23-26 Episode 0: New best greedy reward 2.00, model saved.
2026-08-11_19-23-27 Episode 1: New best reward -5.70, training model saved.
2026-08-11_19-23-59 Episode 81: New best reward -2.10, training model saved.
2026-08-11_19-24-42 Episode 187: New best reward -0.30, training model saved.
2026-08-11_19-24-51 Episode 211: New best reward 2.70, training model saved.
2026-08-11_19-25-01 Episode 235: New best reward 3.90, training model saved.
2026-08-11_19-25-41 Episode 329: New best reward 4.00, training model saved.
2026-08-11_19-25-42 Episode 331: New best reward 4.70, training model saved.
2026-08-11_19-26-15 Episode 411: New best reward 11.00, training model saved.
2026-08-11_19-30-14 Episode 975: New best reward 12.90, training model saved.
2026-08-11_19-30-27 Episode 1000: New best greedy reward 6.80, model saved.
2026-08-11_19-30-56 Episode 1054: New best reward 13.00, training model saved.
2026-08-11_19-31-31 Episode 1115: New best reward 14.00, training model saved.
2026-08-11_19-32-14 Episode 1179: New best reward 17.90, training model saved.
2026-08-11_19-32-32 Episode 1203: New best reward 22.40, training model saved.
2026-08-11_19-33-53 Episode 1320: New best reward 36.40, training model saved.
2026-08-11_19-34-16 Episode 1344: New best reward 48.10, training model saved.
2026-08-11_19-35-59 Episode 1459: New best reward 50.40, training model saved.
2026-08-11_19-36-39 Episode 1495: New best reward 50.80, training model saved.
2026-08-11_19-36-58 Episode 1511: New best reward 60.40, training model saved.
2026-08-11_19-37-03 Episode 1513: New best reward 65.50, training model saved.
2026-08-11_19-41-59 Episode 1766: New best reward 87.90, training model saved.
2026-08-11_19-43-54 Episode 1821: New best reward 127.60, training model saved.
2026-08-11_19-47-32 Episode 1934: New best reward 139.40, training model saved.
2026-08-11_19-50-20 Episode 1991: New best reward 188.80, training model saved.
2026-08-11_19-50-39 Episode 1993: New best reward 246.40, training model saved.
2026-08-11_19-51-05 Episode 2000: New best greedy reward 36.40, model saved.
2026-08-11_19-55-16 Episode 2108: New best reward 354.90, training model saved.
2026-08-11_19-58-01 Episode 2141: New best reward 431.30, training model saved.
2026-08-11_20-02-10 Episode 2180: New best reward 446.90, training model saved.
2026-08-11_20-09-27: Training starting...
Device: cuda
2026-08-11_20-09-28 Episode 0: New best reward -8.10, training model saved.
2026-08-11_20-09-28 Episode 0: New best greedy reward 2.00, model saved.
2026-08-11_20-09-28 Episode 1: New best reward -5.70, training model saved.
2026-08-11_20-10-01 Episode 81: New best reward -2.10, training model saved.
2026-08-11_20-11-30 Episode 299: New best reward -0.30, training model saved.
2026-08-11_20-11-55 Episode 358: New best reward 0.90, training model saved.
2026-08-11_20-12-13 Episode 405: New best reward 1.50, training model saved.
2026-08-11_20-12-35 Episode 456: New best reward 3.90, training model saved.
2026-08-11_20-13-21 Episode 569: New best reward 4.00, training model saved.
2026-08-11_20-14-17 Episode 703: New best reward 4.40, training model saved.
2026-08-11_20-14-36 Episode 748: New best reward 4.70, training model saved.
2026-08-11_20-15-16 Episode 843: New best reward 6.20, training model saved.
2026-08-11_20-15-18 Episode 849: New best reward 8.70, training model saved.
2026-08-11_20-19-37 Episode 1458: New best reward 12.90, training model saved.
2026-08-11_20-21-41 Episode 1697: New best reward 17.30, training model saved.
2026-08-11_20-23-56 Episode 1921: New best reward 17.90, training model saved.
2026-08-11_20-24-13 Episode 1939: New best reward 26.90, training model saved.
2026-08-11_20-24-57 Episode 2000: New best greedy reward 6.80, model saved.
2026-08-11_20-25-07 Episode 2009: New best reward 29.60, training model saved.
2026-08-11_20-25-30 Episode 2034: New best reward 32.90, training model saved.
2026-08-11_20-26-03 Episode 2068: New best reward 36.40, training model saved.
2026-08-11_20-26-12 Episode 2078: New best reward 43.30, training model saved.
2026-08-11_20-26-25 Episode 2086: New best reward 45.90, training model saved.
2026-08-11_20-26-42 Episode 2096: New best reward 90.80, training model saved.
2026-08-11_20-30-21 Episode 2246: New best reward 94.60, training model saved.
2026-08-11_20-31-57 Episode 2288: New best reward 107.20, training model saved.
2026-08-11_20-33-06 Episode 2309: New best reward 195.90, training model saved.
2026-08-11_20-34-41 Episode 2329: New best reward 238.00, training model saved.
2026-08-11_20-37-16 Episode 2364: New best reward 281.10, training model saved.
2026-08-11_20-40-51 Episode 2403: New best reward 392.10, training model saved.
2026-08-11_20-44-19 Episode 2429: New best reward 624.40, training model saved.
2026-08-11_21-10-26 Episode 2614: New best reward 807.40, training model saved.
2026-08-11_21-34-48 Episode 2752: New best reward 1143.40, training model saved.
2026-08-11_21-44-22 Episode 2786: New best reward 1567.80, training model saved.
2026-08-11_22-19-45 Episode 2905: New best reward 2203.00, training model saved.
2026-08-11_22-27-33: Training starting...
Device: cuda
2026-08-11_22-27-34 Episode 0: New best reward -8.10, training model saved.
2026-08-11_22-27-34 Episode 0: New best greedy reward 2.00, model saved.
2026-08-11_22-27-34 Episode 1: New best reward -5.70, training model saved.
2026-08-11_22-28-09 Episode 81: New best reward -2.10, training model saved.
2026-08-11_22-28-52 Episode 187: New best reward 0.30, training model saved.
2026-08-11_22-29-02 Episode 211: New best reward 2.70, training model saved.
2026-08-11_22-29-11 Episode 235: New best reward 3.90, training model saved.
2026-08-11_22-29-34 Episode 287: New best reward 4.70, training model saved.
2026-08-11_22-29-53 Episode 329: New best reward 4.90, training model saved.
2026-08-11_22-30-20 Episode 398: New best reward 5.00, training model saved.
2026-08-11_22-30-32 Episode 420: New best reward 8.40, training model saved.
2026-08-11_22-33-13 Episode 792: New best reward 8.60, training model saved.
2026-08-11_22-34-29 Episode 959: New best reward 9.30, training model saved.
2026-08-11_22-34-49 Episode 1004: New best reward 12.90, training model saved.
2026-08-11_22-38-40 Episode 1494: New best reward 13.90, training model saved.
2026-08-11_22-43-05 Episode 2000: New best greedy reward 6.40, model saved.
2026-08-11_22-43-34: Training starting...
Device: cuda
2026-08-11_22-43-35 Episode 0: New best reward -8.10, training model saved.
2026-08-11_22-43-35 Episode 0: New best greedy reward 2.00, model saved.
2026-08-11_22-43-35 Episode 1: New best reward -5.70, training model saved.
2026-08-11_22-44-12 Episode 81: New best reward -2.10, training model saved.
2026-08-11_22-44-13 Episode 85: New best reward 0.30, training model saved.
2026-08-11_22-45-04 Episode 200: New best reward 3.90, training model saved.
2026-08-11_22-45-54 Episode 316: New best reward 4.10, training model saved.
2026-08-11_22-46-06 Episode 334: New best reward 6.30, training model saved.
2026-08-11_22-46-08 Episode 338: New best reward 6.80, training model saved.
2026-08-11_22-48-50 Episode 701: New best reward 8.40, training model saved.
2026-08-11_22-51-10 Episode 1000: New best greedy reward 3.90, model saved.
2026-08-11_22-53-37 Episode 1312: New best reward 9.30, training model saved.
2026-08-11_22-53-38 Episode 1315: New best reward 9.40, training model saved.
2026-08-11_22-58-43 Episode 1925: New best reward 13.40, training model saved.
2026-08-11_23-01-22 Episode 2248: New best reward 17.90, training model saved.
2026-08-11_23-22-48 Episode 5000: New best greedy reward 4.80, model saved.
2026-08-11_23-34-31: Training starting...
Device: cuda
2026-08-11_23-34-31 Episode 0: New best reward -8.10, training model saved.
2026-08-11_23-34-32 Episode 0: New best greedy reward 2.00, model saved.
2026-08-11_23-34-32 Episode 1: New best reward -5.70, training model saved.
2026-08-11_23-35-03 Episode 81: New best reward -2.10, training model saved.
2026-08-11_23-36-36 Episode 299: New best reward -0.30, training model saved.
2026-08-11_23-37-06 Episode 358: New best reward 0.90, training model saved.
2026-08-11_23-37-25 Episode 405: New best reward 0.90, training model saved.
2026-08-11_23-38-09 Episode 503: New best reward 1.50, training model saved.
2026-08-11_23-39-23 Episode 674: New best reward 3.90, training model saved.
2026-08-11_23-41-36 Episode 983: New best reward 4.30, training model saved.
2026-08-11_23-42-25 Episode 1107: New best reward 4.50, training model saved.
2026-08-11_23-42-50 Episode 1155: New best reward 4.60, training model saved.
2026-08-11_23-42-54 Episode 1164: New best reward 4.70, training model saved.
2026-08-11_23-43-05 Episode 1192: New best reward 6.60, training model saved.
2026-08-11_23-44-26 Episode 1382: New best reward 6.70, training model saved.
2026-08-11_23-44-32 Episode 1397: New best reward 8.40, training model saved.
2026-08-11_23-46-49 Episode 1712: New best reward 8.50, training model saved.
2026-08-11_23-51-03: Training starting...
Device: cuda
2026-08-11_23-51-03 Episode 0: New best reward -8.10, training model saved.
2026-08-11_23-51-04 Episode 0: New best greedy reward 2.00, model saved.
2026-08-11_23-51-04 Episode 1: New best reward -5.70, training model saved.
2026-08-11_23-51-37 Episode 81: New best reward -2.10, training model saved.
2026-08-11_23-53-04 Episode 299: New best reward -0.30, training model saved.
2026-08-11_23-53-29 Episode 358: New best reward 1.50, training model saved.
2026-08-11_23-53-30 Episode 360: New best reward 3.90, training model saved.
2026-08-11_23-54-54 Episode 569: New best reward 4.00, training model saved.
2026-08-11_23-55-09 Episode 601: New best reward 4.60, training model saved.
2026-08-11_23-55-51 Episode 703: New best reward 8.40, training model saved.
2026-08-12_00-02-48 Episode 1626: New best reward 8.60, training model saved.
2026-08-12_00-03-26 Episode 1694: New best reward 11.10, training model saved.
2026-08-12_00-06-05 Episode 1982: New best reward 12.90, training model saved.
2026-08-12_00-06-17 Episode 2000: New best greedy reward 9.20, model saved.
2026-08-12_00-07-48 Episode 2146: New best reward 13.90, training model saved.
2026-08-12_00-08-51 Episode 2243: New best reward 15.10, training model saved.
2026-08-12_00-09-11 Episode 2273: New best reward 15.60, training model saved.
2026-08-12_00-09-46 Episode 2329: New best reward 17.30, training model saved.
2026-08-12_00-10-20 Episode 2378: New best reward 17.90, training model saved.
2026-08-12_00-10-24 Episode 2382: New best reward 26.90, training model saved.
2026-08-12_00-13-29 Episode 2615: New best reward 50.40, training model saved.
2026-08-12_00-16-10 Episode 2767: New best reward 57.50, training model saved.
2026-08-12_00-16-27 Episode 2779: New best reward 62.10, training model saved.
2026-08-12_00-18-44 Episode 2892: New best reward 73.30, training model saved.
2026-08-12_00-18-57 Episode 2899: New best reward 107.40, training model saved.
2026-08-12_00-24-10 Episode 3098: New best reward 134.40, training model saved.
2026-08-12_00-29-14 Episode 3233: New best reward 172.80, training model saved.
2026-08-12_00-30-34 Episode 3258: New best reward 181.60, training model saved.
2026-08-12_00-35-51 Episode 3354: New best reward 181.70, training model saved.
2026-08-12_00-36-54: Training starting...
Device: cuda
2026-08-12_00-36-54 Episode 0: New best reward -8.10, training model saved.
2026-08-12_00-36-54 Episode 0: New best greedy reward 2.00, model saved.
2026-08-12_00-36-55 Episode 1: New best reward -5.70, training model saved.
2026-08-12_00-37-28 Episode 81: New best reward -2.10, training model saved.
2026-08-12_00-38-56 Episode 299: New best reward -0.30, training model saved.
2026-08-12_00-39-20 Episode 358: New best reward 1.50, training model saved.
2026-08-12_00-39-21 Episode 360: New best reward 3.90, training model saved.
2026-08-12_00-40-46 Episode 569: New best reward 4.20, training model saved.
2026-08-12_00-41-06 Episode 617: New best reward 6.60, training model saved.
2026-08-12_00-42-51 Episode 870: New best reward 8.40, training model saved.
2026-08-12_00-43-31 Episode 964: New best reward 8.60, training model saved.
2026-08-12_00-43-59 Episode 1028: New best reward 10.90, training model saved.
2026-08-12_00-45-18 Episode 1205: New best reward 15.70, training model saved.
2026-08-12_00-50-37 Episode 1789: New best reward 22.90, training model saved.
2026-08-12_00-52-15 Episode 1944: New best reward 25.20, training model saved.
2026-08-12_00-52-19 Episode 1948: New best reward 26.90, training model saved.
2026-08-12_00-52-56 Episode 2000: New best greedy reward 8.90, model saved.
2026-08-12_00-53-33 Episode 2050: New best reward 27.70, training model saved.
2026-08-12_00-55-00 Episode 2152: New best reward 34.80, training model saved.
2026-08-12_00-55-11 Episode 2164: New best reward 39.30, training model saved.
2026-08-12_00-55-53 Episode 2211: New best reward 41.60, training model saved.
2026-08-12_00-56-02 Episode 2216: New best reward 51.40, training model saved.
2026-08-12_00-56-09 Episode 2218: New best reward 79.00, training model saved.
2026-08-12_00-57-52 Episode 2281: New best reward 87.90, training model saved.
2026-08-12_01-01-29 Episode 2402: New best reward 111.70, training model saved.
2026-08-12_01-03-08 Episode 2448: New best reward 153.90, training model saved.
2026-08-12_01-05-34 Episode 2488: New best reward 160.80, training model saved.
2026-08-12_01-07-07 Episode 2517: New best reward 183.50, training model saved.
2026-08-12_01-07-26 Episode 2521: New best reward 188.80, training model saved.
2026-08-12_01-08-43 Episode 2536: New best reward 236.90, training model saved.
2026-08-12_01-09-31 Episode 2545: New best reward 293.20, training model saved.
2026-08-12_01-12-23 Episode 2568: New best reward 320.90, training model saved.
2026-08-12_01-14-49 Episode 2595: New best reward 365.80, training model saved.
2026-08-12_01-23-12 Episode 2670: New best reward 628.90, training model saved.
2026-08-12_01-40-46 Episode 2783: New best reward 866.90, training model saved.
2026-08-12_02-07-09 Episode 2901: New best reward 1145.20, training model saved.
2026-08-12_02-17-25 Episode 2931: New best reward 1272.90, training model saved.
2026-08-12_02-29-56 Episode 2962: New best reward 1510.90, training model saved.
2026-08-12_02-46-32 Episode 2994: New best reward 2406.90, training model saved.
2026-08-12_02-51-09 Episode 3000: New best greedy reward 2854.90, model saved.
[worker] done. total trials in study: 200
2026-08-11_07-11-50: Training starting...
Device: cuda
2026-08-11_07-11-57 Episode 0: New best reward -8.10, training model saved.
2026-08-11_07-11-57 Episode 0: New best greedy reward 2.00, model saved.
2026-08-11_07-11-58 Episode 1: New best reward -5.70, training model saved.
2026-08-11_07-12-32 Episode 81: New best reward -2.10, training model saved.
2026-08-11_07-13-15 Episode 187: New best reward 0.30, training model saved.
2026-08-11_07-13-25 Episode 211: New best reward 2.70, training model saved.
2026-08-11_07-13-34 Episode 235: New best reward 3.90, training model saved.
2026-08-11_07-13-48 Episode 266: New best reward 4.40, training model saved.
2026-08-11_07-13-56 Episode 287: New best reward 4.60, training model saved.
2026-08-11_07-14-14 Episode 329: New best reward 4.80, training model saved.
2026-08-11_07-14-21 Episode 348: New best reward 6.50, training model saved.
2026-08-11_07-14-39 Episode 392: New best reward 8.40, training model saved.
2026-08-11_07-16-36 Episode 669: New best reward 10.90, training model saved.
2026-08-11_07-16-46 Episode 693: New best reward 11.20, training model saved.
2026-08-11_07-16-58 Episode 723: New best reward 12.90, training model saved.
2026-08-11_07-26-50 Episode 2000: New best greedy reward 3.00, model saved.
2026-08-11_07-27-41: Training starting...
Device: cuda
2026-08-11_07-27-41 Episode 0: New best reward -8.10, training model saved.
2026-08-11_07-27-42 Episode 0: New best greedy reward 2.00, model saved.
2026-08-11_07-27-42 Episode 1: New best reward -5.70, training model saved.
2026-08-11_07-28-15 Episode 81: New best reward -2.10, training model saved.
2026-08-11_07-29-43 Episode 299: New best reward -0.30, training model saved.
2026-08-11_07-30-08 Episode 358: New best reward 1.50, training model saved.
2026-08-11_07-30-08 Episode 360: New best reward 3.90, training model saved.
2026-08-11_07-31-04 Episode 494: New best reward 4.70, training model saved.
2026-08-11_07-31-55 Episode 617: New best reward 5.00, training model saved.
2026-08-11_07-33-28 Episode 843: New best reward 6.40, training model saved.
2026-08-11_07-36-31 Episode 1287: New best reward 6.60, training model saved.
2026-08-11_07-37-21 Episode 1401: New best reward 8.40, training model saved.
2026-08-11_07-41-48 Episode 1991: New best reward 8.50, training model saved.
2026-08-11_07-43-25 Episode 2193: New best reward 10.60, training model saved.
2026-08-11_07-44-11 Episode 2285: New best reward 12.90, training model saved.
2026-08-11_07-44-27 Episode 2312: New best reward 13.40, training model saved.
2026-08-11_07-45-26 Episode 2416: New best reward 17.90, training model saved.
2026-08-11_07-45-31 Episode 2426: New best reward 18.10, training model saved.
2026-08-11_07-46-09 Episode 2484: New best reward 20.30, training model saved.
2026-08-11_07-46-47 Episode 2547: New best reward 20.60, training model saved.
2026-08-11_07-51-24 Episode 2964: New best reward 26.90, training model saved.
2026-08-11_07-51-53 Episode 3000: New best greedy reward 8.40, model saved.
2026-08-11_07-52-57 Episode 3072: New best reward 36.80, training model saved.
2026-08-11_07-56-17 Episode 3300: New best reward 40.90, training model saved.
2026-08-11_07-57-07 Episode 3352: New best reward 45.90, training model saved.
2026-08-11_07-57-15 Episode 3357: New best reward 55.20, training model saved.
2026-08-11_08-03-58 Episode 3753: New best reward 124.90, training model saved.
2026-08-11_08-18-16 Episode 4415: New best reward 174.20, training model saved.
2026-08-11_08-28-04 Episode 4670: New best reward 215.10, training model saved.
2026-08-11_08-36-43 Episode 4852: New best reward 316.40, training model saved.
2026-08-11_08-42-51 Episode 5000: New best greedy reward 85.80, model saved.
2026-08-11_08-58-04 Episode 5377: New best reward 325.90, training model saved.
2026-08-11_09-19-56 Episode 5806: New best reward 331.00, training model saved.
2026-08-11_09-29-16 Episode 5904: New best reward 454.80, training model saved.
2026-08-11_09-38-13 Episode 6000: New best greedy reward 138.90, model saved.
2026-08-11_09-42-25 Episode 6045: New best reward 561.20, training model saved.
2026-08-11_09-54-55: Training starting...
Device: cuda
2026-08-11_09-54-56 Episode 0: New best reward -8.10, training model saved.
2026-08-11_09-54-56 Episode 0: New best greedy reward 2.00, model saved.
2026-08-11_09-54-56 Episode 1: New best reward -5.70, training model saved.
2026-08-11_09-55-29 Episode 81: New best reward -2.10, training model saved.
2026-08-11_09-56-22 Episode 211: New best reward 2.70, training model saved.
2026-08-11_09-56-31 Episode 235: New best reward 3.90, training model saved.
2026-08-11_09-56-53 Episode 287: New best reward 4.70, training model saved.
2026-08-11_09-57-11 Episode 330: New best reward 4.80, training model saved.
2026-08-11_09-57-40 Episode 404: New best reward 6.70, training model saved.
2026-08-11_09-58-02 Episode 454: New best reward 8.50, training model saved.
2026-08-11_09-59-25 Episode 649: New best reward 8.60, training model saved.
2026-08-11_09-59-38 Episode 678: New best reward 9.40, training model saved.
2026-08-11_10-02-18 Episode 1063: New best reward 12.90, training model saved.
2026-08-11_10-10-27: Training starting...
Device: cuda
2026-08-11_10-10-27 Episode 0: New best reward -8.10, training model saved.
2026-08-11_10-10-27 Episode 0: New best greedy reward 2.00, model saved.
2026-08-11_10-10-28 Episode 1: New best reward -5.70, training model saved.
2026-08-11_10-11-04 Episode 81: New best reward -2.10, training model saved.
2026-08-11_10-12-37 Episode 299: New best reward -0.30, training model saved.
2026-08-11_10-13-03 Episode 358: New best reward 1.50, training model saved.
2026-08-11_10-13-04 Episode 360: New best reward 3.90, training model saved.
2026-08-11_10-14-03 Episode 494: New best reward 6.00, training model saved.
2026-08-11_10-15-28 Episode 688: New best reward 6.20, training model saved.
2026-08-11_10-16-36 Episode 844: New best reward 6.70, training model saved.
2026-08-11_10-16-38 Episode 847: New best reward 6.80, training model saved.
2026-08-11_10-16-46 Episode 867: New best reward 8.40, training model saved.
2026-08-11_10-19-25 Episode 1209: New best reward 10.50, training model saved.
2026-08-11_10-23-00 Episode 1592: New best reward 11.10, training model saved.
2026-08-11_10-27-15 Episode 1985: New best reward 12.90, training model saved.
2026-08-11_10-27-24 Episode 2000: New best greedy reward 8.40, model saved.
2026-08-11_10-29-09 Episode 2156: New best reward 13.20, training model saved.
2026-08-11_10-29-45 Episode 2209: New best reward 13.50, training model saved.
2026-08-11_10-30-22 Episode 2256: New best reward 13.60, training model saved.
2026-08-11_10-31-18 Episode 2329: New best reward 18.10, training model saved.
2026-08-11_10-33-46 Episode 2513: New best reward 25.20, training model saved.
2026-08-11_10-33-56 Episode 2524: New best reward 26.90, training model saved.
2026-08-11_10-34-01 Episode 2528: New best reward 40.90, training model saved.
2026-08-11_10-37-42 Episode 2736: New best reward 48.20, training model saved.
2026-08-11_10-38-24 Episode 2767: New best reward 69.70, training model saved.
2026-08-11_10-38-58 Episode 2792: New best reward 121.60, training model saved.
2026-08-11_10-43-41 Episode 2963: New best reward 135.10, training model saved.
2026-08-11_10-51-37 Episode 3152: New best reward 214.50, training model saved.
2026-08-11_10-52-02 Episode 3154: New best reward 235.30, training model saved.
2026-08-11_10-53-34 Episode 3176: New best reward 255.90, training model saved.
2026-08-11_10-55-48 Episode 3205: New best reward 342.80, training model saved.
2026-08-11_11-03-39 Episode 3321: New best reward 499.20, training model saved.
2026-08-11_11-12-11 Episode 3414: New best reward 575.20, training model saved.
2026-08-11_11-37-37 Episode 3620: New best reward 694.40, training model saved.
2026-08-11_12-32-29 Episode 3991: New best reward 785.80, training model saved.
2026-08-11_12-35-28 Episode 4000: New best greedy reward 454.80, model saved.
2026-08-11_13-47-41: Training starting...
Device: cuda
2026-08-11_13-47-41 Episode 0: New best reward -8.10, training model saved.
2026-08-11_13-47-41 Episode 0: New best greedy reward 2.00, model saved.
2026-08-11_13-47-42 Episode 1: New best reward -5.70, training model saved.
2026-08-11_13-48-15 Episode 81: New best reward -2.10, training model saved.
2026-08-11_13-49-06 Episode 211: New best reward 2.70, training model saved.
2026-08-11_13-50-05 Episode 360: New best reward 3.90, training model saved.
2026-08-11_13-51-29 Episode 569: New best reward 4.40, training model saved.
2026-08-11_13-51-47 Episode 613: New best reward 4.80, training model saved.
2026-08-11_13-51-55 Episode 634: New best reward 6.20, training model saved.
2026-08-11_13-52-11 Episode 669: New best reward 9.00, training model saved.
2026-08-11_13-53-14 Episode 825: New best reward 9.10, training model saved.
2026-08-11_13-54-02 Episode 945: New best reward 10.70, training model saved.
2026-08-11_13-54-21 Episode 985: New best reward 10.90, training model saved.
2026-08-11_13-55-22 Episode 1129: New best reward 12.90, training model saved.
2026-08-11_13-58-28 Episode 1537: New best reward 13.20, training model saved.
2026-08-11_14-00-13 Episode 1751: New best reward 17.90, training model saved.
2026-08-11_14-02-04 Episode 1952: New best reward 37.20, training model saved.
2026-08-11_14-02-32 Episode 2000: New best greedy reward 6.00, model saved.
2026-08-11_14-12-34 Episode 3000: New best greedy reward 6.60, model saved.
2026-08-11_14-18-11 Episode 3456: New best reward 43.70, training model saved.
2026-08-11_14-22-11 Episode 3722: New best reward 46.90, training model saved.
2026-08-11_14-23-26 Episode 3799: New best reward 59.90, training model saved.
2026-08-11_14-25-11 Episode 3895: New best reward 74.80, training model saved.
2026-08-11_14-27-21 Episode 4000: New best greedy reward 11.30, model saved.
2026-08-11_14-29-02 Episode 4077: New best reward 104.80, training model saved.
2026-08-11_14-37-23 Episode 4406: New best reward 120.40, training model saved.
2026-08-11_14-37-55 Episode 4422: New best reward 149.10, training model saved.
2026-08-11_14-49-04 Episode 4693: New best reward 201.00, training model saved.
2026-08-11_14-50-59 Episode 4717: New best reward 292.90, training model saved.
2026-08-11_15-02-59 Episode 4876: New best reward 356.70, training model saved.
2026-08-11_15-14-42 Episode 5000: New best greedy reward 538.80, model saved.
2026-08-11_15-22-13 Episode 5081: New best reward 405.60, training model saved.
2026-08-11_15-30-35 Episode 5153: New best reward 459.30, training model saved.
2026-08-11_15-36-23 Episode 5212: New best reward 587.80, training model saved.
2026-08-11_15-42-07 Episode 5242: New best reward 598.60, training model saved.
2026-08-11_15-44-18 Episode 5258: New best reward 715.10, training model saved.
2026-08-11_15-49-12 Episode 5278: New best reward 1157.20, training model saved.
2026-08-11_16-14-54: Training starting...
Device: cuda
2026-08-11_16-14-54 Episode 0: New best reward -8.10, training model saved.
2026-08-11_16-14-54 Episode 0: New best greedy reward 2.00, model saved.
2026-08-11_16-14-55 Episode 1: New best reward -5.70, training model saved.
2026-08-11_16-15-27 Episode 81: New best reward -2.10, training model saved.
2026-08-11_16-15-29 Episode 85: New best reward 0.30, training model saved.
2026-08-11_16-16-10 Episode 187: New best reward 1.50, training model saved.
2026-08-11_16-16-13 Episode 195: New best reward 2.10, training model saved.
2026-08-11_16-16-15 Episode 200: New best reward 3.90, training model saved.
2026-08-11_16-16-36 Episode 250: New best reward 6.10, training model saved.
2026-08-11_16-16-50 Episode 285: New best reward 6.20, training model saved.
2026-08-11_16-17-09 Episode 328: New best reward 8.90, training model saved.
2026-08-11_16-18-51 Episode 569: New best reward 12.90, training model saved.
2026-08-11_16-21-46 Episode 930: New best reward 13.00, training model saved.
2026-08-11_16-22-24 Episode 1000: New best greedy reward 3.20, model saved.
2026-08-11_16-22-35 Episode 1019: New best reward 15.20, training model saved.
2026-08-11_16-23-02 Episode 1065: New best reward 20.20, training model saved.
2026-08-11_16-27-33 Episode 1491: New best reward 20.80, training model saved.
2026-08-11_16-27-52 Episode 1516: New best reward 25.20, training model saved.
2026-08-11_16-29-24 Episode 1648: New best reward 31.90, training model saved.
2026-08-11_16-30-19 Episode 1720: New best reward 32.70, training model saved.
2026-08-11_16-34-03 Episode 1977: New best reward 46.20, training model saved.
2026-08-11_16-34-31 Episode 2000: New best greedy reward 29.80, model saved.
2026-08-11_16-35-17 Episode 2041: New best reward 53.30, training model saved.
2026-08-11_16-37-35 Episode 2153: New best reward 55.90, training model saved.
2026-08-11_16-40-24 Episode 2275: New best reward 57.50, training model saved.
2026-08-11_16-40-37 Episode 2282: New best reward 97.60, training model saved.
2026-08-11_16-41-26 Episode 2315: New best reward 104.60, training model saved.
2026-08-11_16-58-18 Episode 3159: New best reward 144.60, training model saved.
2026-08-11_17-00-25 Episode 3244: New best reward 146.50, training model saved.
2026-08-11_17-00-50: Training starting...
Device: cuda
2026-08-11_17-00-51 Episode 0: New best reward -8.10, training model saved.
2026-08-11_17-00-51 Episode 0: New best greedy reward 2.00, model saved.
2026-08-11_17-00-51 Episode 1: New best reward -5.70, training model saved.
2026-08-11_17-01-27 Episode 81: New best reward -2.10, training model saved.
2026-08-11_17-03-00 Episode 299: New best reward 0.90, training model saved.
2026-08-11_17-03-26 Episode 358: New best reward 1.50, training model saved.
2026-08-11_17-03-27 Episode 360: New best reward 3.90, training model saved.
2026-08-11_17-04-56 Episode 569: New best reward 4.20, training model saved.
2026-08-11_17-05-18 Episode 617: New best reward 6.60, training model saved.
2026-08-11_17-06-05 Episode 726: New best reward 6.80, training model saved.
2026-08-11_17-06-58 Episode 843: New best reward 8.40, training model saved.
2026-08-11_17-10-24 Episode 1295: New best reward 8.80, training model saved.
2026-08-11_17-10-41 Episode 1327: New best reward 10.50, training model saved.
2026-08-11_17-10-56 Episode 1352: New best reward 12.90, training model saved.
2026-08-11_17-14-19 Episode 1690: New best reward 15.80, training model saved.
2026-08-11_17-15-00 Episode 1750: New best reward 17.90, training model saved.
2026-08-11_17-15-48 Episode 1808: New best reward 22.50, training model saved.
2026-08-11_17-16-55 Episode 1894: New best reward 29.10, training model saved.
2026-08-11_17-17-05 Episode 1904: New best reward 40.90, training model saved.
2026-08-11_17-18-05 Episode 1965: New best reward 41.10, training model saved.
2026-08-11_17-18-12 Episode 1968: New best reward 41.30, training model saved.
2026-08-11_17-18-46 Episode 1999: New best reward 46.60, training model saved.
2026-08-11_17-18-49 Episode 2000: New best greedy reward 6.60, model saved.
2026-08-11_17-19-23 Episode 2024: New best reward 53.30, training model saved.
2026-08-11_17-19-57 Episode 2046: New best reward 64.40, training model saved.
2026-08-11_17-21-55 Episode 2123: New best reward 76.10, training model saved.
2026-08-11_17-22-06 Episode 2126: New best reward 106.90, training model saved.
2026-08-11_17-24-20 Episode 2175: New best reward 121.40, training model saved.
2026-08-11_17-25-18 Episode 2192: New best reward 177.20, training model saved.
2026-08-11_17-26-11 Episode 2209: New best reward 211.20, training model saved.
2026-08-11_17-31-27 Episode 2306: New best reward 247.10, training model saved.
2026-08-11_17-47-02 Episode 2540: New best reward 286.70, training model saved.
2026-08-11_17-49-23 Episode 2559: New best reward 466.90, training model saved.
2026-08-11_17-49-37: Training starting...
Device: cuda
2026-08-11_17-49-38 Episode 0: New best reward -8.10, training model saved.
2026-08-11_17-49-38 Episode 0: New best greedy reward 2.00, model saved.
2026-08-11_17-49-39 Episode 1: New best reward -5.70, training model saved.
2026-08-11_17-50-12 Episode 81: New best reward -2.10, training model saved.
2026-08-11_17-50-55 Episode 187: New best reward 0.30, training model saved.
2026-08-11_17-50-58 Episode 195: New best reward 2.10, training model saved.
2026-08-11_17-51-04 Episode 211: New best reward 2.70, training model saved.
2026-08-11_17-51-14 Episode 235: New best reward 3.90, training model saved.
2026-08-11_17-51-23 Episode 254: New best reward 4.10, training model saved.
2026-08-11_17-51-54 Episode 330: New best reward 4.50, training model saved.
2026-08-11_17-52-03 Episode 352: New best reward 4.90, training model saved.
2026-08-11_17-52-23 Episode 404: New best reward 6.30, training model saved.
2026-08-11_17-52-36 Episode 430: New best reward 9.10, training model saved.
2026-08-11_17-55-42 Episode 857: New best reward 11.30, training model saved.
2026-08-11_17-56-17 Episode 932: New best reward 12.90, training model saved.
2026-08-11_17-56-37 Episode 968: New best reward 15.60, training model saved.
2026-08-11_17-57-10 Episode 1033: New best reward 15.80, training model saved.
2026-08-11_17-58-10 Episode 1144: New best reward 17.90, training model saved.
2026-08-11_17-58-53 Episode 1222: New best reward 20.30, training model saved.
2026-08-11_18-00-15 Episode 1367: New best reward 20.50, training model saved.
2026-08-11_18-04-05 Episode 1754: New best reward 23.20, training model saved.
2026-08-11_18-06-26 Episode 1961: New best reward 29.60, training model saved.
2026-08-11_18-06-57 Episode 2000: New best greedy reward 17.90, model saved.
2026-08-11_18-07-26 Episode 2035: New best reward 41.70, training model saved.
2026-08-11_18-09-28 Episode 2153: New best reward 43.80, training model saved.
2026-08-11_18-09-38 Episode 2158: New best reward 51.30, training model saved.
2026-08-11_18-10-08 Episode 2179: New best reward 53.20, training model saved.
2026-08-11_18-10-38 Episode 2202: New best reward 54.90, training model saved.
2026-08-11_18-10-54 Episode 2212: New best reward 57.80, training model saved.
2026-08-11_18-11-32 Episode 2233: New best reward 98.00, training model saved.
2026-08-11_18-11-39 Episode 2235: New best reward 99.10, training model saved.
2026-08-11_18-16-34 Episode 2374: New best reward 308.10, training model saved.
2026-08-11_18-32-00 Episode 2547: New best reward 320.90, training model saved.
2026-08-11_18-32-23 Episode 2548: New best reward 333.20, training model saved.
2026-08-11_18-34-47 Episode 2572: New best reward 349.70, training model saved.
2026-08-11_18-36-17 Episode 2588: New best reward 365.80, training model saved.
2026-08-11_18-38-59 Episode 2612: New best reward 568.40, training model saved.
2026-08-11_18-49-52 Episode 2686: New best reward 978.90, training model saved.
2026-08-11_19-18-03 Episode 2856: New best reward 1002.40, training model saved.
2026-08-11_19-39-54 Episode 2966: New best reward 1089.20, training model saved.
2026-08-11_19-44-03 Episode 2977: New best reward 1100.50, training model saved.
2026-08-11_19-52-41 Episode 2999: New best reward 1149.70, training model saved.
2026-08-11_19-53-24 Episode 3000: New best greedy reward 764.40, model saved.
2026-08-11_19-56-51 Episode 3005: New best reward 2218.80, training model saved.
2026-08-11_21-23-01: Training starting...
Device: cuda
2026-08-11_21-23-02 Episode 0: New best reward -8.10, training model saved.
2026-08-11_21-23-02 Episode 0: New best greedy reward 2.00, model saved.
2026-08-11_21-23-02 Episode 1: New best reward -5.70, training model saved.
2026-08-11_21-23-37 Episode 81: New best reward -2.10, training model saved.
2026-08-11_21-24-32 Episode 211: New best reward 2.70, training model saved.
2026-08-11_21-25-38 Episode 360: New best reward 3.90, training model saved.
2026-08-11_21-27-08 Episode 569: New best reward 4.20, training model saved.
2026-08-11_21-27-15 Episode 579: New best reward 4.30, training model saved.
2026-08-11_21-27-17 Episode 583: New best reward 4.40, training model saved.
2026-08-11_21-27-30 Episode 618: New best reward 6.10, training model saved.
2026-08-11_21-27-37 Episode 633: New best reward 8.40, training model saved.
2026-08-11_21-31-10 Episode 1120: New best reward 13.50, training model saved.
2026-08-11_21-37-47 Episode 1886: New best reward 20.40, training model saved.
2026-08-11_21-38-51 Episode 2000: New best greedy reward 2.40, model saved.
2026-08-11_21-39-03 Episode 2018: New best reward 20.60, training model saved.
2026-08-11_21-39-45: Training starting...
Device: cuda
2026-08-11_21-39-45 Episode 0: New best reward -8.10, training model saved.
2026-08-11_21-39-45 Episode 0: New best greedy reward 2.00, model saved.
2026-08-11_21-39-46 Episode 1: New best reward -5.70, training model saved.
2026-08-11_21-40-19 Episode 81: New best reward -2.10, training model saved.
2026-08-11_21-40-51 Episode 162: New best reward -0.90, training model saved.
2026-08-11_21-41-03 Episode 187: New best reward -0.30, training model saved.
2026-08-11_21-41-06 Episode 195: New best reward 0.90, training model saved.
2026-08-11_21-41-08 Episode 200: New best reward 3.90, training model saved.
2026-08-11_21-41-32 Episode 254: New best reward 4.10, training model saved.
2026-08-11_21-41-37 Episode 266: New best reward 4.20, training model saved.
2026-08-11_21-41-45 Episode 287: New best reward 4.80, training model saved.
2026-08-11_21-42-04 Episode 329: New best reward 8.40, training model saved.
2026-08-11_21-45-37 Episode 825: New best reward 9.00, training model saved.
2026-08-11_21-46-13 Episode 904: New best reward 9.10, training model saved.
2026-08-11_21-46-29 Episode 937: New best reward 10.80, training model saved.
2026-08-11_21-46-32 Episode 943: New best reward 13.00, training model saved.
2026-08-11_21-47-02 Episode 1000: New best greedy reward 6.50, model saved.
2026-08-11_21-47-53 Episode 1094: New best reward 23.30, training model saved.
2026-08-11_21-49-09 Episode 1205: New best reward 40.90, training model saved.
2026-08-11_21-49-43 Episode 1239: New best reward 52.70, training model saved.
2026-08-11_21-50-45 Episode 1288: New best reward 55.90, training model saved.
2026-08-11_21-51-39 Episode 1320: New best reward 65.30, training model saved.
2026-08-11_21-52-00 Episode 1332: New best reward 75.10, training model saved.
2026-08-11_21-52-08 Episode 1333: New best reward 125.90, training model saved.
2026-08-11_21-55-14 Episode 1412: New best reward 132.80, training model saved.
2026-08-11_21-55-51 Episode 1422: New best reward 152.90, training model saved.
2026-08-11_21-57-45 Episode 1445: New best reward 334.90, training model saved.
2026-08-11_21-59-51 Episode 1476: New best reward 544.90, training model saved.
2026-08-11_22-15-20 Episode 1595: New best reward 636.80, training model saved.
2026-08-11_22-21-18 Episode 1628: New best reward 676.90, training model saved.
2026-08-11_22-36-41 Episode 1707: New best reward 810.90, training model saved.
2026-08-11_22-53-34 Episode 1806: New best reward 894.90, training model saved.
2026-08-11_23-00-16 Episode 1830: New best reward 920.60, training model saved.
2026-08-11_23-01-31 Episode 1831: New best reward 1075.20, training model saved.
2026-08-11_23-05-38 Episode 1841: New best reward 1154.70, training model saved.
2026-08-11_23-22-42 Episode 1882: New best reward 1380.40, training model saved.
2026-08-11_23-37-01 Episode 1915: New best reward 1464.40, training model saved.
2026-08-12_00-01-32: Training starting...
Device: cuda
2026-08-12_00-01-32 Episode 0: New best reward -8.10, training model saved.
2026-08-12_00-01-32 Episode 0: New best greedy reward 2.00, model saved.
2026-08-12_00-01-33 Episode 1: New best reward -5.70, training model saved.
2026-08-12_00-02-04 Episode 81: New best reward -2.10, training model saved.
2026-08-12_00-02-48 Episode 187: New best reward 0.30, training model saved.
2026-08-12_00-02-58 Episode 211: New best reward 0.90, training model saved.
2026-08-12_00-03-07 Episode 235: New best reward 3.90, training model saved.
2026-08-12_00-04-06 Episode 382: New best reward 4.00, training model saved.
2026-08-12_00-04-16 Episode 406: New best reward 4.70, training model saved.
2026-08-12_00-04-53 Episode 496: New best reward 5.00, training model saved.
2026-08-12_00-05-46 Episode 630: New best reward 6.30, training model saved.
2026-08-12_00-06-11 Episode 688: New best reward 8.50, training model saved.
2026-08-12_00-07-05 Episode 819: New best reward 8.70, training model saved.
2026-08-12_00-07-29 Episode 875: New best reward 10.60, training model saved.
2026-08-12_00-08-24 Episode 1000: New best greedy reward 3.90, model saved.
2026-08-12_00-09-35 Episode 1156: New best reward 12.90, training model saved.
2026-08-12_00-11-12 Episode 1345: New best reward 18.50, training model saved.
2026-08-12_00-11-33 Episode 1377: New best reward 19.00, training model saved.
2026-08-12_00-12-37 Episode 1489: New best reward 25.20, training model saved.
2026-08-12_00-15-51 Episode 1776: New best reward 27.60, training model saved.
2026-08-12_00-16-17 Episode 1809: New best reward 36.40, training model saved.
2026-08-12_00-17-58 Episode 1943: New best reward 37.20, training model saved.
2026-08-12_00-18-05 Episode 1945: New best reward 68.90, training model saved.
2026-08-12_00-19-04 Episode 2000: New best greedy reward 141.30, model saved.
2026-08-12_00-22-06 Episode 2169: New best reward 76.80, training model saved.
2026-08-12_00-26-44 Episode 2380: New best reward 97.70, training model saved.
2026-08-12_00-27-17 Episode 2396: New best reward 121.00, training model saved.
2026-08-12_00-30-59 Episode 2503: New best reward 155.80, training model saved.
2026-08-12_00-35-13 Episode 2618: New best reward 191.30, training model saved.
2026-08-12_00-37-42 Episode 2680: New best reward 225.80, training model saved.
2026-08-12_00-47-06: Training starting...
Device: cuda
2026-08-12_00-47-06 Episode 0: New best reward -8.10, training model saved.
2026-08-12_00-47-07 Episode 0: New best greedy reward 2.00, model saved.
2026-08-12_00-47-07 Episode 1: New best reward -5.70, training model saved.
2026-08-12_00-47-41 Episode 81: New best reward -2.10, training model saved.
2026-08-12_00-49-13 Episode 299: New best reward 0.90, training model saved.
2026-08-12_00-49-40 Episode 360: New best reward 3.90, training model saved.
2026-08-12_00-51-08 Episode 569: New best reward 4.20, training model saved.
2026-08-12_00-51-35 Episode 631: New best reward 4.40, training model saved.
2026-08-12_00-52-09 Episode 709: New best reward 4.60, training model saved.
2026-08-12_00-52-19 Episode 734: New best reward 6.30, training model saved.
2026-08-12_00-52-38 Episode 773: New best reward 8.60, training model saved.
2026-08-12_00-53-01 Episode 822: New best reward 8.90, training model saved.
2026-08-12_00-56-40 Episode 1302: New best reward 12.90, training model saved.
2026-08-12_01-00-03 Episode 1656: New best reward 13.50, training model saved.
2026-08-12_01-00-33 Episode 1711: New best reward 15.30, training model saved.
2026-08-12_01-01-14 Episode 1770: New best reward 15.70, training model saved.
2026-08-12_01-01-39 Episode 1807: New best reward 20.40, training model saved.
2026-08-12_01-01-54 Episode 1821: New best reward 24.70, training model saved.
2026-08-12_01-03-55 Episode 1961: New best reward 34.10, training model saved.
2026-08-12_01-04-32 Episode 1996: New best reward 36.40, training model saved.
2026-08-12_01-04-38 Episode 2000: New best greedy reward 3.90, model saved.
2026-08-12_01-05-14 Episode 2030: New best reward 73.90, training model saved.
2026-08-12_01-06-14 Episode 2062: New best reward 99.80, training model saved.
2026-08-12_01-08-04 Episode 2107: New best reward 102.40, training model saved.
2026-08-12_01-08-57 Episode 2135: New best reward 107.20, training model saved.
2026-08-12_01-09-53 Episode 2153: New best reward 149.20, training model saved.
2026-08-12_01-10-22 Episode 2157: New best reward 235.30, training model saved.
2026-08-12_01-11-26 Episode 2174: New best reward 274.50, training model saved.
2026-08-12_01-16-59 Episode 2234: New best reward 407.80, training model saved.
2026-08-12_01-18-57 Episode 2249: New best reward 468.80, training model saved.
2026-08-12_01-21-42 Episode 2258: New best reward 769.60, training model saved.
2026-08-12_01-49-06 Episode 2435: New best reward 947.20, training model saved.
2026-08-12_01-54-19 Episode 2447: New best reward 972.30, training model saved.
2026-08-12_02-15-28 Episode 2530: New best reward 1095.90, training model saved.
2026-08-12_02-17-18 Episode 2532: New best reward 1443.80, training model saved.
2026-08-12_02-36-33 Episode 2582: New best reward 2000.90, training model saved.
2026-08-12_03-11-43 Episode 2642: New best reward 2343.10, training model saved.
2026-08-12_03-13-12: Training starting...
Device: cuda
2026-08-12_03-13-13 Episode 0: New best reward -8.10, training model saved.
2026-08-12_03-13-13 Episode 0: New best greedy reward 2.00, model saved.
2026-08-12_03-13-14 Episode 1: New best reward -5.70, training model saved.
2026-08-12_03-13-46 Episode 81: New best reward -2.10, training model saved.
2026-08-12_03-14-30 Episode 187: New best reward 0.30, training model saved.
2026-08-12_03-14-33 Episode 195: New best reward 2.10, training model saved.
2026-08-12_03-14-39 Episode 211: New best reward 2.70, training model saved.
2026-08-12_03-14-49 Episode 235: New best reward 3.90, training model saved.
2026-08-12_03-14-58 Episode 254: New best reward 4.20, training model saved.
2026-08-12_03-15-11 Episode 287: New best reward 4.50, training model saved.
2026-08-12_03-15-28 Episode 327: New best reward 8.40, training model saved.
2026-08-12_03-17-19 Episode 584: New best reward 8.70, training model saved.
2026-08-12_03-17-30 Episode 608: New best reward 12.90, training model saved.
2026-08-12_03-24-09 Episode 1426: New best reward 13.10, training model saved.
2026-08-12_03-24-33 Episode 1467: New best reward 13.20, training model saved.
2026-08-12_03-25-35 Episode 1573: New best reward 15.50, training model saved.
2026-08-12_03-26-05 Episode 1619: New best reward 17.90, training model saved.
2026-08-12_03-27-37 Episode 1769: New best reward 18.10, training model saved.
2026-08-12_03-29-07 Episode 1901: New best reward 29.60, training model saved.
2026-08-12_03-30-17 Episode 2000: New best greedy reward 2.20, model saved.
2026-08-12_03-31-31 Episode 2099: New best reward 37.10, training model saved.
2026-08-12_03-34-26 Episode 2288: New best reward 41.90, training model saved.
2026-08-12_03-34-31 Episode 2291: New best reward 45.90, training model saved.
2026-08-12_03-35-05 Episode 2326: New best reward 51.00, training model saved.
2026-08-12_03-36-56 Episode 2417: New best reward 79.00, training model saved.
2026-08-12_03-41-34 Episode 2578: New best reward 82.90, training model saved.
2026-08-12_03-42-34 Episode 2603: New best reward 83.90, training model saved.
2026-08-12_03-43-19 Episode 2617: New best reward 92.90, training model saved.
2026-08-12_03-43-30 Episode 2621: New best reward 97.90, training model saved.
2026-08-12_03-45-24 Episode 2658: New best reward 179.30, training model saved.
2026-08-12_03-47-51 Episode 2705: New best reward 223.00, training model saved.
2026-08-12_03-50-30 Episode 2743: New best reward 309.70, training model saved.
2026-08-12_03-57-00 Episode 2807: New best reward 593.00, training model saved.
2026-08-12_04-15-47 Episode 2974: New best reward 853.90, training model saved.
2026-08-12_04-19-22 Episode 3000: New best greedy reward 515.30, model saved.
2026-08-12_04-31-46 Episode 3056: New best reward 1523.30, training model saved.
2026-08-12_05-27-12 Episode 3245: New best reward 1569.80, training model saved.
[worker] done. total trials in study: 200
2026-08-11_07-11-50: Training starting...
Device: cuda
2026-08-11_07-11-57 Episode 0: New best reward -8.10, training model saved.
2026-08-11_07-11-57 Episode 0: New best greedy reward 2.00, model saved.
2026-08-11_07-11-58 Episode 1: New best reward -5.70, training model saved.
2026-08-11_07-12-32 Episode 81: New best reward -2.10, training model saved.
2026-08-11_07-12-34 Episode 85: New best reward 0.30, training model saved.
2026-08-11_07-13-15 Episode 187: New best reward 0.90, training model saved.
2026-08-11_07-13-18 Episode 195: New best reward 2.10, training model saved.
2026-08-11_07-13-20 Episode 200: New best reward 3.90, training model saved.
2026-08-11_07-13-40 Episode 250: New best reward 6.20, training model saved.
2026-08-11_07-14-16 Episode 337: New best reward 8.40, training model saved.
2026-08-11_07-16-34 Episode 674: New best reward 8.80, training model saved.
2026-08-11_07-16-37 Episode 679: New best reward 9.40, training model saved.
2026-08-11_07-19-22 Episode 1054: New best reward 10.80, training model saved.
2026-08-11_07-20-23 Episode 1182: New best reward 11.10, training model saved.
2026-08-11_07-21-19 Episode 1300: New best reward 11.20, training model saved.
2026-08-11_07-22-17 Episode 1413: New best reward 11.30, training model saved.
2026-08-11_07-22-29 Episode 1437: New best reward 13.70, training model saved.
2026-08-11_07-24-22 Episode 1648: New best reward 15.50, training model saved.
2026-08-11_07-27-29 Episode 1977: New best reward 15.70, training model saved.
2026-08-11_07-27-45 Episode 1998: New best reward 26.90, training model saved.
2026-08-11_07-27-47 Episode 2000: New best greedy reward 8.40, model saved.
2026-08-11_07-32-11 Episode 2404: New best reward 27.60, training model saved.
2026-08-11_07-36-13 Episode 2718: New best reward 43.80, training model saved.
2026-08-11_07-38-02 Episode 2827: New best reward 80.70, training model saved.
2026-08-11_07-41-24 Episode 3000: New best greedy reward 25.20, model saved.
2026-08-11_07-43-22 Episode 3092: New best reward 101.90, training model saved.
2026-08-11_07-47-42 Episode 3254: New best reward 125.10, training model saved.
2026-08-11_07-51-44 Episode 3380: New best reward 192.70, training model saved.
2026-08-11_07-54-23 Episode 3427: New best reward 257.00, training model saved.
2026-08-11_08-02-49 Episode 3580: New best reward 347.30, training model saved.
2026-08-11_08-24-36 Episode 3825: New best reward 373.60, training model saved.
2026-08-11_08-36-36 Episode 3919: New best reward 386.40, training model saved.
2026-08-11_08-40-18 Episode 3944: New best reward 600.90, training model saved.
2026-08-11_08-47-43 Episode 4000: New best greedy reward 50.40, model saved.
2026-08-11_08-48-26 Episode 4001: New best reward 642.90, training model saved.
2026-08-11_09-05-09 Episode 4093: New best reward 692.80, training model saved.
2026-08-11_09-08-20 Episode 4108: New best reward 813.80, training model saved.
2026-08-11_09-30-47 Episode 4228: New best reward 950.90, training model saved.
2026-08-11_09-54-51: Training starting...
Device: cuda
2026-08-11_09-54-51 Episode 0: New best reward -8.10, training model saved.
2026-08-11_09-54-52 Episode 0: New best greedy reward 2.00, model saved.
2026-08-11_09-54-52 Episode 1: New best reward -5.70, training model saved.
2026-08-11_09-55-27 Episode 81: New best reward -2.10, training model saved.
2026-08-11_09-57-01 Episode 299: New best reward 0.30, training model saved.
2026-08-11_09-57-28 Episode 358: New best reward 1.50, training model saved.
2026-08-11_09-57-29 Episode 360: New best reward 3.90, training model saved.
2026-08-11_09-58-30 Episode 494: New best reward 5.00, training model saved.
2026-08-11_09-59-23 Episode 617: New best reward 6.20, training model saved.
2026-08-11_10-00-25 Episode 751: New best reward 6.30, training model saved.
2026-08-11_10-01-11 Episode 858: New best reward 8.40, training model saved.
2026-08-11_10-03-41 Episode 1190: New best reward 8.60, training model saved.
2026-08-11_10-07-02 Episode 1606: New best reward 9.00, training model saved.
2026-08-11_10-07-04 Episode 1608: New best reward 11.30, training model saved.
2026-08-11_10-10-04 Episode 1946: New best reward 16.10, training model saved.
2026-08-11_10-10-36 Episode 2000: New best greedy reward 6.20, model saved.
2026-08-11_10-11-01 Episode 2045: New best reward 31.90, training model saved.
2026-08-11_10-16-08 Episode 2463: New best reward 50.40, training model saved.
2026-08-11_10-22-54 Episode 3000: New best greedy reward 8.40, model saved.
2026-08-11_10-33-03 Episode 3737: New best reward 57.70, training model saved.
2026-08-11_10-33-55 Episode 3778: New best reward 59.90, training model saved.
2026-08-11_10-34-26 Episode 3803: New best reward 71.70, training model saved.
2026-08-11_10-37-30 Episode 3944: New best reward 97.60, training model saved.
2026-08-11_10-38-05 Episode 3959: New best reward 99.20, training model saved.
2026-08-11_10-41-27 Episode 4085: New best reward 110.90, training model saved.
2026-08-11_10-44-38: Training starting...
Device: cuda
2026-08-11_10-44-39 Episode 0: New best reward -8.10, training model saved.
2026-08-11_10-44-39 Episode 0: New best greedy reward 2.00, model saved.
2026-08-11_10-44-40 Episode 1: New best reward -5.70, training model saved.
2026-08-11_10-45-15 Episode 81: New best reward -2.10, training model saved.
2026-08-11_10-46-49 Episode 299: New best reward -0.30, training model saved.
2026-08-11_10-47-16 Episode 358: New best reward 1.50, training model saved.
2026-08-11_10-47-17 Episode 360: New best reward 3.90, training model saved.
2026-08-11_10-48-18 Episode 494: New best reward 4.90, training model saved.
2026-08-11_10-50-21 Episode 771: New best reward 6.10, training model saved.
2026-08-11_10-53-12 Episode 1156: New best reward 8.90, training model saved.
2026-08-11_10-55-38 Episode 1464: New best reward 12.90, training model saved.
2026-08-11_11-00-09 Episode 2000: New best greedy reward 6.60, model saved.
2026-08-11_11-03-03 Episode 2337: New best reward 13.50, training model saved.
2026-08-11_11-04-13 Episode 2456: New best reward 15.40, training model saved.
2026-08-11_11-09-15 Episode 3000: New best greedy reward 8.40, model saved.
2026-08-11_11-13-27 Episode 3442: New best reward 17.90, training model saved.
2026-08-11_11-18-04 Episode 3875: New best reward 22.40, training model saved.
2026-08-11_11-20-32 Episode 4086: New best reward 26.90, training model saved.
2026-08-11_11-24-27 Episode 4394: New best reward 31.90, training model saved.
2026-08-11_11-26-24 Episode 4538: New best reward 36.40, training model saved.
2026-08-11_11-29-25 Episode 4746: New best reward 48.80, training model saved.
2026-08-11_11-32-56 Episode 5000: New best greedy reward 19.00, model saved.
2026-08-11_11-33-58: Training starting...
Device: cuda
2026-08-11_11-33-58 Episode 0: New best reward -8.10, training model saved.
2026-08-11_11-33-59 Episode 0: New best greedy reward 2.00, model saved.
2026-08-11_11-33-59 Episode 1: New best reward -5.70, training model saved.
2026-08-11_11-34-32 Episode 81: New best reward -2.10, training model saved.
2026-08-11_11-34-34 Episode 85: New best reward 0.30, training model saved.
2026-08-11_11-34-36 Episode 89: New best reward 0.90, training model saved.
2026-08-11_11-35-16 Episode 187: New best reward 1.50, training model saved.
2026-08-11_11-35-19 Episode 195: New best reward 2.70, training model saved.
2026-08-11_11-35-21 Episode 200: New best reward 3.90, training model saved.
2026-08-11_11-35-43 Episode 250: New best reward 6.10, training model saved.
2026-08-11_11-36-24 Episode 350: New best reward 6.50, training model saved.
2026-08-11_11-36-33 Episode 373: New best reward 10.70, training model saved.
2026-08-11_11-39-42 Episode 802: New best reward 10.90, training model saved.
2026-08-11_11-39-43 Episode 803: New best reward 11.00, training model saved.
2026-08-11_11-39-45 Episode 806: New best reward 11.10, training model saved.
2026-08-11_11-39-59 Episode 834: New best reward 11.30, training model saved.
2026-08-11_11-40-35 Episode 900: New best reward 13.20, training model saved.
2026-08-11_11-40-59 Episode 938: New best reward 34.40, training model saved.
2026-08-11_11-41-37 Episode 1000: New best greedy reward 6.40, model saved.
2026-08-11_11-43-10 Episode 1137: New best reward 39.00, training model saved.
2026-08-11_11-46-37 Episode 1326: New best reward 40.90, training model saved.
2026-08-11_11-46-45 Episode 1331: New best reward 43.50, training model saved.
2026-08-11_11-46-50 Episode 1332: New best reward 76.60, training model saved.
2026-08-11_11-47-04 Episode 1337: New best reward 118.80, training model saved.
2026-08-11_11-52-19 Episode 1465: New best reward 132.80, training model saved.
2026-08-11_11-54-47 Episode 1525: New best reward 180.90, training model saved.
2026-08-11_11-55-52 Episode 1543: New best reward 204.40, training model saved.
2026-08-11_11-56-25 Episode 1548: New best reward 207.30, training model saved.
2026-08-11_11-58-56 Episode 1578: New best reward 224.00, training model saved.
2026-08-11_12-04-11 Episode 1656: New best reward 435.80, training model saved.
2026-08-11_12-15-12 Episode 1771: New best reward 508.00, training model saved.
2026-08-11_12-20-25: Training starting...
Device: cuda
2026-08-11_12-20-25 Episode 0: New best reward -8.10, training model saved.
2026-08-11_12-20-26 Episode 0: New best greedy reward 2.00, model saved.
2026-08-11_12-20-26 Episode 1: New best reward -5.70, training model saved.
2026-08-11_12-20-59 Episode 81: New best reward -2.10, training model saved.
2026-08-11_12-21-41 Episode 187: New best reward 0.30, training model saved.
2026-08-11_12-21-45 Episode 195: New best reward 2.10, training model saved.
2026-08-11_12-21-46 Episode 200: New best reward 3.90, training model saved.
2026-08-11_12-22-09 Episode 254: New best reward 4.10, training model saved.
2026-08-11_12-22-40 Episode 330: New best reward 4.40, training model saved.
2026-08-11_12-22-41 Episode 332: New best reward 4.70, training model saved.
2026-08-11_12-22-49 Episode 352: New best reward 4.80, training model saved.
2026-08-11_12-22-50 Episode 354: New best reward 8.40, training model saved.
2026-08-11_12-23-32 Episode 454: New best reward 9.00, training model saved.
2026-08-11_12-23-54 Episode 505: New best reward 13.40, training model saved.
2026-08-11_12-27-34 Episode 1000: New best greedy reward 2.80, model saved.
2026-08-11_12-30-46 Episode 1386: New best reward 13.70, training model saved.
2026-08-11_12-31-47 Episode 1494: New best reward 13.90, training model saved.
2026-08-11_12-33-34 Episode 1677: New best reward 24.90, training model saved.
2026-08-11_12-35-04 Episode 1806: New best reward 27.60, training model saved.
2026-08-11_12-35-56 Episode 1873: New best reward 29.10, training model saved.
2026-08-11_12-36-04 Episode 1878: New best reward 38.80, training model saved.
2026-08-11_12-37-16 Episode 1949: New best reward 43.20, training model saved.
2026-08-11_12-37-44 Episode 1980: New best reward 46.70, training model saved.
2026-08-11_12-38-02 Episode 1992: New best reward 62.10, training model saved.
2026-08-11_12-38-18 Episode 2000: New best greedy reward 95.20, model saved.
2026-08-11_12-39-02 Episode 2034: New best reward 66.60, training model saved.
2026-08-11_12-40-14 Episode 2090: New best reward 110.90, training model saved.
2026-08-11_12-42-54 Episode 2181: New best reward 130.00, training model saved.
2026-08-11_12-43-33 Episode 2200: New best reward 148.40, training model saved.
2026-08-11_12-45-35 Episode 2237: New best reward 162.40, training model saved.
2026-08-11_12-47-18 Episode 2275: New best reward 194.90, training model saved.
2026-08-11_12-47-55 Episode 2283: New best reward 220.80, training model saved.
2026-08-11_12-50-12 Episode 2309: New best reward 236.90, training model saved.
2026-08-11_12-56-33 Episode 2418: New best reward 265.90, training model saved.
2026-08-11_12-58-10 Episode 2435: New best reward 283.90, training model saved.
2026-08-11_12-58-31 Episode 2438: New best reward 302.40, training model saved.
2026-08-11_13-02-53 Episode 2472: New best reward 344.40, training model saved.
2026-08-11_13-04-13 Episode 2486: New best reward 363.70, training model saved.
2026-08-11_13-05-06 Episode 2490: New best reward 477.80, training model saved.
2026-08-11_13-06-34 Episode 2501: New best reward 554.80, training model saved.
2026-08-11_13-10-33 Episode 2530: New best reward 575.80, training model saved.
2026-08-11_13-11-16 Episode 2531: New best reward 634.60, training model saved.
2026-08-11_13-13-50 Episode 2544: New best reward 670.90, training model saved.
2026-08-11_13-15-49 Episode 2548: New best reward 722.70, training model saved.
2026-08-11_13-44-47 Episode 2693: New best reward 1096.00, training model saved.
2026-08-11_14-06-25 Episode 2769: New best reward 1266.70, training model saved.
2026-08-11_14-13-42 Episode 2786: New best reward 2336.90, training model saved.
2026-08-11_14-32-33 Episode 2817: New best reward 2850.40, training model saved.
2026-08-11_14-39-39: Training starting...
Device: cuda
2026-08-11_14-39-39 Episode 0: New best reward -8.10, training model saved.
2026-08-11_14-39-39 Episode 0: New best greedy reward 2.00, model saved.
2026-08-11_14-39-40 Episode 1: New best reward -5.70, training model saved.
2026-08-11_14-40-12 Episode 81: New best reward -2.10, training model saved.
2026-08-11_14-41-41 Episode 299: New best reward -0.30, training model saved.
2026-08-11_14-42-05 Episode 358: New best reward 1.50, training model saved.
2026-08-11_14-42-06 Episode 360: New best reward 3.90, training model saved.
2026-08-11_14-43-31 Episode 569: New best reward 4.00, training model saved.
2026-08-11_14-44-03 Episode 647: New best reward 4.20, training model saved.
2026-08-11_14-44-16 Episode 677: New best reward 4.60, training model saved.
2026-08-11_14-44-37 Episode 729: New best reward 4.80, training model saved.
2026-08-11_14-44-55 Episode 771: New best reward 6.40, training model saved.
2026-08-11_14-48-24 Episode 1278: New best reward 8.40, training model saved.
2026-08-11_14-50-38 Episode 1574: New best reward 12.90, training model saved.
2026-08-11_14-54-26 Episode 2000: New best greedy reward 8.40, model saved.
2026-08-11_14-55-18: Training starting...
Device: cuda
2026-08-11_14-55-18 Episode 0: New best reward -8.10, training model saved.
2026-08-11_14-55-18 Episode 0: New best greedy reward 2.00, model saved.
2026-08-11_14-55-19 Episode 1: New best reward -5.70, training model saved.
2026-08-11_14-55-53 Episode 81: New best reward -2.10, training model saved.
2026-08-11_14-55-54 Episode 85: New best reward 0.30, training model saved.
2026-08-11_14-55-56 Episode 89: New best reward 0.90, training model saved.
2026-08-11_14-56-24 Episode 162: New best reward 1.50, training model saved.
2026-08-11_14-56-37 Episode 187: New best reward 3.90, training model saved.
2026-08-11_14-57-04 Episode 247: New best reward 4.40, training model saved.
2026-08-11_14-57-18 Episode 281: New best reward 6.00, training model saved.
2026-08-11_14-57-19 Episode 285: New best reward 6.10, training model saved.
2026-08-11_14-57-24 Episode 296: New best reward 6.50, training model saved.
2026-08-11_14-57-29 Episode 309: New best reward 8.40, training model saved.
2026-08-11_14-59-07 Episode 528: New best reward 8.70, training model saved.
2026-08-11_15-01-22 Episode 797: New best reward 11.00, training model saved.
2026-08-11_15-02-58 Episode 965: New best reward 11.10, training model saved.
2026-08-11_15-03-18 Episode 1000: New best greedy reward 8.70, model saved.
2026-08-11_15-03-29 Episode 1020: New best reward 13.20, training model saved.
2026-08-11_15-03-34 Episode 1022: New best reward 13.40, training model saved.
2026-08-11_15-04-18 Episode 1090: New best reward 14.00, training model saved.
2026-08-11_15-04-49 Episode 1137: New best reward 17.90, training model saved.
2026-08-11_15-07-11 Episode 1337: New best reward 22.50, training model saved.
2026-08-11_15-07-45 Episode 1378: New best reward 26.90, training model saved.
2026-08-11_15-07-56 Episode 1389: New best reward 39.20, training model saved.
2026-08-11_15-08-36 Episode 1433: New best reward 42.10, training model saved.
2026-08-11_15-13-24 Episode 1702: New best reward 55.80, training model saved.
2026-08-11_15-14-05 Episode 1733: New best reward 68.90, training model saved.
2026-08-11_15-15-51 Episode 1791: New best reward 69.80, training model saved.
2026-08-11_15-16-03 Episode 1795: New best reward 84.00, training model saved.
2026-08-11_15-16-13 Episode 1797: New best reward 138.90, training model saved.
2026-08-11_15-20-44 Episode 1914: New best reward 236.90, training model saved.
2026-08-11_15-27-30 Episode 2030: New best reward 253.20, training model saved.
2026-08-11_15-28-28 Episode 2040: New best reward 262.60, training model saved.
2026-08-11_15-29-04 Episode 2043: New best reward 319.30, training model saved.
2026-08-11_15-44-17 Episode 2257: New best reward 384.80, training model saved.
2026-08-11_15-53-57 Episode 2364: New best reward 415.60, training model saved.
2026-08-11_16-21-13 Episode 2639: New best reward 451.90, training model saved.
2026-08-11_16-23-19 Episode 2649: New best reward 494.90, training model saved.
2026-08-11_16-27-40 Episode 2680: New best reward 529.30, training model saved.
2026-08-11_16-32-16 Episode 2702: New best reward 566.70, training model saved.
2026-08-11_16-33-33 Episode 2706: New best reward 713.60, training model saved.
2026-08-11_16-55-01 Episode 2802: New best reward 1087.60, training model saved.
2026-08-11_17-15-11 Episode 2885: New best reward 1497.40, training model saved.
2026-08-11_17-21-41: Training starting...
Device: cuda
2026-08-11_17-21-42 Episode 0: New best reward -8.10, training model saved.
2026-08-11_17-21-42 Episode 0: New best greedy reward 2.00, model saved.
2026-08-11_17-21-43 Episode 1: New best reward -5.70, training model saved.
2026-08-11_17-22-17 Episode 81: New best reward -2.10, training model saved.
2026-08-11_17-23-11 Episode 211: New best reward 2.70, training model saved.
2026-08-11_17-24-14 Episode 360: New best reward 3.90, training model saved.
2026-08-11_17-24-22 Episode 382: New best reward 4.50, training model saved.
2026-08-11_17-26-43 Episode 719: New best reward 6.00, training model saved.
2026-08-11_17-27-06 Episode 771: New best reward 8.40, training model saved.
2026-08-11_17-29-10 Episode 1057: New best reward 10.60, training model saved.
2026-08-11_17-31-32 Episode 1356: New best reward 13.70, training model saved.
2026-08-11_17-33-21 Episode 1560: New best reward 15.70, training model saved.
2026-08-11_17-34-36 Episode 1689: New best reward 16.70, training model saved.
2026-08-11_17-34-52 Episode 1712: New best reward 26.90, training model saved.
2026-08-11_17-36-19 Episode 1832: New best reward 29.20, training model saved.
2026-08-11_17-37-57 Episode 1946: New best reward 40.90, training model saved.
2026-08-11_17-38-45 Episode 1996: New best reward 54.90, training model saved.
2026-08-11_17-38-50 Episode 2000: New best greedy reward 6.30, model saved.
2026-08-11_17-39-15 Episode 2022: New best reward 64.40, training model saved.
2026-08-11_17-43-04 Episode 2192: New best reward 69.20, training model saved.
2026-08-11_17-43-41 Episode 2213: New best reward 102.80, training model saved.
2026-08-11_17-47-13 Episode 2351: New best reward 124.90, training model saved.
2026-08-11_17-55-25 Episode 2554: New best reward 157.90, training model saved.
2026-08-11_17-58-30 Episode 2623: New best reward 190.40, training model saved.
2026-08-11_18-02-35 Episode 2700: New best reward 299.00, training model saved.
2026-08-11_18-08-39: Training starting...
Device: cuda
2026-08-11_18-08-40 Episode 0: New best reward -8.10, training model saved.
2026-08-11_18-08-40 Episode 0: New best greedy reward 2.00, model saved.
2026-08-11_18-08-40 Episode 1: New best reward -5.70, training model saved.
2026-08-11_18-09-13 Episode 81: New best reward -2.10, training model saved.
2026-08-11_18-09-47 Episode 164: New best reward -1.50, training model saved.
2026-08-11_18-09-55 Episode 187: New best reward 2.70, training model saved.
2026-08-11_18-10-01 Episode 200: New best reward 3.90, training model saved.
2026-08-11_18-10-33 Episode 281: New best reward 4.10, training model saved.
2026-08-11_18-10-54 Episode 331: New best reward 4.60, training model saved.
2026-08-11_18-11-04 Episode 357: New best reward 6.10, training model saved.
2026-08-11_18-11-16 Episode 386: New best reward 8.40, training model saved.
2026-08-11_18-13-49 Episode 757: New best reward 9.30, training model saved.
2026-08-11_18-15-47 Episode 1000: New best greedy reward 8.40, model saved.
2026-08-11_18-16-58 Episode 1117: New best reward 9.40, training model saved.
2026-08-11_18-17-59 Episode 1218: New best reward 12.90, training model saved.
2026-08-11_18-18-59 Episode 1310: New best reward 15.50, training model saved.
2026-08-11_18-19-22 Episode 1344: New best reward 18.40, training model saved.
2026-08-11_18-20-12 Episode 1410: New best reward 22.40, training model saved.
2026-08-11_18-20-55 Episode 1461: New best reward 23.20, training model saved.
2026-08-11_18-20-59 Episode 1466: New best reward 26.90, training model saved.
2026-08-11_18-22-06 Episode 1534: New best reward 83.80, training model saved.
2026-08-11_18-24-31 Episode 1643: New best reward 107.00, training model saved.
2026-08-11_18-24-55 Episode 1652: New best reward 163.30, training model saved.
2026-08-11_18-25-59 Episode 1670: New best reward 201.00, training model saved.
2026-08-11_18-34-21 Episode 2000: New best greedy reward 26.90, model saved.
2026-08-11_18-38-59 Episode 2080: New best reward 306.90, training model saved.
2026-08-11_18-42-46 Episode 2132: New best reward 325.90, training model saved.
2026-08-11_18-44-57 Episode 2157: New best reward 404.90, training model saved.
2026-08-11_18-45-56 Episode 2163: New best reward 468.80, training model saved.
2026-08-11_18-51-30 Episode 2195: New best reward 479.90, training model saved.
2026-08-11_18-55-39 Episode 2212: New best reward 1170.40, training model saved.
2026-08-11_19-37-53 Episode 2501: New best reward 1440.90, training model saved.
2026-08-11_19-51-11 Episode 2526: New best reward 2682.40, training model saved.
2026-08-11_20-11-45 Episode 2581: New best reward 3232.90, training model saved.
2026-08-11_20-22-30 Episode 2589: New best reward 3319.50, training model saved.
2026-08-11_20-27-38: Training starting...
Device: cuda
2026-08-11_20-27-39 Episode 0: New best reward -8.10, training model saved.
2026-08-11_20-27-39 Episode 0: New best greedy reward 2.00, model saved.
2026-08-11_20-27-40 Episode 1: New best reward -5.70, training model saved.
2026-08-11_20-28-13 Episode 81: New best reward -2.10, training model saved.
2026-08-11_20-29-44 Episode 299: New best reward 0.90, training model saved.
2026-08-11_20-30-10 Episode 358: New best reward 1.50, training model saved.
2026-08-11_20-30-11 Episode 360: New best reward 3.90, training model saved.
2026-08-11_20-31-38 Episode 569: New best reward 4.50, training model saved.
2026-08-11_20-32-16 Episode 655: New best reward 5.00, training model saved.
2026-08-11_20-32-47 Episode 734: New best reward 8.40, training model saved.
2026-08-11_20-36-08 Episode 1203: New best reward 9.30, training model saved.
2026-08-11_20-36-24 Episode 1234: New best reward 11.20, training model saved.
2026-08-11_20-41-08 Episode 1819: New best reward 12.90, training model saved.
2026-08-11_20-42-52 Episode 2000: New best greedy reward 6.10, model saved.
2026-08-11_20-45-52 Episode 2297: New best reward 13.60, training model saved.
2026-08-11_20-46-38 Episode 2364: New best reward 13.90, training model saved.
2026-08-11_20-47-16 Episode 2424: New best reward 20.30, training model saved.
2026-08-11_20-51-51 Episode 2823: New best reward 23.10, training model saved.
2026-08-11_20-51-54 Episode 2826: New best reward 29.30, training model saved.
2026-08-11_20-54-06 Episode 3000: New best greedy reward 9.00, model saved.
2026-08-11_20-55-22 Episode 3091: New best reward 31.90, training model saved.
2026-08-11_20-56-45 Episode 3196: New best reward 36.80, training model saved.
2026-08-11_20-57-35 Episode 3249: New best reward 41.00, training model saved.
2026-08-11_21-00-46 Episode 3436: New best reward 55.70, training model saved.
2026-08-11_21-01-41 Episode 3485: New best reward 57.60, training model saved.
2026-08-11_21-03-54 Episode 3584: New best reward 62.70, training model saved.
2026-08-11_21-04-58 Episode 3625: New best reward 69.80, training model saved.
2026-08-11_21-07-42 Episode 3726: New best reward 92.90, training model saved.
2026-08-11_21-08-45 Episode 3753: New best reward 197.20, training model saved.
2026-08-11_21-14-25 Episode 3872: New best reward 284.90, training model saved.
2026-08-11_21-14-43: Training starting...
Device: cuda
2026-08-11_21-14-44 Episode 0: New best reward -8.10, training model saved.
2026-08-11_21-14-44 Episode 0: New best greedy reward 2.00, model saved.
2026-08-11_21-14-44 Episode 1: New best reward -5.70, training model saved.
2026-08-11_21-15-19 Episode 81: New best reward -2.10, training model saved.
2026-08-11_21-16-13 Episode 211: New best reward 2.70, training model saved.
2026-08-11_21-17-19 Episode 360: New best reward 3.90, training model saved.
2026-08-11_21-18-47 Episode 569: New best reward 4.50, training model saved.
2026-08-11_21-18-56 Episode 583: New best reward 4.70, training model saved.
2026-08-11_21-18-58 Episode 588: New best reward 4.90, training model saved.
2026-08-11_21-19-32 Episode 666: New best reward 6.40, training model saved.
2026-08-11_21-19-43 Episode 693: New best reward 9.00, training model saved.
2026-08-11_21-19-53 Episode 716: New best reward 14.00, training model saved.
2026-08-11_21-30-04 Episode 2000: New best greedy reward 3.00, model saved.
2026-08-11_21-38-08 Episode 2872: New best reward 20.10, training model saved.
2026-08-11_21-39-22 Episode 3000: New best greedy reward 6.20, model saved.
2026-08-11_21-53-09 Episode 4284: New best reward 25.20, training model saved.
2026-08-11_21-57-58 Episode 4686: New best reward 25.30, training model saved.
2026-08-11_22-01-22 Episode 4952: New best reward 27.80, training model saved.
2026-08-11_22-01-59 Episode 5000: New best greedy reward 8.60, model saved.
2026-08-11_22-03-37: Training starting...
Device: cuda
2026-08-11_22-03-38 Episode 0: New best reward -8.10, training model saved.
2026-08-11_22-03-38 Episode 0: New best greedy reward 2.00, model saved.
2026-08-11_22-03-38 Episode 1: New best reward -5.70, training model saved.
2026-08-11_22-04-14 Episode 81: New best reward -2.10, training model saved.
2026-08-11_22-05-47 Episode 299: New best reward -0.30, training model saved.
2026-08-11_22-06-14 Episode 358: New best reward 1.50, training model saved.
2026-08-11_22-06-15 Episode 360: New best reward 2.10, training model saved.
2026-08-11_22-06-43 Episode 423: New best reward 3.90, training model saved.
2026-08-11_22-07-45 Episode 569: New best reward 4.00, training model saved.
2026-08-11_22-08-07 Episode 617: New best reward 4.10, training model saved.
2026-08-11_22-08-19 Episode 647: New best reward 4.20, training model saved.
2026-08-11_22-08-35 Episode 677: New best reward 4.70, training model saved.
2026-08-11_22-10-03 Episode 881: New best reward 5.00, training model saved.
2026-08-11_22-10-24 Episode 927: New best reward 6.20, training model saved.
2026-08-11_22-10-40 Episode 966: New best reward 8.40, training model saved.
2026-08-11_22-12-09 Episode 1157: New best reward 8.70, training model saved.
2026-08-11_22-14-43 Episode 1466: New best reward 11.10, training model saved.
2026-08-11_22-15-33 Episode 1562: New best reward 12.90, training model saved.
2026-08-11_22-19-53 Episode 2000: New best greedy reward 6.50, model saved.
2026-08-11_22-20-28: Training starting...
Device: cuda
2026-08-11_22-20-28 Episode 0: New best reward -8.10, training model saved.
2026-08-11_22-20-29 Episode 0: New best greedy reward 2.00, model saved.
2026-08-11_22-20-29 Episode 1: New best reward -5.70, training model saved.
2026-08-11_22-21-02 Episode 81: New best reward -2.10, training model saved.
2026-08-11_22-22-30 Episode 299: New best reward -0.30, training model saved.
2026-08-11_22-22-54 Episode 358: New best reward 1.50, training model saved.
2026-08-11_22-22-55 Episode 360: New best reward 3.90, training model saved.
2026-08-11_22-24-19 Episode 569: New best reward 4.20, training model saved.
2026-08-11_22-25-15 Episode 703: New best reward 8.40, training model saved.
2026-08-11_22-25-48 Episode 781: New best reward 9.30, training model saved.
2026-08-11_22-27-56 Episode 1089: New best reward 12.90, training model saved.
2026-08-11_22-29-21 Episode 1283: New best reward 18.50, training model saved.
2026-08-11_22-34-30 Episode 1890: New best reward 19.10, training model saved.
2026-08-11_22-35-27 Episode 2000: New best greedy reward 6.40, model saved.
2026-08-11_22-36-03: Training starting...
Device: cuda
2026-08-11_22-36-03 Episode 0: New best reward -8.10, training model saved.
2026-08-11_22-36-03 Episode 0: New best greedy reward 2.00, model saved.
2026-08-11_22-36-04 Episode 1: New best reward -5.70, training model saved.
2026-08-11_22-36-37 Episode 81: New best reward -2.10, training model saved.
2026-08-11_22-37-30 Episode 211: New best reward 2.70, training model saved.
2026-08-11_22-38-32 Episode 360: New best reward 3.90, training model saved.
2026-08-11_22-38-41 Episode 382: New best reward 4.50, training model saved.
2026-08-11_22-40-27 Episode 634: New best reward 5.00, training model saved.
2026-08-11_22-40-28 Episode 636: New best reward 6.30, training model saved.
2026-08-11_22-41-05 Episode 723: New best reward 6.80, training model saved.
2026-08-11_22-41-42 Episode 813: New best reward 8.40, training model saved.
2026-08-11_22-45-17 Episode 1285: New best reward 10.60, training model saved.
2026-08-11_22-47-17 Episode 1522: New best reward 10.80, training model saved.
2026-08-11_22-48-26 Episode 1649: New best reward 12.90, training model saved.
2026-08-11_22-49-37 Episode 1774: New best reward 22.40, training model saved.
2026-08-11_22-51-34 Episode 1964: New best reward 23.00, training model saved.
2026-08-11_22-51-59 Episode 2000: New best reward 26.90, training model saved.
2026-08-11_22-51-59 Episode 2000: New best greedy reward 13.10, model saved.
2026-08-11_22-53-34 Episode 2120: New best reward 40.90, training model saved.
2026-08-11_22-54-05 Episode 2149: New best reward 64.40, training model saved.
2026-08-11_22-58-07 Episode 2349: New best reward 69.80, training model saved.
2026-08-11_22-58-47 Episode 2373: New best reward 88.60, training model saved.
2026-08-11_22-59-13 Episode 2382: New best reward 118.80, training model saved.
2026-08-11_22-59-46 Episode 2396: New best reward 194.90, training model saved.
2026-08-11_23-04-23 Episode 2500: New best reward 222.90, training model saved.
2026-08-11_23-08-33 Episode 2569: New best reward 358.60, training model saved.
2026-08-11_23-12-54 Episode 2649: New best reward 377.70, training model saved.
2026-08-11_23-23-12: Training starting...
Device: cuda
2026-08-11_23-23-12 Episode 0: New best reward -8.10, training model saved.
2026-08-11_23-23-12 Episode 0: New best greedy reward 2.00, model saved.
2026-08-11_23-23-13 Episode 1: New best reward -5.70, training model saved.
2026-08-11_23-23-50 Episode 81: New best reward -2.10, training model saved.
2026-08-11_23-23-51 Episode 85: New best reward 0.30, training model saved.
2026-08-11_23-24-46 Episode 211: New best reward 3.30, training model saved.
2026-08-11_23-24-55 Episode 235: New best reward 3.90, training model saved.
2026-08-11_23-25-43 Episode 329: New best reward 4.00, training model saved.
2026-08-11_23-25-55 Episode 360: New best reward 6.80, training model saved.
2026-08-11_23-30-06 Episode 895: New best reward 8.40, training model saved.
2026-08-11_23-30-13 Episode 910: New best reward 9.00, training model saved.
2026-08-11_23-30-29 Episode 944: New best reward 9.20, training model saved.
2026-08-11_23-30-30 Episode 946: New best reward 10.90, training model saved.
2026-08-11_23-30-50 Episode 977: New best reward 12.90, training model saved.
2026-08-11_23-31-27 Episode 1042: New best reward 13.20, training model saved.
2026-08-11_23-32-23 Episode 1142: New best reward 20.50, training model saved.
2026-08-11_23-32-57 Episode 1190: New best reward 22.40, training model saved.
2026-08-11_23-34-30 Episode 1320: New best reward 29.60, training model saved.
2026-08-11_23-35-29 Episode 1396: New best reward 32.40, training model saved.
2026-08-11_23-35-41 Episode 1403: New best reward 39.10, training model saved.
2026-08-11_23-37-09 Episode 1486: New best reward 55.80, training model saved.
2026-08-11_23-38-25 Episode 1537: New best reward 65.20, training model saved.
2026-08-11_23-39-13 Episode 1561: New best reward 87.90, training model saved.
2026-08-11_23-39-38 Episode 1567: New best reward 120.60, training model saved.
2026-08-11_23-42-07 Episode 1619: New best reward 152.90, training model saved.
2026-08-11_23-43-59 Episode 1655: New best reward 167.40, training model saved.
2026-08-11_23-48-09 Episode 1727: New best reward 403.30, training model saved.
2026-08-12_00-13-12 Episode 2000: New best greedy reward 197.50, model saved.
2026-08-12_00-15-26 Episode 2021: New best reward 446.90, training model saved.
2026-08-12_00-36-20 Episode 2241: New best reward 454.80, training model saved.
2026-08-12_00-38-51 Episode 2257: New best reward 642.90, training model saved.
2026-08-12_01-19-01 Episode 2542: New best reward 939.80, training model saved.
2026-08-12_01-26-55 Episode 2575: New best reward 984.70, training model saved.
2026-08-12_02-09-24: Training starting...
Device: cuda
2026-08-12_02-09-25 Episode 0: New best reward -8.10, training model saved.
2026-08-12_02-09-25 Episode 0: New best greedy reward 2.00, model saved.
2026-08-12_02-09-25 Episode 1: New best reward -5.70, training model saved.
2026-08-12_02-09-58 Episode 81: New best reward -2.10, training model saved.
2026-08-12_02-10-51 Episode 211: New best reward 2.70, training model saved.
2026-08-12_02-11-52 Episode 360: New best reward 3.30, training model saved.
2026-08-12_02-12-10 Episode 405: New best reward 3.90, training model saved.
2026-08-12_02-13-17 Episode 569: New best reward 4.20, training model saved.
2026-08-12_02-13-38 Episode 617: New best reward 6.50, training model saved.
2026-08-12_02-15-09 Episode 835: New best reward 8.40, training model saved.
2026-08-12_02-15-13 Episode 844: New best reward 8.80, training model saved.
2026-08-12_02-16-28 Episode 1021: New best reward 9.30, training model saved.
2026-08-12_02-17-44 Episode 1208: New best reward 10.60, training model saved.
2026-08-12_02-18-16 Episode 1282: New best reward 12.90, training model saved.
2026-08-12_02-25-08 Episode 2104: New best reward 15.60, training model saved.
2026-08-12_02-28-44 Episode 2472: New best reward 15.80, training model saved.
2026-08-12_02-30-59 Episode 2684: New best reward 22.60, training model saved.
2026-08-12_02-32-47 Episode 2843: New best reward 25.30, training model saved.
2026-08-12_02-33-10 Episode 2877: New best reward 32.70, training model saved.
2026-08-12_02-33-27 Episode 2900: New best reward 36.80, training model saved.
2026-08-12_02-34-49 Episode 3000: New best greedy reward 9.00, model saved.
2026-08-12_02-35-18 Episode 3029: New best reward 48.70, training model saved.
2026-08-12_02-39-58 Episode 3322: New best reward 50.70, training model saved.
2026-08-12_02-40-35 Episode 3354: New best reward 54.90, training model saved.
2026-08-12_02-41-10 Episode 3381: New best reward 82.90, training model saved.
2026-08-12_02-44-20 Episode 3512: New best reward 98.00, training model saved.
2026-08-12_02-46-18 Episode 3579: New best reward 149.20, training model saved.
2026-08-12_02-47-15 Episode 3602: New best reward 195.80, training model saved.
2026-08-12_02-50-29 Episode 3687: New best reward 197.80, training model saved.
2026-08-12_02-53-10 Episode 3740: New best reward 236.90, training model saved.
2026-08-12_02-55-10: Training starting...
Device: cuda
2026-08-12_02-55-11 Episode 0: New best reward -8.10, training model saved.
2026-08-12_02-55-11 Episode 0: New best greedy reward 2.00, model saved.
2026-08-12_02-55-12 Episode 1: New best reward -5.70, training model saved.
2026-08-12_02-55-46 Episode 81: New best reward -2.10, training model saved.
2026-08-12_02-56-30 Episode 187: New best reward -0.30, training model saved.
2026-08-12_02-56-40 Episode 211: New best reward 1.50, training model saved.
2026-08-12_02-56-58 Episode 250: New best reward 2.10, training model saved.
2026-08-12_02-56-59 Episode 254: New best reward 3.90, training model saved.
2026-08-12_02-57-35 Episode 338: New best reward 4.20, training model saved.
2026-08-12_02-57-42 Episode 355: New best reward 4.50, training model saved.
2026-08-12_02-57-44 Episode 360: New best reward 4.70, training model saved.
2026-08-12_02-58-07 Episode 410: New best reward 6.80, training model saved.
2026-08-12_02-58-12 Episode 424: New best reward 8.40, training model saved.
2026-08-12_03-00-19 Episode 724: New best reward 8.60, training model saved.
2026-08-12_03-01-45 Episode 914: New best reward 11.10, training model saved.
2026-08-12_03-02-13 Episode 971: New best reward 13.80, training model saved.
2026-08-12_03-04-25 Episode 1219: New best reward 15.00, training model saved.
2026-08-12_03-04-34 Episode 1230: New best reward 15.70, training model saved.
2026-08-12_03-05-45 Episode 1344: New best reward 17.90, training model saved.
2026-08-12_03-06-59 Episode 1459: New best reward 20.70, training model saved.
2026-08-12_03-08-30 Episode 1594: New best reward 29.20, training model saved.
2026-08-12_03-09-34 Episode 1669: New best reward 36.40, training model saved.
2026-08-12_03-11-59 Episode 1824: New best reward 38.70, training model saved.
2026-08-12_03-12-16 Episode 1835: New best reward 52.60, training model saved.
2026-08-12_03-13-31 Episode 1892: New best reward 79.30, training model saved.
2026-08-12_03-15-09 Episode 1961: New best reward 90.70, training model saved.
2026-08-12_03-16-18 Episode 1997: New best reward 92.40, training model saved.
2026-08-12_03-16-27 Episode 1999: New best reward 95.20, training model saved.
2026-08-12_03-16-29 Episode 2000: New best greedy reward 9.00, model saved.
2026-08-12_03-17-57 Episode 2033: New best reward 120.40, training model saved.
2026-08-12_03-19-23 Episode 2063: New best reward 132.30, training model saved.
2026-08-12_03-19-37 Episode 2066: New best reward 143.90, training model saved.
2026-08-12_03-21-29 Episode 2098: New best reward 151.30, training model saved.
2026-08-12_03-21-51 Episode 2104: New best reward 202.80, training model saved.
2026-08-12_03-24-00 Episode 2134: New best reward 325.90, training model saved.
2026-08-12_03-27-29 Episode 2184: New best reward 375.30, training model saved.
2026-08-12_03-28-51 Episode 2198: New best reward 428.40, training model saved.
2026-08-12_03-40-52 Episode 2325: New best reward 535.90, training model saved.
2026-08-12_03-42-42: Training starting...
Device: cuda
2026-08-12_03-42-42 Episode 0: New best reward -8.10, training model saved.
2026-08-12_03-42-42 Episode 0: New best greedy reward 2.00, model saved.
2026-08-12_03-42-43 Episode 1: New best reward -5.70, training model saved.
2026-08-12_03-43-16 Episode 81: New best reward -2.10, training model saved.
2026-08-12_03-44-44 Episode 299: New best reward -0.30, training model saved.
2026-08-12_03-45-09 Episode 358: New best reward 1.50, training model saved.
2026-08-12_03-45-27 Episode 405: New best reward 3.90, training model saved.
2026-08-12_03-46-33 Episode 569: New best reward 4.20, training model saved.
2026-08-12_03-46-54 Episode 617: New best reward 6.70, training model saved.
2026-08-12_03-47-30 Episode 707: New best reward 8.40, training model saved.
2026-08-12_03-47-57 Episode 771: New best reward 8.50, training model saved.
2026-08-12_03-50-35 Episode 1150: New best reward 8.60, training model saved.
2026-08-12_03-52-58 Episode 1463: New best reward 9.00, training model saved.
2026-08-12_03-56-52 Episode 1904: New best reward 12.90, training model saved.
2026-08-12_03-57-48 Episode 2000: New best greedy reward 8.50, model saved.
2026-08-12_03-59-59 Episode 2207: New best reward 18.20, training model saved.
2026-08-12_04-00-05 Episode 2215: New best reward 18.60, training model saved.
2026-08-12_04-00-27 Episode 2248: New best reward 27.30, training model saved.
2026-08-12_04-01-34 Episode 2339: New best reward 27.80, training model saved.
2026-08-12_04-02-05 Episode 2372: New best reward 40.90, training model saved.
2026-08-12_04-02-55 Episode 2417: New best reward 64.80, training model saved.
2026-08-12_04-05-02 Episode 2529: New best reward 65.60, training model saved.
2026-08-12_04-05-20 Episode 2539: New best reward 70.10, training model saved.
2026-08-12_04-05-37 Episode 2548: New best reward 75.00, training model saved.
2026-08-12_04-08-28 Episode 2649: New best reward 78.40, training model saved.
2026-08-12_04-08-54 Episode 2662: New best reward 80.80, training model saved.
2026-08-12_04-09-17 Episode 2674: New best reward 83.70, training model saved.
2026-08-12_04-09-26 Episode 2677: New best reward 90.80, training model saved.
2026-08-12_04-10-03 Episode 2692: New best reward 95.10, training model saved.
2026-08-12_04-10-18 Episode 2696: New best reward 139.90, training model saved.
2026-08-12_04-11-20 Episode 2717: New best reward 146.50, training model saved.
2026-08-12_04-13-44 Episode 2767: New best reward 183.70, training model saved.
2026-08-12_04-15-37 Episode 2790: New best reward 211.60, training model saved.
2026-08-12_04-15-57 Episode 2792: New best reward 284.30, training model saved.
2026-08-12_04-19-45 Episode 2848: New best reward 361.20, training model saved.
2026-08-12_04-23-30 Episode 2893: New best reward 370.60, training model saved.
2026-08-12_04-24-13 Episode 2896: New best reward 629.00, training model saved.
2026-08-12_04-32-51 Episode 2967: New best reward 652.40, training model saved.
2026-08-12_04-36-51 Episode 3000: New best greedy reward 342.80, model saved.
2026-08-12_04-53-28 Episode 3118: New best reward 965.10, training model saved.
2026-08-12_05-07-39 Episode 3185: New best reward 1049.40, training model saved.
2026-08-12_05-27-16 Episode 3247: New best reward 1082.00, training model saved.
2026-08-12_05-32-31 Episode 3261: New best reward 1303.20, training model saved.
2026-08-12_05-40-57 Episode 3283: New best reward 1347.90, training model saved.
2026-08-12_05-49-14 Episode 3305: New best reward 1501.90, training model saved.
[worker] done. total trials in study: 200
2026-08-11_07-11-50: Training starting...
Device: cuda
2026-08-11_07-11-57 Episode 0: New best reward -8.10, training model saved.
2026-08-11_07-11-57 Episode 0: New best greedy reward 2.00, model saved.
2026-08-11_07-11-57 Episode 1: New best reward -5.70, training model saved.
2026-08-11_07-12-32 Episode 81: New best reward -2.10, training model saved.
2026-08-11_07-14-00 Episode 299: New best reward 0.90, training model saved.
2026-08-11_07-14-25 Episode 358: New best reward 1.50, training model saved.
2026-08-11_07-14-25 Episode 360: New best reward 3.90, training model saved.
2026-08-11_07-15-50 Episode 569: New best reward 4.50, training model saved.
2026-08-11_07-16-10 Episode 617: New best reward 6.40, training model saved.
2026-08-11_07-16-18 Episode 636: New best reward 6.80, training model saved.
2026-08-11_07-17-00 Episode 735: New best reward 8.40, training model saved.
2026-08-11_07-17-54 Episode 865: New best reward 8.60, training model saved.
2026-08-11_07-20-12 Episode 1168: New best reward 12.90, training model saved.
2026-08-11_07-24-37 Episode 1621: New best reward 26.90, training model saved.
2026-08-11_07-27-28 Episode 1833: New best reward 36.40, training model saved.
2026-08-11_07-28-32 Episode 1897: New best reward 50.40, training model saved.
2026-08-11_07-29-42 Episode 1946: New best reward 78.40, training model saved.
2026-08-11_07-30-41 Episode 1972: New best reward 125.50, training model saved.
2026-08-11_07-31-10 Episode 1982: New best reward 140.10, training model saved.
2026-08-11_07-32-23 Episode 2000: New best greedy reward 85.80, model saved.
2026-08-11_07-32-48 Episode 2005: New best reward 153.70, training model saved.
2026-08-11_07-34-15 Episode 2018: New best reward 728.00, training model saved.
2026-08-11_07-47-13 Episode 2078: New best reward 787.90, training model saved.
2026-08-11_07-50-45 Episode 2087: New best reward 1252.80, training model saved.
2026-08-11_08-06-35 Episode 2121: New best reward 1403.90, training model saved.
2026-08-11_08-19-52 Episode 2151: New best reward 1422.40, training model saved.
2026-08-11_08-37-53 Episode 2185: New best reward 1684.30, training model saved.
2026-08-11_08-46-43 Episode 2194: New best reward 1842.50, training model saved.
2026-08-11_08-57-40 Episode 2213: New best reward 2042.90, training model saved.
2026-08-11_09-11-00 Episode 2230: New best reward 3198.80, training model saved.
2026-08-11_09-26-21 Episode 2240: New best reward 4660.90, training model saved.
2026-08-11_09-37-06: Training starting...
Device: cuda
2026-08-11_09-37-07 Episode 0: New best reward -8.10, training model saved.
2026-08-11_09-37-07 Episode 0: New best greedy reward 2.00, model saved.
2026-08-11_09-37-07 Episode 1: New best reward -5.70, training model saved.
2026-08-11_09-37-40 Episode 81: New best reward -2.10, training model saved.
2026-08-11_09-39-08 Episode 299: New best reward -0.30, training model saved.
2026-08-11_09-39-32 Episode 358: New best reward 1.50, training model saved.
2026-08-11_09-39-50 Episode 405: New best reward 2.10, training model saved.
2026-08-11_09-39-59 Episode 423: New best reward 3.90, training model saved.
2026-08-11_09-40-57 Episode 569: New best reward 4.00, training model saved.
2026-08-11_09-41-17 Episode 617: New best reward 4.10, training model saved.
2026-08-11_09-41-35 Episode 660: New best reward 4.20, training model saved.
2026-08-11_09-41-41 Episode 675: New best reward 4.80, training model saved.
2026-08-11_09-41-54 Episode 708: New best reward 4.90, training model saved.
2026-08-11_09-42-04 Episode 734: New best reward 6.60, training model saved.
2026-08-11_09-42-11 Episode 748: New best reward 6.80, training model saved.
2026-08-11_09-46-11 Episode 1329: New best reward 7.20, training model saved.
2026-08-11_09-46-22 Episode 1356: New best reward 8.40, training model saved.
2026-08-11_09-47-38 Episode 1525: New best reward 10.50, training model saved.
2026-08-11_09-47-59 Episode 1564: New best reward 12.90, training model saved.
2026-08-11_09-48-54 Episode 1666: New best reward 13.40, training model saved.
2026-08-11_09-49-37 Episode 1739: New best reward 17.90, training model saved.
2026-08-11_09-49-43 Episode 1749: New best reward 22.40, training model saved.
2026-08-11_09-51-09 Episode 1886: New best reward 23.40, training model saved.
2026-08-11_09-51-51 Episode 1946: New best reward 51.50, training model saved.
2026-08-11_09-52-40 Episode 2000: New best greedy reward 36.40, model saved.
2026-08-11_09-53-49 Episode 2056: New best reward 52.90, training model saved.
2026-08-11_09-55-36 Episode 2153: New best reward 59.90, training model saved.
2026-08-11_09-56-04 Episode 2175: New best reward 81.00, training model saved.
2026-08-11_10-00-07 Episode 2314: New best reward 88.00, training model saved.
2026-08-11_10-00-14 Episode 2315: New best reward 110.90, training model saved.
2026-08-11_10-01-48 Episode 2354: New best reward 152.90, training model saved.
2026-08-11_10-02-22 Episode 2365: New best reward 200.00, training model saved.
2026-08-11_10-02-41 Episode 2368: New best reward 246.40, training model saved.
2026-08-11_10-03-53 Episode 2389: New best reward 309.20, training model saved.
2026-08-11_10-10-02 Episode 2465: New best reward 376.90, training model saved.
2026-08-11_10-14-52 Episode 2506: New best reward 444.60, training model saved.
2026-08-11_10-23-55 Episode 2569: New best reward 670.90, training model saved.
2026-08-11_10-41-29 Episode 2723: New best reward 1074.70, training model saved.
2026-08-11_10-50-36 Episode 2776: New best reward 1179.90, training model saved.
2026-08-11_10-53-13 Episode 2782: New best reward 1266.80, training model saved.
2026-08-11_11-00-48 Episode 2800: New best reward 1451.40, training model saved.
2026-08-11_11-25-07 Episode 2865: New best reward 3405.90, training model saved.
2026-08-11_11-56-27: Training starting...
Device: cuda
2026-08-11_11-56-28 Episode 0: New best reward -8.10, training model saved.
2026-08-11_11-56-28 Episode 0: New best greedy reward 2.00, model saved.
2026-08-11_11-56-28 Episode 1: New best reward -5.70, training model saved.
2026-08-11_11-57-02 Episode 81: New best reward -2.10, training model saved.
2026-08-11_11-58-30 Episode 299: New best reward -0.30, training model saved.
2026-08-11_11-58-54 Episode 358: New best reward 1.50, training model saved.
2026-08-11_11-58-55 Episode 360: New best reward 3.90, training model saved.
2026-08-11_12-00-20 Episode 569: New best reward 4.10, training model saved.
2026-08-11_12-00-41 Episode 617: New best reward 6.40, training model saved.
2026-08-11_12-02-48 Episode 923: New best reward 8.40, training model saved.
2026-08-11_12-06-12 Episode 1392: New best reward 8.70, training model saved.
2026-08-11_12-06-15 Episode 1399: New best reward 10.80, training model saved.
2026-08-11_12-08-46 Episode 1713: New best reward 11.20, training model saved.
2026-08-11_12-08-58 Episode 1731: New best reward 12.90, training model saved.
2026-08-11_12-09-49 Episode 1824: New best reward 19.10, training model saved.
2026-08-11_12-11-42 Episode 2000: New best greedy reward 8.40, model saved.
2026-08-11_12-12-13: Training starting...
Device: cuda
2026-08-11_12-12-14 Episode 0: New best reward -8.10, training model saved.
2026-08-11_12-12-14 Episode 0: New best greedy reward 2.00, model saved.
2026-08-11_12-12-14 Episode 1: New best reward -5.70, training model saved.
2026-08-11_12-12-48 Episode 81: New best reward -2.10, training model saved.
2026-08-11_12-13-33 Episode 187: New best reward -0.90, training model saved.
2026-08-11_12-14-02 Episode 254: New best reward 2.10, training model saved.
2026-08-11_12-14-19 Episode 299: New best reward 3.30, training model saved.
2026-08-11_12-14-34 Episode 328: New best reward 3.90, training model saved.
2026-08-11_12-14-36 Episode 334: New best reward 4.00, training model saved.
2026-08-11_12-14-38 Episode 338: New best reward 4.60, training model saved.
2026-08-11_12-15-10 Episode 412: New best reward 5.00, training model saved.
2026-08-11_12-15-16 Episode 428: New best reward 8.40, training model saved.
2026-08-11_12-19-21 Episode 1000: New best greedy reward 3.90, model saved.
2026-08-11_12-25-15 Episode 1804: New best reward 9.30, training model saved.
2026-08-11_12-25-38 Episode 1846: New best reward 11.20, training model saved.
2026-08-11_12-26-28 Episode 1940: New best reward 12.90, training model saved.
2026-08-11_12-26-58 Episode 1998: New best reward 13.30, training model saved.
2026-08-11_12-28-29: Training starting...
Device: cuda
2026-08-11_12-28-29 Episode 0: New best reward -8.10, training model saved.
2026-08-11_12-28-30 Episode 0: New best greedy reward 2.00, model saved.
2026-08-11_12-28-30 Episode 1: New best reward -5.70, training model saved.
2026-08-11_12-29-04 Episode 81: New best reward -2.10, training model saved.
2026-08-11_12-30-35 Episode 299: New best reward -0.30, training model saved.
2026-08-11_12-31-01 Episode 358: New best reward 1.50, training model saved.
2026-08-11_12-31-02 Episode 360: New best reward 3.90, training model saved.
2026-08-11_12-32-29 Episode 569: New best reward 4.20, training model saved.
2026-08-11_12-32-56 Episode 631: New best reward 4.40, training model saved.
2026-08-11_12-33-12 Episode 663: New best reward 6.40, training model saved.
2026-08-11_12-33-21 Episode 686: New best reward 6.50, training model saved.
2026-08-11_12-33-30 Episode 708: New best reward 8.40, training model saved.
2026-08-11_12-34-39 Episode 869: New best reward 8.90, training model saved.
2026-08-11_12-34-44 Episode 879: New best reward 10.80, training model saved.
2026-08-11_12-36-45 Episode 1151: New best reward 12.90, training model saved.
2026-08-11_12-39-50 Episode 1504: New best reward 13.20, training model saved.
2026-08-11_12-41-57 Episode 1737: New best reward 13.40, training model saved.
2026-08-11_12-42-37 Episode 1804: New best reward 13.50, training model saved.
2026-08-11_12-43-56 Episode 1938: New best reward 18.30, training model saved.
2026-08-11_12-44-44 Episode 2016: New best reward 18.40, training model saved.
2026-08-11_12-45-29 Episode 2080: New best reward 22.80, training model saved.
2026-08-11_12-47-07 Episode 2235: New best reward 23.20, training model saved.
2026-08-11_12-50-01 Episode 2473: New best reward 29.20, training model saved.
2026-08-11_12-51-38 Episode 2585: New best reward 36.50, training model saved.
2026-08-11_12-52-42 Episode 2649: New best reward 55.50, training model saved.
2026-08-11_12-54-36 Episode 2753: New best reward 84.00, training model saved.
2026-08-11_13-00-50 Episode 3000: New best greedy reward 9.00, model saved.
2026-08-11_13-01-24 Episode 3011: New best reward 112.10, training model saved.
2026-08-11_13-04-28 Episode 3079: New best reward 148.40, training model saved.
2026-08-11_13-08-28 Episode 3166: New best reward 151.30, training model saved.
2026-08-11_13-09-46 Episode 3184: New best reward 251.90, training model saved.
2026-08-11_13-13-09 Episode 3218: New best reward 261.40, training model saved.
2026-08-11_13-13-28 Episode 3219: New best reward 285.00, training model saved.
2026-08-11_13-21-27 Episode 3303: New best reward 325.90, training model saved.
2026-08-11_13-24-30 Episode 3332: New best reward 382.10, training model saved.
2026-08-11_13-28-05 Episode 3363: New best reward 412.70, training model saved.
2026-08-11_13-28-50 Episode 3364: New best reward 645.10, training model saved.
2026-08-11_14-20-21 Episode 3643: New best reward 764.40, training model saved.
2026-08-11_14-22-32 Episode 3648: New best reward 830.70, training model saved.
2026-08-11_14-23-35 Episode 3649: New best reward 909.00, training model saved.
2026-08-11_14-30-56 Episode 3671: New best reward 960.40, training model saved.
2026-08-11_14-53-56: Training starting...
Device: cuda
2026-08-11_14-53-57 Episode 0: New best reward -8.10, training model saved.
2026-08-11_14-53-57 Episode 0: New best greedy reward 2.00, model saved.
2026-08-11_14-53-57 Episode 1: New best reward -5.70, training model saved.
2026-08-11_14-54-30 Episode 81: New best reward -2.10, training model saved.
2026-08-11_14-55-57 Episode 299: New best reward -0.30, training model saved.
2026-08-11_14-56-21 Episode 358: New best reward 1.50, training model saved.
2026-08-11_14-56-22 Episode 360: New best reward 3.90, training model saved.
2026-08-11_14-56-30 Episode 382: New best reward 4.80, training model saved.
2026-08-11_14-58-30 Episode 677: New best reward 4.90, training model saved.
2026-08-11_14-58-40 Episode 703: New best reward 6.50, training model saved.
2026-08-11_15-00-01 Episode 900: New best reward 8.40, training model saved.
2026-08-11_15-01-59 Episode 1180: New best reward 8.50, training model saved.
2026-08-11_15-02-35 Episode 1264: New best reward 8.60, training model saved.
2026-08-11_15-03-21 Episode 1364: New best reward 11.30, training model saved.
2026-08-11_15-05-43 Episode 1662: New best reward 12.90, training model saved.
2026-08-11_15-09-23 Episode 2066: New best reward 13.50, training model saved.
2026-08-11_15-09-27: Training starting...
Device: cuda
2026-08-11_15-09-27 Episode 0: New best reward -8.10, training model saved.
2026-08-11_15-09-28 Episode 0: New best greedy reward 2.00, model saved.
2026-08-11_15-09-28 Episode 1: New best reward -5.70, training model saved.
2026-08-11_15-09-59 Episode 81: New best reward -2.10, training model saved.
2026-08-11_15-11-29 Episode 299: New best reward -0.30, training model saved.
2026-08-11_15-11-56 Episode 358: New best reward 0.90, training model saved.
2026-08-11_15-12-14 Episode 405: New best reward 0.90, training model saved.
2026-08-11_15-12-56 Episode 503: New best reward 1.50, training model saved.
2026-08-11_15-14-19 Episode 703: New best reward 3.90, training model saved.
2026-08-11_15-17-30 Episode 1160: New best reward 4.30, training model saved.
2026-08-11_15-17-49 Episode 1209: New best reward 6.70, training model saved.
2026-08-11_15-19-59 Episode 1520: New best reward 8.40, training model saved.
2026-08-11_15-23-22 Episode 2000: New best greedy reward 3.90, model saved.
2026-08-11_15-25-24: Training starting...
Device: cuda
2026-08-11_15-25-24 Episode 0: New best reward -8.10, training model saved.
2026-08-11_15-25-24 Episode 0: New best greedy reward 2.00, model saved.
2026-08-11_15-25-25 Episode 1: New best reward -5.70, training model saved.
2026-08-11_15-25-59 Episode 81: New best reward -2.10, training model saved.
2026-08-11_15-27-32 Episode 299: New best reward 0.90, training model saved.
2026-08-11_15-27-58 Episode 358: New best reward 1.50, training model saved.
2026-08-11_15-27-59 Episode 360: New best reward 3.90, training model saved.
2026-08-11_15-28-58 Episode 494: New best reward 6.00, training model saved.
2026-08-11_15-30-14 Episode 669: New best reward 6.40, training model saved.
2026-08-11_15-30-29 Episode 706: New best reward 11.20, training model saved.
2026-08-11_15-36-09 Episode 1391: New best reward 12.90, training model saved.
2026-08-11_15-41-06 Episode 1850: New best reward 17.90, training model saved.
2026-08-11_15-41-21 Episode 1873: New best reward 22.40, training model saved.
2026-08-11_15-42-40 Episode 1977: New best reward 26.90, training model saved.
2026-08-11_15-43-00 Episode 2000: New best greedy reward 15.50, model saved.
2026-08-11_15-44-13 Episode 2092: New best reward 36.40, training model saved.
2026-08-11_15-46-17 Episode 2222: New best reward 55.40, training model saved.
2026-08-11_15-47-12 Episode 2258: New best reward 124.90, training model saved.
2026-08-11_15-54-20 Episode 2435: New best reward 208.90, training model saved.
2026-08-11_16-03-59 Episode 2690: New best reward 247.40, training model saved.
2026-08-11_16-16-58 Episode 2887: New best reward 526.40, training model saved.
2026-08-11_16-23-12 Episode 2954: New best reward 569.40, training model saved.
2026-08-11_16-28-48 Episode 3000: New best greedy reward 799.80, model saved.
2026-08-11_16-43-32 Episode 3108: New best reward 635.00, training model saved.
2026-08-11_17-23-27 Episode 3445: New best reward 863.30, training model saved.
2026-08-11_18-08-24: Training starting...
Device: cuda
2026-08-11_18-08-25 Episode 0: New best reward -8.10, training model saved.
2026-08-11_18-08-25 Episode 0: New best greedy reward 2.00, model saved.
2026-08-11_18-08-25 Episode 1: New best reward -5.70, training model saved.
2026-08-11_18-09-00 Episode 81: New best reward -2.10, training model saved.
2026-08-11_18-10-31 Episode 299: New best reward -0.30, training model saved.
2026-08-11_18-10-58 Episode 358: New best reward 1.50, training model saved.
2026-08-11_18-10-58 Episode 360: New best reward 3.90, training model saved.
2026-08-11_18-12-26 Episode 569: New best reward 4.00, training model saved.
2026-08-11_18-12-48 Episode 617: New best reward 4.10, training model saved.
2026-08-11_18-13-00 Episode 647: New best reward 4.40, training model saved.
2026-08-11_18-13-26 Episode 707: New best reward 4.60, training model saved.
2026-08-11_18-13-33 Episode 725: New best reward 4.70, training model saved.
2026-08-11_18-14-27 Episode 847: New best reward 6.20, training model saved.
2026-08-11_18-15-35 Episode 1000: New best greedy reward 3.90, model saved.
2026-08-11_18-16-23 Episode 1115: New best reward 6.60, training model saved.
2026-08-11_18-16-48 Episode 1167: New best reward 8.40, training model saved.
2026-08-11_18-17-17 Episode 1229: New best reward 10.60, training model saved.
2026-08-11_18-17-40 Episode 1284: New best reward 12.90, training model saved.
2026-08-11_18-18-04 Episode 1325: New best reward 17.90, training model saved.
2026-08-11_18-19-15 Episode 1456: New best reward 18.40, training model saved.
2026-08-11_18-19-50 Episode 1517: New best reward 18.80, training model saved.
2026-08-11_18-20-56 Episode 1625: New best reward 20.20, training model saved.
2026-08-11_18-22-02 Episode 1735: New best reward 20.50, training model saved.
2026-08-11_18-27-43 Episode 2366: New best reward 22.40, training model saved.
2026-08-11_18-28-10 Episode 2401: New best reward 26.90, training model saved.
2026-08-11_18-34-39 Episode 3000: New best greedy reward 15.60, model saved.
2026-08-11_18-42-14 Episode 3803: New best reward 29.60, training model saved.
2026-08-11_18-44-06 Episode 3949: New best reward 34.70, training model saved.
2026-08-11_18-44-42 Episode 3998: New best reward 39.30, training model saved.
2026-08-11_18-44-44 Episode 4000: New best greedy reward 26.90, model saved.
2026-08-11_18-51-06 Episode 4538: New best reward 45.90, training model saved.
2026-08-11_18-52-19 Episode 4610: New best reward 48.60, training model saved.
2026-08-11_18-52-29 Episode 4616: New best reward 55.60, training model saved.
2026-08-11_18-58-07 Episode 5000: New best greedy reward 32.90, model saved.
2026-08-11_19-03-12 Episode 5438: New best reward 68.90, training model saved.
2026-08-11_19-24-38 Episode 6858: New best reward 69.20, training model saved.
2026-08-11_19-24-50 Episode 6863: New best reward 73.90, training model saved.
2026-08-11_19-26-08 Episode 6919: New best reward 222.90, training model saved.
2026-08-11_19-28-52 Episode 7000: New best greedy reward 456.40, model saved.
2026-08-11_19-52-40 Episode 7949: New best reward 237.60, training model saved.
2026-08-11_19-54-33 Episode 7975: New best reward 274.40, training model saved.
2026-08-11_20-08-55 Episode 8217: New best reward 295.30, training model saved.
2026-08-11_20-23-28 Episode 8466: New best reward 414.40, training model saved.
2026-08-11_20-24-40 Episode 8474: New best reward 429.40, training model saved.
2026-08-11_20-32-42 Episode 8538: New best reward 468.80, training model saved.
2026-08-11_20-38-46: Training starting...
Device: cuda
2026-08-11_20-38-47 Episode 0: New best reward -8.10, training model saved.
2026-08-11_20-38-47 Episode 0: New best greedy reward 2.00, model saved.
2026-08-11_20-38-47 Episode 1: New best reward -5.70, training model saved.
2026-08-11_20-39-22 Episode 81: New best reward -2.10, training model saved.
2026-08-11_20-39-54 Episode 162: New best reward -1.50, training model saved.
2026-08-11_20-40-07 Episode 187: New best reward -0.30, training model saved.
2026-08-11_20-40-10 Episode 195: New best reward 0.30, training model saved.
2026-08-11_20-40-12 Episode 200: New best reward 3.30, training model saved.
2026-08-11_20-40-29 Episode 243: New best reward 3.90, training model saved.
2026-08-11_20-40-51 Episode 290: New best reward 4.70, training model saved.
2026-08-11_20-41-19 Episode 355: New best reward 5.00, training model saved.
2026-08-11_20-42-08 Episode 468: New best reward 8.40, training model saved.
2026-08-11_20-48-58 Episode 1394: New best reward 9.20, training model saved.
2026-08-11_20-49-16 Episode 1435: New best reward 11.10, training model saved.
2026-08-11_20-51-18 Episode 1673: New best reward 12.90, training model saved.
2026-08-11_20-53-24 Episode 1890: New best reward 15.10, training model saved.
2026-08-11_20-54-27 Episode 2000: New best greedy reward 4.80, model saved.
2026-08-11_20-55-27: Training starting...
Device: cuda
2026-08-11_20-55-28 Episode 0: New best reward -8.10, training model saved.
2026-08-11_20-55-28 Episode 0: New best greedy reward 2.00, model saved.
2026-08-11_20-55-29 Episode 1: New best reward -5.70, training model saved.
2026-08-11_20-56-04 Episode 81: New best reward -2.10, training model saved.
2026-08-11_20-56-05 Episode 85: New best reward 0.30, training model saved.
2026-08-11_20-56-58 Episode 211: New best reward 3.30, training model saved.
2026-08-11_20-57-08 Episode 235: New best reward 3.90, training model saved.
2026-08-11_20-57-32 Episode 287: New best reward 4.10, training model saved.
2026-08-11_20-57-57 Episode 341: New best reward 4.40, training model saved.
2026-08-11_20-58-13 Episode 382: New best reward 6.40, training model saved.
2026-08-11_20-58-32 Episode 419: New best reward 6.60, training model saved.
2026-08-11_20-58-35 Episode 426: New best reward 8.20, training model saved.
2026-08-11_20-58-38 Episode 435: New best reward 8.40, training model saved.
2026-08-11_20-59-20 Episode 531: New best reward 8.60, training model saved.
2026-08-11_21-00-40 Episode 711: New best reward 9.00, training model saved.
2026-08-11_21-02-06 Episode 893: New best reward 10.60, training model saved.
2026-08-11_21-02-51 Episode 989: New best reward 11.20, training model saved.
2026-08-11_21-04-18 Episode 1178: New best reward 12.90, training model saved.
2026-08-11_21-11-33 Episode 2000: New best greedy reward 6.20, model saved.
2026-08-11_21-12-15: Training starting...
Device: cuda
2026-08-11_21-12-15 Episode 0: New best reward -8.10, training model saved.
2026-08-11_21-12-16 Episode 0: New best greedy reward 2.00, model saved.
2026-08-11_21-12-16 Episode 1: New best reward -5.70, training model saved.
2026-08-11_21-12-50 Episode 81: New best reward -2.10, training model saved.
2026-08-11_21-13-43 Episode 211: New best reward 2.70, training model saved.
2026-08-11_21-14-46 Episode 360: New best reward 3.90, training model saved.
2026-08-11_21-16-13 Episode 569: New best reward 4.50, training model saved.
2026-08-11_21-16-53 Episode 657: New best reward 8.40, training model saved.
2026-08-11_21-18-12 Episode 848: New best reward 9.40, training model saved.
2026-08-11_21-24-08 Episode 1636: New best reward 15.00, training model saved.
2026-08-11_21-27-21 Episode 2000: New best greedy reward 4.60, model saved.
2026-08-11_21-32-05 Episode 2506: New best reward 17.90, training model saved.
2026-08-11_21-32-47 Episode 2575: New best reward 20.80, training model saved.
2026-08-11_21-34-11 Episode 2698: New best reward 22.40, training model saved.
2026-08-11_21-35-15 Episode 2794: New best reward 26.90, training model saved.
2026-08-11_21-37-39 Episode 3000: New best greedy reward 9.00, model saved.
2026-08-11_21-42-14 Episode 3347: New best reward 27.80, training model saved.
2026-08-11_21-42-49 Episode 3386: New best reward 29.80, training model saved.
2026-08-11_21-43-02 Episode 3399: New best reward 34.20, training model saved.
2026-08-11_21-43-29 Episode 3421: New best reward 34.70, training model saved.
2026-08-11_21-44-35 Episode 3488: New best reward 43.70, training model saved.
2026-08-11_21-45-07 Episode 3511: New best reward 81.20, training model saved.
2026-08-11_21-47-36 Episode 3633: New best reward 83.50, training model saved.
2026-08-11_21-50-27 Episode 3746: New best reward 124.90, training model saved.
2026-08-11_21-56-07 Episode 3935: New best reward 135.10, training model saved.
2026-08-11_21-56-50 Episode 3950: New best reward 192.70, training model saved.
2026-08-11_21-58-35 Episode 4000: New best greedy reward 107.40, model saved.
2026-08-11_22-09-20 Episode 4237: New best reward 253.10, training model saved.
2026-08-11_22-15-56 Episode 4324: New best reward 354.00, training model saved.
2026-08-11_22-19-49 Episode 4367: New best reward 396.60, training model saved.
2026-08-11_22-30-53 Episode 4491: New best reward 456.60, training model saved.
2026-08-11_22-46-18 Episode 4632: New best reward 538.80, training model saved.
2026-08-11_23-00-36 Episode 4762: New best reward 638.60, training model saved.
2026-08-11_23-28-51 Episode 4938: New best reward 641.30, training model saved.
2026-08-11_23-35-15: Training starting...
Device: cuda
2026-08-11_23-35-16 Episode 0: New best reward -8.10, training model saved.
2026-08-11_23-35-16 Episode 0: New best greedy reward 2.00, model saved.
2026-08-11_23-35-16 Episode 1: New best reward -5.70, training model saved.
2026-08-11_23-35-49 Episode 81: New best reward -2.10, training model saved.
2026-08-11_23-36-33 Episode 187: New best reward 0.30, training model saved.
2026-08-11_23-36-42 Episode 211: New best reward 2.70, training model saved.
2026-08-11_23-36-52 Episode 235: New best reward 3.90, training model saved.
2026-08-11_23-37-14 Episode 287: New best reward 4.70, training model saved.
2026-08-11_23-37-31 Episode 327: New best reward 6.20, training model saved.
2026-08-11_23-37-36 Episode 338: New best reward 8.40, training model saved.
2026-08-11_23-39-50 Episode 654: New best reward 9.00, training model saved.
2026-08-11_23-42-28 Episode 1024: New best reward 14.00, training model saved.
2026-08-11_23-46-11 Episode 1496: New best reward 20.20, training model saved.
2026-08-11_23-50-35 Episode 2000: New best greedy reward 3.90, model saved.
2026-08-11_23-56-19 Episode 2586: New best reward 22.70, training model saved.
2026-08-11_23-57-08 Episode 2656: New best reward 23.10, training model saved.
2026-08-11_23-58-35 Episode 2792: New best reward 25.30, training model saved.
2026-08-11_23-59-28 Episode 2864: New best reward 36.80, training model saved.
2026-08-12_00-01-00 Episode 3000: New best greedy reward 6.50, model saved.
2026-08-12_00-05-44 Episode 3341: New best reward 55.90, training model saved.
2026-08-12_00-08-27 Episode 3516: New best reward 67.00, training model saved.
2026-08-12_00-09-20 Episode 3568: New best reward 69.90, training model saved.
2026-08-12_00-12-26 Episode 3725: New best reward 90.40, training model saved.
2026-08-12_00-13-23 Episode 3761: New best reward 104.40, training model saved.
2026-08-12_00-13-39 Episode 3769: New best reward 135.10, training model saved.
2026-08-12_00-17-29 Episode 3914: New best reward 139.70, training model saved.
2026-08-12_00-20-20 Episode 4000: New best greedy reward 50.40, model saved.
2026-08-12_00-21-25: Training starting...
Device: cuda
2026-08-12_00-21-25 Episode 0: New best reward -8.10, training model saved.
2026-08-12_00-21-26 Episode 0: New best greedy reward 2.00, model saved.
2026-08-12_00-21-26 Episode 1: New best reward -5.70, training model saved.
2026-08-12_00-21-59 Episode 81: New best reward -2.10, training model saved.
2026-08-12_00-22-00 Episode 85: New best reward 0.30, training model saved.
2026-08-12_00-22-41 Episode 187: New best reward 0.90, training model saved.
2026-08-12_00-22-45 Episode 195: New best reward 2.10, training model saved.
2026-08-12_00-22-47 Episode 200: New best reward 3.90, training model saved.
2026-08-12_00-23-08 Episode 250: New best reward 6.10, training model saved.
2026-08-12_00-23-22 Episode 285: New best reward 6.20, training model saved.
2026-08-12_00-23-39 Episode 326: New best reward 6.60, training model saved.
2026-08-12_00-25-36 Episode 612: New best reward 6.80, training model saved.
2026-08-12_00-25-37 Episode 613: New best reward 8.40, training model saved.
2026-08-12_00-26-24 Episode 725: New best reward 9.10, training model saved.
2026-08-12_00-27-08 Episode 822: New best reward 12.90, training model saved.
2026-08-12_00-28-30 Episode 1000: New best greedy reward 3.90, model saved.
2026-08-12_00-33-01 Episode 1487: New best reward 15.70, training model saved.
2026-08-12_00-33-41 Episode 1550: New best reward 23.10, training model saved.
2026-08-12_00-34-19 Episode 1604: New best reward 25.10, training model saved.
2026-08-12_00-34-47 Episode 1643: New best reward 34.80, training model saved.
2026-08-12_00-36-56 Episode 1789: New best reward 37.00, training model saved.
2026-08-12_00-38-40 Episode 1881: New best reward 37.20, training model saved.
2026-08-12_00-39-08 Episode 1905: New best reward 43.50, training model saved.
2026-08-12_00-39-33 Episode 1922: New best reward 50.70, training model saved.
2026-08-12_00-40-11 Episode 1950: New best reward 52.60, training model saved.
2026-08-12_00-41-15 Episode 1989: New best reward 67.20, training model saved.
2026-08-12_00-41-37 Episode 2000: New best greedy reward 37.10, model saved.
2026-08-12_00-42-41 Episode 2034: New best reward 84.10, training model saved.
2026-08-12_00-42-59 Episode 2040: New best reward 92.40, training model saved.
2026-08-12_00-47-08 Episode 2181: New best reward 211.20, training model saved.
2026-08-12_00-55-18 Episode 2317: New best reward 333.30, training model saved.
2026-08-12_00-56-48 Episode 2333: New best reward 364.10, training model saved.
2026-08-12_01-06-20 Episode 2453: New best reward 414.40, training model saved.
2026-08-12_01-09-32 Episode 2475: New best reward 438.70, training model saved.
2026-08-12_01-14-05 Episode 2508: New best reward 470.40, training model saved.
2026-08-12_01-16-56 Episode 2522: New best reward 517.60, training model saved.
2026-08-12_01-28-24 Episode 2605: New best reward 545.80, training model saved.
2026-08-12_01-32-06 Episode 2623: New best reward 620.40, training model saved.
2026-08-12_01-33-28 Episode 2631: New best reward 622.80, training model saved.
2026-08-12_01-39-07 Episode 2663: New best reward 741.90, training model saved.
2026-08-12_01-46-57 Episode 2697: New best reward 1338.40, training model saved.
2026-08-12_02-00-24 Episode 2739: New best reward 1497.00, training model saved.
2026-08-12_02-12-29 Episode 2761: New best reward 1943.30, training model saved.
2026-08-12_02-28-03 Episode 2794: New best reward 2369.90, training model saved.
2026-08-12_02-39-23: Training starting...
Device: cuda
2026-08-12_02-39-23 Episode 0: New best reward -8.10, training model saved.
2026-08-12_02-39-23 Episode 0: New best greedy reward 2.00, model saved.
2026-08-12_02-39-24 Episode 1: New best reward -5.70, training model saved.
2026-08-12_02-39-56 Episode 81: New best reward -2.10, training model saved.
2026-08-12_02-41-24 Episode 299: New best reward 0.90, training model saved.
2026-08-12_02-41-49 Episode 358: New best reward 1.50, training model saved.
2026-08-12_02-41-50 Episode 360: New best reward 3.90, training model saved.
2026-08-12_02-41-58 Episode 382: New best reward 4.00, training model saved.
2026-08-12_02-42-45 Episode 494: New best reward 4.80, training model saved.
2026-08-12_02-44-15 Episode 720: New best reward 8.40, training model saved.
2026-08-12_02-48-25 Episode 1311: New best reward 8.50, training model saved.
2026-08-12_02-50-52 Episode 1661: New best reward 8.70, training model saved.
2026-08-12_02-50-59 Episode 1672: New best reward 12.90, training model saved.
2026-08-12_02-53-36 Episode 2000: New best greedy reward 3.90, model saved.
2026-08-12_03-03-15 Episode 3000: New best greedy reward 8.40, model saved.
2026-08-12_03-10-46 Episode 3676: New best reward 22.40, training model saved.
2026-08-12_03-13-58 Episode 3931: New best reward 34.80, training model saved.
2026-08-12_03-14-56 Episode 4000: New best greedy reward 12.90, model saved.
2026-08-12_03-16-14 Episode 4085: New best reward 40.30, training model saved.
2026-08-12_03-17-14 Episode 4143: New best reward 57.80, training model saved.
2026-08-12_03-17-54 Episode 4178: New best reward 79.60, training model saved.
2026-08-12_03-19-17 Episode 4242: New best reward 88.70, training model saved.
2026-08-12_03-21-52 Episode 4341: New best reward 135.60, training model saved.
2026-08-12_03-24-51: Training starting...
Device: cuda
2026-08-12_03-24-52 Episode 0: New best reward -8.10, training model saved.
2026-08-12_03-24-52 Episode 0: New best greedy reward 2.00, model saved.
2026-08-12_03-24-52 Episode 1: New best reward -5.70, training model saved.
2026-08-12_03-25-25 Episode 81: New best reward -2.10, training model saved.
2026-08-12_03-26-52 Episode 299: New best reward -0.30, training model saved.
2026-08-12_03-27-17 Episode 358: New best reward 1.50, training model saved.
2026-08-12_03-27-17 Episode 360: New best reward 3.90, training model saved.
2026-08-12_03-28-41 Episode 569: New best reward 4.00, training model saved.
2026-08-12_03-28-56 Episode 605: New best reward 4.30, training model saved.
2026-08-12_03-29-06 Episode 631: New best reward 4.50, training model saved.
2026-08-12_03-29-25 Episode 675: New best reward 4.70, training model saved.
2026-08-12_03-29-48 Episode 734: New best reward 6.60, training model saved.
2026-08-12_03-32-08 Episode 1071: New best reward 6.80, training model saved.
2026-08-12_03-32-35 Episode 1137: New best reward 8.40, training model saved.
2026-08-12_03-34-15 Episode 1359: New best reward 8.50, training model saved.
2026-08-12_03-35-39 Episode 1523: New best reward 8.90, training model saved.
2026-08-12_03-36-25 Episode 1610: New best reward 12.90, training model saved.
2026-08-12_03-37-13 Episode 1688: New best reward 17.90, training model saved.
2026-08-12_03-40-14 Episode 1965: New best reward 26.90, training model saved.
2026-08-12_03-40-41 Episode 2000: New best greedy reward 8.40, model saved.
2026-08-12_03-41-47 Episode 2083: New best reward 36.40, training model saved.
2026-08-12_03-42-59 Episode 2159: New best reward 40.90, training model saved.
2026-08-12_03-43-20 Episode 2175: New best reward 53.30, training model saved.
2026-08-12_03-44-02 Episode 2211: New best reward 59.90, training model saved.
2026-08-12_03-44-31 Episode 2226: New best reward 69.80, training model saved.
2026-08-12_03-44-53 Episode 2238: New best reward 90.80, training model saved.
2026-08-12_03-48-32 Episode 2353: New best reward 125.70, training model saved.
2026-08-12_03-51-01 Episode 2430: New best reward 149.40, training model saved.
2026-08-12_03-53-04 Episode 2463: New best reward 158.60, training model saved.
2026-08-12_03-54-22 Episode 2477: New best reward 321.40, training model saved.
2026-08-12_03-56-47 Episode 2494: New best reward 647.90, training model saved.
2026-08-12_04-12-58 Episode 2632: New best reward 713.50, training model saved.
2026-08-12_04-23-35 Episode 2722: New best reward 734.70, training model saved.
2026-08-12_04-37-08 Episode 2826: New best reward 876.40, training model saved.
2026-08-12_04-56-05 Episode 3000: New best greedy reward 96.90, model saved.
2026-08-12_05-22-58 Episode 3169: New best reward 894.90, training model saved.
2026-08-12_05-28-07 Episode 3185: New best reward 1280.60, training model saved.
2026-08-12_05-36-57 Episode 3227: New best reward 1300.90, training model saved.
[worker] done. total trials in study: 200
study: ppo_6235238
algorithm: ppo
completed trials: 73 / 200 total
best value (p25 greedy reward): 1769.5000
best trial: #172
best params:
  learning_rate_a: 0.00020338613967543344
  ppo_epochs: 4
  ent_coef: 0.01513546348816664
  clip_eps: 0.1
  gae_lambda: 0.9581592637911547
  vf_coef: 0.7205156007003908
  rollout_steps: 4096
  minibatch_size: 256
  hidden_dim: 512
exported to hyperparams.yml as: flappybird_ppo_tuned_3
run it with: sbatch train.sh flappybird_ppo_tuned_3

============================= JOB FEEDBACK =============================

NodeName=uc2n911
Job ID: 6235238
Cluster: uc3
User/Group: ul_lmm50/ul_student
State: COMPLETED (exit code 0)
Nodes: 1
Cores per node: 24
CPU Utilized: 10-22:38:45
CPU Efficiency: 47.12% of 23-05:24:24 core-walltime
Job Wall-clock time: 23:13:31
Memory Utilized: 35.55 GB
Memory Efficiency: 56.88% of 62.50 GB (62.50 GB/node)
