HPO: algorithm=rainbow n_trials=200 study=rainbow_6235237 workers=4 gpus=4
Tue Aug 11 08:07:33 2026       
+-----------------------------------------------------------------------------------------+
| NVIDIA-SMI 595.71.05              Driver Version: 595.71.05      CUDA Version: 13.2     |
+-----------------------------------------+------------------------+----------------------+
| GPU  Name                 Persistence-M | Bus-Id          Disp.A | Volatile Uncorr. ECC |
| Fan  Temp   Perf          Pwr:Usage/Cap |           Memory-Usage | GPU-Util  Compute M. |
|                                         |                        |               MIG M. |
|=========================================+========================+======================|
|   0  NVIDIA A100 80GB PCIe          On  |   00000000:19:00.0 Off |                    0 |
| N/A   51C    P0            101W /  300W |     740MiB /  81920MiB |     21%      Default |
|                                         |                        |             Disabled |
+-----------------------------------------+------------------------+----------------------+
|   1  NVIDIA A100 80GB PCIe          On  |   00000000:1A:00.0 Off |                    0 |
| N/A   55C    P0             97W /  300W |     698MiB /  81920MiB |     20%      Default |
|                                         |                        |             Disabled |
+-----------------------------------------+------------------------+----------------------+
|   2  NVIDIA A100 80GB PCIe          On  |   00000000:1B:00.0 Off |                    0 |
| N/A   44C    P0             82W /  300W |     666MiB /  81920MiB |     20%      Default |
|                                         |                        |             Disabled |
+-----------------------------------------+------------------------+----------------------+
|   3  NVIDIA A100 80GB PCIe          On  |   00000000:1C:00.0 Off |                    0 |
| N/A   50C    P0             90W /  300W |     688MiB /  81920MiB |     20%      Default |
|                                         |                        |             Disabled |
+-----------------------------------------+------------------------+----------------------+

+-----------------------------------------------------------------------------------------+
| Processes:                                                                              |
|  GPU   GI   CI              PID   Type   Process name                        GPU Memory |
|        ID   ID                                                               Usage      |
|=========================================================================================|
|    0   N/A  N/A            9542      G   /usr/libexec/Xorg                        17MiB |
|    0   N/A  N/A         2265452      C   python                                  704MiB |
|    1   N/A  N/A            9542      G   /usr/libexec/Xorg                        17MiB |
|    1   N/A  N/A         2265468      C   python                                  662MiB |
|    2   N/A  N/A            9542      G   /usr/libexec/Xorg                        17MiB |
|    2   N/A  N/A         2265469      C   python                                  630MiB |
|    3   N/A  N/A            9542      G   /usr/libexec/Xorg                        17MiB |
|    3   N/A  N/A         2265470      C   python                                  652MiB |
+-----------------------------------------------------------------------------------------+
2026-08-11_07-08-16: Training starting...
Device: cuda
2026-08-11_07-08-23 Episode 0: New best reward 3.90, training model saved.
2026-08-11_07-08-23 Episode 0: New best greedy reward 2.00, model saved.
2026-08-11_07-08-25 Episode 3: New best reward 4.90, training model saved.
2026-08-11_07-08-34 Episode 28: New best reward 6.00, training model saved.
2026-08-11_07-08-36 Episode 33: New best reward 6.30, training model saved.
2026-08-11_07-08-44 Episode 54: New best reward 6.40, training model saved.
2026-08-11_07-08-50 Episode 66: New best reward 10.50, training model saved.
2026-08-11_07-10-23 Episode 244: New best reward 10.70, training model saved.
2026-08-11_07-10-41 Episode 262: New best reward 11.00, training model saved.
2026-08-11_07-11-36 Episode 315: New best reward 11.20, training model saved.
2026-08-11_07-12-07 Episode 347: New best reward 15.30, training model saved.
2026-08-11_07-12-26 Episode 365: New best reward 18.80, training model saved.
2026-08-11_07-12-40 Episode 376: New best reward 25.10, training model saved.
2026-08-11_07-13-54 Episode 428: New best reward 25.30, training model saved.
2026-08-11_07-14-07 Episode 432: New best reward 29.30, training model saved.
2026-08-11_07-14-16 Episode 435: New best reward 39.30, training model saved.
2026-08-11_07-14-28 Episode 436: New best reward 95.20, training model saved.
2026-08-11_07-18-07 Episode 505: New best reward 130.50, training model saved.
2026-08-11_07-21-22 Episode 540: New best reward 277.20, training model saved.
2026-08-11_07-24-21 Episode 560: New best reward 362.90, training model saved.
2026-08-11_07-41-29 Episode 645: New best reward 600.90, training model saved.
2026-08-11_08-02-54 Episode 737: New best reward 673.70, training model saved.
2026-08-11_08-30-16: Training starting...
Device: cuda
2026-08-11_08-30-17 Episode 0: New best reward 3.90, training model saved.
2026-08-11_08-30-17 Episode 0: New best greedy reward 2.00, model saved.
2026-08-11_08-30-30 Episode 27: New best reward 4.90, training model saved.
2026-08-11_08-31-04 Episode 104: New best reward 6.40, training model saved.
2026-08-11_08-31-44 Episode 197: New best reward 8.40, training model saved.
2026-08-11_08-32-45 Episode 268: New best reward 8.90, training model saved.
2026-08-11_08-32-56 Episode 279: New best reward 9.20, training model saved.
2026-08-11_08-32-58 Episode 280: New best reward 11.10, training model saved.
2026-08-11_08-33-49 Episode 328: New best reward 11.20, training model saved.
2026-08-11_08-34-34 Episode 366: New best reward 15.10, training model saved.
2026-08-11_08-35-09 Episode 393: New best reward 15.40, training model saved.
2026-08-11_08-35-23 Episode 402: New best reward 19.10, training model saved.
2026-08-11_08-36-29 Episode 441: New best reward 29.50, training model saved.
2026-08-11_08-36-40 Episode 445: New best reward 36.90, training model saved.
2026-08-11_08-37-10 Episode 457: New best reward 41.60, training model saved.
2026-08-11_08-37-51 Episode 476: New best reward 48.80, training model saved.
2026-08-11_08-38-44 Episode 494: New best reward 85.80, training model saved.
2026-08-11_08-41-55 Episode 545: New best reward 95.00, training model saved.
2026-08-11_08-45-47 Episode 601: New best reward 111.80, training model saved.
2026-08-11_08-50-13 Episode 657: New best reward 163.50, training model saved.
2026-08-11_08-56-57: Training starting...
Device: cuda
2026-08-11_08-56-58 Episode 0: New best reward 3.90, training model saved.
2026-08-11_08-56-58 Episode 0: New best greedy reward 2.00, model saved.
2026-08-11_08-57-04 Episode 14: New best reward 8.40, training model saved.
2026-08-11_08-57-39 Episode 94: New best reward 9.50, training model saved.
2026-08-11_08-58-38 Episode 217: New best reward 13.00, training model saved.
2026-08-11_09-00-40 Episode 335: New best reward 15.70, training model saved.
2026-08-11_09-01-10 Episode 359: New best reward 18.80, training model saved.
2026-08-11_09-01-17 Episode 364: New best reward 22.70, training model saved.
2026-08-11_09-01-36 Episode 376: New best reward 38.60, training model saved.
2026-08-11_09-01-52 Episode 384: New best reward 48.70, training model saved.
2026-08-11_09-06-03 Episode 496: New best reward 57.80, training model saved.
2026-08-11_09-06-23 Episode 499: New best reward 104.80, training model saved.
2026-08-11_09-07-56 Episode 520: New best reward 146.70, training model saved.
2026-08-11_09-10-14 Episode 542: New best reward 228.20, training model saved.
2026-08-11_09-30-25 Episode 763: New best reward 237.60, training model saved.
2026-08-11_09-41-52 Episode 860: New best reward 288.40, training model saved.
2026-08-11_09-54-34 Episode 947: New best reward 362.90, training model saved.
2026-08-11_10-01-06 Episode 1000: New best greedy reward 123.00, model saved.
2026-08-11_10-02-07 Episode 1003: New best reward 387.10, training model saved.
2026-08-11_10-16-09: Training starting...
Device: cuda
2026-08-11_10-16-09 Episode 0: New best reward 2.00, training model saved.
2026-08-11_10-16-10 Episode 0: New best greedy reward 2.00, model saved.
2026-08-11_10-16-10 Episode 1: New best reward 3.50, training model saved.
2026-08-11_10-16-11 Episode 4: New best reward 3.90, training model saved.
2026-08-11_10-16-29 Episode 52: New best reward 4.20, training model saved.
2026-08-11_10-16-32 Episode 57: New best reward 4.50, training model saved.
2026-08-11_10-16-36 Episode 67: New best reward 6.20, training model saved.
2026-08-11_10-16-40 Episode 77: New best reward 8.70, training model saved.
2026-08-11_10-18-34 Episode 298: New best reward 13.70, training model saved.
2026-08-11_10-19-41 Episode 365: New best reward 18.50, training model saved.
2026-08-11_10-20-29 Episode 412: New best reward 18.60, training model saved.
2026-08-11_10-21-18 Episode 452: New best reward 24.80, training model saved.
2026-08-11_10-22-01 Episode 481: New best reward 29.30, training model saved.
2026-08-11_10-23-05 Episode 523: New best reward 32.80, training model saved.
2026-08-11_10-23-13 Episode 524: New best reward 51.50, training model saved.
2026-08-11_10-27-12 Episode 643: New best reward 53.00, training model saved.
2026-08-11_10-30-17 Episode 725: New best reward 56.10, training model saved.
2026-08-11_10-32-50 Episode 790: New best reward 71.40, training model saved.
2026-08-11_10-34-31 Episode 827: New best reward 71.50, training model saved.
2026-08-11_10-37-08 Episode 889: New best reward 81.20, training model saved.
2026-08-11_10-42-27 Episode 985: New best reward 120.40, training model saved.
2026-08-11_10-43-18 Episode 1000: New best greedy reward 36.40, model saved.
2026-08-11_10-51-15 Episode 1132: New best reward 122.90, training model saved.
2026-08-11_10-53-33 Episode 1162: New best reward 151.00, training model saved.
2026-08-11_11-02-48 Episode 1282: New best reward 199.90, training model saved.
2026-08-11_11-35-30: Training starting...
Device: cuda
2026-08-11_11-35-31 Episode 0: New best reward 2.00, training model saved.
2026-08-11_11-35-31 Episode 0: New best greedy reward 2.00, model saved.
2026-08-11_11-35-31 Episode 1: New best reward 3.50, training model saved.
2026-08-11_11-35-32 Episode 4: New best reward 3.90, training model saved.
2026-08-11_11-35-37 Episode 21: New best reward 4.20, training model saved.
2026-08-11_11-35-41 Episode 32: New best reward 6.50, training model saved.
2026-08-11_11-44-45: Training starting...
Device: cuda
2026-08-11_11-44-45 Episode 0: New best reward 2.00, training model saved.
2026-08-11_11-44-46 Episode 0: New best greedy reward 2.00, model saved.
2026-08-11_11-44-46 Episode 1: New best reward 3.90, training model saved.
2026-08-11_11-44-49 Episode 10: New best reward 4.30, training model saved.
2026-08-11_11-44-50 Episode 12: New best reward 8.40, training model saved.
2026-08-11_11-45-13 Episode 72: New best reward 12.90, training model saved.
2026-08-11_11-49-00 Episode 404: New best reward 15.50, training model saved.
2026-08-11_11-49-14 Episode 414: New best reward 18.70, training model saved.
2026-08-11_11-49-55 Episode 441: New best reward 25.00, training model saved.
2026-08-11_11-50-31 Episode 463: New best reward 29.80, training model saved.
2026-08-11_11-50-49 Episode 469: New best reward 90.70, training model saved.
2026-08-11_11-55-18 Episode 564: New best reward 92.80, training model saved.
2026-08-11_11-55-50 Episode 572: New best reward 95.10, training model saved.
2026-08-11_11-56-29 Episode 581: New best reward 99.70, training model saved.
2026-08-11_11-59-07 Episode 612: New best reward 101.90, training model saved.
2026-08-11_12-01-42 Episode 650: New best reward 102.30, training model saved.
2026-08-11_12-02-43 Episode 663: New best reward 139.50, training model saved.
2026-08-11_12-03-40 Episode 670: New best reward 190.50, training model saved.
2026-08-11_12-06-17 Episode 688: New best reward 279.60, training model saved.
2026-08-11_12-24-04 Episode 820: New best reward 470.40, training model saved.
2026-08-11_12-38-18 Episode 896: New best reward 482.40, training model saved.
2026-08-11_12-56-24 Episode 995: New best reward 556.90, training model saved.
2026-08-11_12-58-17 Episode 1000: New best greedy reward 274.40, model saved.
2026-08-11_13-08-58: Training starting...
Device: cuda
2026-08-11_13-08-59 Episode 0: New best reward 8.40, training model saved.
2026-08-11_13-08-59 Episode 0: New best greedy reward 2.00, model saved.
2026-08-11_13-10-49 Episode 221: New best reward 10.70, training model saved.
2026-08-11_13-10-58 Episode 229: New best reward 13.50, training model saved.
2026-08-11_13-11-54 Episode 278: New best reward 15.20, training model saved.
2026-08-11_13-12-07 Episode 287: New best reward 27.90, training model saved.
2026-08-11_13-12-19 Episode 293: New best reward 34.60, training model saved.
2026-08-11_13-13-33 Episode 333: New best reward 64.40, training model saved.
2026-08-11_13-13-55 Episode 338: New best reward 122.90, training model saved.
2026-08-11_13-21-46 Episode 430: New best reward 228.70, training model saved.
2026-08-11_13-33-47 Episode 546: New best reward 255.90, training model saved.
2026-08-11_13-34-35 Episode 549: New best reward 265.50, training model saved.
2026-08-11_13-46-02 Episode 641: New best reward 288.40, training model saved.
2026-08-11_13-57-11 Episode 723: New best reward 295.40, training model saved.
2026-08-11_13-59-00 Episode 730: New best reward 342.80, training model saved.
2026-08-11_14-07-00 Episode 772: New best reward 724.90, training model saved.
2026-08-11_14-25-42: Training starting...
Device: cuda
2026-08-11_14-25-42 Episode 0: New best reward 2.00, training model saved.
2026-08-11_14-25-42 Episode 0: New best greedy reward 2.00, model saved.
2026-08-11_14-25-43 Episode 1: New best reward 3.50, training model saved.
2026-08-11_14-25-44 Episode 4: New best reward 3.90, training model saved.
2026-08-11_14-25-58 Episode 50: New best reward 4.70, training model saved.
2026-08-11_14-26-05 Episode 68: New best reward 5.00, training model saved.
2026-08-11_14-26-08 Episode 76: New best reward 6.00, training model saved.
2026-08-11_14-26-30 Episode 142: New best reward 8.40, training model saved.
2026-08-11_14-30-01 Episode 455: New best reward 10.70, training model saved.
2026-08-11_14-30-03 Episode 456: New best reward 11.20, training model saved.
2026-08-11_14-30-06 Episode 458: New best reward 15.40, training model saved.
2026-08-11_14-30-18 Episode 469: New best reward 15.70, training model saved.
2026-08-11_14-30-36 Episode 481: New best reward 21.20, training model saved.
2026-08-11_14-30-56 Episode 494: New best reward 50.40, training model saved.
2026-08-11_14-31-42 Episode 519: New best reward 57.60, training model saved.
2026-08-11_14-32-42 Episode 544: New best reward 71.20, training model saved.
2026-08-11_14-34-12 Episode 569: New best reward 94.90, training model saved.
2026-08-11_14-37-34 Episode 613: New best reward 292.90, training model saved.
2026-08-11_14-51-25: Training starting...
Device: cuda
2026-08-11_14-51-25 Episode 0: New best reward 3.90, training model saved.
2026-08-11_14-51-26 Episode 0: New best greedy reward 2.00, model saved.
2026-08-11_14-51-27 Episode 3: New best reward 4.90, training model saved.
2026-08-11_14-51-34 Episode 22: New best reward 6.00, training model saved.
2026-08-11_14-51-36 Episode 26: New best reward 6.20, training model saved.
2026-08-11_14-51-52 Episode 66: New best reward 8.80, training model saved.
2026-08-11_14-59-24: Training starting...
Device: cuda
2026-08-11_14-59-25 Episode 0: New best reward 2.00, training model saved.
2026-08-11_14-59-25 Episode 0: New best greedy reward 2.00, model saved.
2026-08-11_14-59-25 Episode 1: New best reward 3.50, training model saved.
2026-08-11_14-59-26 Episode 4: New best reward 3.90, training model saved.
2026-08-11_14-59-32 Episode 21: New best reward 4.20, training model saved.
2026-08-11_14-59-36 Episode 32: New best reward 6.50, training model saved.
2026-08-11_15-03-06 Episode 416: New best reward 6.60, training model saved.
2026-08-11_15-03-32 Episode 445: New best reward 6.70, training model saved.
2026-08-11_15-04-13 Episode 488: New best reward 8.40, training model saved.
2026-08-11_15-04-26 Episode 500: New best reward 13.10, training model saved.
2026-08-11_15-05-10 Episode 541: New best reward 15.10, training model saved.
2026-08-11_15-05-21 Episode 550: New best reward 15.70, training model saved.
2026-08-11_15-05-37 Episode 562: New best reward 19.00, training model saved.
2026-08-11_15-06-30 Episode 598: New best reward 26.90, training model saved.
2026-08-11_15-06-37 Episode 601: New best reward 29.30, training model saved.
2026-08-11_15-07-23 Episode 621: New best reward 48.10, training model saved.
2026-08-11_15-07-43: Training starting...
Device: cuda
2026-08-11_15-07-43 Episode 0: New best reward 2.00, training model saved.
2026-08-11_15-07-44 Episode 0: New best greedy reward 2.00, model saved.
2026-08-11_15-07-44 Episode 2: New best reward 3.90, training model saved.
2026-08-11_15-08-10 Episode 83: New best reward 4.30, training model saved.
2026-08-11_15-08-59 Episode 243: New best reward 4.40, training model saved.
2026-08-11_15-09-08 Episode 267: New best reward 8.40, training model saved.
2026-08-11_15-11-27 Episode 429: New best reward 9.30, training model saved.
2026-08-11_15-11-52 Episode 453: New best reward 15.00, training model saved.
2026-08-11_15-12-18 Episode 478: New best reward 29.80, training model saved.
2026-08-11_15-13-07 Episode 515: New best reward 34.70, training model saved.
2026-08-11_15-15-21 Episode 591: New best reward 59.90, training model saved.
2026-08-11_15-17-36 Episode 645: New best reward 61.10, training model saved.
2026-08-11_15-18-49 Episode 666: New best reward 76.10, training model saved.
2026-08-11_15-20-15 Episode 688: New best reward 124.90, training model saved.
2026-08-11_15-22-25 Episode 718: New best reward 127.80, training model saved.
2026-08-11_15-26-36 Episode 787: New best reward 162.40, training model saved.
2026-08-11_15-32-04 Episode 843: New best reward 236.90, training model saved.
2026-08-11_15-34-05: Training starting...
Device: cuda
2026-08-11_15-34-05 Episode 0: New best reward 2.00, training model saved.
2026-08-11_15-34-05 Episode 0: New best greedy reward 2.00, model saved.
2026-08-11_15-34-06 Episode 1: New best reward 3.50, training model saved.
2026-08-11_15-34-07 Episode 4: New best reward 3.90, training model saved.
2026-08-11_15-34-16 Episode 30: New best reward 4.20, training model saved.
2026-08-11_15-34-22 Episode 50: New best reward 6.30, training model saved.
2026-08-11_15-34-33 Episode 77: New best reward 8.70, training model saved.
2026-08-11_15-41-06 Episode 653: New best reward 12.90, training model saved.
2026-08-11_15-41-52 Episode 706: New best reward 22.40, training model saved.
2026-08-11_15-42-03 Episode 712: New best reward 27.50, training model saved.
2026-08-11_15-42-09 Episode 715: New best reward 27.90, training model saved.
2026-08-11_15-43-59 Episode 806: New best reward 37.60, training model saved.
2026-08-11_15-44-51 Episode 835: New best reward 45.90, training model saved.
2026-08-11_15-45-38 Episode 862: New best reward 48.10, training model saved.
2026-08-11_15-45-49 Episode 867: New best reward 48.80, training model saved.
2026-08-11_15-46-41 Episode 885: New best reward 57.50, training model saved.
2026-08-11_15-47-39 Episode 907: New best reward 74.80, training model saved.
2026-08-11_15-48-39 Episode 930: New best reward 106.40, training model saved.
2026-08-11_15-49-20 Episode 937: New best reward 116.30, training model saved.
2026-08-11_15-50-38 Episode 950: New best reward 120.80, training model saved.
2026-08-11_15-51-00 Episode 952: New best reward 143.90, training model saved.
2026-08-11_15-52-55 Episode 966: New best reward 151.10, training model saved.
2026-08-11_15-56-11 Episode 1000: New best greedy reward 26.90, model saved.
2026-08-11_15-56-59 Episode 1007: New best reward 152.90, training model saved.
2026-08-11_15-57-39 Episode 1012: New best reward 209.80, training model saved.
2026-08-11_15-59-52: Training starting...
Device: cuda
2026-08-11_15-59-52 Episode 0: New best reward 2.00, training model saved.
2026-08-11_15-59-53 Episode 0: New best greedy reward 2.00, model saved.
2026-08-11_15-59-53 Episode 1: New best reward 3.90, training model saved.
2026-08-11_15-59-55 Episode 5: New best reward 4.30, training model saved.
2026-08-11_15-59-57 Episode 10: New best reward 4.60, training model saved.
2026-08-11_15-59-57 Episode 11: New best reward 4.80, training model saved.
2026-08-11_16-00-04 Episode 27: New best reward 6.20, training model saved.
2026-08-11_16-00-13 Episode 52: New best reward 8.40, training model saved.
2026-08-11_16-03-10 Episode 341: New best reward 8.80, training model saved.
2026-08-11_16-03-36 Episode 366: New best reward 9.10, training model saved.
2026-08-11_16-03-38 Episode 368: New best reward 9.40, training model saved.
2026-08-11_16-03-57 Episode 387: New best reward 10.80, training model saved.
2026-08-11_16-04-08 Episode 395: New best reward 15.70, training model saved.
2026-08-11_16-05-09 Episode 447: New best reward 20.30, training model saved.
2026-08-11_16-05-19 Episode 452: New best reward 24.80, training model saved.
2026-08-11_16-05-48 Episode 469: New best reward 25.00, training model saved.
2026-08-11_16-05-58 Episode 472: New best reward 41.00, training model saved.
2026-08-11_16-07-01 Episode 502: New best reward 43.70, training model saved.
2026-08-11_16-07-25 Episode 509: New best reward 57.70, training model saved.
2026-08-11_16-08-20 Episode 524: New best reward 76.80, training model saved.
2026-08-11_16-09-48 Episode 554: New best reward 78.40, training model saved.
2026-08-11_16-10-32 Episode 564: New best reward 79.40, training model saved.
2026-08-11_16-14-11 Episode 626: New best reward 93.20, training model saved.
2026-08-11_16-14-48 Episode 632: New best reward 123.30, training model saved.
2026-08-11_16-16-00 Episode 641: New best reward 130.90, training model saved.
2026-08-11_16-17-00 Episode 654: New best reward 169.80, training model saved.
2026-08-11_16-17-40 Episode 656: New best reward 220.70, training model saved.
2026-08-11_16-25-17 Episode 712: New best reward 221.30, training model saved.
2026-08-11_16-28-02 Episode 729: New best reward 290.90, training model saved.
2026-08-11_16-43-54 Episode 824: New best reward 333.00, training model saved.
2026-08-11_16-46-27 Episode 838: New best reward 335.80, training model saved.
2026-08-11_16-47-24 Episode 839: New best reward 449.20, training model saved.
2026-08-11_17-11-01 Episode 956: New best reward 482.40, training model saved.
2026-08-11_17-20-22 Episode 1000: New best greedy reward 135.50, model saved.
2026-08-11_17-25-57: Training starting...
Device: cuda
2026-08-11_17-25-57 Episode 0: New best reward 2.00, training model saved.
2026-08-11_17-25-58 Episode 0: New best greedy reward 2.00, model saved.
2026-08-11_17-25-58 Episode 1: New best reward 3.90, training model saved.
2026-08-11_17-26-01 Episode 7: New best reward 4.30, training model saved.
2026-08-11_17-26-02 Episode 11: New best reward 5.00, training model saved.
2026-08-11_17-26-09 Episode 27: New best reward 6.20, training model saved.
2026-08-11_17-26-39 Episode 102: New best reward 6.70, training model saved.
2026-08-11_17-26-40 Episode 103: New best reward 8.40, training model saved.
2026-08-11_17-27-51 Episode 237: New best reward 9.10, training model saved.
2026-08-11_17-28-54 Episode 301: New best reward 18.30, training model saved.
2026-08-11_17-30-12 Episode 360: New best reward 26.90, training model saved.
2026-08-11_17-30-26 Episode 369: New best reward 29.20, training model saved.
2026-08-11_17-31-02 Episode 387: New best reward 41.00, training model saved.
2026-08-11_17-31-12 Episode 388: New best reward 73.90, training model saved.
2026-08-11_17-34-44 Episode 468: New best reward 81.30, training model saved.
2026-08-11_17-35-02 Episode 469: New best reward 141.20, training model saved.
2026-08-11_17-35-29 Episode 472: New best reward 158.00, training model saved.
2026-08-11_17-41-25 Episode 534: New best reward 176.60, training model saved.
2026-08-11_17-45-18 Episode 575: New best reward 180.90, training model saved.
2026-08-11_17-46-23 Episode 583: New best reward 204.40, training model saved.
2026-08-11_17-51-10: Training starting...
Device: cuda
2026-08-11_17-51-10 Episode 0: New best reward 2.00, training model saved.
2026-08-11_17-51-11 Episode 0: New best greedy reward 2.00, model saved.
2026-08-11_17-51-11 Episode 2: New best reward 3.90, training model saved.
2026-08-11_17-51-20 Episode 31: New best reward 4.20, training model saved.
2026-08-11_17-51-37 Episode 83: New best reward 4.30, training model saved.
2026-08-11_17-52-09 Episode 187: New best reward 5.00, training model saved.
2026-08-11_17-53-13 Episode 315: New best reward 8.40, training model saved.
2026-08-11_17-54-22 Episode 390: New best reward 8.60, training model saved.
2026-08-11_17-54-39 Episode 407: New best reward 8.90, training model saved.
2026-08-11_17-54-44 Episode 411: New best reward 9.10, training model saved.
2026-08-11_17-54-58 Episode 425: New best reward 9.30, training model saved.
2026-08-11_17-55-15 Episode 441: New best reward 13.70, training model saved.
2026-08-11_17-55-31 Episode 451: New best reward 27.40, training model saved.
2026-08-11_17-56-13 Episode 480: New best reward 36.90, training model saved.
2026-08-11_17-59-19 Episode 591: New best reward 55.50, training model saved.
2026-08-11_17-59-28: Training starting...
Device: cuda
2026-08-11_17-59-28 Episode 0: New best reward 3.90, training model saved.
2026-08-11_17-59-28 Episode 0: New best greedy reward 2.00, model saved.
2026-08-11_17-59-30 Episode 3: New best reward 4.90, training model saved.
2026-08-11_17-59-37 Episode 20: New best reward 8.40, training model saved.
2026-08-11_18-00-08 Episode 97: New best reward 10.70, training model saved.
2026-08-11_18-04-41 Episode 473: New best reward 11.10, training model saved.
2026-08-11_18-04-57 Episode 490: New best reward 13.80, training model saved.
2026-08-11_18-07-05 Episode 625: New best reward 15.50, training model saved.
2026-08-11_18-07-11 Episode 629: New best reward 22.90, training model saved.
2026-08-11_18-09-29 Episode 744: New best reward 24.80, training model saved.
2026-08-11_18-09-58 Episode 761: New best reward 29.70, training model saved.
2026-08-11_18-10-45 Episode 794: New best reward 31.90, training model saved.
2026-08-11_18-13-03 Episode 893: New best reward 56.00, training model saved.
2026-08-11_18-16-09 Episode 987: New best reward 78.40, training model saved.
2026-08-11_18-16-53 Episode 1000: New best greedy reward 6.80, model saved.
2026-08-11_18-24-01 Episode 1164: New best reward 82.90, training model saved.
2026-08-11_18-27-06 Episode 1213: New best reward 101.90, training model saved.
2026-08-11_18-33-25 Episode 1336: New best reward 109.20, training model saved.
2026-08-11_18-33-41 Episode 1338: New best reward 115.90, training model saved.
2026-08-11_18-54-38 Episode 1659: New best reward 120.90, training model saved.
2026-08-11_18-54-58 Episode 1660: New best reward 153.40, training model saved.
2026-08-11_18-59-03 Episode 1711: New best reward 169.80, training model saved.
2026-08-11_19-17-03: Training starting...
Device: cuda
2026-08-11_19-17-04 Episode 0: New best reward 3.90, training model saved.
2026-08-11_19-17-04 Episode 0: New best greedy reward 2.00, model saved.
2026-08-11_19-17-08 Episode 10: New best reward 4.10, training model saved.
2026-08-11_19-17-15 Episode 27: New best reward 4.80, training model saved.
2026-08-11_19-17-38 Episode 83: New best reward 8.40, training model saved.
2026-08-11_19-20-18 Episode 321: New best reward 11.00, training model saved.
2026-08-11_19-20-29 Episode 330: New best reward 11.30, training model saved.
2026-08-11_19-21-08 Episode 365: New best reward 12.90, training model saved.
2026-08-11_19-21-44 Episode 393: New best reward 15.00, training model saved.
2026-08-11_19-22-56 Episode 445: New best reward 15.80, training model saved.
2026-08-11_19-23-25 Episode 461: New best reward 23.40, training model saved.
2026-08-11_19-25-18 Episode 524: New best reward 43.60, training model saved.
2026-08-11_19-25-43: Training starting...
Device: cuda
2026-08-11_19-25-43 Episode 0: New best reward 2.00, training model saved.
2026-08-11_19-25-43 Episode 0: New best greedy reward 2.00, model saved.
2026-08-11_19-25-43 Episode 1: New best reward 3.50, training model saved.
2026-08-11_19-25-44 Episode 4: New best reward 3.90, training model saved.
2026-08-11_19-25-49 Episode 16: New best reward 4.60, training model saved.
2026-08-11_19-26-01 Episode 51: New best reward 6.00, training model saved.
2026-08-11_19-26-10 Episode 74: New best reward 8.40, training model saved.
2026-08-11_19-28-39 Episode 330: New best reward 14.00, training model saved.
2026-08-11_19-29-12 Episode 355: New best reward 23.40, training model saved.
2026-08-11_19-32-29 Episode 489: New best reward 26.90, training model saved.
2026-08-11_19-32-46 Episode 498: New best reward 29.20, training model saved.
2026-08-11_19-32-56 Episode 502: New best reward 37.20, training model saved.
2026-08-11_19-34-03: Training starting...
Device: cuda
2026-08-11_19-34-04 Episode 0: New best reward 3.90, training model saved.
2026-08-11_19-34-04 Episode 0: New best greedy reward 2.00, model saved.
2026-08-11_19-34-05 Episode 3: New best reward 4.90, training model saved.
2026-08-11_19-34-13 Episode 22: New best reward 6.00, training model saved.
2026-08-11_19-34-16 Episode 27: New best reward 8.90, training model saved.
2026-08-11_19-37-21 Episode 319: New best reward 9.00, training model saved.
2026-08-11_19-37-55 Episode 350: New best reward 10.60, training model saved.
2026-08-11_19-38-09 Episode 361: New best reward 15.30, training model saved.
2026-08-11_19-39-34 Episode 420: New best reward 20.60, training model saved.
2026-08-11_19-40-05 Episode 436: New best reward 26.90, training model saved.
2026-08-11_19-41-19 Episode 475: New best reward 27.30, training model saved.
2026-08-11_19-41-24 Episode 476: New best reward 34.60, training model saved.
2026-08-11_19-42-22 Episode 499: New best reward 46.40, training model saved.
2026-08-11_19-43-10 Episode 514: New best reward 65.00, training model saved.
2026-08-11_19-52-09 Episode 678: New best reward 75.00, training model saved.
2026-08-11_19-54-47 Episode 718: New best reward 83.50, training model saved.
2026-08-11_19-56-51 Episode 747: New best reward 108.80, training model saved.
2026-08-11_20-02-38 Episode 817: New best reward 118.80, training model saved.
2026-08-11_20-03-51: Training starting...
Device: cuda
2026-08-11_20-03-51 Episode 0: New best reward 2.00, training model saved.
2026-08-11_20-03-51 Episode 0: New best greedy reward 2.00, model saved.
2026-08-11_20-03-52 Episode 2: New best reward 3.90, training model saved.
2026-08-11_20-03-58 Episode 21: New best reward 4.20, training model saved.
2026-08-11_20-04-03 Episode 32: New best reward 6.50, training model saved.
2026-08-11_20-07-06 Episode 383: New best reward 6.60, training model saved.
2026-08-11_20-07-14 Episode 391: New best reward 11.20, training model saved.
2026-08-11_20-07-24 Episode 399: New best reward 18.40, training model saved.
2026-08-11_20-08-51 Episode 471: New best reward 18.70, training model saved.
2026-08-11_20-08-58 Episode 475: New best reward 25.20, training model saved.
2026-08-11_20-09-22 Episode 494: New best reward 29.70, training model saved.
2026-08-11_20-09-32 Episode 498: New best reward 36.40, training model saved.
2026-08-11_20-10-19 Episode 520: New best reward 37.20, training model saved.
2026-08-11_20-11-00 Episode 538: New best reward 46.70, training model saved.
2026-08-11_20-11-37 Episode 548: New best reward 71.60, training model saved.
2026-08-11_20-11-55 Episode 550: New best reward 118.70, training model saved.
2026-08-11_20-14-20 Episode 584: New best reward 246.80, training model saved.
2026-08-11_20-28-52: Training starting...
Device: cuda
2026-08-11_20-28-52 Episode 0: New best reward 2.00, training model saved.
2026-08-11_20-28-53 Episode 0: New best greedy reward 2.00, model saved.
2026-08-11_20-28-53 Episode 1: New best reward 3.50, training model saved.
2026-08-11_20-28-54 Episode 4: New best reward 3.90, training model saved.
2026-08-11_20-28-57 Episode 12: New best reward 8.40, training model saved.
2026-08-11_20-31-25 Episode 302: New best reward 8.80, training model saved.
2026-08-11_20-32-36 Episode 375: New best reward 9.00, training model saved.
2026-08-11_20-32-47 Episode 385: New best reward 12.90, training model saved.
2026-08-11_20-34-23 Episode 485: New best reward 14.00, training model saved.
2026-08-11_20-34-41 Episode 501: New best reward 15.30, training model saved.
2026-08-11_20-35-18 Episode 534: New best reward 22.90, training model saved.
2026-08-11_20-35-23 Episode 536: New best reward 27.80, training model saved.
2026-08-11_20-37-17: Training starting...
Device: cuda
2026-08-11_20-37-18 Episode 0: New best reward 8.40, training model saved.
2026-08-11_20-37-18 Episode 0: New best greedy reward 2.00, model saved.
2026-08-11_20-38-00 Episode 104: New best reward 8.80, training model saved.
2026-08-11_20-39-43 Episode 274: New best reward 9.10, training model saved.
2026-08-11_20-41-09 Episode 382: New best reward 10.50, training model saved.
2026-08-11_20-42-57 Episode 514: New best reward 11.20, training model saved.
2026-08-11_20-43-04 Episode 519: New best reward 15.30, training model saved.
2026-08-11_20-44-33 Episode 621: New best reward 17.90, training model saved.
2026-08-11_20-47-02 Episode 770: New best reward 26.90, training model saved.
2026-08-11_20-47-28 Episode 787: New best reward 34.70, training model saved.
2026-08-11_20-49-14 Episode 855: New best reward 56.00, training model saved.
2026-08-11_20-51-58 Episode 931: New best reward 57.70, training model saved.
2026-08-11_20-52-22 Episode 936: New best reward 139.70, training model saved.
2026-08-11_20-55-16 Episode 1000: New best greedy reward 10.80, model saved.
2026-08-11_20-57-47 Episode 1035: New best reward 165.20, training model saved.
2026-08-11_21-02-43: Training starting...
Device: cuda
2026-08-11_21-02-44 Episode 0: New best reward 2.00, training model saved.
2026-08-11_21-02-44 Episode 0: New best greedy reward 2.00, model saved.
2026-08-11_21-02-45 Episode 2: New best reward 3.90, training model saved.
2026-08-11_21-02-47 Episode 9: New best reward 4.00, training model saved.
2026-08-11_21-02-54 Episode 32: New best reward 4.10, training model saved.
2026-08-11_21-03-01 Episode 53: New best reward 6.10, training model saved.
2026-08-11_21-04-09 Episode 261: New best reward 8.40, training model saved.
2026-08-11_21-05-19 Episode 350: New best reward 8.60, training model saved.
2026-08-11_21-05-48 Episode 381: New best reward 10.50, training model saved.
2026-08-11_21-06-45 Episode 441: New best reward 11.10, training model saved.
2026-08-11_21-06-51 Episode 446: New best reward 20.70, training model saved.
2026-08-11_21-07-17 Episode 466: New best reward 22.40, training model saved.
2026-08-11_21-07-27 Episode 472: New best reward 23.00, training model saved.
2026-08-11_21-09-42 Episode 580: New best reward 25.20, training model saved.
2026-08-11_21-11-58 Episode 671: New best reward 41.00, training model saved.
2026-08-11_21-12-57 Episode 709: New best reward 46.60, training model saved.
2026-08-11_21-14-34 Episode 761: New best reward 46.90, training model saved.
2026-08-11_21-15-56 Episode 800: New best reward 48.40, training model saved.
2026-08-11_21-16-48 Episode 819: New best reward 66.80, training model saved.
2026-08-11_21-23-34 Episode 1000: New best greedy reward 15.70, model saved.
2026-08-11_21-28-13: Training starting...
Device: cuda
2026-08-11_21-28-14 Episode 0: New best reward 2.00, training model saved.
2026-08-11_21-28-14 Episode 0: New best greedy reward 2.00, model saved.
2026-08-11_21-28-14 Episode 1: New best reward 3.50, training model saved.
2026-08-11_21-28-15 Episode 4: New best reward 3.90, training model saved.
2026-08-11_21-28-21 Episode 21: New best reward 4.20, training model saved.
2026-08-11_21-28-25 Episode 32: New best reward 6.50, training model saved.
2026-08-11_21-30-33 Episode 320: New best reward 6.70, training model saved.
2026-08-11_21-31-24 Episode 381: New best reward 8.40, training model saved.
2026-08-11_21-32-42 Episode 466: New best reward 9.00, training model saved.
2026-08-11_21-32-43 Episode 467: New best reward 9.20, training model saved.
2026-08-11_21-32-54 Episode 477: New best reward 10.50, training model saved.
2026-08-11_21-32-59 Episode 481: New best reward 10.70, training model saved.
2026-08-11_21-33-01 Episode 482: New best reward 20.40, training model saved.
2026-08-11_21-33-22 Episode 501: New best reward 23.00, training model saved.
2026-08-11_21-34-04 Episode 529: New best reward 24.80, training model saved.
2026-08-11_21-34-10 Episode 531: New best reward 41.50, training model saved.
2026-08-11_21-34-43 Episode 547: New best reward 43.70, training model saved.
2026-08-11_21-35-06 Episode 557: New best reward 57.60, training model saved.
2026-08-11_21-36-08 Episode 583: New best reward 93.50, training model saved.
2026-08-11_21-36-28 Episode 586: New best reward 102.70, training model saved.
2026-08-11_21-37-13 Episode 597: New best reward 113.70, training model saved.
2026-08-11_21-39-09 Episode 627: New best reward 160.10, training model saved.
2026-08-11_21-40-47 Episode 653: New best reward 160.40, training model saved.
2026-08-11_21-41-07 Episode 654: New best reward 165.10, training model saved.
2026-08-11_21-46-20 Episode 732: New best reward 186.90, training model saved.
2026-08-11_21-50-23 Episode 776: New best reward 192.60, training model saved.
2026-08-11_21-51-45 Episode 786: New best reward 232.50, training model saved.
2026-08-11_21-53-13: Training starting...
Device: cuda
2026-08-11_21-53-13 Episode 0: New best reward 2.00, training model saved.
2026-08-11_21-53-13 Episode 0: New best greedy reward 2.00, model saved.
2026-08-11_21-53-14 Episode 2: New best reward 3.90, training model saved.
2026-08-11_21-53-40 Episode 83: New best reward 4.30, training model saved.
2026-08-11_21-54-30 Episode 243: New best reward 4.40, training model saved.
2026-08-11_21-54-45 Episode 274: New best reward 9.40, training model saved.
2026-08-11_22-02-00 Episode 841: New best reward 10.90, training model saved.
2026-08-11_22-02-55 Episode 897: New best reward 15.20, training model saved.
2026-08-11_22-04-24 Episode 1000: New best greedy reward 4.00, model saved.
2026-08-11_22-08-39 Episode 1285: New best reward 20.20, training model saved.
2026-08-11_22-18-31: Training starting...
Device: cuda
2026-08-11_22-18-31 Episode 0: New best reward 2.00, training model saved.
2026-08-11_22-18-31 Episode 0: New best greedy reward 2.00, model saved.
2026-08-11_22-18-32 Episode 1: New best reward 3.50, training model saved.
2026-08-11_22-18-33 Episode 4: New best reward 3.90, training model saved.
2026-08-11_22-18-36 Episode 12: New best reward 8.40, training model saved.
2026-08-11_22-18-59 Episode 72: New best reward 12.90, training model saved.
2026-08-11_22-26-32: Training starting...
Device: cuda
2026-08-11_22-26-33 Episode 0: New best reward 3.90, training model saved.
2026-08-11_22-26-33 Episode 0: New best greedy reward 2.00, model saved.
2026-08-11_22-26-38 Episode 14: New best reward 8.40, training model saved.
2026-08-11_22-27-11 Episode 94: New best reward 9.50, training model saved.
2026-08-11_22-28-46 Episode 263: New best reward 10.70, training model saved.
2026-08-11_22-29-19 Episode 294: New best reward 22.40, training model saved.
2026-08-11_22-30-18 Episode 334: New best reward 34.40, training model saved.
2026-08-11_22-30-57 Episode 354: New best reward 68.90, training model saved.
2026-08-11_22-37-24 Episode 511: New best reward 75.10, training model saved.
2026-08-11_22-39-48 Episode 556: New best reward 123.20, training model saved.
2026-08-11_22-47-08 Episode 684: New best reward 146.80, training model saved.
2026-08-11_22-51-56: Training starting...
Device: cuda
2026-08-11_22-51-56 Episode 0: New best reward 2.00, training model saved.
2026-08-11_22-51-56 Episode 0: New best greedy reward 2.00, model saved.
2026-08-11_22-51-57 Episode 1: New best reward 3.90, training model saved.
2026-08-11_22-51-58 Episode 5: New best reward 4.30, training model saved.
2026-08-11_22-52-00 Episode 10: New best reward 4.60, training model saved.
2026-08-11_22-52-01 Episode 11: New best reward 4.80, training model saved.
2026-08-11_22-52-07 Episode 27: New best reward 6.20, training model saved.
2026-08-11_22-52-16 Episode 51: New best reward 8.40, training model saved.
2026-08-11_22-52-35 Episode 102: New best reward 8.50, training model saved.
2026-08-11_22-54-17 Episode 271: New best reward 11.20, training model saved.
2026-08-11_22-57-58 Episode 479: New best reward 13.90, training model saved.
2026-08-11_23-01-57 Episode 680: New best reward 15.60, training model saved.
2026-08-11_23-05-07 Episode 818: New best reward 17.90, training model saved.
2026-08-11_23-05-20 Episode 826: New best reward 20.40, training model saved.
2026-08-11_23-05-59 Episode 850: New best reward 24.60, training model saved.
2026-08-11_23-09-22 Episode 984: New best reward 29.40, training model saved.
2026-08-11_23-09-42 Episode 992: New best reward 31.30, training model saved.
2026-08-11_23-09-56 Episode 1000: New best greedy reward 6.80, model saved.
2026-08-11_23-10-21 Episode 1012: New best reward 31.90, training model saved.
2026-08-11_23-17-52 Episode 1265: New best reward 32.00, training model saved.
2026-08-11_23-18-12 Episode 1273: New best reward 47.00, training model saved.
2026-08-11_23-20-39: Training starting...
Device: cuda
2026-08-11_23-20-39 Episode 0: New best reward 3.90, training model saved.
2026-08-11_23-20-40 Episode 0: New best greedy reward 2.00, model saved.
2026-08-11_23-20-45 Episode 14: New best reward 8.40, training model saved.
2026-08-11_23-21-03 Episode 59: New best reward 9.00, training model saved.
2026-08-11_23-23-51 Episode 330: New best reward 12.90, training model saved.
2026-08-11_23-23-54 Episode 332: New best reward 15.30, training model saved.
2026-08-11_23-25-54 Episode 443: New best reward 25.20, training model saved.
2026-08-11_23-26-20 Episode 460: New best reward 31.90, training model saved.
2026-08-11_23-28-31: Training starting...
Device: cuda
2026-08-11_23-28-32 Episode 0: New best reward 3.90, training model saved.
2026-08-11_23-28-32 Episode 0: New best greedy reward 2.00, model saved.
2026-08-11_23-28-33 Episode 3: New best reward 4.90, training model saved.
2026-08-11_23-28-41 Episode 22: New best reward 6.00, training model saved.
2026-08-11_23-28-43 Episode 26: New best reward 6.20, training model saved.
2026-08-11_23-28-58 Episode 66: New best reward 8.70, training model saved.
2026-08-11_23-31-29 Episode 306: New best reward 9.00, training model saved.
2026-08-11_23-31-42 Episode 318: New best reward 10.80, training model saved.
2026-08-11_23-32-14 Episode 347: New best reward 13.40, training model saved.
2026-08-11_23-32-24 Episode 355: New best reward 18.80, training model saved.
2026-08-11_23-32-33 Episode 363: New best reward 20.60, training model saved.
2026-08-11_23-32-39 Episode 365: New best reward 32.40, training model saved.
2026-08-11_23-33-20 Episode 387: New best reward 55.10, training model saved.
2026-08-11_23-33-28 Episode 388: New best reward 55.50, training model saved.
2026-08-11_23-36-31 Episode 451: New best reward 74.70, training model saved.
2026-08-11_23-37-32 Episode 464: New best reward 93.40, training model saved.
2026-08-11_23-38-25 Episode 475: New best reward 188.80, training model saved.
2026-08-11_23-39-41 Episode 480: New best reward 204.40, training model saved.
2026-08-11_23-41-27 Episode 490: New best reward 239.20, training model saved.
2026-08-11_23-46-47 Episode 524: New best reward 407.80, training model saved.
2026-08-11_23-51-05 Episode 546: New best reward 415.30, training model saved.
2026-08-12_00-08-23 Episode 606: New best reward 474.90, training model saved.
2026-08-12_00-12-17 Episode 616: New best reward 867.00, training model saved.
2026-08-12_00-39-17 Episode 669: New best reward 981.50, training model saved.
2026-08-12_00-47-24: Training starting...
Device: cuda
2026-08-12_00-47-24 Episode 0: New best reward 3.90, training model saved.
2026-08-12_00-47-25 Episode 0: New best greedy reward 2.00, model saved.
2026-08-12_00-47-26 Episode 3: New best reward 4.90, training model saved.
2026-08-12_00-47-34 Episode 22: New best reward 6.00, training model saved.
2026-08-12_00-47-52 Episode 66: New best reward 8.70, training model saved.
2026-08-12_00-50-00 Episode 290: New best reward 13.50, training model saved.
2026-08-12_00-50-46 Episode 333: New best reward 18.30, training model saved.
2026-08-12_00-51-13 Episode 356: New best reward 20.10, training model saved.
2026-08-12_00-51-19 Episode 361: New best reward 20.40, training model saved.
2026-08-12_00-51-36 Episode 372: New best reward 22.40, training model saved.
2026-08-12_00-52-39 Episode 414: New best reward 25.30, training model saved.
2026-08-12_00-53-14 Episode 436: New best reward 32.20, training model saved.
2026-08-12_00-53-37 Episode 447: New best reward 34.80, training model saved.
2026-08-12_00-55-32 Episode 505: New best reward 40.90, training model saved.
2026-08-12_00-56-28 Episode 522: New best reward 132.80, training model saved.
2026-08-12_01-00-58 Episode 582: New best reward 179.30, training model saved.
2026-08-12_01-12-49: Training starting...
Device: cuda
2026-08-12_01-12-49 Episode 0: New best reward 3.90, training model saved.
2026-08-12_01-12-50 Episode 0: New best greedy reward 2.00, model saved.
2026-08-12_01-12-56 Episode 16: New best reward 4.10, training model saved.
2026-08-12_01-12-57 Episode 18: New best reward 4.30, training model saved.
2026-08-12_01-12-58 Episode 21: New best reward 4.40, training model saved.
2026-08-12_01-13-05 Episode 40: New best reward 4.60, training model saved.
2026-08-12_01-13-08 Episode 47: New best reward 6.10, training model saved.
2026-08-12_01-13-09 Episode 50: New best reward 8.40, training model saved.
2026-08-12_01-13-38 Episode 122: New best reward 8.70, training model saved.
2026-08-12_01-15-42 Episode 304: New best reward 10.80, training model saved.
2026-08-12_01-15-46 Episode 308: New best reward 11.00, training model saved.
2026-08-12_01-16-09 Episode 325: New best reward 13.30, training model saved.
2026-08-12_01-17-18 Episode 376: New best reward 19.00, training model saved.
2026-08-12_01-17-47 Episode 393: New best reward 29.50, training model saved.
2026-08-12_01-18-17 Episode 411: New best reward 33.00, training model saved.
2026-08-12_01-18-40 Episode 424: New best reward 34.70, training model saved.
2026-08-12_01-20-28 Episode 474: New best reward 43.80, training model saved.
2026-08-12_01-22-36 Episode 533: New best reward 47.00, training model saved.
2026-08-12_01-22-51 Episode 536: New best reward 51.00, training model saved.
2026-08-12_01-23-25 Episode 541: New best reward 99.80, training model saved.
2026-08-12_01-24-43 Episode 562: New best reward 116.40, training model saved.
2026-08-12_01-25-52 Episode 579: New best reward 141.80, training model saved.
2026-08-12_01-35-57 Episode 712: New best reward 209.00, training model saved.
2026-08-12_01-43-08 Episode 776: New best reward 211.40, training model saved.
2026-08-12_01-43-49 Episode 777: New best reward 321.10, training model saved.
2026-08-12_02-18-59 Episode 998: New best reward 418.90, training model saved.
2026-08-12_02-19-20 Episode 1000: New best greedy reward 120.40, model saved.
2026-08-12_02-34-58: Training starting...
Device: cuda
2026-08-12_02-34-58 Episode 0: New best reward 3.90, training model saved.
2026-08-12_02-34-58 Episode 0: New best greedy reward 2.00, model saved.
2026-08-12_02-35-04 Episode 14: New best reward 8.40, training model saved.
2026-08-12_02-35-23 Episode 59: New best reward 9.00, training model saved.
2026-08-12_02-35-28 Episode 69: New best reward 9.40, training model saved.
2026-08-12_02-37-05 Episode 235: New best reward 12.90, training model saved.
2026-08-12_02-37-28 Episode 255: New best reward 18.50, training model saved.
2026-08-12_02-37-52 Episode 272: New best reward 20.10, training model saved.
2026-08-12_02-38-02 Episode 277: New best reward 20.30, training model saved.
2026-08-12_02-39-57 Episode 353: New best reward 23.50, training model saved.
2026-08-12_02-40-14 Episode 362: New best reward 25.20, training model saved.
2026-08-12_02-40-55 Episode 386: New best reward 27.30, training model saved.
2026-08-12_02-41-42 Episode 413: New best reward 27.70, training model saved.
2026-08-12_02-42-23 Episode 435: New best reward 29.10, training model saved.
2026-08-12_02-42-58 Episode 452: New best reward 65.30, training model saved.
2026-08-12_02-43-54: Training starting...
Device: cuda
2026-08-12_02-43-54 Episode 0: New best reward 2.00, training model saved.
2026-08-12_02-43-54 Episode 0: New best greedy reward 2.00, model saved.
2026-08-12_02-43-55 Episode 1: New best reward 3.90, training model saved.
2026-08-12_02-43-57 Episode 7: New best reward 4.30, training model saved.
2026-08-12_02-43-59 Episode 11: New best reward 5.00, training model saved.
2026-08-12_02-44-05 Episode 27: New best reward 6.20, training model saved.
2026-08-12_02-44-29 Episode 87: New best reward 8.40, training model saved.
2026-08-12_02-46-17 Episode 276: New best reward 9.30, training model saved.
2026-08-12_02-46-33 Episode 291: New best reward 15.00, training model saved.
2026-08-12_02-46-38 Episode 293: New best reward 18.90, training model saved.
2026-08-12_02-47-21 Episode 324: New best reward 20.80, training model saved.
2026-08-12_02-47-40 Episode 335: New best reward 56.10, training model saved.
2026-08-12_02-51-34 Episode 449: New best reward 62.60, training model saved.
2026-08-12_02-51-47 Episode 452: New best reward 62.80, training model saved.
2026-08-12_02-52-32 Episode 465: New best reward 95.20, training model saved.
2026-08-12_03-00-17 Episode 610: New best reward 138.90, training model saved.
2026-08-12_03-11-02: Training starting...
Device: cuda
2026-08-12_03-11-03 Episode 0: New best reward 3.90, training model saved.
2026-08-12_03-11-03 Episode 0: New best greedy reward 2.00, model saved.
2026-08-12_03-11-12 Episode 21: New best reward 6.40, training model saved.
2026-08-12_03-11-23 Episode 50: New best reward 8.40, training model saved.
2026-08-12_03-11-52 Episode 122: New best reward 8.70, training model saved.
2026-08-12_03-13-19 Episode 266: New best reward 8.90, training model saved.
2026-08-12_03-13-32 Episode 278: New best reward 11.00, training model saved.
2026-08-12_03-13-59 Episode 302: New best reward 17.90, training model saved.
2026-08-12_03-15-04 Episode 355: New best reward 27.00, training model saved.
2026-08-12_03-18-01 Episode 466: New best reward 29.70, training model saved.
2026-08-12_03-18-24 Episode 478: New best reward 34.20, training model saved.
2026-08-12_03-18-30 Episode 480: New best reward 36.40, training model saved.
2026-08-12_03-18-48 Episode 486: New best reward 69.00, training model saved.
2026-08-12_03-18-58: Training starting...
Device: cuda
2026-08-12_03-18-59 Episode 0: New best reward 3.90, training model saved.
2026-08-12_03-18-59 Episode 0: New best greedy reward 2.00, model saved.
2026-08-12_03-19-05 Episode 16: New best reward 4.10, training model saved.
2026-08-12_03-19-06 Episode 18: New best reward 4.30, training model saved.
2026-08-12_03-19-07 Episode 21: New best reward 4.40, training model saved.
2026-08-12_03-19-13 Episode 37: New best reward 4.70, training model saved.
2026-08-12_03-19-17 Episode 46: New best reward 4.80, training model saved.
2026-08-12_03-19-18 Episode 49: New best reward 6.20, training model saved.
2026-08-12_03-19-19 Episode 50: New best reward 9.30, training model saved.
2026-08-12_03-21-15 Episode 272: New best reward 10.50, training model saved.
2026-08-12_03-22-44 Episode 381: New best reward 11.00, training model saved.
2026-08-12_03-22-46 Episode 382: New best reward 13.90, training model saved.
2026-08-12_03-22-56 Episode 390: New best reward 17.90, training model saved.
2026-08-12_03-26-34 Episode 624: New best reward 20.50, training model saved.
2026-08-12_03-26-40 Episode 627: New best reward 31.90, training model saved.
2026-08-12_03-26-47 Episode 629: New best reward 43.10, training model saved.
2026-08-12_03-31-14 Episode 843: New best reward 55.60, training model saved.
2026-08-12_03-32-02 Episode 863: New best reward 59.90, training model saved.
2026-08-12_03-32-58 Episode 884: New best reward 60.20, training model saved.
2026-08-12_03-33-20 Episode 890: New best reward 79.40, training model saved.
2026-08-12_03-34-55 Episode 917: New best reward 115.90, training model saved.
2026-08-12_03-35-18 Episode 920: New best reward 132.80, training model saved.
2026-08-12_03-42-11 Episode 992: New best reward 149.40, training model saved.
2026-08-12_03-42-42 Episode 1000: New best greedy reward 4.40, model saved.
2026-08-12_03-47-48 Episode 1056: New best reward 159.10, training model saved.
2026-08-12_03-48-12 Episode 1058: New best reward 167.30, training model saved.
2026-08-12_03-50-56 Episode 1086: New best reward 171.90, training model saved.
2026-08-12_03-54-28 Episode 1121: New best reward 230.40, training model saved.
2026-08-12_03-55-22 Episode 1126: New best reward 313.10, training model saved.
2026-08-12_04-06-47 Episode 1194: New best reward 433.10, training model saved.
2026-08-12_04-14-41 Episode 1237: New best reward 437.90, training model saved.
2026-08-12_04-36-13: Training starting...
Device: cuda
2026-08-12_04-36-14 Episode 0: New best reward 2.00, training model saved.
2026-08-12_04-36-14 Episode 0: New best greedy reward 2.00, model saved.
2026-08-12_04-36-14 Episode 1: New best reward 3.90, training model saved.
2026-08-12_04-36-16 Episode 5: New best reward 4.30, training model saved.
2026-08-12_04-36-18 Episode 10: New best reward 4.60, training model saved.
2026-08-12_04-36-19 Episode 11: New best reward 4.80, training model saved.
2026-08-12_04-36-25 Episode 27: New best reward 6.20, training model saved.
2026-08-12_04-36-34 Episode 52: New best reward 8.40, training model saved.
2026-08-12_04-38-39 Episode 283: New best reward 8.90, training model saved.
2026-08-12_04-39-54 Episode 368: New best reward 11.10, training model saved.
2026-08-12_04-40-26 Episode 402: New best reward 15.10, training model saved.
2026-08-12_04-41-31 Episode 466: New best reward 17.90, training model saved.
2026-08-12_04-42-01 Episode 494: New best reward 37.20, training model saved.
2026-08-12_04-45-28 Episode 661: New best reward 45.90, training model saved.
2026-08-12_04-47-21 Episode 729: New best reward 69.70, training model saved.
2026-08-12_04-49-54 Episode 804: New best reward 85.70, training model saved.
2026-08-12_04-52-21 Episode 851: New best reward 127.70, training model saved.
2026-08-12_04-55-36 Episode 894: New best reward 130.20, training model saved.
2026-08-12_05-01-44 Episode 975: New best reward 209.30, training model saved.
2026-08-12_05-02-25: Training starting...
Device: cuda
2026-08-12_05-02-26 Episode 0: New best reward 3.90, training model saved.
2026-08-12_05-02-26 Episode 0: New best greedy reward 2.00, model saved.
2026-08-12_05-02-27 Episode 3: New best reward 4.90, training model saved.
2026-08-12_05-02-35 Episode 22: New best reward 6.00, training model saved.
2026-08-12_05-02-37 Episode 27: New best reward 8.90, training model saved.
2026-08-12_05-05-22 Episode 310: New best reward 12.90, training model saved.
2026-08-12_05-09-46 Episode 586: New best reward 22.40, training model saved.
2026-08-12_05-11-11 Episode 661: New best reward 27.60, training model saved.
2026-08-12_05-14-15 Episode 794: New best reward 43.20, training model saved.
2026-08-12_05-17-14 Episode 872: New best reward 47.00, training model saved.
2026-08-12_05-17-24 Episode 873: New best reward 76.80, training model saved.
2026-08-12_05-20-00 Episode 914: New best reward 113.70, training model saved.
2026-08-12_05-20-48 Episode 922: New best reward 183.40, training model saved.
2026-08-12_05-26-44 Episode 989: New best reward 252.00, training model saved.
2026-08-12_05-27-37 Episode 1000: New best greedy reward 11.30, model saved.
2026-08-12_05-33-29 Episode 1042: New best reward 384.70, training model saved.
2026-08-12_05-42-44 Episode 1093: New best reward 438.80, training model saved.
2026-08-12_05-44-09 Episode 1094: New best reward 653.00, training model saved.
2026-08-12_06-25-12: Training starting...
Device: cuda
2026-08-12_06-25-13 Episode 0: New best reward 3.90, training model saved.
2026-08-12_06-25-13 Episode 0: New best greedy reward 2.00, model saved.
2026-08-12_06-25-14 Episode 3: New best reward 4.90, training model saved.
2026-08-12_06-25-22 Episode 20: New best reward 8.40, training model saved.
2026-08-12_06-25-55 Episode 97: New best reward 10.70, training model saved.
2026-08-12_06-29-26 Episode 375: New best reward 10.90, training model saved.
2026-08-12_06-29-32 Episode 380: New best reward 13.50, training model saved.
2026-08-12_06-31-37 Episode 490: New best reward 15.00, training model saved.
2026-08-12_06-31-51 Episode 502: New best reward 15.70, training model saved.
2026-08-12_06-32-05 Episode 509: New best reward 43.70, training model saved.
2026-08-12_06-34-43 Episode 598: New best reward 46.30, training model saved.
2026-08-12_06-36-12 Episode 631: New best reward 50.60, training model saved.
2026-08-12_06-36-47 Episode 642: New best reward 75.00, training model saved.
2026-08-12_06-37-35 Episode 654: New best reward 99.70, training model saved.
2026-08-12_06-38-32 Episode 660: New best reward 190.80, training model saved.
2026-08-12_06-45-32 Episode 713: New best reward 235.00, training model saved.
2026-08-12_06-47-13 Episode 718: New best reward 314.20, training model saved.
2026-08-12_06-50-03 Episode 734: New best reward 341.00, training model saved.
2026-08-12_06-57-06 Episode 759: New best reward 365.40, training model saved.
2026-08-12_06-59-22 Episode 765: New best reward 444.80, training model saved.
2026-08-12_07-01-27 Episode 768: New best reward 456.90, training model saved.
2026-08-12_07-09-04 Episode 795: New best reward 468.80, training model saved.
2026-08-12_07-17-57 Episode 827: New best reward 1051.80, training model saved.
2026-08-12_07-45-39: Training starting...
Device: cuda
2026-08-12_07-45-40 Episode 0: New best reward 2.00, training model saved.
2026-08-12_07-45-40 Episode 0: New best greedy reward 2.00, model saved.
2026-08-12_07-45-40 Episode 1: New best reward 3.50, training model saved.
2026-08-12_07-45-41 Episode 4: New best reward 3.90, training model saved.
2026-08-12_07-45-45 Episode 12: New best reward 8.40, training model saved.
2026-08-12_07-46-07 Episode 72: New best reward 12.90, training model saved.
2026-08-12_07-48-20 Episode 308: New best reward 15.80, training model saved.
2026-08-12_07-48-46 Episode 331: New best reward 20.80, training model saved.
2026-08-12_07-49-54 Episode 388: New best reward 27.50, training model saved.
2026-08-12_07-50-26 Episode 399: New best reward 65.10, training model saved.
2026-08-12_07-51-03 Episode 408: New best reward 76.80, training model saved.
2026-08-12_07-51-40 Episode 415: New best reward 93.30, training model saved.
2026-08-12_07-51-52 Episode 416: New best reward 95.20, training model saved.
2026-08-12_07-52-57 Episode 425: New best reward 225.10, training model saved.
2026-08-12_08-13-34 Episode 582: New best reward 466.50, training model saved.
2026-08-12_08-23-39 Episode 626: New best reward 527.10, training model saved.
2026-08-12_08-34-20 Episode 668: New best reward 573.20, training model saved.
2026-08-12_09-00-38: Training starting...
Device: cuda
2026-08-12_09-00-39 Episode 0: New best reward 3.90, training model saved.
2026-08-12_09-00-39 Episode 0: New best greedy reward 2.00, model saved.
2026-08-12_09-00-40 Episode 3: New best reward 4.90, training model saved.
2026-08-12_09-00-48 Episode 20: New best reward 8.40, training model saved.
2026-08-12_09-01-20 Episode 97: New best reward 10.70, training model saved.
2026-08-12_09-06-18 Episode 511: New best reward 10.90, training model saved.
2026-08-12_09-06-22 Episode 515: New best reward 12.90, training model saved.
2026-08-12_09-07-48 Episode 599: New best reward 13.20, training model saved.
2026-08-12_09-08-10 Episode 618: New best reward 13.80, training model saved.
2026-08-12_09-08-19 Episode 624: New best reward 20.30, training model saved.
2026-08-12_09-08-42: Training starting...
Device: cuda
2026-08-12_09-08-42 Episode 0: New best reward 3.90, training model saved.
2026-08-12_09-08-42 Episode 0: New best greedy reward 2.00, model saved.
2026-08-12_09-08-43 Episode 3: New best reward 4.90, training model saved.
2026-08-12_09-08-47 Episode 10: New best reward 8.90, training model saved.
2026-08-12_09-11-00 Episode 268: New best reward 9.30, training model saved.
2026-08-12_09-11-09 Episode 277: New best reward 12.90, training model saved.
2026-08-12_09-14-31 Episode 518: New best reward 22.40, training model saved.
2026-08-12_09-14-58 Episode 539: New best reward 36.70, training model saved.
2026-08-12_09-16-37: Training starting...
Device: cuda
2026-08-12_09-16-37 Episode 0: New best reward 3.90, training model saved.
2026-08-12_09-16-38 Episode 0: New best greedy reward 2.00, model saved.
2026-08-12_09-16-44 Episode 16: New best reward 4.10, training model saved.
2026-08-12_09-16-45 Episode 18: New best reward 4.30, training model saved.
2026-08-12_09-16-46 Episode 21: New best reward 4.40, training model saved.
2026-08-12_09-16-52 Episode 37: New best reward 4.70, training model saved.
2026-08-12_09-16-55 Episode 46: New best reward 4.80, training model saved.
2026-08-12_09-16-57 Episode 49: New best reward 6.20, training model saved.
2026-08-12_09-16-57 Episode 50: New best reward 9.30, training model saved.
2026-08-12_09-24-27: Training starting...
Device: cuda
2026-08-12_09-24-27 Episode 0: New best reward 3.90, training model saved.
2026-08-12_09-24-28 Episode 0: New best greedy reward 2.00, model saved.
2026-08-12_09-24-33 Episode 16: New best reward 4.10, training model saved.
2026-08-12_09-24-34 Episode 18: New best reward 4.30, training model saved.
2026-08-12_09-24-35 Episode 21: New best reward 4.40, training model saved.
2026-08-12_09-24-42 Episode 37: New best reward 4.70, training model saved.
2026-08-12_09-24-45 Episode 46: New best reward 4.80, training model saved.
2026-08-12_09-24-46 Episode 49: New best reward 6.20, training model saved.
2026-08-12_09-24-47 Episode 50: New best reward 9.30, training model saved.
2026-08-12_09-35-39 Episode 943: New best reward 15.60, training model saved.
2026-08-12_09-36-31 Episode 997: New best reward 15.70, training model saved.
2026-08-12_09-36-35 Episode 1000: New best greedy reward 4.10, model saved.
2026-08-12_09-37-09 Episode 1032: New best reward 18.00, training model saved.
2026-08-12_09-37-16 Episode 1037: New best reward 20.20, training model saved.
2026-08-12_09-38-15 Episode 1089: New best reward 20.30, training model saved.
2026-08-12_09-38-49 Episode 1114: New best reward 25.20, training model saved.
2026-08-12_09-39-11 Episode 1129: New best reward 39.00, training model saved.
2026-08-12_09-40-24 Episode 1173: New best reward 42.00, training model saved.
2026-08-12_09-40-47 Episode 1182: New best reward 43.40, training model saved.
2026-08-12_09-42-37 Episode 1232: New best reward 45.90, training model saved.
2026-08-12_09-43-04 Episode 1242: New best reward 83.40, training model saved.
2026-08-12_09-43-18 Episode 1245: New best reward 90.10, training model saved.
2026-08-12_09-46-23 Episode 1296: New best reward 109.30, training model saved.
2026-08-12_09-50-07 Episode 1351: New best reward 153.20, training model saved.
2026-08-12_09-54-50 Episode 1399: New best reward 264.90, training model saved.
2026-08-12_09-57-56 Episode 1413: New best reward 284.70, training model saved.
2026-08-12_10-00-47 Episode 1426: New best reward 333.10, training model saved.
2026-08-12_10-02-48 Episode 1433: New best reward 401.40, training model saved.
2026-08-12_10-05-22 Episode 1434: New best reward 1280.60, training model saved.
2026-08-12_10-40-12: Training starting...
Device: cuda
2026-08-12_10-40-12 Episode 0: New best reward 2.00, training model saved.
2026-08-12_10-40-13 Episode 0: New best greedy reward 2.00, model saved.
2026-08-12_10-40-13 Episode 2: New best reward 3.90, training model saved.
2026-08-12_10-40-23 Episode 31: New best reward 4.10, training model saved.
2026-08-12_10-40-40 Episode 83: New best reward 4.30, training model saved.
2026-08-12_10-41-46 Episode 272: New best reward 4.70, training model saved.
2026-08-12_10-41-50 Episode 275: New best reward 4.90, training model saved.
2026-08-12_10-45-14 Episode 470: New best reward 5.00, training model saved.
2026-08-12_10-46-38 Episode 550: New best reward 8.40, training model saved.
2026-08-12_10-47-04 Episode 573: New best reward 8.70, training model saved.
2026-08-12_10-47-41 Episode 605: New best reward 8.90, training model saved.
2026-08-12_10-48-36 Episode 651: New best reward 11.30, training model saved.
2026-08-12_10-49-18 Episode 680: New best reward 15.60, training model saved.
2026-08-12_10-50-02: Training starting...
Device: cuda
2026-08-12_10-50-02 Episode 0: New best reward 2.00, training model saved.
2026-08-12_10-50-02 Episode 0: New best greedy reward 2.00, model saved.
2026-08-12_10-50-03 Episode 1: New best reward 3.90, training model saved.
2026-08-12_10-50-04 Episode 5: New best reward 4.30, training model saved.
2026-08-12_10-50-06 Episode 10: New best reward 4.60, training model saved.
2026-08-12_10-50-07 Episode 11: New best reward 4.80, training model saved.
2026-08-12_10-50-13 Episode 27: New best reward 6.20, training model saved.
2026-08-12_10-50-22 Episode 51: New best reward 8.40, training model saved.
2026-08-12_10-50-42 Episode 102: New best reward 8.50, training model saved.
2026-08-12_10-54-16 Episode 414: New best reward 9.00, training model saved.
2026-08-12_10-58-22: Training starting...
Device: cuda
2026-08-12_10-58-23 Episode 0: New best reward 3.90, training model saved.
2026-08-12_10-58-23 Episode 0: New best greedy reward 2.00, model saved.
2026-08-12_10-58-28 Episode 14: New best reward 8.40, training model saved.
2026-08-12_11-02-05 Episode 379: New best reward 9.20, training model saved.
2026-08-12_11-02-13 Episode 388: New best reward 9.40, training model saved.
2026-08-12_11-02-30 Episode 407: New best reward 11.10, training model saved.
2026-08-12_11-03-09 Episode 451: New best reward 13.70, training model saved.
2026-08-12_11-04-22 Episode 532: New best reward 17.90, training model saved.
2026-08-12_11-05-27 Episode 588: New best reward 20.50, training model saved.
2026-08-12_11-05-38 Episode 595: New best reward 34.80, training model saved.
[worker] done. total trials in study: 200
2026-08-11_07-08-16: Training starting...
Device: cuda
2026-08-11_07-08-23 Episode 0: New best reward 2.00, training model saved.
2026-08-11_07-08-23 Episode 0: New best greedy reward 2.00, model saved.
2026-08-11_07-08-24 Episode 1: New best reward 3.50, training model saved.
2026-08-11_07-08-25 Episode 4: New best reward 3.90, training model saved.
2026-08-11_07-08-39 Episode 49: New best reward 4.70, training model saved.
2026-08-11_07-08-40 Episode 50: New best reward 4.80, training model saved.
2026-08-11_07-08-46 Episode 68: New best reward 5.00, training model saved.
2026-08-11_07-09-34 Episode 215: New best reward 6.00, training model saved.
2026-08-11_07-09-41 Episode 233: New best reward 8.40, training model saved.
2026-08-11_07-11-46 Episode 386: New best reward 9.10, training model saved.
2026-08-11_07-12-08 Episode 410: New best reward 9.50, training model saved.
2026-08-11_07-12-17 Episode 417: New best reward 17.90, training model saved.
2026-08-11_07-12-56 Episode 456: New best reward 18.00, training model saved.
2026-08-11_07-13-49 Episode 499: New best reward 26.90, training model saved.
2026-08-11_07-14-56 Episode 535: New best reward 33.00, training model saved.
2026-08-11_07-15-07 Episode 541: New best reward 48.30, training model saved.
2026-08-11_07-15-59 Episode 569: New best reward 59.90, training model saved.
2026-08-11_07-16-16 Episode 573: New best reward 65.50, training model saved.
2026-08-11_07-16-41 Episode 577: New best reward 74.00, training model saved.
2026-08-11_07-18-16 Episode 613: New best reward 99.80, training model saved.
2026-08-11_07-21-02 Episode 657: New best reward 106.40, training model saved.
2026-08-11_07-21-17 Episode 659: New best reward 109.10, training model saved.
2026-08-11_07-21-52 Episode 664: New best reward 172.30, training model saved.
2026-08-11_07-26-16 Episode 708: New best reward 177.20, training model saved.
2026-08-11_07-28-08 Episode 726: New best reward 207.30, training model saved.
2026-08-11_07-35-14 Episode 784: New best reward 269.90, training model saved.
2026-08-11_07-41-46 Episode 830: New best reward 372.40, training model saved.
2026-08-11_08-10-14 Episode 1000: New best greedy reward 54.90, model saved.
2026-08-11_08-27-38: Training starting...
Device: cuda
2026-08-11_08-27-38 Episode 0: New best reward 2.00, training model saved.
2026-08-11_08-27-38 Episode 0: New best greedy reward 2.00, model saved.
2026-08-11_08-27-39 Episode 2: New best reward 3.90, training model saved.
2026-08-11_08-28-04 Episode 83: New best reward 4.30, training model saved.
2026-08-11_08-28-53 Episode 243: New best reward 4.40, training model saved.
2026-08-11_08-36-59: Training starting...
Device: cuda
2026-08-11_08-37-00 Episode 0: New best reward 3.90, training model saved.
2026-08-11_08-37-00 Episode 0: New best greedy reward 2.00, model saved.
2026-08-11_08-37-04 Episode 10: New best reward 4.10, training model saved.
2026-08-11_08-37-11 Episode 27: New best reward 4.80, training model saved.
2026-08-11_08-37-34 Episode 83: New best reward 8.40, training model saved.
2026-08-11_08-49-08 Episode 971: New best reward 8.50, training model saved.
2026-08-11_08-49-14 Episode 977: New best reward 8.70, training model saved.
2026-08-11_08-49-35 Episode 1000: New best greedy reward 3.90, model saved.
2026-08-11_08-49-46 Episode 1012: New best reward 9.00, training model saved.
2026-08-11_08-49-54 Episode 1020: New best reward 9.50, training model saved.
2026-08-11_08-50-19 Episode 1046: New best reward 10.80, training model saved.
2026-08-11_08-50-42 Episode 1069: New best reward 11.10, training model saved.
2026-08-11_08-52-40 Episode 1187: New best reward 11.20, training model saved.
2026-08-11_08-52-57 Episode 1201: New best reward 12.90, training model saved.
2026-08-11_09-03-23: Training starting...
Device: cuda
2026-08-11_09-03-23 Episode 0: New best reward 2.00, training model saved.
2026-08-11_09-03-23 Episode 0: New best greedy reward 2.00, model saved.
2026-08-11_09-03-24 Episode 1: New best reward 3.50, training model saved.
2026-08-11_09-03-25 Episode 4: New best reward 3.90, training model saved.
2026-08-11_09-03-41 Episode 51: New best reward 4.90, training model saved.
2026-08-11_09-03-47 Episode 67: New best reward 6.20, training model saved.
2026-08-11_09-03-52 Episode 77: New best reward 8.70, training model saved.
2026-08-11_09-07-07 Episode 401: New best reward 10.50, training model saved.
2026-08-11_09-07-20 Episode 415: New best reward 10.90, training model saved.
2026-08-11_09-07-38 Episode 434: New best reward 11.10, training model saved.
2026-08-11_09-07-55 Episode 450: New best reward 11.20, training model saved.
2026-08-11_09-08-07 Episode 461: New best reward 15.10, training model saved.
2026-08-11_09-08-40 Episode 488: New best reward 15.20, training model saved.
2026-08-11_09-08-43 Episode 489: New best reward 23.60, training model saved.
2026-08-11_09-09-00 Episode 498: New best reward 27.50, training model saved.
2026-08-11_09-09-24 Episode 510: New best reward 31.90, training model saved.
2026-08-11_09-09-53 Episode 525: New best reward 37.30, training model saved.
2026-08-11_09-11-11 Episode 560: New best reward 43.60, training model saved.
2026-08-11_09-12-39 Episode 595: New best reward 71.60, training model saved.
2026-08-11_09-14-03 Episode 628: New best reward 79.00, training model saved.
2026-08-11_09-16-35 Episode 666: New best reward 124.90, training model saved.
2026-08-11_09-18-35 Episode 687: New best reward 167.40, training model saved.
2026-08-11_09-21-10 Episode 703: New best reward 183.30, training model saved.
2026-08-11_09-24-49 Episode 739: New best reward 246.70, training model saved.
2026-08-11_09-40-04 Episode 874: New best reward 316.40, training model saved.
2026-08-11_09-47-15 Episode 928: New best reward 344.40, training model saved.
2026-08-11_09-57-18 Episode 1000: New best greedy reward 34.80, model saved.
2026-08-11_10-01-06 Episode 1017: New best reward 390.90, training model saved.
2026-08-11_10-16-22 Episode 1090: New best reward 421.20, training model saved.
2026-08-11_10-18-56 Episode 1099: New best reward 513.50, training model saved.
2026-08-11_10-23-12: Training starting...
Device: cuda
2026-08-11_10-23-12 Episode 0: New best reward 2.00, training model saved.
2026-08-11_10-23-13 Episode 0: New best greedy reward 2.00, model saved.
2026-08-11_10-23-13 Episode 1: New best reward 3.50, training model saved.
2026-08-11_10-23-14 Episode 4: New best reward 3.90, training model saved.
2026-08-11_10-23-18 Episode 12: New best reward 8.40, training model saved.
2026-08-11_10-23-42 Episode 72: New best reward 12.90, training model saved.
2026-08-11_10-29-31 Episode 526: New best reward 15.40, training model saved.
2026-08-11_10-30-40 Episode 586: New best reward 21.20, training model saved.
2026-08-11_10-31-18 Episode 613: New best reward 22.50, training model saved.
2026-08-11_10-31-36: Training starting...
Device: cuda
2026-08-11_10-31-37 Episode 0: New best reward 2.00, training model saved.
2026-08-11_10-31-37 Episode 0: New best greedy reward 2.00, model saved.
2026-08-11_10-31-38 Episode 2: New best reward 3.90, training model saved.
2026-08-11_10-31-46 Episode 31: New best reward 4.20, training model saved.
2026-08-11_10-32-03 Episode 83: New best reward 4.30, training model saved.
2026-08-11_10-32-35 Episode 187: New best reward 5.00, training model saved.
2026-08-11_10-34-05 Episode 349: New best reward 6.70, training model saved.
2026-08-11_10-35-11 Episode 428: New best reward 6.80, training model saved.
2026-08-11_10-36-03 Episode 483: New best reward 10.50, training model saved.
2026-08-11_10-36-07 Episode 487: New best reward 12.90, training model saved.
2026-08-11_10-36-38 Episode 515: New best reward 15.60, training model saved.
2026-08-11_10-37-55 Episode 577: New best reward 15.70, training model saved.
2026-08-11_10-38-03 Episode 582: New best reward 20.60, training model saved.
2026-08-11_10-39-03 Episode 626: New best reward 20.70, training model saved.
2026-08-11_10-39-07 Episode 627: New best reward 34.60, training model saved.
2026-08-11_10-39-31: Training starting...
Device: cuda
2026-08-11_10-39-31 Episode 0: New best reward 2.00, training model saved.
2026-08-11_10-39-31 Episode 0: New best greedy reward 2.00, model saved.
2026-08-11_10-39-32 Episode 1: New best reward 3.50, training model saved.
2026-08-11_10-39-33 Episode 4: New best reward 3.90, training model saved.
2026-08-11_10-39-36 Episode 12: New best reward 8.40, training model saved.
2026-08-11_10-40-47 Episode 207: New best reward 13.70, training model saved.
2026-08-11_10-42-14 Episode 303: New best reward 15.30, training model saved.
2026-08-11_10-42-32 Episode 318: New best reward 29.30, training model saved.
2026-08-11_10-42-53 Episode 332: New best reward 32.60, training model saved.
2026-08-11_10-44-34 Episode 389: New best reward 39.00, training model saved.
2026-08-11_10-44-48 Episode 394: New best reward 53.20, training model saved.
2026-08-11_10-44-55 Episode 395: New best reward 54.90, training model saved.
2026-08-11_10-46-44 Episode 445: New best reward 57.40, training model saved.
2026-08-11_10-47-48 Episode 470: New best reward 106.40, training model saved.
2026-08-11_10-51-49 Episode 539: New best reward 123.20, training model saved.
2026-08-11_10-57-18 Episode 609: New best reward 130.90, training model saved.
2026-08-11_10-59-04 Episode 631: New best reward 148.40, training model saved.
2026-08-11_11-02-27 Episode 666: New best reward 183.70, training model saved.
2026-08-11_11-05-02: Training starting...
Device: cuda
2026-08-11_11-05-03 Episode 0: New best reward 2.00, training model saved.
2026-08-11_11-05-03 Episode 0: New best greedy reward 2.00, model saved.
2026-08-11_11-05-03 Episode 1: New best reward 3.90, training model saved.
2026-08-11_11-05-07 Episode 10: New best reward 4.30, training model saved.
2026-08-11_11-05-08 Episode 12: New best reward 8.40, training model saved.
2026-08-11_11-05-32 Episode 72: New best reward 12.90, training model saved.
2026-08-11_11-09-05 Episode 358: New best reward 15.50, training model saved.
2026-08-11_11-09-52 Episode 391: New best reward 22.50, training model saved.
2026-08-11_11-12-11 Episode 474: New best reward 36.40, training model saved.
2026-08-11_11-14-29 Episode 551: New best reward 37.50, training model saved.
2026-08-11_11-14-34: Training starting...
Device: cuda
2026-08-11_11-14-34 Episode 0: New best reward 2.00, training model saved.
2026-08-11_11-14-34 Episode 0: New best greedy reward 2.00, model saved.
2026-08-11_11-14-35 Episode 1: New best reward 3.90, training model saved.
2026-08-11_11-14-36 Episode 5: New best reward 4.30, training model saved.
2026-08-11_11-14-38 Episode 10: New best reward 4.60, training model saved.
2026-08-11_11-14-39 Episode 11: New best reward 4.80, training model saved.
2026-08-11_11-14-45 Episode 27: New best reward 6.20, training model saved.
2026-08-11_11-14-54 Episode 51: New best reward 8.40, training model saved.
2026-08-11_11-15-15 Episode 102: New best reward 8.50, training model saved.
2026-08-11_11-16-29 Episode 245: New best reward 8.90, training model saved.
2026-08-11_11-18-06 Episode 365: New best reward 9.50, training model saved.
2026-08-11_11-19-24 Episode 454: New best reward 12.90, training model saved.
2026-08-11_11-19-54 Episode 484: New best reward 15.00, training model saved.
2026-08-11_11-20-14 Episode 505: New best reward 17.90, training model saved.
2026-08-11_11-20-31 Episode 518: New best reward 26.90, training model saved.
2026-08-11_11-22-56 Episode 625: New best reward 37.50, training model saved.
2026-08-11_11-23-12 Episode 632: New best reward 46.00, training model saved.
2026-08-11_11-23-30 Episode 639: New best reward 54.90, training model saved.
2026-08-11_11-24-41 Episode 680: New best reward 74.30, training model saved.
2026-08-11_11-28-17 Episode 761: New best reward 102.30, training model saved.
2026-08-11_11-29-05 Episode 776: New best reward 148.40, training model saved.
2026-08-11_11-37-02 Episode 891: New best reward 148.50, training model saved.
2026-08-11_11-43-27 Episode 950: New best reward 159.10, training model saved.
2026-08-11_11-47-07 Episode 976: New best reward 219.10, training model saved.
2026-08-11_11-49-46 Episode 1000: New best greedy reward 51.40, model saved.
2026-08-11_12-01-35 Episode 1068: New best reward 260.40, training model saved.
2026-08-11_12-23-33 Episode 1196: New best reward 512.90, training model saved.
2026-08-11_12-32-10: Training starting...
Device: cuda
2026-08-11_12-32-10 Episode 0: New best reward 3.90, training model saved.
2026-08-11_12-32-10 Episode 0: New best greedy reward 2.00, model saved.
2026-08-11_12-32-19 Episode 21: New best reward 6.40, training model saved.
2026-08-11_12-32-30 Episode 50: New best reward 9.30, training model saved.
2026-08-11_12-34-38 Episode 266: New best reward 12.90, training model saved.
2026-08-11_12-38-52 Episode 523: New best reward 17.90, training model saved.
2026-08-11_12-41-19 Episode 655: New best reward 20.10, training model saved.
2026-08-11_12-41-35: Training starting...
Device: cuda
2026-08-11_12-41-35 Episode 0: New best reward 2.00, training model saved.
2026-08-11_12-41-36 Episode 0: New best greedy reward 2.00, model saved.
2026-08-11_12-41-36 Episode 1: New best reward 3.50, training model saved.
2026-08-11_12-41-37 Episode 4: New best reward 3.90, training model saved.
2026-08-11_12-41-42 Episode 21: New best reward 4.20, training model saved.
2026-08-11_12-41-46 Episode 32: New best reward 6.50, training model saved.
2026-08-11_12-45-22 Episode 426: New best reward 8.40, training model saved.
2026-08-11_12-47-50 Episode 599: New best reward 12.90, training model saved.
2026-08-11_12-47-55 Episode 603: New best reward 13.60, training model saved.
2026-08-11_12-49-22 Episode 697: New best reward 15.70, training model saved.
2026-08-11_12-49-36: Training starting...
Device: cuda
2026-08-11_12-49-36 Episode 0: New best reward 3.90, training model saved.
2026-08-11_12-49-36 Episode 0: New best greedy reward 2.00, model saved.
2026-08-11_12-49-38 Episode 3: New best reward 4.90, training model saved.
2026-08-11_12-49-45 Episode 22: New best reward 6.00, training model saved.
2026-08-11_12-49-48 Episode 27: New best reward 8.80, training model saved.
2026-08-11_12-51-25 Episode 231: New best reward 10.70, training model saved.
2026-08-11_12-53-34 Episode 389: New best reward 10.90, training model saved.
2026-08-11_12-54-04 Episode 419: New best reward 12.90, training model saved.
2026-08-11_12-54-59 Episode 477: New best reward 15.40, training model saved.
2026-08-11_12-55-26 Episode 501: New best reward 15.80, training model saved.
2026-08-11_12-55-32 Episode 506: New best reward 25.30, training model saved.
2026-08-11_12-56-39 Episode 559: New best reward 29.10, training model saved.
2026-08-11_12-59-03 Episode 660: New best reward 43.60, training model saved.
2026-08-11_13-01-08 Episode 738: New best reward 43.80, training model saved.
2026-08-11_13-01-48 Episode 761: New best reward 57.40, training model saved.
2026-08-11_13-02-28 Episode 777: New best reward 65.10, training model saved.
2026-08-11_13-03-49 Episode 821: New best reward 66.60, training model saved.
2026-08-11_13-04-35 Episode 841: New best reward 69.70, training model saved.
2026-08-11_13-06-20 Episode 882: New best reward 83.30, training model saved.
2026-08-11_13-12-03 Episode 1000: New best greedy reward 26.90, model saved.
2026-08-11_13-13-19 Episode 1022: New best reward 101.90, training model saved.
2026-08-11_13-22-11 Episode 1184: New best reward 108.70, training model saved.
2026-08-11_13-22-42 Episode 1187: New best reward 157.90, training model saved.
2026-08-11_13-33-38 Episode 1344: New best reward 190.40, training model saved.
2026-08-11_13-46-53 Episode 1475: New best reward 202.30, training model saved.
2026-08-11_13-55-01 Episode 1555: New best reward 274.40, training model saved.
2026-08-11_14-06-39 Episode 1651: New best reward 393.40, training model saved.
2026-08-11_14-07-46: Training starting...
Device: cuda
2026-08-11_14-07-47 Episode 0: New best reward 2.00, training model saved.
2026-08-11_14-07-47 Episode 0: New best greedy reward 2.00, model saved.
2026-08-11_14-07-47 Episode 1: New best reward 3.90, training model saved.
2026-08-11_14-07-49 Episode 5: New best reward 4.30, training model saved.
2026-08-11_14-07-51 Episode 10: New best reward 4.60, training model saved.
2026-08-11_14-07-51 Episode 11: New best reward 4.80, training model saved.
2026-08-11_14-07-58 Episode 27: New best reward 6.20, training model saved.
2026-08-11_14-08-07 Episode 51: New best reward 8.40, training model saved.
2026-08-11_14-08-28 Episode 102: New best reward 8.50, training model saved.
2026-08-11_14-10-46 Episode 311: New best reward 10.50, training model saved.
2026-08-11_14-10-55 Episode 319: New best reward 15.30, training model saved.
2026-08-11_14-11-46 Episode 370: New best reward 15.40, training model saved.
2026-08-11_14-12-04 Episode 382: New best reward 20.30, training model saved.
2026-08-11_14-12-28 Episode 397: New best reward 34.10, training model saved.
2026-08-11_14-14-12 Episode 450: New best reward 48.20, training model saved.
2026-08-11_14-14-54 Episode 469: New best reward 83.30, training model saved.
2026-08-11_14-18-58 Episode 543: New best reward 197.80, training model saved.
2026-08-11_14-23-06 Episode 589: New best reward 225.20, training model saved.
2026-08-11_14-36-55 Episode 706: New best reward 244.70, training model saved.
2026-08-11_14-42-36 Episode 743: New best reward 335.90, training model saved.
2026-08-11_14-55-31 Episode 826: New best reward 498.60, training model saved.
2026-08-11_15-25-55: Training starting...
Device: cuda
2026-08-11_15-25-55 Episode 0: New best reward 3.90, training model saved.
2026-08-11_15-25-56 Episode 0: New best greedy reward 2.00, model saved.
2026-08-11_15-26-02 Episode 14: New best reward 8.40, training model saved.
2026-08-11_15-26-36 Episode 94: New best reward 9.50, training model saved.
2026-08-11_15-28-52 Episode 294: New best reward 10.60, training model saved.
2026-08-11_15-30-19 Episode 381: New best reward 10.90, training model saved.
2026-08-11_15-30-47 Episode 407: New best reward 11.10, training model saved.
2026-08-11_15-30-49 Episode 408: New best reward 11.30, training model saved.
2026-08-11_15-31-05 Episode 422: New best reward 15.80, training model saved.
2026-08-11_15-31-46 Episode 452: New best reward 20.40, training model saved.
2026-08-11_15-32-19 Episode 473: New best reward 22.40, training model saved.
2026-08-11_15-32-24 Episode 474: New best reward 36.60, training model saved.
2026-08-11_15-32-55 Episode 488: New best reward 41.20, training model saved.
2026-08-11_15-33-43 Episode 511: New best reward 41.80, training model saved.
2026-08-11_15-33-52 Episode 514: New best reward 50.40, training model saved.
2026-08-11_15-34-04 Episode 517: New best reward 64.40, training model saved.
2026-08-11_15-34-30: Training starting...
Device: cuda
2026-08-11_15-34-30 Episode 0: New best reward 2.00, training model saved.
2026-08-11_15-34-31 Episode 0: New best greedy reward 2.00, model saved.
2026-08-11_15-34-31 Episode 2: New best reward 3.90, training model saved.
2026-08-11_15-34-40 Episode 31: New best reward 4.10, training model saved.
2026-08-11_15-34-57 Episode 83: New best reward 4.30, training model saved.
2026-08-11_15-36-24 Episode 300: New best reward 4.80, training model saved.
2026-08-11_15-36-29 Episode 304: New best reward 8.40, training model saved.
2026-08-11_15-38-10 Episode 407: New best reward 10.80, training model saved.
2026-08-11_15-38-38 Episode 432: New best reward 15.10, training model saved.
2026-08-11_15-39-36 Episode 482: New best reward 15.50, training model saved.
2026-08-11_15-40-42 Episode 533: New best reward 17.90, training model saved.
2026-08-11_15-41-27 Episode 561: New best reward 27.60, training model saved.
2026-08-11_15-44-30 Episode 663: New best reward 39.20, training model saved.
2026-08-11_15-45-53 Episode 707: New best reward 55.90, training model saved.
2026-08-11_15-47-49 Episode 755: New best reward 65.10, training model saved.
2026-08-11_15-48-48 Episode 771: New best reward 79.50, training model saved.
2026-08-11_15-53-14 Episode 869: New best reward 81.10, training model saved.
2026-08-11_15-59-00 Episode 971: New best reward 81.30, training model saved.
2026-08-11_16-00-26 Episode 991: New best reward 121.50, training model saved.
2026-08-11_16-01-11 Episode 1000: New best greedy reward 17.90, model saved.
2026-08-11_16-04-07: Training starting...
Device: cuda
2026-08-11_16-04-07 Episode 0: New best reward 2.00, training model saved.
2026-08-11_16-04-08 Episode 0: New best greedy reward 2.00, model saved.
2026-08-11_16-04-08 Episode 1: New best reward 3.50, training model saved.
2026-08-11_16-04-09 Episode 4: New best reward 3.90, training model saved.
2026-08-11_16-04-15 Episode 21: New best reward 4.20, training model saved.
2026-08-11_16-04-19 Episode 32: New best reward 6.50, training model saved.
2026-08-11_16-06-16 Episode 294: New best reward 6.60, training model saved.
2026-08-11_16-06-21 Episode 300: New best reward 6.80, training model saved.
2026-08-11_16-06-47 Episode 327: New best reward 8.40, training model saved.
2026-08-11_16-08-07 Episode 406: New best reward 12.90, training model saved.
2026-08-11_16-08-22 Episode 417: New best reward 13.80, training model saved.
2026-08-11_16-08-28 Episode 421: New best reward 15.30, training model saved.
2026-08-11_16-08-44 Episode 432: New best reward 18.60, training model saved.
2026-08-11_16-09-38 Episode 471: New best reward 27.20, training model saved.
2026-08-11_16-10-39 Episode 515: New best reward 31.90, training model saved.
2026-08-11_16-12-42: Training starting...
Device: cuda
2026-08-11_16-12-42 Episode 0: New best reward 2.00, training model saved.
2026-08-11_16-12-43 Episode 0: New best greedy reward 2.00, model saved.
2026-08-11_16-12-43 Episode 1: New best reward 3.50, training model saved.
2026-08-11_16-12-44 Episode 4: New best reward 3.90, training model saved.
2026-08-11_16-12-48 Episode 12: New best reward 8.40, training model saved.
2026-08-11_16-13-10 Episode 72: New best reward 12.90, training model saved.
2026-08-11_16-17-25 Episode 454: New best reward 13.90, training model saved.
2026-08-11_16-18-24 Episode 507: New best reward 15.00, training model saved.
2026-08-11_16-18-27 Episode 508: New best reward 19.00, training model saved.
2026-08-11_16-19-08 Episode 541: New best reward 27.70, training model saved.
2026-08-11_16-20-44 Episode 605: New best reward 27.80, training model saved.
2026-08-11_16-21-05: Training starting...
Device: cuda
2026-08-11_16-21-05 Episode 0: New best reward 2.00, training model saved.
2026-08-11_16-21-05 Episode 0: New best greedy reward 2.00, model saved.
2026-08-11_16-21-06 Episode 1: New best reward 3.90, training model saved.
2026-08-11_16-21-07 Episode 5: New best reward 4.30, training model saved.
2026-08-11_16-21-09 Episode 10: New best reward 4.60, training model saved.
2026-08-11_16-21-10 Episode 11: New best reward 4.80, training model saved.
2026-08-11_16-21-17 Episode 27: New best reward 6.20, training model saved.
2026-08-11_16-21-26 Episode 51: New best reward 8.40, training model saved.
2026-08-11_16-21-46 Episode 102: New best reward 8.50, training model saved.
2026-08-11_16-23-15 Episode 263: New best reward 10.60, training model saved.
2026-08-11_16-23-24 Episode 272: New best reward 10.90, training model saved.
2026-08-11_16-23-51 Episode 300: New best reward 15.50, training model saved.
2026-08-11_16-25-30 Episode 391: New best reward 15.70, training model saved.
2026-08-11_16-26-22 Episode 424: New best reward 22.40, training model saved.
2026-08-11_16-26-51 Episode 439: New best reward 23.30, training model saved.
2026-08-11_16-27-11 Episode 447: New best reward 37.10, training model saved.
2026-08-11_16-27-27 Episode 452: New best reward 37.40, training model saved.
2026-08-11_16-28-08 Episode 469: New best reward 43.70, training model saved.
2026-08-11_16-28-52 Episode 484: New best reward 46.00, training model saved.
2026-08-11_16-29-16 Episode 490: New best reward 53.20, training model saved.
2026-08-11_16-29-28 Episode 492: New best reward 85.70, training model saved.
2026-08-11_16-30-53 Episode 513: New best reward 88.70, training model saved.
2026-08-11_16-35-36 Episode 588: New best reward 124.90, training model saved.
2026-08-11_16-36-19 Episode 595: New best reward 148.40, training model saved.
2026-08-11_16-36-48 Episode 597: New best reward 193.30, training model saved.
2026-08-11_16-38-59 Episode 607: New best reward 290.60, training model saved.
2026-08-11_16-39-47 Episode 610: New best reward 323.70, training model saved.
2026-08-11_16-40-47 Episode 613: New best reward 342.80, training model saved.
2026-08-11_16-49-21 Episode 648: New best reward 657.80, training model saved.
2026-08-11_16-59-51 Episode 681: New best reward 1042.30, training model saved.
2026-08-11_17-41-11: Training starting...
Device: cuda
2026-08-11_17-41-11 Episode 0: New best reward 2.00, training model saved.
2026-08-11_17-41-11 Episode 0: New best greedy reward 2.00, model saved.
2026-08-11_17-41-12 Episode 1: New best reward 3.90, training model saved.
2026-08-11_17-41-18 Episode 17: New best reward 4.10, training model saved.
2026-08-11_17-41-20 Episode 24: New best reward 4.80, training model saved.
2026-08-11_17-41-22 Episode 29: New best reward 6.50, training model saved.
2026-08-11_17-41-31 Episode 54: New best reward 8.40, training model saved.
2026-08-11_17-41-39 Episode 72: New best reward 12.90, training model saved.
2026-08-11_17-45-56 Episode 440: New best reward 20.70, training model saved.
2026-08-11_17-46-02 Episode 442: New best reward 20.80, training model saved.
2026-08-11_17-46-30 Episode 463: New best reward 26.90, training model saved.
2026-08-11_17-47-01 Episode 481: New best reward 38.80, training model saved.
2026-08-11_17-47-10 Episode 484: New best reward 48.50, training model saved.
2026-08-11_17-47-23 Episode 486: New best reward 75.10, training model saved.
2026-08-11_17-47-47 Episode 491: New best reward 110.90, training model saved.
2026-08-11_17-49-07 Episode 508: New best reward 127.70, training model saved.
2026-08-11_17-54-33 Episode 595: New best reward 134.40, training model saved.
2026-08-11_17-59-11 Episode 658: New best reward 176.40, training model saved.
2026-08-11_18-02-20 Episode 678: New best reward 221.00, training model saved.
2026-08-11_18-07-50 Episode 706: New best reward 372.50, training model saved.
2026-08-11_18-11-40 Episode 716: New best reward 585.30, training model saved.
2026-08-11_18-17-44 Episode 733: New best reward 748.80, training model saved.
2026-08-11_18-25-07 Episode 751: New best reward 1062.90, training model saved.
2026-08-11_18-38-35 Episode 774: New best reward 1168.20, training model saved.
2026-08-11_18-48-26 Episode 786: New best reward 1773.50, training model saved.
2026-08-11_18-55-06 Episode 789: New best reward 2003.80, training model saved.
2026-08-11_19-01-09: Training starting...
Device: cuda
2026-08-11_19-01-09 Episode 0: New best reward 8.40, training model saved.
2026-08-11_19-01-10 Episode 0: New best greedy reward 2.00, model saved.
2026-08-11_19-02-28 Episode 187: New best reward 8.60, training model saved.
2026-08-11_19-03-59 Episode 297: New best reward 10.80, training model saved.
2026-08-11_19-04-14 Episode 311: New best reward 20.40, training model saved.
2026-08-11_19-05-23 Episode 366: New best reward 20.60, training model saved.
2026-08-11_19-05-37 Episode 375: New best reward 22.40, training model saved.
2026-08-11_19-06-27 Episode 407: New best reward 25.10, training model saved.
2026-08-11_19-07-19 Episode 434: New best reward 39.30, training model saved.
2026-08-11_19-08-37 Episode 471: New best reward 46.00, training model saved.
2026-08-11_19-10-08 Episode 503: New best reward 78.40, training model saved.
2026-08-11_19-14-50 Episode 579: New best reward 87.90, training model saved.
2026-08-11_19-16-11 Episode 593: New best reward 88.40, training model saved.
2026-08-11_19-16-51 Episode 601: New best reward 151.30, training model saved.
2026-08-11_19-24-29 Episode 681: New best reward 249.30, training model saved.
2026-08-11_19-28-27: Training starting...
Device: cuda
2026-08-11_19-28-28 Episode 0: New best reward 3.90, training model saved.
2026-08-11_19-28-28 Episode 0: New best greedy reward 2.00, model saved.
2026-08-11_19-28-29 Episode 3: New best reward 4.90, training model saved.
2026-08-11_19-28-37 Episode 22: New best reward 6.00, training model saved.
2026-08-11_19-28-40 Episode 27: New best reward 8.80, training model saved.
2026-08-11_19-30-53 Episode 266: New best reward 10.90, training model saved.
2026-08-11_19-31-35 Episode 310: New best reward 13.60, training model saved.
2026-08-11_19-32-05 Episode 337: New best reward 15.10, training model saved.
2026-08-11_19-32-16 Episode 345: New best reward 15.50, training model saved.
2026-08-11_19-33-10 Episode 386: New best reward 29.60, training model saved.
2026-08-11_19-36-53 Episode 509: New best reward 39.10, training model saved.
2026-08-11_19-37-04 Episode 512: New best reward 57.80, training model saved.
2026-08-11_19-39-15 Episode 559: New best reward 64.50, training model saved.
2026-08-11_19-39-50 Episode 568: New best reward 85.80, training model saved.
2026-08-11_19-40-50 Episode 586: New best reward 93.30, training model saved.
2026-08-11_19-44-08 Episode 634: New best reward 107.00, training model saved.
2026-08-11_19-44-36 Episode 637: New best reward 141.10, training model saved.
2026-08-11_19-48-11 Episode 677: New best reward 141.80, training model saved.
2026-08-11_19-53-09 Episode 721: New best reward 275.00, training model saved.
2026-08-11_19-56-08: Training starting...
Device: cuda
2026-08-11_19-56-09 Episode 0: New best reward 3.90, training model saved.
2026-08-11_19-56-09 Episode 0: New best greedy reward 2.00, model saved.
2026-08-11_19-56-15 Episode 14: New best reward 8.40, training model saved.
2026-08-11_19-56-35 Episode 59: New best reward 9.00, training model saved.
2026-08-11_19-56-40 Episode 69: New best reward 9.40, training model saved.
2026-08-11_19-58-14 Episode 240: New best reward 22.40, training model saved.
2026-08-11_19-59-27 Episode 296: New best reward 22.90, training model saved.
2026-08-11_19-59-49 Episode 304: New best reward 88.80, training model saved.
2026-08-11_20-04-12 Episode 392: New best reward 106.40, training model saved.
2026-08-11_20-06-54 Episode 422: New best reward 166.90, training model saved.
2026-08-11_20-15-32 Episode 500: New best reward 304.90, training model saved.
2026-08-11_20-17-00 Episode 506: New best reward 367.90, training model saved.
2026-08-11_20-21-28: Training starting...
Device: cuda
2026-08-11_20-21-28 Episode 0: New best reward 3.90, training model saved.
2026-08-11_20-21-28 Episode 0: New best greedy reward 2.00, model saved.
2026-08-11_20-21-30 Episode 3: New best reward 4.90, training model saved.
2026-08-11_20-21-33 Episode 10: New best reward 8.90, training model saved.
2026-08-11_20-24-18 Episode 303: New best reward 11.10, training model saved.
2026-08-11_20-24-20 Episode 304: New best reward 11.20, training model saved.
2026-08-11_20-24-28 Episode 310: New best reward 18.00, training model saved.
2026-08-11_20-25-38 Episode 365: New best reward 29.50, training model saved.
2026-08-11_20-26-19 Episode 385: New best reward 36.80, training model saved.
2026-08-11_20-26-25 Episode 386: New best reward 51.10, training model saved.
2026-08-11_20-26-52 Episode 394: New best reward 57.80, training model saved.
2026-08-11_20-28-14 Episode 411: New best reward 162.90, training model saved.
2026-08-11_20-29-49 Episode 430: New best reward 163.30, training model saved.
2026-08-11_20-31-01 Episode 440: New best reward 205.30, training model saved.
2026-08-11_20-33-35 Episode 453: New best reward 265.60, training model saved.
2026-08-11_20-39-19 Episode 481: New best reward 372.40, training model saved.
2026-08-11_20-46-07 Episode 499: New best reward 738.90, training model saved.
2026-08-11_21-00-32 Episode 533: New best reward 879.20, training model saved.
2026-08-11_21-13-37 Episode 551: New best reward 951.70, training model saved.
2026-08-11_21-20-05 Episode 560: New best reward 1186.80, training model saved.
2026-08-11_21-26-45 Episode 568: New best reward 1429.80, training model saved.
2026-08-11_21-40-00: Training starting...
Device: cuda
2026-08-11_21-40-00 Episode 0: New best reward 2.00, training model saved.
2026-08-11_21-40-00 Episode 0: New best greedy reward 2.00, model saved.
2026-08-11_21-40-01 Episode 1: New best reward 3.90, training model saved.
2026-08-11_21-40-02 Episode 5: New best reward 4.30, training model saved.
2026-08-11_21-40-04 Episode 10: New best reward 4.60, training model saved.
2026-08-11_21-40-05 Episode 11: New best reward 4.80, training model saved.
2026-08-11_21-40-12 Episode 27: New best reward 6.20, training model saved.
2026-08-11_21-40-21 Episode 51: New best reward 8.40, training model saved.
2026-08-11_21-40-42 Episode 102: New best reward 8.50, training model saved.
2026-08-11_21-42-12 Episode 257: New best reward 8.70, training model saved.
2026-08-11_21-42-48 Episode 291: New best reward 11.00, training model saved.
2026-08-11_21-44-02 Episode 354: New best reward 18.40, training model saved.
2026-08-11_21-47-55 Episode 513: New best reward 20.20, training model saved.
2026-08-11_21-48-41 Episode 541: New best reward 46.60, training model saved.
2026-08-11_21-50-12 Episode 583: New best reward 74.10, training model saved.
2026-08-11_22-03-43 Episode 854: New best reward 95.30, training model saved.
2026-08-11_22-05-44 Episode 891: New best reward 99.60, training model saved.
2026-08-11_22-10-57: Training starting...
Device: cuda
2026-08-11_22-10-57 Episode 0: New best reward 2.00, training model saved.
2026-08-11_22-10-57 Episode 0: New best greedy reward 2.00, model saved.
2026-08-11_22-10-58 Episode 2: New best reward 3.90, training model saved.
2026-08-11_22-11-07 Episode 31: New best reward 4.10, training model saved.
2026-08-11_22-11-24 Episode 83: New best reward 4.30, training model saved.
2026-08-11_22-12-24 Episode 269: New best reward 4.60, training model saved.
2026-08-11_22-12-25 Episode 270: New best reward 4.90, training model saved.
2026-08-11_22-13-43 Episode 365: New best reward 6.00, training model saved.
2026-08-11_22-14-32 Episode 421: New best reward 6.20, training model saved.
2026-08-11_22-14-33 Episode 422: New best reward 6.80, training model saved.
2026-08-11_22-14-46 Episode 436: New best reward 8.40, training model saved.
2026-08-11_22-14-54 Episode 443: New best reward 9.00, training model saved.
2026-08-11_22-15-02 Episode 450: New best reward 13.50, training model saved.
2026-08-11_22-15-23 Episode 467: New best reward 18.90, training model saved.
2026-08-11_22-15-30 Episode 469: New best reward 32.70, training model saved.
2026-08-11_22-15-40 Episode 472: New best reward 36.40, training model saved.
2026-08-11_22-16-51 Episode 505: New best reward 40.90, training model saved.
2026-08-11_22-18-22 Episode 548: New best reward 67.20, training model saved.
2026-08-11_22-22-13 Episode 637: New best reward 134.40, training model saved.
2026-08-11_22-29-51 Episode 767: New best reward 160.40, training model saved.
2026-08-11_22-36-03: Training starting...
Device: cuda
2026-08-11_22-36-03 Episode 0: New best reward 2.00, training model saved.
2026-08-11_22-36-04 Episode 0: New best greedy reward 2.00, model saved.
2026-08-11_22-36-04 Episode 1: New best reward 3.50, training model saved.
2026-08-11_22-36-05 Episode 4: New best reward 3.90, training model saved.
2026-08-11_22-36-09 Episode 16: New best reward 4.60, training model saved.
2026-08-11_22-36-21 Episode 51: New best reward 6.00, training model saved.
2026-08-11_22-36-30 Episode 74: New best reward 8.40, training model saved.
2026-08-11_22-38-02 Episode 272: New best reward 8.70, training model saved.
2026-08-11_22-38-14 Episode 284: New best reward 8.90, training model saved.
2026-08-11_22-39-01 Episode 338: New best reward 13.80, training model saved.
2026-08-11_22-39-34 Episode 366: New best reward 13.90, training model saved.
2026-08-11_22-40-06 Episode 389: New best reward 18.90, training model saved.
2026-08-11_22-40-30 Episode 406: New best reward 24.80, training model saved.
2026-08-11_22-41-30 Episode 446: New best reward 29.50, training model saved.
2026-08-11_22-41-49 Episode 457: New best reward 34.80, training model saved.
2026-08-11_22-42-13 Episode 469: New best reward 51.20, training model saved.
2026-08-11_22-45-12 Episode 560: New best reward 60.10, training model saved.
2026-08-11_22-46-36 Episode 592: New best reward 69.70, training model saved.
2026-08-11_22-49-40 Episode 657: New best reward 85.20, training model saved.
2026-08-11_22-53-17 Episode 719: New best reward 90.50, training model saved.
2026-08-11_22-55-52 Episode 754: New best reward 92.40, training model saved.
2026-08-11_22-58-02 Episode 785: New best reward 143.90, training model saved.
2026-08-11_23-01-27: Training starting...
Device: cuda
2026-08-11_23-01-28 Episode 0: New best reward 2.00, training model saved.
2026-08-11_23-01-28 Episode 0: New best greedy reward 2.00, model saved.
2026-08-11_23-01-28 Episode 1: New best reward 3.50, training model saved.
2026-08-11_23-01-29 Episode 4: New best reward 3.90, training model saved.
2026-08-11_23-01-47 Episode 51: New best reward 4.90, training model saved.
2026-08-11_23-01-53 Episode 67: New best reward 6.20, training model saved.
2026-08-11_23-01-58 Episode 77: New best reward 8.70, training model saved.
2026-08-11_23-03-10 Episode 256: New best reward 9.30, training model saved.
2026-08-11_23-05-12 Episode 392: New best reward 10.80, training model saved.
2026-08-11_23-07-35 Episode 552: New best reward 12.90, training model saved.
2026-08-11_23-07-39 Episode 555: New best reward 15.50, training model saved.
2026-08-11_23-08-45 Episode 613: New best reward 17.90, training model saved.
2026-08-11_23-08-48 Episode 615: New best reward 20.50, training model saved.
2026-08-11_23-09-45 Episode 667: New best reward 22.40, training model saved.
2026-08-11_23-09-58: Training starting...
Device: cuda
2026-08-11_23-09-59 Episode 0: New best reward 2.00, training model saved.
2026-08-11_23-09-59 Episode 0: New best greedy reward 2.00, model saved.
2026-08-11_23-09-59 Episode 1: New best reward 3.90, training model saved.
2026-08-11_23-10-01 Episode 7: New best reward 4.30, training model saved.
2026-08-11_23-10-03 Episode 11: New best reward 5.00, training model saved.
2026-08-11_23-10-10 Episode 27: New best reward 6.20, training model saved.
2026-08-11_23-10-33 Episode 87: New best reward 8.40, training model saved.
2026-08-11_23-11-03 Episode 162: New best reward 9.40, training model saved.
2026-08-11_23-12-25 Episode 284: New best reward 10.60, training model saved.
2026-08-11_23-12-48 Episode 308: New best reward 13.30, training model saved.
2026-08-11_23-13-00 Episode 318: New best reward 13.40, training model saved.
2026-08-11_23-13-25 Episode 343: New best reward 18.30, training model saved.
2026-08-11_23-14-44 Episode 410: New best reward 19.00, training model saved.
2026-08-11_23-14-58 Episode 420: New best reward 24.70, training model saved.
2026-08-11_23-15-58 Episode 469: New best reward 29.50, training model saved.
2026-08-11_23-16-37 Episode 495: New best reward 29.80, training model saved.
2026-08-11_23-17-41 Episode 539: New best reward 34.80, training model saved.
2026-08-11_23-17-46: Training starting...
Device: cuda
2026-08-11_23-17-47 Episode 0: New best reward 2.00, training model saved.
2026-08-11_23-17-47 Episode 0: New best greedy reward 2.00, model saved.
2026-08-11_23-17-47 Episode 1: New best reward 3.90, training model saved.
2026-08-11_23-17-50 Episode 7: New best reward 4.30, training model saved.
2026-08-11_23-17-51 Episode 11: New best reward 5.00, training model saved.
2026-08-11_23-17-58 Episode 27: New best reward 6.20, training model saved.
2026-08-11_23-18-27 Episode 101: New best reward 8.40, training model saved.
2026-08-11_23-20-34 Episode 313: New best reward 11.00, training model saved.
2026-08-11_23-21-58 Episode 410: New best reward 11.30, training model saved.
2026-08-11_23-22-17 Episode 428: New best reward 12.90, training model saved.
2026-08-11_23-22-30 Episode 440: New best reward 22.40, training model saved.
2026-08-11_23-24-38 Episode 561: New best reward 26.90, training model saved.
2026-08-11_23-28-35 Episode 757: New best reward 39.00, training model saved.
2026-08-11_23-31-26 Episode 877: New best reward 39.30, training model saved.
2026-08-11_23-32-44 Episode 920: New best reward 46.90, training model saved.
2026-08-11_23-33-45 Episode 951: New best reward 65.10, training model saved.
2026-08-11_23-35-15 Episode 992: New best reward 71.20, training model saved.
2026-08-11_23-35-35 Episode 1000: New best greedy reward 12.90, model saved.
2026-08-11_23-37-36 Episode 1051: New best reward 97.60, training model saved.
2026-08-11_23-42-18: Training starting...
Device: cuda
2026-08-11_23-42-19 Episode 0: New best reward 2.00, training model saved.
2026-08-11_23-42-19 Episode 0: New best greedy reward 2.00, model saved.
2026-08-11_23-42-20 Episode 2: New best reward 3.90, training model saved.
2026-08-11_23-42-26 Episode 21: New best reward 4.20, training model saved.
2026-08-11_23-42-30 Episode 32: New best reward 6.50, training model saved.
2026-08-11_23-44-06 Episode 284: New best reward 6.60, training model saved.
2026-08-11_23-44-13 Episode 291: New best reward 8.40, training model saved.
2026-08-11_23-45-23 Episode 367: New best reward 10.80, training model saved.
2026-08-11_23-45-47 Episode 391: New best reward 11.00, training model saved.
2026-08-11_23-46-22 Episode 425: New best reward 13.80, training model saved.
2026-08-11_23-46-31 Episode 432: New best reward 15.30, training model saved.
2026-08-11_23-46-43 Episode 440: New best reward 15.60, training model saved.
2026-08-11_23-47-00 Episode 452: New best reward 18.20, training model saved.
2026-08-11_23-47-21 Episode 463: New best reward 27.50, training model saved.
2026-08-11_23-47-27 Episode 465: New best reward 28.00, training model saved.
2026-08-11_23-47-51 Episode 477: New best reward 34.10, training model saved.
2026-08-11_23-48-36 Episode 497: New best reward 53.30, training model saved.
2026-08-11_23-51-03 Episode 559: New best reward 71.60, training model saved.
2026-08-11_23-55-08 Episode 632: New best reward 120.40, training model saved.
2026-08-11_23-56-52 Episode 652: New best reward 139.90, training model saved.
2026-08-12_00-04-37 Episode 747: New best reward 155.80, training model saved.
2026-08-12_00-06-25 Episode 765: New best reward 169.10, training model saved.
2026-08-12_00-08-54: Training starting...
Device: cuda
2026-08-12_00-08-54 Episode 0: New best reward 2.00, training model saved.
2026-08-12_00-08-54 Episode 0: New best greedy reward 2.00, model saved.
2026-08-12_00-08-55 Episode 1: New best reward 3.50, training model saved.
2026-08-12_00-08-56 Episode 4: New best reward 3.90, training model saved.
2026-08-12_00-09-12 Episode 52: New best reward 4.20, training model saved.
2026-08-12_00-09-14 Episode 57: New best reward 4.50, training model saved.
2026-08-12_00-09-19 Episode 67: New best reward 6.20, training model saved.
2026-08-12_00-09-23 Episode 77: New best reward 8.70, training model saved.
2026-08-12_00-12-12 Episode 366: New best reward 10.50, training model saved.
2026-08-12_00-12-46 Episode 401: New best reward 11.10, training model saved.
2026-08-12_00-13-06 Episode 419: New best reward 11.20, training model saved.
2026-08-12_00-13-11 Episode 423: New best reward 15.10, training model saved.
2026-08-12_00-13-23 Episode 434: New best reward 15.70, training model saved.
2026-08-12_00-13-33 Episode 441: New best reward 20.50, training model saved.
2026-08-12_00-13-39 Episode 444: New best reward 20.60, training model saved.
2026-08-12_00-13-59 Episode 457: New best reward 32.70, training model saved.
2026-08-12_00-14-59 Episode 495: New best reward 76.60, training model saved.
2026-08-12_00-16-38 Episode 520: New best reward 93.30, training model saved.
2026-08-12_00-17-20 Episode 531: New best reward 121.60, training model saved.
2026-08-12_00-19-38 Episode 553: New best reward 124.90, training model saved.
2026-08-12_00-20-15 Episode 556: New best reward 168.00, training model saved.
2026-08-12_00-20-50 Episode 559: New best reward 169.60, training model saved.
2026-08-12_00-21-57 Episode 567: New best reward 267.80, training model saved.
2026-08-12_00-25-04 Episode 585: New best reward 365.50, training model saved.
2026-08-12_00-31-11 Episode 620: New best reward 431.20, training model saved.
2026-08-12_00-33-24 Episode 628: New best reward 505.80, training model saved.
2026-08-12_00-48-02 Episode 686: New best reward 698.90, training model saved.
2026-08-12_01-09-04 Episode 748: New best reward 979.10, training model saved.
2026-08-12_01-14-26 Episode 755: New best reward 1217.90, training model saved.
2026-08-12_01-24-27: Training starting...
Device: cuda
2026-08-12_01-24-27 Episode 0: New best reward 3.90, training model saved.
2026-08-12_01-24-28 Episode 0: New best greedy reward 2.00, model saved.
2026-08-12_01-24-34 Episode 14: New best reward 8.40, training model saved.
2026-08-12_01-27-17 Episode 296: New best reward 13.50, training model saved.
2026-08-12_01-29-18 Episode 412: New best reward 15.70, training model saved.
2026-08-12_01-29-32 Episode 423: New best reward 15.80, training model saved.
2026-08-12_01-29-51 Episode 439: New best reward 23.20, training model saved.
2026-08-12_01-30-28 Episode 464: New best reward 27.60, training model saved.
2026-08-12_01-30-39 Episode 469: New best reward 38.60, training model saved.
2026-08-12_01-31-56 Episode 504: New best reward 80.90, training model saved.
2026-08-12_01-32-39: Training starting...
Device: cuda
2026-08-12_01-32-39 Episode 0: New best reward 2.00, training model saved.
2026-08-12_01-32-40 Episode 0: New best greedy reward 2.00, model saved.
2026-08-12_01-32-40 Episode 2: New best reward 3.90, training model saved.
2026-08-12_01-32-49 Episode 31: New best reward 4.20, training model saved.
2026-08-12_01-33-37 Episode 188: New best reward 5.00, training model saved.
2026-08-12_01-34-03 Episode 271: New best reward 8.40, training model saved.
2026-08-12_01-36-26 Episode 436: New best reward 11.10, training model saved.
2026-08-12_01-36-57 Episode 465: New best reward 12.90, training model saved.
2026-08-12_01-37-11 Episode 478: New best reward 15.20, training model saved.
2026-08-12_01-38-45 Episode 560: New best reward 17.90, training model saved.
2026-08-12_01-40-06 Episode 621: New best reward 20.10, training model saved.
2026-08-12_01-40-45 Episode 652: New best reward 20.60, training model saved.
2026-08-12_01-40-48: Training starting...
Device: cuda
2026-08-12_01-40-48 Episode 0: New best reward 3.90, training model saved.
2026-08-12_01-40-48 Episode 0: New best greedy reward 2.00, model saved.
2026-08-12_01-40-54 Episode 14: New best reward 8.40, training model saved.
2026-08-12_01-41-36 Episode 122: New best reward 8.50, training model saved.
2026-08-12_01-41-52 Episode 163: New best reward 10.70, training model saved.
2026-08-12_01-43-09 Episode 273: New best reward 15.00, training model saved.
2026-08-12_01-43-43 Episode 303: New best reward 23.00, training model saved.
2026-08-12_01-44-16 Episode 325: New best reward 43.10, training model saved.
2026-08-12_01-46-28 Episode 384: New best reward 45.90, training model saved.
2026-08-12_01-46-55 Episode 393: New best reward 48.60, training model saved.
2026-08-12_01-47-06 Episode 395: New best reward 71.80, training model saved.
2026-08-12_01-47-29 Episode 403: New best reward 92.80, training model saved.
2026-08-12_01-50-53 Episode 462: New best reward 143.90, training model saved.
2026-08-12_02-05-57: Training starting...
Device: cuda
2026-08-12_02-05-57 Episode 0: New best reward 3.90, training model saved.
2026-08-12_02-05-58 Episode 0: New best greedy reward 2.00, model saved.
2026-08-12_02-06-06 Episode 20: New best reward 4.10, training model saved.
2026-08-12_02-06-10 Episode 28: New best reward 6.20, training model saved.
2026-08-12_02-06-11 Episode 30: New best reward 8.70, training model saved.
2026-08-12_02-07-06 Episode 167: New best reward 11.30, training model saved.
2026-08-12_02-10-03 Episode 375: New best reward 13.70, training model saved.
2026-08-12_02-10-11 Episode 381: New best reward 14.00, training model saved.
2026-08-12_02-11-59 Episode 482: New best reward 20.20, training model saved.
2026-08-12_02-14-22: Training starting...
Device: cuda
2026-08-12_02-14-23 Episode 0: New best reward 3.90, training model saved.
2026-08-12_02-14-23 Episode 0: New best greedy reward 2.00, model saved.
2026-08-12_02-14-24 Episode 3: New best reward 4.90, training model saved.
2026-08-12_02-14-27 Episode 10: New best reward 8.90, training model saved.
2026-08-12_02-16-55 Episode 280: New best reward 10.90, training model saved.
2026-08-12_02-18-09 Episode 361: New best reward 18.70, training model saved.
2026-08-12_02-19-50 Episode 441: New best reward 31.90, training model saved.
2026-08-12_02-20-20 Episode 458: New best reward 43.10, training model saved.
2026-08-12_02-20-49 Episode 469: New best reward 50.40, training model saved.
2026-08-12_02-21-31 Episode 479: New best reward 115.90, training model saved.
2026-08-12_02-25-28 Episode 551: New best reward 151.20, training model saved.
2026-08-12_02-27-45 Episode 570: New best reward 309.20, training model saved.
2026-08-12_02-47-58 Episode 722: New best reward 316.40, training model saved.
2026-08-12_02-58-04 Episode 777: New best reward 362.90, training model saved.
2026-08-12_03-01-48 Episode 791: New best reward 634.10, training model saved.
2026-08-12_03-30-28: Training starting...
Device: cuda
2026-08-12_03-30-29 Episode 0: New best reward 2.00, training model saved.
2026-08-12_03-30-29 Episode 0: New best greedy reward 2.00, model saved.
2026-08-12_03-30-29 Episode 1: New best reward 3.50, training model saved.
2026-08-12_03-30-30 Episode 4: New best reward 3.90, training model saved.
2026-08-12_03-30-34 Episode 16: New best reward 4.60, training model saved.
2026-08-12_03-30-46 Episode 51: New best reward 6.00, training model saved.
2026-08-12_03-30-55 Episode 74: New best reward 8.40, training model saved.
2026-08-12_03-33-23 Episode 318: New best reward 9.00, training model saved.
2026-08-12_03-36-24 Episode 501: New best reward 10.70, training model saved.
2026-08-12_03-36-33 Episode 508: New best reward 11.10, training model saved.
2026-08-12_03-37-48 Episode 581: New best reward 11.20, training model saved.
2026-08-12_03-38-30 Episode 616: New best reward 18.70, training model saved.
2026-08-12_03-39-36 Episode 661: New best reward 23.00, training model saved.
2026-08-12_03-40-03 Episode 678: New best reward 26.90, training model saved.
2026-08-12_03-40-52 Episode 703: New best reward 36.40, training model saved.
2026-08-12_03-43-05 Episode 765: New best reward 42.10, training model saved.
2026-08-12_03-43-13 Episode 766: New best reward 51.60, training model saved.
2026-08-12_03-43-31 Episode 771: New best reward 62.60, training model saved.
2026-08-12_03-44-03 Episode 781: New best reward 74.10, training model saved.
2026-08-12_03-44-32 Episode 788: New best reward 82.90, training model saved.
2026-08-12_03-46-49 Episode 819: New best reward 83.20, training model saved.
2026-08-12_03-47-18 Episode 821: New best reward 183.80, training model saved.
2026-08-12_03-55-09 Episode 881: New best reward 339.90, training model saved.
2026-08-12_04-15-30 Episode 972: New best reward 351.10, training model saved.
2026-08-12_04-24-04 Episode 1000: New best reward 393.30, training model saved.
2026-08-12_04-24-05 Episode 1000: New best greedy reward 6.10, model saved.
2026-08-12_04-25-38 Episode 1002: New best reward 599.30, training model saved.
2026-08-12_04-30-44 Episode 1011: New best reward 723.50, training model saved.
2026-08-12_04-32-40 Episode 1012: New best reward 797.40, training model saved.
2026-08-12_05-00-32 Episode 1049: New best reward 1388.60, training model saved.
2026-08-12_05-03-54: Training starting...
Device: cuda
2026-08-12_05-03-54 Episode 0: New best reward 3.90, training model saved.
2026-08-12_05-03-55 Episode 0: New best greedy reward 2.00, model saved.
2026-08-12_05-03-56 Episode 3: New best reward 4.90, training model saved.
2026-08-12_05-04-03 Episode 20: New best reward 8.40, training model saved.
2026-08-12_05-04-36 Episode 97: New best reward 10.70, training model saved.
2026-08-12_05-08-28 Episode 408: New best reward 12.90, training model saved.
2026-08-12_05-10-52 Episode 548: New best reward 17.90, training model saved.
2026-08-12_05-11-26 Episode 572: New best reward 18.30, training model saved.
2026-08-12_05-12-31 Episode 621: New best reward 22.40, training model saved.
2026-08-12_05-12-33: Training starting...
Device: cuda
2026-08-12_05-12-33 Episode 0: New best reward 2.00, training model saved.
2026-08-12_05-12-34 Episode 0: New best greedy reward 2.00, model saved.
2026-08-12_05-12-34 Episode 1: New best reward 3.90, training model saved.
2026-08-12_05-12-35 Episode 5: New best reward 4.30, training model saved.
2026-08-12_05-12-38 Episode 10: New best reward 4.60, training model saved.
2026-08-12_05-12-38 Episode 11: New best reward 4.80, training model saved.
2026-08-12_05-12-45 Episode 27: New best reward 6.20, training model saved.
2026-08-12_05-12-53 Episode 52: New best reward 8.40, training model saved.
2026-08-12_05-15-19 Episode 298: New best reward 9.10, training model saved.
2026-08-12_05-15-24 Episode 301: New best reward 19.10, training model saved.
2026-08-12_05-18-46 Episode 465: New best reward 22.40, training model saved.
2026-08-12_05-19-48 Episode 501: New best reward 22.50, training model saved.
2026-08-12_05-20-01 Episode 507: New best reward 25.30, training model saved.
2026-08-12_05-21-24 Episode 546: New best reward 26.90, training model saved.
2026-08-12_05-21-41: Training starting...
Device: cuda
2026-08-12_05-21-41 Episode 0: New best reward 2.00, training model saved.
2026-08-12_05-21-41 Episode 0: New best greedy reward 2.00, model saved.
2026-08-12_05-21-42 Episode 2: New best reward 3.90, training model saved.
2026-08-12_05-22-04 Episode 73: New best reward 6.30, training model saved.
2026-08-12_05-22-08 Episode 85: New best reward 8.40, training model saved.
2026-08-12_05-24-34 Episode 373: New best reward 11.00, training model saved.
2026-08-12_05-27-22 Episode 577: New best reward 11.30, training model saved.
2026-08-12_05-27-24 Episode 578: New best reward 12.90, training model saved.
2026-08-12_05-27-34 Episode 588: New best reward 15.00, training model saved.
2026-08-12_05-28-11 Episode 625: New best reward 17.90, training model saved.
2026-08-12_05-28-49 Episode 659: New best reward 36.40, training model saved.
2026-08-12_05-29-41: Training starting...
Device: cuda
2026-08-12_05-29-41 Episode 0: New best reward 2.00, training model saved.
2026-08-12_05-29-41 Episode 0: New best greedy reward 2.00, model saved.
2026-08-12_05-29-42 Episode 2: New best reward 3.90, training model saved.
2026-08-12_05-29-51 Episode 31: New best reward 4.10, training model saved.
2026-08-12_05-30-08 Episode 83: New best reward 4.30, training model saved.
2026-08-12_05-31-15 Episode 277: New best reward 4.50, training model saved.
2026-08-12_05-31-32 Episode 295: New best reward 4.70, training model saved.
2026-08-12_05-33-10 Episode 400: New best reward 4.80, training model saved.
2026-08-12_05-38-45: Training starting...
Device: cuda
2026-08-12_05-38-46 Episode 0: New best reward 2.00, training model saved.
2026-08-12_05-38-46 Episode 0: New best greedy reward 2.00, model saved.
2026-08-12_05-38-46 Episode 1: New best reward 3.50, training model saved.
2026-08-12_05-38-47 Episode 4: New best reward 3.90, training model saved.
2026-08-12_05-38-51 Episode 16: New best reward 4.30, training model saved.
2026-08-12_05-38-57 Episode 30: New best reward 4.70, training model saved.
2026-08-12_05-39-03 Episode 51: New best reward 6.00, training model saved.
2026-08-12_05-39-13 Episode 77: New best reward 8.70, training model saved.
2026-08-12_05-39-46 Episode 170: New best reward 10.80, training model saved.
2026-08-12_05-46-26 Episode 621: New best reward 11.00, training model saved.
2026-08-12_05-46-30 Episode 623: New best reward 12.90, training model saved.
2026-08-12_05-47-04 Episode 653: New best reward 13.30, training model saved.
2026-08-12_05-47-57: Training starting...
Device: cuda
2026-08-12_05-47-57 Episode 0: New best reward 2.00, training model saved.
2026-08-12_05-47-58 Episode 0: New best greedy reward 2.00, model saved.
2026-08-12_05-47-58 Episode 1: New best reward 3.50, training model saved.
2026-08-12_05-47-59 Episode 4: New best reward 3.90, training model saved.
2026-08-12_05-48-07 Episode 27: New best reward 4.00, training model saved.
2026-08-12_05-48-08 Episode 28: New best reward 4.30, training model saved.
2026-08-12_05-48-13 Episode 44: New best reward 4.60, training model saved.
2026-08-12_05-48-15 Episode 47: New best reward 8.40, training model saved.
2026-08-12_05-49-15 Episode 207: New best reward 13.70, training model saved.
2026-08-12_05-57-12: Training starting...
Device: cuda
2026-08-12_05-57-12 Episode 0: New best reward 2.00, training model saved.
2026-08-12_05-57-12 Episode 0: New best greedy reward 2.00, model saved.
2026-08-12_05-57-12 Episode 1: New best reward 3.50, training model saved.
2026-08-12_05-57-13 Episode 4: New best reward 3.90, training model saved.
2026-08-12_05-57-17 Episode 12: New best reward 8.40, training model saved.
2026-08-12_05-57-40 Episode 72: New best reward 12.90, training model saved.
2026-08-12_06-19-06 Episode 2000: New best greedy reward 5.00, model saved.
2026-08-12_06-22-25: Training starting...
Device: cuda
2026-08-12_06-22-25 Episode 0: New best reward 2.00, training model saved.
2026-08-12_06-22-25 Episode 0: New best greedy reward 2.00, model saved.
2026-08-12_06-22-26 Episode 1: New best reward 3.50, training model saved.
2026-08-12_06-22-27 Episode 4: New best reward 3.90, training model saved.
2026-08-12_06-22-31 Episode 16: New best reward 4.60, training model saved.
2026-08-12_06-22-44 Episode 51: New best reward 6.00, training model saved.
2026-08-12_06-23-29 Episode 169: New best reward 6.80, training model saved.
2026-08-12_06-26-32 Episode 414: New best reward 8.40, training model saved.
2026-08-12_06-26-46 Episode 428: New best reward 9.10, training model saved.
2026-08-12_06-27-13 Episode 454: New best reward 9.30, training model saved.
2026-08-12_06-27-24 Episode 464: New best reward 11.30, training model saved.
2026-08-12_06-27-30 Episode 470: New best reward 12.90, training model saved.
2026-08-12_06-27-54 Episode 492: New best reward 22.40, training model saved.
2026-08-12_06-28-10 Episode 502: New best reward 32.40, training model saved.
2026-08-12_06-30-04 Episode 569: New best reward 50.40, training model saved.
2026-08-12_06-31-00: Training starting...
Device: cuda
2026-08-12_06-31-00 Episode 0: New best reward 3.90, training model saved.
2026-08-12_06-31-01 Episode 0: New best greedy reward 2.00, model saved.
2026-08-12_06-31-08 Episode 20: New best reward 4.10, training model saved.
2026-08-12_06-31-12 Episode 28: New best reward 6.20, training model saved.
2026-08-12_06-31-13 Episode 30: New best reward 8.70, training model saved.
2026-08-12_06-31-28 Episode 68: New best reward 10.80, training model saved.
2026-08-12_06-32-09 Episode 167: New best reward 11.10, training model saved.
2026-08-12_06-35-07 Episode 386: New best reward 11.30, training model saved.
2026-08-12_06-36-31 Episode 470: New best reward 12.90, training model saved.
2026-08-12_06-37-12 Episode 509: New best reward 15.80, training model saved.
2026-08-12_06-39-16: Training starting...
Device: cuda
2026-08-12_06-39-16 Episode 0: New best reward 3.90, training model saved.
2026-08-12_06-39-17 Episode 0: New best greedy reward 2.00, model saved.
2026-08-12_06-39-22 Episode 14: New best reward 8.40, training model saved.
2026-08-12_06-39-40 Episode 59: New best reward 9.00, training model saved.
2026-08-12_06-44-03 Episode 420: New best reward 10.70, training model saved.
2026-08-12_06-44-34 Episode 446: New best reward 11.30, training model saved.
2026-08-12_06-44-49 Episode 457: New best reward 18.80, training model saved.
2026-08-12_06-45-48 Episode 506: New best reward 32.90, training model saved.
2026-08-12_06-48-08 Episode 582: New best reward 69.80, training model saved.
2026-08-12_06-50-38 Episode 632: New best reward 109.00, training model saved.
2026-08-12_06-52-52 Episode 661: New best reward 176.40, training model saved.
2026-08-12_06-54-36 Episode 679: New best reward 180.90, training model saved.
2026-08-12_06-57-47 Episode 706: New best reward 223.60, training model saved.
2026-08-12_07-04-08 Episode 752: New best reward 274.50, training model saved.
2026-08-12_07-07-09 Episode 765: New best reward 294.00, training model saved.
2026-08-12_07-10-07 Episode 781: New best reward 337.80, training model saved.
2026-08-12_07-11-30 Episode 783: New best reward 470.40, training model saved.
2026-08-12_07-23-19 Episode 830: New best reward 891.00, training model saved.
2026-08-12_07-59-00: Training starting...
Device: cuda
2026-08-12_07-59-00 Episode 0: New best reward 2.00, training model saved.
2026-08-12_07-59-00 Episode 0: New best greedy reward 2.00, model saved.
2026-08-12_07-59-01 Episode 1: New best reward 3.50, training model saved.
2026-08-12_07-59-02 Episode 4: New best reward 3.90, training model saved.
2026-08-12_07-59-05 Episode 12: New best reward 8.40, training model saved.
2026-08-12_07-59-24 Episode 64: New best reward 8.90, training model saved.
2026-08-12_07-59-59 Episode 161: New best reward 9.40, training model saved.
2026-08-12_08-05-56 Episode 546: New best reward 12.90, training model saved.
2026-08-12_08-06-42 Episode 586: New best reward 15.70, training model saved.
2026-08-12_08-08-08: Training starting...
Device: cuda
2026-08-12_08-08-08 Episode 0: New best reward 3.90, training model saved.
2026-08-12_08-08-08 Episode 0: New best greedy reward 2.00, model saved.
2026-08-12_08-08-16 Episode 21: New best reward 6.40, training model saved.
2026-08-12_08-08-28 Episode 50: New best reward 9.30, training model saved.
2026-08-12_08-12-19 Episode 412: New best reward 11.30, training model saved.
2026-08-12_08-13-12 Episode 464: New best reward 13.40, training model saved.
2026-08-12_08-13-24 Episode 475: New best reward 15.00, training model saved.
2026-08-12_08-13-43 Episode 493: New best reward 18.50, training model saved.
2026-08-12_08-14-03 Episode 509: New best reward 18.60, training model saved.
2026-08-12_08-14-26 Episode 523: New best reward 20.20, training model saved.
2026-08-12_08-14-32 Episode 526: New best reward 24.60, training model saved.
2026-08-12_08-14-41 Episode 530: New best reward 27.10, training model saved.
2026-08-12_08-14-54 Episode 536: New best reward 29.80, training model saved.
2026-08-12_08-15-28 Episode 553: New best reward 37.50, training model saved.
2026-08-12_08-15-41 Episode 556: New best reward 39.20, training model saved.
2026-08-12_08-15-50 Episode 557: New best reward 69.50, training model saved.
2026-08-12_08-15-54: Training starting...
Device: cuda
2026-08-12_08-15-55 Episode 0: New best reward 2.00, training model saved.
2026-08-12_08-15-55 Episode 0: New best greedy reward 2.00, model saved.
2026-08-12_08-15-55 Episode 1: New best reward 3.50, training model saved.
2026-08-12_08-15-56 Episode 4: New best reward 3.90, training model saved.
2026-08-12_08-16-00 Episode 16: New best reward 4.60, training model saved.
2026-08-12_08-16-12 Episode 51: New best reward 6.00, training model saved.
2026-08-12_08-16-21 Episode 74: New best reward 8.40, training model saved.
2026-08-12_08-18-30 Episode 318: New best reward 11.10, training model saved.
2026-08-12_08-18-58 Episode 346: New best reward 11.30, training model saved.
2026-08-12_08-19-13 Episode 361: New best reward 12.90, training model saved.
2026-08-12_08-19-19 Episode 366: New best reward 15.50, training model saved.
2026-08-12_08-19-32 Episode 375: New best reward 29.80, training model saved.
2026-08-12_08-19-50 Episode 386: New best reward 34.20, training model saved.
2026-08-12_08-20-45 Episode 423: New best reward 39.20, training model saved.
2026-08-12_08-22-02 Episode 462: New best reward 69.50, training model saved.
2026-08-12_08-24-10 Episode 519: New best reward 85.80, training model saved.
2026-08-12_08-26-33 Episode 565: New best reward 90.30, training model saved.
2026-08-12_08-30-46 Episode 637: New best reward 169.30, training model saved.
2026-08-12_08-40-55: Training starting...
Device: cuda
2026-08-12_08-40-56 Episode 0: New best reward 2.00, training model saved.
2026-08-12_08-40-56 Episode 0: New best greedy reward 2.00, model saved.
2026-08-12_08-40-56 Episode 2: New best reward 3.90, training model saved.
2026-08-12_08-41-05 Episode 31: New best reward 4.10, training model saved.
2026-08-12_08-41-21 Episode 83: New best reward 4.30, training model saved.
2026-08-12_08-41-52 Episode 187: New best reward 5.00, training model saved.
2026-08-12_08-42-37 Episode 295: New best reward 6.20, training model saved.
2026-08-12_08-43-25 Episode 355: New best reward 6.30, training model saved.
2026-08-12_08-43-32 Episode 364: New best reward 6.60, training model saved.
2026-08-12_08-43-33 Episode 365: New best reward 6.70, training model saved.
2026-08-12_08-43-46 Episode 381: New best reward 8.90, training model saved.
2026-08-12_08-43-51 Episode 385: New best reward 12.90, training model saved.
2026-08-12_08-46-08 Episode 525: New best reward 15.50, training model saved.
2026-08-12_08-46-28 Episode 539: New best reward 29.40, training model saved.
2026-08-12_08-48-12 Episode 616: New best reward 30.70, training model saved.
2026-08-12_08-48-45: Training starting...
Device: cuda
2026-08-12_08-48-45 Episode 0: New best reward 3.90, training model saved.
2026-08-12_08-48-46 Episode 0: New best greedy reward 2.00, model saved.
2026-08-12_08-48-47 Episode 3: New best reward 4.90, training model saved.
2026-08-12_08-48-59 Episode 33: New best reward 6.50, training model saved.
2026-08-12_08-49-12 Episode 66: New best reward 10.50, training model saved.
2026-08-12_08-54-20 Episode 466: New best reward 10.60, training model saved.
2026-08-12_08-54-30 Episode 474: New best reward 10.80, training model saved.
2026-08-12_08-54-42 Episode 482: New best reward 20.20, training model saved.
2026-08-12_08-55-24 Episode 518: New best reward 28.10, training model saved.
2026-08-12_08-57-44: Training starting...
Device: cuda
2026-08-12_08-57-45 Episode 0: New best reward 2.00, training model saved.
2026-08-12_08-57-45 Episode 0: New best greedy reward 2.00, model saved.
2026-08-12_08-57-45 Episode 1: New best reward 3.50, training model saved.
2026-08-12_08-57-46 Episode 4: New best reward 3.90, training model saved.
2026-08-12_08-57-52 Episode 21: New best reward 4.20, training model saved.
2026-08-12_08-57-55 Episode 32: New best reward 6.50, training model saved.
2026-08-12_09-00-04 Episode 318: New best reward 6.80, training model saved.
2026-08-12_09-00-53 Episode 370: New best reward 8.40, training model saved.
2026-08-12_09-04-39 Episode 592: New best reward 9.00, training model saved.
2026-08-12_09-06-37 Episode 693: New best reward 10.70, training model saved.
2026-08-12_09-06-49 Episode 702: New best reward 11.00, training model saved.
2026-08-12_09-07-35 Episode 737: New best reward 11.30, training model saved.
2026-08-12_09-07-37 Episode 738: New best reward 14.00, training model saved.
2026-08-12_09-08-06 Episode 758: New best reward 15.20, training model saved.
2026-08-12_09-08-15 Episode 761: New best reward 36.60, training model saved.
2026-08-12_09-08-45 Episode 773: New best reward 67.00, training model saved.
2026-08-12_09-10-43 Episode 806: New best reward 79.20, training model saved.
2026-08-12_09-12-26 Episode 826: New best reward 81.30, training model saved.
2026-08-12_09-13-11 Episode 835: New best reward 90.20, training model saved.
2026-08-12_09-15-21 Episode 867: New best reward 113.80, training model saved.
2026-08-12_09-16-55 Episode 877: New best reward 188.30, training model saved.
2026-08-12_09-29-17 Episode 947: New best reward 293.80, training model saved.
2026-08-12_09-30-32 Episode 950: New best reward 335.80, training model saved.
2026-08-12_09-33-00 Episode 955: New best reward 750.90, training model saved.
2026-08-12_09-57-27 Episode 995: New best reward 1104.90, training model saved.
2026-08-12_10-05-51 Episode 999: New best reward 2150.40, training model saved.
2026-08-12_10-07-01 Episode 1000: New best greedy reward 229.10, model saved.
2026-08-12_10-36-22: Training starting...
Device: cuda
2026-08-12_10-36-23 Episode 0: New best reward 3.90, training model saved.
2026-08-12_10-36-23 Episode 0: New best greedy reward 2.00, model saved.
2026-08-12_10-36-29 Episode 16: New best reward 4.10, training model saved.
2026-08-12_10-36-30 Episode 18: New best reward 4.30, training model saved.
2026-08-12_10-36-31 Episode 21: New best reward 4.40, training model saved.
2026-08-12_10-36-37 Episode 37: New best reward 4.70, training model saved.
2026-08-12_10-36-41 Episode 47: New best reward 6.10, training model saved.
2026-08-12_10-36-42 Episode 50: New best reward 8.40, training model saved.
2026-08-12_10-37-12 Episode 122: New best reward 8.70, training model saved.
2026-08-12_10-44-33: Training starting...
Device: cuda
2026-08-12_10-44-34 Episode 0: New best reward 2.00, training model saved.
2026-08-12_10-44-34 Episode 0: New best greedy reward 2.00, model saved.
2026-08-12_10-44-34 Episode 1: New best reward 3.50, training model saved.
2026-08-12_10-44-35 Episode 4: New best reward 3.90, training model saved.
2026-08-12_10-44-39 Episode 12: New best reward 8.40, training model saved.
2026-08-12_10-45-01 Episode 72: New best reward 12.90, training model saved.
2026-08-12_10-52-19 Episode 595: New best reward 19.10, training model saved.
2026-08-12_10-52-45 Episode 610: New best reward 24.60, training model saved.
2026-08-12_10-53-40: Training starting...
Device: cuda
2026-08-12_10-53-40 Episode 0: New best reward 2.00, training model saved.
2026-08-12_10-53-40 Episode 0: New best greedy reward 2.00, model saved.
2026-08-12_10-53-40 Episode 1: New best reward 3.90, training model saved.
2026-08-12_10-53-42 Episode 5: New best reward 4.30, training model saved.
2026-08-12_10-53-44 Episode 10: New best reward 4.60, training model saved.
2026-08-12_10-53-44 Episode 11: New best reward 4.80, training model saved.
2026-08-12_10-53-51 Episode 27: New best reward 6.20, training model saved.
2026-08-12_10-53-56 Episode 42: New best reward 6.70, training model saved.
2026-08-12_10-54-00 Episode 51: New best reward 8.40, training model saved.
2026-08-12_10-55-38 Episode 255: New best reward 8.50, training model saved.
2026-08-12_10-57-19 Episode 379: New best reward 10.80, training model saved.
2026-08-12_10-59-08 Episode 515: New best reward 10.90, training model saved.
2026-08-12_10-59-13 Episode 521: New best reward 11.10, training model saved.
2026-08-12_10-59-18 Episode 524: New best reward 12.90, training model saved.
2026-08-12_10-59-39 Episode 544: New best reward 15.10, training model saved.
2026-08-12_11-01-33: Training starting...
Device: cuda
2026-08-12_11-01-34 Episode 0: New best reward 2.00, training model saved.
2026-08-12_11-01-34 Episode 0: New best greedy reward 2.00, model saved.
2026-08-12_11-01-35 Episode 2: New best reward 3.90, training model saved.
2026-08-12_11-01-43 Episode 31: New best reward 4.20, training model saved.
2026-08-12_11-02-00 Episode 83: New best reward 4.30, training model saved.
2026-08-12_11-02-32 Episode 187: New best reward 5.00, training model saved.
2026-08-12_11-03-42 Episode 316: New best reward 6.30, training model saved.
2026-08-12_11-03-47 Episode 321: New best reward 8.40, training model saved.
2026-08-12_11-05-49 Episode 429: New best reward 9.50, training model saved.
2026-08-12_11-06-42 Episode 471: New best reward 11.20, training model saved.
2026-08-12_11-07-21 Episode 502: New best reward 13.30, training model saved.
2026-08-12_11-07-28 Episode 506: New best reward 13.60, training model saved.
2026-08-12_11-08-18 Episode 540: New best reward 20.80, training model saved.
2026-08-12_11-08-38 Episode 552: New best reward 27.40, training model saved.
2026-08-12_11-09-29 Episode 579: New best reward 32.80, training model saved.
2026-08-12_11-09-53 Episode 589: New best reward 37.10, training model saved.
[worker] done. total trials in study: 200
2026-08-11_07-08-16: Training starting...
Device: cuda
2026-08-11_07-08-23 Episode 0: New best reward 3.90, training model saved.
2026-08-11_07-08-23 Episode 0: New best greedy reward 2.00, model saved.
2026-08-11_07-08-25 Episode 3: New best reward 4.90, training model saved.
2026-08-11_07-08-34 Episode 28: New best reward 6.00, training model saved.
2026-08-11_07-08-36 Episode 33: New best reward 6.30, training model saved.
2026-08-11_07-08-44 Episode 54: New best reward 6.40, training model saved.
2026-08-11_07-08-50 Episode 66: New best reward 10.50, training model saved.
2026-08-11_07-12-12 Episode 358: New best reward 10.70, training model saved.
2026-08-11_07-12-58 Episode 399: New best reward 13.70, training model saved.
2026-08-11_07-14-02 Episode 447: New best reward 15.30, training model saved.
2026-08-11_07-14-28 Episode 462: New best reward 15.60, training model saved.
2026-08-11_07-14-42 Episode 469: New best reward 25.20, training model saved.
2026-08-11_07-15-42 Episode 500: New best reward 29.80, training model saved.
2026-08-11_07-16-04 Episode 507: New best reward 32.50, training model saved.
2026-08-11_07-16-23 Episode 513: New best reward 57.70, training model saved.
2026-08-11_07-16-38 Episode 515: New best reward 69.50, training model saved.
2026-08-11_07-18-02 Episode 537: New best reward 93.20, training model saved.
2026-08-11_07-18-32 Episode 539: New best reward 158.50, training model saved.
2026-08-11_07-21-45 Episode 568: New best reward 190.40, training model saved.
2026-08-11_07-22-38 Episode 571: New best reward 251.90, training model saved.
2026-08-11_07-28-48 Episode 605: New best reward 284.00, training model saved.
2026-08-11_07-31-27 Episode 615: New best reward 356.10, training model saved.
2026-08-11_07-36-34 Episode 634: New best reward 387.50, training model saved.
2026-08-11_07-37-45 Episode 636: New best reward 482.10, training model saved.
2026-08-11_07-50-43 Episode 670: New best reward 501.30, training model saved.
2026-08-11_07-56-25 Episode 685: New best reward 554.40, training model saved.
2026-08-11_07-58-42 Episode 687: New best reward 734.80, training model saved.
2026-08-11_08-04-18 Episode 699: New best reward 888.20, training model saved.
2026-08-11_08-37-35: Training starting...
Device: cuda
2026-08-11_08-37-36 Episode 0: New best reward 3.90, training model saved.
2026-08-11_08-37-36 Episode 0: New best greedy reward 2.00, model saved.
2026-08-11_08-37-37 Episode 3: New best reward 4.90, training model saved.
2026-08-11_08-37-40 Episode 10: New best reward 8.90, training model saved.
2026-08-11_08-41-31 Episode 358: New best reward 11.30, training model saved.
2026-08-11_08-41-35 Episode 361: New best reward 13.50, training model saved.
2026-08-11_08-41-42 Episode 366: New best reward 17.90, training model saved.
2026-08-11_08-44-04 Episode 501: New best reward 26.90, training model saved.
2026-08-11_08-46-30: Training starting...
Device: cuda
2026-08-11_08-46-31 Episode 0: New best reward 3.90, training model saved.
2026-08-11_08-46-31 Episode 0: New best greedy reward 2.00, model saved.
2026-08-11_08-46-32 Episode 3: New best reward 4.90, training model saved.
2026-08-11_08-46-40 Episode 22: New best reward 6.00, training model saved.
2026-08-11_08-46-43 Episode 27: New best reward 8.90, training model saved.
2026-08-11_08-48-41 Episode 255: New best reward 12.90, training model saved.
2026-08-11_08-50-15 Episode 345: New best reward 13.90, training model saved.
2026-08-11_08-50-22 Episode 350: New best reward 18.30, training model saved.
2026-08-11_08-50-26 Episode 351: New best reward 31.90, training model saved.
2026-08-11_08-51-16 Episode 378: New best reward 54.90, training model saved.
2026-08-11_08-52-47 Episode 430: New best reward 69.90, training model saved.
2026-08-11_08-53-37 Episode 450: New best reward 93.30, training model saved.
2026-08-11_08-56-27 Episode 500: New best reward 99.80, training model saved.
2026-08-11_08-58-17 Episode 524: New best reward 104.40, training model saved.
2026-08-11_08-59-03 Episode 536: New best reward 116.60, training model saved.
2026-08-11_08-59-21 Episode 537: New best reward 134.40, training model saved.
2026-08-11_09-00-57 Episode 550: New best reward 174.60, training model saved.
2026-08-11_09-01-37 Episode 557: New best reward 176.40, training model saved.
2026-08-11_09-06-48 Episode 622: New best reward 372.40, training model saved.
2026-08-11_09-12-29: Training starting...
Device: cuda
2026-08-11_09-12-29 Episode 0: New best reward 2.00, training model saved.
2026-08-11_09-12-29 Episode 0: New best greedy reward 2.00, model saved.
2026-08-11_09-12-30 Episode 1: New best reward 3.50, training model saved.
2026-08-11_09-12-31 Episode 4: New best reward 3.90, training model saved.
2026-08-11_09-12-36 Episode 21: New best reward 4.20, training model saved.
2026-08-11_09-12-41 Episode 32: New best reward 6.50, training model saved.
2026-08-11_09-17-58 Episode 508: New best reward 6.70, training model saved.
2026-08-11_09-18-26 Episode 535: New best reward 6.80, training model saved.
2026-08-11_09-19-41 Episode 607: New best reward 9.40, training model saved.
2026-08-11_09-19-57 Episode 620: New best reward 9.50, training model saved.
2026-08-11_09-20-04 Episode 625: New best reward 10.80, training model saved.
2026-08-11_09-20-55 Episode 667: New best reward 10.90, training model saved.
2026-08-11_09-21-07 Episode 675: New best reward 13.30, training model saved.
2026-08-11_09-21-32: Training starting...
Device: cuda
2026-08-11_09-21-33 Episode 0: New best reward 2.00, training model saved.
2026-08-11_09-21-33 Episode 0: New best greedy reward 2.00, model saved.
2026-08-11_09-21-34 Episode 2: New best reward 3.90, training model saved.
2026-08-11_09-21-42 Episode 31: New best reward 4.20, training model saved.
2026-08-11_09-22-32 Episode 188: New best reward 5.00, training model saved.
2026-08-11_09-23-31 Episode 311: New best reward 6.10, training model saved.
2026-08-11_09-23-49 Episode 332: New best reward 6.70, training model saved.
2026-08-11_09-24-52 Episode 407: New best reward 8.40, training model saved.
2026-08-11_09-25-02 Episode 417: New best reward 11.30, training model saved.
2026-08-11_09-26-26 Episode 505: New best reward 13.80, training model saved.
2026-08-11_09-26-44 Episode 519: New best reward 18.90, training model saved.
2026-08-11_09-27-27 Episode 554: New best reward 22.40, training model saved.
2026-08-11_09-27-47 Episode 569: New best reward 24.80, training model saved.
2026-08-11_09-28-22 Episode 591: New best reward 31.90, training model saved.
2026-08-11_09-29-59 Episode 660: New best reward 39.20, training model saved.
2026-08-11_09-30-50 Episode 695: New best reward 39.30, training model saved.
2026-08-11_09-32-34 Episode 762: New best reward 43.30, training model saved.
2026-08-11_09-32-44 Episode 765: New best reward 47.10, training model saved.
2026-08-11_09-40-03 Episode 1000: New best greedy reward 13.80, model saved.
2026-08-11_09-43-06 Episode 1095: New best reward 50.40, training model saved.
2026-08-11_09-46-29 Episode 1197: New best reward 55.60, training model saved.
2026-08-11_09-49-08 Episode 1259: New best reward 57.80, training model saved.
2026-08-11_09-51-18 Episode 1308: New best reward 88.70, training model saved.
2026-08-11_09-59-09 Episode 1457: New best reward 96.90, training model saved.
2026-08-11_10-00-03 Episode 1468: New best reward 97.10, training model saved.
2026-08-11_10-04-20 Episode 1551: New best reward 110.90, training model saved.
2026-08-11_10-10-55 Episode 1663: New best reward 139.20, training model saved.
2026-08-11_10-14-12 Episode 1717: New best reward 209.20, training model saved.
2026-08-11_10-34-44 Episode 1973: New best reward 246.40, training model saved.
2026-08-11_10-37-26 Episode 2000: New best greedy reward 55.40, model saved.
2026-08-11_10-39-33: Training starting...
Device: cuda
2026-08-11_10-39-33 Episode 0: New best reward 2.00, training model saved.
2026-08-11_10-39-34 Episode 0: New best greedy reward 2.00, model saved.
2026-08-11_10-39-34 Episode 2: New best reward 3.90, training model saved.
2026-08-11_10-39-43 Episode 31: New best reward 4.20, training model saved.
2026-08-11_10-40-33 Episode 188: New best reward 5.00, training model saved.
2026-08-11_10-41-57 Episode 336: New best reward 6.10, training model saved.
2026-08-11_10-42-06 Episode 345: New best reward 8.40, training model saved.
2026-08-11_10-42-31 Episode 371: New best reward 8.80, training model saved.
2026-08-11_10-42-40 Episode 379: New best reward 13.80, training model saved.
2026-08-11_10-42-58 Episode 395: New best reward 22.40, training model saved.
2026-08-11_10-43-58 Episode 444: New best reward 25.10, training model saved.
2026-08-11_10-44-10 Episode 451: New best reward 27.50, training model saved.
2026-08-11_10-44-32 Episode 463: New best reward 27.80, training model saved.
2026-08-11_10-44-38 Episode 464: New best reward 45.90, training model saved.
2026-08-11_10-44-53 Episode 469: New best reward 74.70, training model saved.
2026-08-11_10-48-52 Episode 541: New best reward 97.00, training model saved.
2026-08-11_10-49-11 Episode 543: New best reward 104.80, training model saved.
2026-08-11_10-51-30 Episode 586: New best reward 152.90, training model saved.
2026-08-11_10-57-29 Episode 650: New best reward 162.50, training model saved.
2026-08-11_11-01-29 Episode 689: New best reward 180.90, training model saved.
2026-08-11_11-06-08: Training starting...
Device: cuda
2026-08-11_11-06-08 Episode 0: New best reward 2.00, training model saved.
2026-08-11_11-06-08 Episode 0: New best greedy reward 2.00, model saved.
2026-08-11_11-06-09 Episode 1: New best reward 3.50, training model saved.
2026-08-11_11-06-10 Episode 4: New best reward 3.90, training model saved.
2026-08-11_11-06-14 Episode 16: New best reward 4.60, training model saved.
2026-08-11_11-06-25 Episode 48: New best reward 6.00, training model saved.
2026-08-11_11-06-29 Episode 58: New best reward 6.50, training model saved.
2026-08-11_11-07-08 Episode 169: New best reward 8.40, training model saved.
2026-08-11_11-10-21 Episode 409: New best reward 8.90, training model saved.
2026-08-11_11-10-41 Episode 427: New best reward 11.10, training model saved.
2026-08-11_11-11-09 Episode 454: New best reward 14.00, training model saved.
2026-08-11_11-11-14 Episode 457: New best reward 15.50, training model saved.
2026-08-11_11-11-18 Episode 459: New best reward 18.60, training model saved.
2026-08-11_11-11-29 Episode 469: New best reward 22.40, training model saved.
2026-08-11_11-13-07 Episode 547: New best reward 23.10, training model saved.
2026-08-11_11-14-09 Episode 593: New best reward 32.50, training model saved.
2026-08-11_11-14-32 Episode 608: New best reward 36.40, training model saved.
2026-08-11_11-16-17 Episode 669: New best reward 46.30, training model saved.
2026-08-11_11-16-35 Episode 673: New best reward 71.70, training model saved.
2026-08-11_11-20-04 Episode 746: New best reward 92.40, training model saved.
2026-08-11_11-22-42 Episode 782: New best reward 127.50, training model saved.
2026-08-11_11-24-16 Episode 800: New best reward 146.10, training model saved.
2026-08-11_11-25-38 Episode 817: New best reward 148.40, training model saved.
2026-08-11_11-29-09 Episode 857: New best reward 162.40, training model saved.
2026-08-11_11-30-50 Episode 872: New best reward 403.20, training model saved.
2026-08-11_11-44-16 Episode 1000: New best greedy reward 8.40, model saved.
2026-08-11_12-10-25 Episode 1162: New best reward 496.80, training model saved.
2026-08-11_12-21-39 Episode 1214: New best reward 600.90, training model saved.
2026-08-11_12-27-34: Training starting...
Device: cuda
2026-08-11_12-27-35 Episode 0: New best reward 2.00, training model saved.
2026-08-11_12-27-35 Episode 0: New best greedy reward 2.00, model saved.
2026-08-11_12-27-35 Episode 2: New best reward 3.90, training model saved.
2026-08-11_12-27-44 Episode 31: New best reward 4.20, training model saved.
2026-08-11_12-28-32 Episode 188: New best reward 5.00, training model saved.
2026-08-11_12-30-02 Episode 353: New best reward 6.40, training model saved.
2026-08-11_12-30-05 Episode 356: New best reward 6.50, training model saved.
2026-08-11_12-30-45 Episode 404: New best reward 6.60, training model saved.
2026-08-11_12-31-01 Episode 421: New best reward 10.90, training model saved.
2026-08-11_12-32-27 Episode 511: New best reward 12.90, training model saved.
2026-08-11_12-32-34 Episode 517: New best reward 13.10, training model saved.
2026-08-11_12-32-36 Episode 518: New best reward 18.40, training model saved.
2026-08-11_12-32-49 Episode 525: New best reward 34.70, training model saved.
2026-08-11_12-33-22 Episode 547: New best reward 36.40, training model saved.
2026-08-11_12-33-52 Episode 559: New best reward 83.40, training model saved.
2026-08-11_12-35-49 Episode 593: New best reward 135.20, training model saved.
2026-08-11_12-46-43 Episode 760: New best reward 141.80, training model saved.
2026-08-11_12-52-42 Episode 823: New best reward 160.20, training model saved.
2026-08-11_12-52-50: Training starting...
Device: cuda
2026-08-11_12-52-51 Episode 0: New best reward 2.00, training model saved.
2026-08-11_12-52-51 Episode 0: New best greedy reward 2.00, model saved.
2026-08-11_12-52-51 Episode 1: New best reward 3.50, training model saved.
2026-08-11_12-52-52 Episode 4: New best reward 3.90, training model saved.
2026-08-11_12-52-55 Episode 12: New best reward 8.40, training model saved.
2026-08-11_12-53-18 Episode 72: New best reward 12.90, training model saved.
2026-08-11_12-59-07 Episode 573: New best reward 13.00, training model saved.
2026-08-11_13-01-07 Episode 688: New best reward 26.90, training model saved.
2026-08-11_13-05-14 Episode 890: New best reward 51.40, training model saved.
2026-08-11_13-08-37 Episode 1000: New best greedy reward 36.50, model saved.
2026-08-11_13-16-32 Episode 1207: New best reward 68.90, training model saved.
2026-08-11_13-16-45 Episode 1210: New best reward 87.90, training model saved.
2026-08-11_13-18-50 Episode 1249: New best reward 92.60, training model saved.
2026-08-11_13-19-06: Training starting...
Device: cuda
2026-08-11_13-19-06 Episode 0: New best reward 2.00, training model saved.
2026-08-11_13-19-06 Episode 0: New best greedy reward 2.00, model saved.
2026-08-11_13-19-07 Episode 2: New best reward 3.90, training model saved.
2026-08-11_13-19-16 Episode 31: New best reward 4.10, training model saved.
2026-08-11_13-19-32 Episode 83: New best reward 4.30, training model saved.
2026-08-11_13-20-31 Episode 268: New best reward 4.80, training model saved.
2026-08-11_13-22-11 Episode 386: New best reward 4.90, training model saved.
2026-08-11_13-22-15 Episode 390: New best reward 6.20, training model saved.
2026-08-11_13-22-27 Episode 404: New best reward 6.50, training model saved.
2026-08-11_13-22-37 Episode 415: New best reward 8.40, training model saved.
2026-08-11_13-22-53 Episode 431: New best reward 9.50, training model saved.
2026-08-11_13-23-06 Episode 446: New best reward 10.50, training model saved.
2026-08-11_13-23-11 Episode 450: New best reward 14.00, training model saved.
2026-08-11_13-23-37 Episode 469: New best reward 18.20, training model saved.
2026-08-11_13-24-17 Episode 497: New best reward 25.10, training model saved.
2026-08-11_13-24-47 Episode 516: New best reward 25.30, training model saved.
2026-08-11_13-25-34 Episode 542: New best reward 34.20, training model saved.
2026-08-11_13-26-36 Episode 569: New best reward 50.40, training model saved.
2026-08-11_13-27-15 Episode 581: New best reward 51.50, training model saved.
2026-08-11_13-27-22 Episode 582: New best reward 57.30, training model saved.
2026-08-11_13-28-30 Episode 606: New best reward 73.90, training model saved.
2026-08-11_13-29-45 Episode 621: New best reward 222.90, training model saved.
2026-08-11_13-38-35 Episode 747: New best reward 246.40, training model saved.
2026-08-11_13-45-31: Training starting...
Device: cuda
2026-08-11_13-45-32 Episode 0: New best reward 8.40, training model saved.
2026-08-11_13-45-32 Episode 0: New best greedy reward 2.00, model saved.
2026-08-11_13-46-15 Episode 104: New best reward 8.80, training model saved.
2026-08-11_13-47-46 Episode 260: New best reward 9.50, training model saved.
2026-08-11_13-48-09 Episode 283: New best reward 11.10, training model saved.
2026-08-11_13-48-16 Episode 290: New best reward 15.40, training model saved.
2026-08-11_13-48-38 Episode 308: New best reward 15.80, training model saved.
2026-08-11_13-48-43 Episode 310: New best reward 29.10, training model saved.
2026-08-11_13-49-30 Episode 337: New best reward 29.50, training model saved.
2026-08-11_13-49-39 Episode 338: New best reward 71.30, training model saved.
2026-08-11_13-51-51 Episode 382: New best reward 88.40, training model saved.
2026-08-11_13-53-53 Episode 415: New best reward 144.50, training model saved.
2026-08-11_13-55-27 Episode 432: New best reward 183.70, training model saved.
2026-08-11_14-03-56 Episode 535: New best reward 261.50, training model saved.
2026-08-11_14-09-52: Training starting...
Device: cuda
2026-08-11_14-09-52 Episode 0: New best reward 2.00, training model saved.
2026-08-11_14-09-52 Episode 0: New best greedy reward 2.00, model saved.
2026-08-11_14-09-53 Episode 1: New best reward 3.50, training model saved.
2026-08-11_14-09-54 Episode 4: New best reward 3.90, training model saved.
2026-08-11_14-09-59 Episode 21: New best reward 4.20, training model saved.
2026-08-11_14-10-03 Episode 32: New best reward 6.50, training model saved.
2026-08-11_14-13-02 Episode 386: New best reward 6.70, training model saved.
2026-08-11_14-13-08 Episode 392: New best reward 8.40, training model saved.
2026-08-11_14-13-22 Episode 406: New best reward 13.70, training model saved.
2026-08-11_14-13-53 Episode 432: New best reward 14.00, training model saved.
2026-08-11_14-14-09 Episode 446: New best reward 15.60, training model saved.
2026-08-11_14-14-17 Episode 452: New best reward 17.90, training model saved.
2026-08-11_14-14-22 Episode 455: New best reward 22.50, training model saved.
2026-08-11_14-14-48 Episode 473: New best reward 39.20, training model saved.
2026-08-11_14-17-15 Episode 542: New best reward 60.60, training model saved.
2026-08-11_14-19-17 Episode 591: New best reward 83.90, training model saved.
2026-08-11_14-19-42 Episode 596: New best reward 95.10, training model saved.
2026-08-11_14-22-20 Episode 635: New best reward 104.40, training model saved.
2026-08-11_14-22-41 Episode 638: New best reward 123.10, training model saved.
2026-08-11_14-23-41 Episode 649: New best reward 140.10, training model saved.
2026-08-11_14-24-41 Episode 656: New best reward 180.90, training model saved.
2026-08-11_14-29-01 Episode 700: New best reward 187.10, training model saved.
2026-08-11_14-30-53 Episode 724: New best reward 193.00, training model saved.
2026-08-11_14-34-11: Training starting...
Device: cuda
2026-08-11_14-34-11 Episode 0: New best reward 2.00, training model saved.
2026-08-11_14-34-11 Episode 0: New best greedy reward 2.00, model saved.
2026-08-11_14-34-12 Episode 1: New best reward 3.50, training model saved.
2026-08-11_14-34-13 Episode 4: New best reward 3.90, training model saved.
2026-08-11_14-34-16 Episode 12: New best reward 8.40, training model saved.
2026-08-11_14-34-36 Episode 64: New best reward 8.90, training model saved.
2026-08-11_14-35-12 Episode 161: New best reward 9.40, training model saved.
2026-08-11_14-36-24 Episode 274: New best reward 9.50, training model saved.
2026-08-11_14-36-26 Episode 275: New best reward 13.60, training model saved.
2026-08-11_14-37-36 Episode 340: New best reward 20.10, training model saved.
2026-08-11_14-37-56 Episode 355: New best reward 22.90, training model saved.
2026-08-11_14-39-01 Episode 404: New best reward 36.70, training model saved.
2026-08-11_14-39-21 Episode 413: New best reward 37.30, training model saved.
2026-08-11_14-41-12 Episode 470: New best reward 46.10, training model saved.
2026-08-11_14-41-54 Episode 481: New best reward 99.80, training model saved.
2026-08-11_14-44-14 Episode 517: New best reward 132.80, training model saved.
2026-08-11_14-47-01 Episode 550: New best reward 169.80, training model saved.
2026-08-11_14-49-24 Episode 571: New best reward 188.80, training model saved.
2026-08-11_14-54-03 Episode 621: New best reward 270.40, training model saved.
2026-08-11_15-23-39 Episode 854: New best reward 284.50, training model saved.
2026-08-11_15-44-43 Episode 1000: New best greedy reward 25.30, model saved.
2026-08-11_15-51-02 Episode 1035: New best reward 295.10, training model saved.
2026-08-11_15-52-17 Episode 1039: New best reward 325.90, training model saved.
2026-08-11_15-56-49: Training starting...
Device: cuda
2026-08-11_15-56-49 Episode 0: New best reward 2.00, training model saved.
2026-08-11_15-56-49 Episode 0: New best greedy reward 2.00, model saved.
2026-08-11_15-56-50 Episode 1: New best reward 3.90, training model saved.
2026-08-11_15-56-51 Episode 5: New best reward 4.30, training model saved.
2026-08-11_15-56-53 Episode 10: New best reward 4.60, training model saved.
2026-08-11_15-56-54 Episode 11: New best reward 4.80, training model saved.
2026-08-11_15-57-00 Episode 27: New best reward 6.20, training model saved.
2026-08-11_15-57-09 Episode 52: New best reward 8.40, training model saved.
2026-08-11_15-59-29 Episode 296: New best reward 9.20, training model saved.
2026-08-11_16-00-13 Episode 341: New best reward 9.50, training model saved.
2026-08-11_16-00-19 Episode 347: New best reward 10.50, training model saved.
2026-08-11_16-00-28 Episode 354: New best reward 12.90, training model saved.
2026-08-11_16-00-48 Episode 372: New best reward 13.00, training model saved.
2026-08-11_16-01-03 Episode 386: New best reward 13.10, training model saved.
2026-08-11_16-01-11 Episode 393: New best reward 13.60, training model saved.
2026-08-11_16-01-46 Episode 420: New best reward 18.00, training model saved.
2026-08-11_16-02-22 Episode 447: New best reward 18.20, training model saved.
2026-08-11_16-03-15 Episode 481: New best reward 22.50, training model saved.
2026-08-11_16-03-49 Episode 506: New best reward 31.90, training model saved.
2026-08-11_16-07-00 Episode 611: New best reward 46.00, training model saved.
2026-08-11_16-09-49 Episode 688: New best reward 60.80, training model saved.
2026-08-11_16-10-22 Episode 695: New best reward 62.20, training model saved.
2026-08-11_16-11-04 Episode 706: New best reward 78.40, training model saved.
2026-08-11_16-13-49 Episode 753: New best reward 90.80, training model saved.
2026-08-11_16-27-30 Episode 1000: New best greedy reward 6.80, model saved.
2026-08-11_16-35-12 Episode 1138: New best reward 92.40, training model saved.
2026-08-11_16-37-46 Episode 1170: New best reward 148.70, training model saved.
2026-08-11_16-46-04 Episode 1280: New best reward 204.40, training model saved.
2026-08-11_16-58-47 Episode 1410: New best reward 216.60, training model saved.
2026-08-11_17-04-35 Episode 1472: New best reward 284.30, training model saved.
2026-08-11_17-19-06: Training starting...
Device: cuda
2026-08-11_17-19-07 Episode 0: New best reward 2.00, training model saved.
2026-08-11_17-19-07 Episode 0: New best greedy reward 2.00, model saved.
2026-08-11_17-19-07 Episode 1: New best reward 3.90, training model saved.
2026-08-11_17-19-10 Episode 7: New best reward 4.30, training model saved.
2026-08-11_17-19-12 Episode 11: New best reward 5.00, training model saved.
2026-08-11_17-19-19 Episode 27: New best reward 6.20, training model saved.
2026-08-11_17-19-45 Episode 87: New best reward 8.40, training model saved.
2026-08-11_17-22-16 Episode 330: New best reward 9.00, training model saved.
2026-08-11_17-30-05 Episode 868: New best reward 9.30, training model saved.
2026-08-11_17-35-29 Episode 1216: New best reward 11.10, training model saved.
2026-08-11_17-39-53 Episode 1499: New best reward 11.20, training model saved.
2026-08-11_17-41-42 Episode 1623: New best reward 12.90, training model saved.
2026-08-11_17-42-18 Episode 1659: New best reward 15.40, training model saved.
2026-08-11_17-46-39: Training starting...
Device: cuda
2026-08-11_17-46-40 Episode 0: New best reward 2.00, training model saved.
2026-08-11_17-46-40 Episode 0: New best greedy reward 2.00, model saved.
2026-08-11_17-46-40 Episode 1: New best reward 3.50, training model saved.
2026-08-11_17-46-41 Episode 4: New best reward 3.90, training model saved.
2026-08-11_17-46-45 Episode 12: New best reward 8.40, training model saved.
2026-08-11_17-47-09 Episode 72: New best reward 12.90, training model saved.
2026-08-11_17-49-12 Episode 296: New best reward 13.40, training model saved.
2026-08-11_17-50-21 Episode 372: New best reward 13.80, training model saved.
2026-08-11_17-50-41 Episode 390: New best reward 18.50, training model saved.
2026-08-11_17-50-46 Episode 393: New best reward 19.00, training model saved.
2026-08-11_17-52-37 Episode 508: New best reward 27.60, training model saved.
2026-08-11_17-53-53 Episode 562: New best reward 32.20, training model saved.
2026-08-11_17-54-09 Episode 569: New best reward 43.10, training model saved.
2026-08-11_17-55-47 Episode 621: New best reward 88.40, training model saved.
2026-08-11_18-02-52 Episode 775: New best reward 143.90, training model saved.
2026-08-11_18-03-37 Episode 781: New best reward 188.70, training model saved.
2026-08-11_18-13-59: Training starting...
Device: cuda
2026-08-11_18-14-00 Episode 0: New best reward 2.00, training model saved.
2026-08-11_18-14-00 Episode 0: New best greedy reward 2.00, model saved.
2026-08-11_18-14-00 Episode 1: New best reward 3.90, training model saved.
2026-08-11_18-14-07 Episode 19: New best reward 4.50, training model saved.
2026-08-11_18-14-11 Episode 29: New best reward 4.80, training model saved.
2026-08-11_18-14-11 Episode 30: New best reward 6.40, training model saved.
2026-08-11_18-14-20 Episode 54: New best reward 8.40, training model saved.
2026-08-11_18-14-28 Episode 72: New best reward 12.90, training model saved.
2026-08-11_18-17-47 Episode 356: New best reward 15.30, training model saved.
2026-08-11_18-18-27 Episode 388: New best reward 15.80, training model saved.
2026-08-11_18-18-29 Episode 389: New best reward 17.90, training model saved.
2026-08-11_18-18-39 Episode 395: New best reward 18.90, training model saved.
2026-08-11_18-19-19 Episode 421: New best reward 37.20, training model saved.
2026-08-11_18-21-04 Episode 480: New best reward 39.00, training model saved.
2026-08-11_18-21-47 Episode 506: New best reward 40.90, training model saved.
2026-08-11_18-22-05 Episode 515: New best reward 53.30, training model saved.
2026-08-11_18-22-29: Training starting...
Device: cuda
2026-08-11_18-22-29 Episode 0: New best reward 2.00, training model saved.
2026-08-11_18-22-30 Episode 0: New best greedy reward 2.00, model saved.
2026-08-11_18-22-30 Episode 2: New best reward 3.90, training model saved.
2026-08-11_18-22-39 Episode 31: New best reward 4.20, training model saved.
2026-08-11_18-22-56 Episode 83: New best reward 4.30, training model saved.
2026-08-11_18-23-27 Episode 187: New best reward 5.00, training model saved.
2026-08-11_18-24-33 Episode 317: New best reward 6.10, training model saved.
2026-08-11_18-25-03 Episode 350: New best reward 6.30, training model saved.
2026-08-11_18-25-18 Episode 364: New best reward 18.80, training model saved.
2026-08-11_18-26-44 Episode 432: New best reward 20.60, training model saved.
2026-08-11_18-26-52 Episode 436: New best reward 27.70, training model saved.
2026-08-11_18-28-06 Episode 482: New best reward 29.30, training model saved.
2026-08-11_18-28-37 Episode 504: New best reward 29.80, training model saved.
2026-08-11_18-29-18 Episode 525: New best reward 37.10, training model saved.
2026-08-11_18-30-38 Episode 560: New best reward 65.20, training model saved.
2026-08-11_18-31-40 Episode 582: New best reward 71.20, training model saved.
2026-08-11_18-32-16 Episode 591: New best reward 82.90, training model saved.
2026-08-11_18-32-35 Episode 595: New best reward 107.30, training model saved.
2026-08-11_18-37-45 Episode 661: New best reward 127.10, training model saved.
2026-08-11_18-39-59 Episode 682: New best reward 149.60, training model saved.
2026-08-11_18-44-44 Episode 715: New best reward 154.00, training model saved.
2026-08-11_18-46-05 Episode 725: New best reward 160.80, training model saved.
2026-08-11_18-46-55 Episode 731: New best reward 167.60, training model saved.
2026-08-11_18-47-31 Episode 733: New best reward 204.40, training model saved.
2026-08-11_18-49-06 Episode 741: New best reward 211.70, training model saved.
2026-08-11_18-52-49 Episode 759: New best reward 284.80, training model saved.
2026-08-11_18-54-53 Episode 768: New best reward 292.90, training model saved.
2026-08-11_19-06-56 Episode 828: New best reward 363.10, training model saved.
2026-08-11_19-12-11 Episode 852: New best reward 564.60, training model saved.
2026-08-11_19-40-05 Episode 960: New best reward 645.80, training model saved.
2026-08-11_19-42-32: Training starting...
Device: cuda
2026-08-11_19-42-33 Episode 0: New best reward 8.40, training model saved.
2026-08-11_19-42-33 Episode 0: New best greedy reward 2.00, model saved.
2026-08-11_19-45-16 Episode 275: New best reward 8.50, training model saved.
2026-08-11_19-45-56 Episode 313: New best reward 9.40, training model saved.
2026-08-11_19-46-02 Episode 318: New best reward 10.60, training model saved.
2026-08-11_19-46-24 Episode 337: New best reward 11.30, training model saved.
2026-08-11_19-47-18 Episode 383: New best reward 13.30, training model saved.
2026-08-11_19-47-21 Episode 384: New best reward 22.80, training model saved.
2026-08-11_19-48-29 Episode 434: New best reward 24.90, training model saved.
2026-08-11_19-49-48 Episode 478: New best reward 27.70, training model saved.
2026-08-11_19-49-57 Episode 480: New best reward 45.90, training model saved.
2026-08-11_19-51-23: Training starting...
Device: cuda
2026-08-11_19-51-24 Episode 0: New best reward 3.90, training model saved.
2026-08-11_19-51-24 Episode 0: New best greedy reward 2.00, model saved.
2026-08-11_19-51-26 Episode 3: New best reward 4.90, training model saved.
2026-08-11_19-51-33 Episode 22: New best reward 6.00, training model saved.
2026-08-11_19-51-35 Episode 26: New best reward 6.20, training model saved.
2026-08-11_19-51-51 Episode 66: New best reward 8.70, training model saved.
2026-08-11_19-52-07 Episode 106: New best reward 8.90, training model saved.
2026-08-11_19-52-48 Episode 204: New best reward 12.90, training model saved.
2026-08-11_20-03-21 Episode 1000: New best greedy reward 3.90, model saved.
2026-08-11_20-17-17: Training starting...
Device: cuda
2026-08-11_20-17-18 Episode 0: New best reward 3.90, training model saved.
2026-08-11_20-17-18 Episode 0: New best greedy reward 2.00, model saved.
2026-08-11_20-17-24 Episode 16: New best reward 4.10, training model saved.
2026-08-11_20-17-25 Episode 18: New best reward 4.30, training model saved.
2026-08-11_20-17-26 Episode 21: New best reward 4.40, training model saved.
2026-08-11_20-17-32 Episode 37: New best reward 4.70, training model saved.
2026-08-11_20-17-36 Episode 47: New best reward 6.10, training model saved.
2026-08-11_20-17-37 Episode 50: New best reward 8.40, training model saved.
2026-08-11_20-18-07 Episode 122: New best reward 8.70, training model saved.
2026-08-11_20-25-11: Training starting...
Device: cuda
2026-08-11_20-25-12 Episode 0: New best reward 3.90, training model saved.
2026-08-11_20-25-12 Episode 0: New best greedy reward 2.00, model saved.
2026-08-11_20-25-17 Episode 14: New best reward 8.40, training model saved.
2026-08-11_20-26-16 Episode 163: New best reward 10.70, training model saved.
2026-08-11_20-28-54 Episode 363: New best reward 10.90, training model saved.
2026-08-11_20-28-57 Episode 365: New best reward 11.00, training model saved.
2026-08-11_20-29-09 Episode 375: New best reward 15.50, training model saved.
2026-08-11_20-29-59 Episode 415: New best reward 15.60, training model saved.
2026-08-11_20-30-12 Episode 423: New best reward 26.90, training model saved.
2026-08-11_20-32-36 Episode 517: New best reward 29.80, training model saved.
2026-08-11_20-33-24: Training starting...
Device: cuda
2026-08-11_20-33-25 Episode 0: New best reward 3.90, training model saved.
2026-08-11_20-33-25 Episode 0: New best greedy reward 2.00, model saved.
2026-08-11_20-33-26 Episode 3: New best reward 4.90, training model saved.
2026-08-11_20-33-29 Episode 10: New best reward 8.90, training model saved.
2026-08-11_20-35-24 Episode 245: New best reward 13.70, training model saved.
2026-08-11_20-39-24 Episode 528: New best reward 15.40, training model saved.
2026-08-11_20-40-28 Episode 597: New best reward 17.90, training model saved.
2026-08-11_20-41-17: Training starting...
Device: cuda
2026-08-11_20-41-17 Episode 0: New best reward 2.00, training model saved.
2026-08-11_20-41-17 Episode 0: New best greedy reward 2.00, model saved.
2026-08-11_20-41-18 Episode 1: New best reward 3.50, training model saved.
2026-08-11_20-41-18 Episode 4: New best reward 3.90, training model saved.
2026-08-11_20-41-28 Episode 30: New best reward 6.30, training model saved.
2026-08-11_20-41-44 Episode 77: New best reward 8.70, training model saved.
2026-08-11_20-44-59 Episode 409: New best reward 10.60, training model saved.
2026-08-11_20-45-22 Episode 432: New best reward 15.30, training model saved.
2026-08-11_20-45-37 Episode 446: New best reward 15.70, training model saved.
2026-08-11_20-45-48 Episode 454: New best reward 17.90, training model saved.
2026-08-11_20-46-41 Episode 502: New best reward 20.60, training model saved.
2026-08-11_20-47-02 Episode 519: New best reward 20.80, training model saved.
2026-08-11_20-47-15 Episode 529: New best reward 22.40, training model saved.
2026-08-11_20-47-28 Episode 538: New best reward 22.50, training model saved.
2026-08-11_20-47-56 Episode 557: New best reward 34.70, training model saved.
2026-08-11_20-50-49 Episode 673: New best reward 43.70, training model saved.
2026-08-11_20-55-05 Episode 825: New best reward 59.90, training model saved.
2026-08-11_20-59-47 Episode 971: New best reward 94.60, training model saved.
2026-08-11_21-00-46 Episode 1000: New best greedy reward 25.30, model saved.
2026-08-11_21-06-03: Training starting...
Device: cuda
2026-08-11_21-06-03 Episode 0: New best reward 3.90, training model saved.
2026-08-11_21-06-04 Episode 0: New best greedy reward 2.00, model saved.
2026-08-11_21-06-05 Episode 3: New best reward 4.90, training model saved.
2026-08-11_21-06-16 Episode 28: New best reward 6.00, training model saved.
2026-08-11_21-06-18 Episode 33: New best reward 6.30, training model saved.
2026-08-11_21-06-26 Episode 54: New best reward 6.40, training model saved.
2026-08-11_21-06-31 Episode 66: New best reward 10.50, training model saved.
2026-08-11_21-08-02 Episode 243: New best reward 10.80, training model saved.
2026-08-11_21-09-42 Episode 347: New best reward 25.10, training model saved.
2026-08-11_21-10-43 Episode 384: New best reward 67.30, training model saved.
2026-08-11_21-13-45 Episode 458: New best reward 71.80, training model saved.
2026-08-11_21-20-07 Episode 583: New best reward 75.00, training model saved.
2026-08-11_21-23-07 Episode 633: New best reward 76.80, training model saved.
2026-08-11_21-23-19 Episode 634: New best reward 85.70, training model saved.
2026-08-11_21-23-43 Episode 639: New best reward 89.10, training model saved.
2026-08-11_21-24-07 Episode 642: New best reward 106.40, training model saved.
2026-08-11_21-32-31 Episode 758: New best reward 120.40, training model saved.
2026-08-11_21-32-50: Training starting...
Device: cuda
2026-08-11_21-32-51 Episode 0: New best reward 2.00, training model saved.
2026-08-11_21-32-51 Episode 0: New best greedy reward 2.00, model saved.
2026-08-11_21-32-51 Episode 1: New best reward 3.50, training model saved.
2026-08-11_21-32-52 Episode 4: New best reward 3.90, training model saved.
2026-08-11_21-32-56 Episode 16: New best reward 4.30, training model saved.
2026-08-11_21-33-02 Episode 30: New best reward 4.70, training model saved.
2026-08-11_21-33-09 Episode 51: New best reward 6.00, training model saved.
2026-08-11_21-33-19 Episode 77: New best reward 8.70, training model saved.
2026-08-11_21-34-50 Episode 267: New best reward 13.80, training model saved.
2026-08-11_21-36-16 Episode 346: New best reward 22.60, training model saved.
2026-08-11_21-37-16 Episode 391: New best reward 23.50, training model saved.
2026-08-11_21-38-04 Episode 422: New best reward 25.20, training model saved.
2026-08-11_21-40-16 Episode 500: New best reward 29.30, training model saved.
2026-08-11_21-41-36 Episode 547: New best reward 34.10, training model saved.
2026-08-11_21-41-56: Training starting...
Device: cuda
2026-08-11_21-41-57 Episode 0: New best reward 2.00, training model saved.
2026-08-11_21-41-57 Episode 0: New best greedy reward 2.00, model saved.
2026-08-11_21-41-57 Episode 1: New best reward 3.50, training model saved.
2026-08-11_21-41-58 Episode 4: New best reward 3.90, training model saved.
2026-08-11_21-42-03 Episode 21: New best reward 4.20, training model saved.
2026-08-11_21-42-07 Episode 32: New best reward 6.50, training model saved.
2026-08-11_21-44-15 Episode 319: New best reward 9.10, training model saved.
2026-08-11_21-44-27 Episode 330: New best reward 13.90, training model saved.
2026-08-11_21-44-48 Episode 346: New best reward 27.60, training model saved.
2026-08-11_21-46-49 Episode 416: New best reward 34.80, training model saved.
2026-08-11_21-47-03 Episode 422: New best reward 41.70, training model saved.
2026-08-11_21-48-11 Episode 454: New best reward 54.90, training model saved.
2026-08-11_21-50-04 Episode 499: New best reward 76.50, training model saved.
2026-08-11_21-51-23 Episode 518: New best reward 78.40, training model saved.
2026-08-11_21-52-42 Episode 542: New best reward 79.10, training model saved.
2026-08-11_21-56-38 Episode 607: New best reward 90.10, training model saved.
2026-08-11_21-57-06 Episode 611: New best reward 129.90, training model saved.
2026-08-11_22-01-04 Episode 666: New best reward 139.70, training model saved.
2026-08-11_22-02-56 Episode 687: New best reward 176.70, training model saved.
2026-08-11_22-08-34: Training starting...
Device: cuda
2026-08-11_22-08-35 Episode 0: New best reward 2.00, training model saved.
2026-08-11_22-08-35 Episode 0: New best greedy reward 2.00, model saved.
2026-08-11_22-08-35 Episode 1: New best reward 3.50, training model saved.
2026-08-11_22-08-36 Episode 4: New best reward 3.90, training model saved.
2026-08-11_22-08-41 Episode 16: New best reward 4.60, training model saved.
2026-08-11_22-08-52 Episode 48: New best reward 6.00, training model saved.
2026-08-11_22-08-56 Episode 58: New best reward 6.50, training model saved.
2026-08-11_22-09-36 Episode 169: New best reward 8.40, training model saved.
2026-08-11_22-11-58 Episode 361: New best reward 11.20, training model saved.
2026-08-11_22-12-51 Episode 410: New best reward 12.90, training model saved.
2026-08-11_22-13-07 Episode 424: New best reward 15.00, training model saved.
2026-08-11_22-13-20 Episode 436: New best reward 15.10, training model saved.
2026-08-11_22-13-26 Episode 440: New best reward 17.90, training model saved.
2026-08-11_22-15-07 Episode 518: New best reward 29.80, training model saved.
2026-08-11_22-15-23 Episode 525: New best reward 36.80, training model saved.
2026-08-11_22-18-04 Episode 624: New best reward 43.30, training model saved.
2026-08-11_22-18-31 Episode 637: New best reward 43.80, training model saved.
2026-08-11_22-20-27 Episode 696: New best reward 57.80, training model saved.
2026-08-11_22-21-07 Episode 709: New best reward 65.30, training model saved.
2026-08-11_22-22-39 Episode 747: New best reward 67.30, training model saved.
2026-08-11_22-23-42 Episode 772: New best reward 78.40, training model saved.
2026-08-11_22-26-42 Episode 828: New best reward 103.10, training model saved.
2026-08-11_22-33-25: Training starting...
Device: cuda
2026-08-11_22-33-25 Episode 0: New best reward 2.00, training model saved.
2026-08-11_22-33-25 Episode 0: New best greedy reward 2.00, model saved.
2026-08-11_22-33-26 Episode 2: New best reward 3.90, training model saved.
2026-08-11_22-33-52 Episode 83: New best reward 4.30, training model saved.
2026-08-11_22-34-42 Episode 243: New best reward 4.40, training model saved.
2026-08-11_22-34-51 Episode 267: New best reward 4.50, training model saved.
2026-08-11_22-34-52 Episode 268: New best reward 4.90, training model saved.
2026-08-11_22-35-40 Episode 327: New best reward 5.00, training model saved.
2026-08-11_22-35-41 Episode 329: New best reward 6.10, training model saved.
2026-08-11_22-35-51 Episode 340: New best reward 8.40, training model saved.
2026-08-11_22-36-36 Episode 395: New best reward 8.70, training model saved.
2026-08-11_22-36-39 Episode 397: New best reward 11.30, training model saved.
2026-08-11_22-36-43 Episode 401: New best reward 12.90, training model saved.
2026-08-11_22-37-30 Episode 446: New best reward 15.40, training model saved.
2026-08-11_22-37-43 Episode 455: New best reward 26.90, training model saved.
2026-08-11_22-40-00 Episode 552: New best reward 27.40, training model saved.
2026-08-11_22-40-39 Episode 576: New best reward 41.60, training model saved.
2026-08-11_22-41-22: Training starting...
Device: cuda
2026-08-11_22-41-22 Episode 0: New best reward 2.00, training model saved.
2026-08-11_22-41-22 Episode 0: New best greedy reward 2.00, model saved.
2026-08-11_22-41-23 Episode 1: New best reward 3.90, training model saved.
2026-08-11_22-41-25 Episode 7: New best reward 4.30, training model saved.
2026-08-11_22-41-27 Episode 11: New best reward 5.00, training model saved.
2026-08-11_22-41-33 Episode 27: New best reward 6.20, training model saved.
2026-08-11_22-42-01 Episode 102: New best reward 6.70, training model saved.
2026-08-11_22-42-02 Episode 103: New best reward 8.40, training model saved.
2026-08-11_22-45-07 Episode 373: New best reward 8.70, training model saved.
2026-08-11_22-45-37 Episode 405: New best reward 10.90, training model saved.
2026-08-11_22-46-08 Episode 435: New best reward 11.30, training model saved.
2026-08-11_22-46-31 Episode 457: New best reward 12.90, training model saved.
2026-08-11_22-47-51 Episode 533: New best reward 18.10, training model saved.
2026-08-11_22-50-47 Episode 680: New best reward 34.70, training model saved.
2026-08-11_22-54-47 Episode 861: New best reward 47.10, training model saved.
2026-08-11_22-58-28 Episode 1000: New best greedy reward 8.40, model saved.
2026-08-11_23-04-21 Episode 1185: New best reward 59.90, training model saved.
2026-08-11_23-07-38: Training starting...
Device: cuda
2026-08-11_23-07-39 Episode 0: New best reward 3.90, training model saved.
2026-08-11_23-07-39 Episode 0: New best greedy reward 2.00, model saved.
2026-08-11_23-07-40 Episode 3: New best reward 4.90, training model saved.
2026-08-11_23-07-48 Episode 22: New best reward 6.00, training model saved.
2026-08-11_23-07-50 Episode 27: New best reward 8.80, training model saved.
2026-08-11_23-09-25 Episode 226: New best reward 11.30, training model saved.
2026-08-11_23-10-22 Episode 293: New best reward 18.80, training model saved.
2026-08-11_23-11-28 Episode 363: New best reward 19.00, training model saved.
2026-08-11_23-15-17 Episode 589: New best reward 28.10, training model saved.
2026-08-11_23-15-21 Episode 590: New best reward 32.20, training model saved.
2026-08-11_23-18-26 Episode 740: New best reward 36.70, training model saved.
2026-08-11_23-18-34 Episode 742: New best reward 53.10, training model saved.
2026-08-11_23-20-12 Episode 804: New best reward 64.40, training model saved.
2026-08-11_23-23-22 Episode 905: New best reward 74.60, training model saved.
2026-08-11_23-26-51 Episode 1000: New best greedy reward 15.80, model saved.
2026-08-11_23-30-55 Episode 1111: New best reward 82.90, training model saved.
2026-08-11_23-32-10 Episode 1139: New best reward 123.20, training model saved.
2026-08-11_23-44-23 Episode 1409: New best reward 138.90, training model saved.
2026-08-12_00-11-43 Episode 1817: New best reward 190.40, training model saved.
2026-08-12_00-19-22 Episode 1900: New best reward 241.90, training model saved.
2026-08-12_00-24-19: Training starting...
Device: cuda
2026-08-12_00-24-20 Episode 0: New best reward 2.00, training model saved.
2026-08-12_00-24-20 Episode 0: New best greedy reward 2.00, model saved.
2026-08-12_00-24-20 Episode 1: New best reward 3.50, training model saved.
2026-08-12_00-24-21 Episode 4: New best reward 3.90, training model saved.
2026-08-12_00-24-31 Episode 30: New best reward 4.20, training model saved.
2026-08-12_00-24-38 Episode 50: New best reward 6.30, training model saved.
2026-08-12_00-24-49 Episode 77: New best reward 8.70, training model saved.
2026-08-12_00-26-17 Episode 266: New best reward 12.90, training model saved.
2026-08-12_00-27-25 Episode 329: New best reward 17.90, training model saved.
2026-08-12_00-27-47 Episode 346: New best reward 22.40, training model saved.
2026-08-12_00-28-47 Episode 395: New best reward 41.00, training model saved.
2026-08-12_00-31-34 Episode 519: New best reward 55.10, training model saved.
2026-08-12_00-32-36: Training starting...
Device: cuda
2026-08-12_00-32-36 Episode 0: New best reward 2.00, training model saved.
2026-08-12_00-32-36 Episode 0: New best greedy reward 2.00, model saved.
2026-08-12_00-32-37 Episode 1: New best reward 3.50, training model saved.
2026-08-12_00-32-38 Episode 4: New best reward 3.90, training model saved.
2026-08-12_00-32-41 Episode 12: New best reward 8.40, training model saved.
2026-08-12_00-33-01 Episode 64: New best reward 8.90, training model saved.
2026-08-12_00-33-37 Episode 161: New best reward 9.40, training model saved.
2026-08-12_00-35-57 Episode 352: New best reward 10.90, training model saved.
2026-08-12_00-36-09 Episode 365: New best reward 18.40, training model saved.
2026-08-12_00-37-47 Episode 459: New best reward 18.70, training model saved.
2026-08-12_00-43-41 Episode 747: New best reward 20.50, training model saved.
2026-08-12_00-43-57 Episode 756: New best reward 38.70, training model saved.
2026-08-12_00-44-27 Episode 771: New best reward 42.00, training model saved.
2026-08-12_00-51-13 Episode 973: New best reward 46.20, training model saved.
2026-08-12_00-52-19 Episode 1000: New best greedy reward 4.60, model saved.
2026-08-12_00-53-50 Episode 1042: New best reward 50.40, training model saved.
2026-08-12_00-54-30 Episode 1057: New best reward 57.70, training model saved.
2026-08-12_00-57-22 Episode 1131: New best reward 67.20, training model saved.
2026-08-12_00-58-47: Training starting...
Device: cuda
2026-08-12_00-58-47 Episode 0: New best reward 2.00, training model saved.
2026-08-12_00-58-48 Episode 0: New best greedy reward 2.00, model saved.
2026-08-12_00-58-48 Episode 1: New best reward 3.90, training model saved.
2026-08-12_00-58-49 Episode 5: New best reward 4.30, training model saved.
2026-08-12_00-58-52 Episode 10: New best reward 4.60, training model saved.
2026-08-12_00-58-52 Episode 11: New best reward 4.80, training model saved.
2026-08-12_00-58-59 Episode 27: New best reward 6.20, training model saved.
2026-08-12_00-59-09 Episode 51: New best reward 8.40, training model saved.
2026-08-12_00-59-29 Episode 102: New best reward 8.50, training model saved.
2026-08-12_01-00-57 Episode 269: New best reward 9.10, training model saved.
2026-08-12_01-01-20 Episode 294: New best reward 15.70, training model saved.
2026-08-12_01-03-29 Episode 426: New best reward 20.20, training model saved.
2026-08-12_01-05-06 Episode 503: New best reward 25.20, training model saved.
2026-08-12_01-06-49 Episode 571: New best reward 33.00, training model saved.
2026-08-12_01-08-10 Episode 629: New best reward 48.60, training model saved.
2026-08-12_01-09-40 Episode 671: New best reward 53.30, training model saved.
2026-08-12_01-11-06 Episode 699: New best reward 65.40, training model saved.
2026-08-12_01-12-26 Episode 724: New best reward 78.60, training model saved.
2026-08-12_01-14-06 Episode 749: New best reward 99.80, training model saved.
2026-08-12_01-17-01 Episode 791: New best reward 141.80, training model saved.
2026-08-12_01-20-57 Episode 844: New best reward 246.40, training model saved.
2026-08-12_01-24-03: Training starting...
Device: cuda
2026-08-12_01-24-04 Episode 0: New best reward 3.90, training model saved.
2026-08-12_01-24-04 Episode 0: New best greedy reward 2.00, model saved.
2026-08-12_01-24-05 Episode 3: New best reward 4.90, training model saved.
2026-08-12_01-24-13 Episode 22: New best reward 6.00, training model saved.
2026-08-12_01-24-31 Episode 66: New best reward 8.70, training model saved.
2026-08-12_01-24-47 Episode 106: New best reward 8.90, training model saved.
2026-08-12_01-25-44 Episode 223: New best reward 9.40, training model saved.
2026-08-12_01-26-15 Episode 256: New best reward 15.60, training model saved.
2026-08-12_01-26-21 Episode 261: New best reward 20.70, training model saved.
2026-08-12_01-26-42 Episode 275: New best reward 23.50, training model saved.
2026-08-12_01-27-24 Episode 298: New best reward 39.30, training model saved.
2026-08-12_01-28-35 Episode 332: New best reward 48.40, training model saved.
2026-08-12_01-28-49 Episode 337: New best reward 54.90, training model saved.
2026-08-12_01-29-35 Episode 349: New best reward 88.80, training model saved.
2026-08-12_01-32-33 Episode 410: New best reward 104.30, training model saved.
2026-08-12_01-32-48 Episode 412: New best reward 104.80, training model saved.
2026-08-12_01-35-23 Episode 451: New best reward 106.40, training model saved.
2026-08-12_01-37-53 Episode 480: New best reward 107.40, training model saved.
2026-08-12_01-39-00 Episode 494: New best reward 148.40, training model saved.
2026-08-12_01-43-08 Episode 545: New best reward 172.70, training model saved.
2026-08-12_01-49-31: Training starting...
Device: cuda
2026-08-12_01-49-32 Episode 0: New best reward 2.00, training model saved.
2026-08-12_01-49-32 Episode 0: New best greedy reward 2.00, model saved.
2026-08-12_01-49-32 Episode 1: New best reward 3.50, training model saved.
2026-08-12_01-49-33 Episode 4: New best reward 3.90, training model saved.
2026-08-12_01-49-39 Episode 21: New best reward 4.20, training model saved.
2026-08-12_01-49-43 Episode 32: New best reward 6.50, training model saved.
2026-08-12_01-52-19 Episode 352: New best reward 7.80, training model saved.
2026-08-12_01-52-30 Episode 365: New best reward 9.40, training model saved.
2026-08-12_01-52-49 Episode 385: New best reward 12.90, training model saved.
2026-08-12_01-54-16 Episode 469: New best reward 15.80, training model saved.
2026-08-12_01-54-45 Episode 497: New best reward 18.10, training model saved.
2026-08-12_01-55-12 Episode 520: New best reward 18.70, training model saved.
2026-08-12_01-55-38 Episode 543: New best reward 18.90, training model saved.
2026-08-12_01-55-54 Episode 558: New best reward 20.60, training model saved.
2026-08-12_01-57-03 Episode 611: New best reward 33.00, training model saved.
2026-08-12_01-57-27: Training starting...
Device: cuda
2026-08-12_01-57-27 Episode 0: New best reward 3.90, training model saved.
2026-08-12_01-57-27 Episode 0: New best greedy reward 2.00, model saved.
2026-08-12_01-57-35 Episode 20: New best reward 4.10, training model saved.
2026-08-12_01-57-39 Episode 28: New best reward 6.20, training model saved.
2026-08-12_01-57-40 Episode 30: New best reward 8.70, training model saved.
2026-08-12_01-58-23 Episode 136: New best reward 11.10, training model saved.
2026-08-12_02-01-12 Episode 354: New best reward 12.90, training model saved.
2026-08-12_02-01-43 Episode 381: New best reward 15.60, training model saved.
2026-08-12_02-01-54 Episode 389: New best reward 15.70, training model saved.
2026-08-12_02-02-10 Episode 400: New best reward 22.40, training model saved.
2026-08-12_02-02-19 Episode 404: New best reward 29.70, training model saved.
2026-08-12_02-02-43 Episode 412: New best reward 48.70, training model saved.
2026-08-12_02-02-55 Episode 417: New best reward 55.30, training model saved.
2026-08-12_02-04-03 Episode 449: New best reward 67.30, training model saved.
2026-08-12_02-05-19 Episode 477: New best reward 81.30, training model saved.
2026-08-12_02-05-33 Episode 480: New best reward 83.90, training model saved.
2026-08-12_02-05-46 Episode 482: New best reward 90.70, training model saved.
2026-08-12_02-07-11 Episode 499: New best reward 99.20, training model saved.
2026-08-12_02-07-41 Episode 503: New best reward 155.70, training model saved.
2026-08-12_02-10-17 Episode 523: New best reward 207.20, training model saved.
2026-08-12_02-10-43 Episode 524: New best reward 211.40, training model saved.
2026-08-12_02-13-45 Episode 549: New best reward 213.90, training model saved.
2026-08-12_02-15-24 Episode 558: New best reward 263.30, training model saved.
2026-08-12_02-20-13 Episode 594: New best reward 330.40, training model saved.
2026-08-12_02-41-28 Episode 724: New best reward 372.40, training model saved.
2026-08-12_02-52-28 Episode 779: New best reward 522.70, training model saved.
2026-08-12_02-56-29 Episode 789: New best reward 670.90, training model saved.
2026-08-12_03-13-05: Training starting...
Device: cuda
2026-08-12_03-13-06 Episode 0: New best reward 2.00, training model saved.
2026-08-12_03-13-06 Episode 0: New best greedy reward 2.00, model saved.
2026-08-12_03-13-06 Episode 1: New best reward 3.50, training model saved.
2026-08-12_03-13-07 Episode 4: New best reward 3.90, training model saved.
2026-08-12_03-13-13 Episode 21: New best reward 4.20, training model saved.
2026-08-12_03-13-17 Episode 32: New best reward 6.50, training model saved.
2026-08-12_03-15-36 Episode 325: New best reward 8.60, training model saved.
2026-08-12_03-15-48 Episode 336: New best reward 9.00, training model saved.
2026-08-12_03-16-24 Episode 373: New best reward 11.20, training model saved.
2026-08-12_03-16-35 Episode 382: New best reward 12.90, training model saved.
2026-08-12_03-17-02 Episode 406: New best reward 13.20, training model saved.
2026-08-12_03-17-09 Episode 410: New best reward 15.60, training model saved.
2026-08-12_03-17-13 Episode 412: New best reward 22.40, training model saved.
2026-08-12_03-17-36 Episode 428: New best reward 23.10, training model saved.
2026-08-12_03-18-09 Episode 446: New best reward 32.10, training model saved.
2026-08-12_03-18-30 Episode 455: New best reward 51.30, training model saved.
2026-08-12_03-20-23 Episode 508: New best reward 59.90, training model saved.
2026-08-12_03-22-18 Episode 542: New best reward 64.80, training model saved.
2026-08-12_03-22-40 Episode 548: New best reward 67.10, training model saved.
2026-08-12_03-23-27 Episode 558: New best reward 104.80, training model saved.
2026-08-12_03-24-47 Episode 569: New best reward 137.30, training model saved.
2026-08-12_03-26-04 Episode 584: New best reward 185.90, training model saved.
2026-08-12_03-29-42 Episode 606: New best reward 333.00, training model saved.
2026-08-12_03-56-25 Episode 737: New best reward 499.20, training model saved.
2026-08-12_04-16-06 Episode 819: New best reward 505.80, training model saved.
2026-08-12_04-33-46: Training starting...
Device: cuda
2026-08-12_04-33-46 Episode 0: New best reward 3.90, training model saved.
2026-08-12_04-33-47 Episode 0: New best greedy reward 2.00, model saved.
2026-08-12_04-33-52 Episode 14: New best reward 8.40, training model saved.
2026-08-12_04-43-03: Training starting...
Device: cuda
2026-08-12_04-43-03 Episode 0: New best reward 2.00, training model saved.
2026-08-12_04-43-04 Episode 0: New best greedy reward 2.00, model saved.
2026-08-12_04-43-04 Episode 1: New best reward 3.90, training model saved.
2026-08-12_04-43-06 Episode 5: New best reward 4.30, training model saved.
2026-08-12_04-43-08 Episode 10: New best reward 4.60, training model saved.
2026-08-12_04-43-08 Episode 11: New best reward 4.80, training model saved.
2026-08-12_04-43-15 Episode 27: New best reward 6.20, training model saved.
2026-08-12_04-43-20 Episode 42: New best reward 6.70, training model saved.
2026-08-12_04-43-23 Episode 51: New best reward 8.40, training model saved.
2026-08-12_04-43-44 Episode 102: New best reward 8.50, training model saved.
2026-08-12_04-45-10 Episode 257: New best reward 10.50, training model saved.
2026-08-12_04-46-47 Episode 353: New best reward 11.10, training model saved.
2026-08-12_04-47-17 Episode 378: New best reward 20.60, training model saved.
2026-08-12_04-48-20 Episode 422: New best reward 22.90, training model saved.
2026-08-12_04-48-53 Episode 439: New best reward 23.50, training model saved.
2026-08-12_04-49-04 Episode 442: New best reward 37.30, training model saved.
2026-08-12_04-49-53 Episode 458: New best reward 53.10, training model saved.
2026-08-12_04-50-03 Episode 459: New best reward 62.80, training model saved.
2026-08-12_04-50-32 Episode 464: New best reward 71.80, training model saved.
2026-08-12_04-50-55 Episode 466: New best reward 97.80, training model saved.
2026-08-12_04-51-56 Episode 472: New best reward 225.40, training model saved.
2026-08-12_04-55-51 Episode 491: New best reward 272.70, training model saved.
2026-08-12_04-57-31 Episode 499: New best reward 291.30, training model saved.
2026-08-12_04-58-25 Episode 500: New best reward 370.70, training model saved.
2026-08-12_05-02-48 Episode 511: New best reward 459.30, training model saved.
2026-08-12_05-07-29 Episode 519: New best reward 913.90, training model saved.
2026-08-12_05-11-06 Episode 522: New best reward 1014.70, training model saved.
2026-08-12_05-17-48 Episode 525: New best reward 1250.00, training model saved.
2026-08-12_06-11-18: Training starting...
Device: cuda
2026-08-12_06-11-19 Episode 0: New best reward 3.90, training model saved.
2026-08-12_06-11-19 Episode 0: New best greedy reward 2.00, model saved.
2026-08-12_06-11-20 Episode 3: New best reward 4.90, training model saved.
2026-08-12_06-11-28 Episode 22: New best reward 6.00, training model saved.
2026-08-12_06-11-31 Episode 26: New best reward 6.20, training model saved.
2026-08-12_06-11-31 Episode 27: New best reward 6.30, training model saved.
2026-08-12_06-11-46 Episode 66: New best reward 8.70, training model saved.
2026-08-12_06-12-02 Episode 106: New best reward 8.90, training model saved.
2026-08-12_06-13-25 Episode 251: New best reward 11.00, training model saved.
2026-08-12_06-14-09 Episode 293: New best reward 14.00, training model saved.
2026-08-12_06-14-22 Episode 305: New best reward 15.00, training model saved.
2026-08-12_06-14-42 Episode 322: New best reward 15.70, training model saved.
2026-08-12_06-15-05 Episode 339: New best reward 20.10, training model saved.
2026-08-12_06-16-02 Episode 377: New best reward 29.60, training model saved.
2026-08-12_06-17-07 Episode 414: New best reward 34.60, training model saved.
2026-08-12_06-19-08 Episode 484: New best reward 51.40, training model saved.
2026-08-12_06-20-11 Episode 515: New best reward 65.60, training model saved.
2026-08-12_06-24-16 Episode 618: New best reward 66.90, training model saved.
2026-08-12_06-28-14 Episode 701: New best reward 71.80, training model saved.
2026-08-12_06-37-40: Training starting...
Device: cuda
2026-08-12_06-37-40 Episode 0: New best reward 3.90, training model saved.
2026-08-12_06-37-40 Episode 0: New best greedy reward 2.00, model saved.
2026-08-12_06-37-46 Episode 14: New best reward 8.40, training model saved.
2026-08-12_06-38-04 Episode 59: New best reward 9.00, training model saved.
2026-08-12_06-38-09 Episode 69: New best reward 9.40, training model saved.
2026-08-12_06-40-04 Episode 266: New best reward 18.80, training model saved.
2026-08-12_06-41-01 Episode 312: New best reward 20.60, training model saved.
2026-08-12_06-41-33 Episode 331: New best reward 20.80, training model saved.
2026-08-12_06-41-41 Episode 335: New best reward 26.90, training model saved.
2026-08-12_06-42-08 Episode 345: New best reward 51.30, training model saved.
2026-08-12_06-45-20 Episode 437: New best reward 52.80, training model saved.
2026-08-12_06-45-50 Episode 449: New best reward 81.00, training model saved.
2026-08-12_06-47-36 Episode 491: New best reward 85.40, training model saved.
2026-08-12_06-50-56 Episode 552: New best reward 90.80, training model saved.
2026-08-12_06-53-01 Episode 580: New best reward 150.60, training model saved.
2026-08-12_06-54-03 Episode 587: New best reward 289.20, training model saved.
2026-08-12_06-59-15 Episode 636: New best reward 303.00, training model saved.
2026-08-12_07-02-08 Episode 658: New best reward 326.90, training model saved.
2026-08-12_07-34-28 Episode 827: New best reward 328.60, training model saved.
2026-08-12_07-39-49 Episode 851: New best reward 499.10, training model saved.
2026-08-12_07-44-29 Episode 866: New best reward 667.40, training model saved.
2026-08-12_07-57-18: Training starting...
Device: cuda
2026-08-12_07-57-18 Episode 0: New best reward 3.90, training model saved.
2026-08-12_07-57-18 Episode 0: New best greedy reward 2.00, model saved.
2026-08-12_07-57-24 Episode 14: New best reward 8.40, training model saved.
2026-08-12_08-00-51 Episode 352: New best reward 8.50, training model saved.
2026-08-12_08-01-28 Episode 393: New best reward 11.30, training model saved.
2026-08-12_08-03-56 Episode 551: New best reward 12.90, training model saved.
2026-08-12_08-04-08 Episode 562: New best reward 20.10, training model saved.
2026-08-12_08-06-37 Episode 716: New best reward 23.20, training model saved.
2026-08-12_08-06-55 Episode 725: New best reward 32.80, training model saved.
2026-08-12_08-07-45 Episode 752: New best reward 54.90, training model saved.
2026-08-12_08-08-11 Episode 760: New best reward 74.70, training model saved.
2026-08-12_08-08-28 Episode 765: New best reward 78.40, training model saved.
2026-08-12_08-09-35 Episode 782: New best reward 139.90, training model saved.
2026-08-12_08-11-27 Episode 801: New best reward 167.80, training model saved.
2026-08-12_08-17-42 Episode 864: New best reward 169.70, training model saved.
2026-08-12_08-18-14 Episode 865: New best reward 267.20, training model saved.
2026-08-12_08-25-00 Episode 928: New best reward 300.70, training model saved.
2026-08-12_08-26-23 Episode 933: New best reward 337.30, training model saved.
2026-08-12_08-29-23 Episode 954: New best reward 505.80, training model saved.
2026-08-12_08-30-36 Episode 956: New best reward 526.40, training model saved.
2026-08-12_08-32-52 Episode 963: New best reward 583.50, training model saved.
2026-08-12_08-41-53 Episode 1000: New best reward 652.40, training model saved.
2026-08-12_08-41-57 Episode 1000: New best greedy reward 90.80, model saved.
2026-08-12_08-45-48 Episode 1016: New best reward 745.90, training model saved.
2026-08-12_08-51-38 Episode 1021: New best reward 1702.40, training model saved.
2026-08-12_09-14-45: Training starting...
Device: cuda
2026-08-12_09-14-46 Episode 0: New best reward 2.00, training model saved.
2026-08-12_09-14-46 Episode 0: New best greedy reward 2.00, model saved.
2026-08-12_09-14-46 Episode 1: New best reward 3.50, training model saved.
2026-08-12_09-14-47 Episode 4: New best reward 3.90, training model saved.
2026-08-12_09-14-55 Episode 27: New best reward 4.00, training model saved.
2026-08-12_09-14-56 Episode 28: New best reward 4.30, training model saved.
2026-08-12_09-15-01 Episode 44: New best reward 4.60, training model saved.
2026-08-12_09-15-03 Episode 47: New best reward 8.40, training model saved.
2026-08-12_09-16-02 Episode 207: New best reward 13.70, training model saved.
2026-08-12_09-22-48: Training starting...
Device: cuda
2026-08-12_09-22-49 Episode 0: New best reward 3.90, training model saved.
2026-08-12_09-22-49 Episode 0: New best greedy reward 2.00, model saved.
2026-08-12_09-22-55 Episode 14: New best reward 8.40, training model saved.
2026-08-12_09-23-12 Episode 59: New best reward 9.00, training model saved.
2026-08-12_09-23-17 Episode 69: New best reward 9.40, training model saved.
2026-08-12_09-30-16 Episode 656: New best reward 12.90, training model saved.
2026-08-12_09-35-15 Episode 1000: New best greedy reward 4.20, model saved.
2026-08-12_09-47-42: Training starting...
Device: cuda
2026-08-12_09-47-43 Episode 0: New best reward 2.00, training model saved.
2026-08-12_09-47-43 Episode 0: New best greedy reward 2.00, model saved.
2026-08-12_09-47-43 Episode 1: New best reward 3.50, training model saved.
2026-08-12_09-47-44 Episode 4: New best reward 3.90, training model saved.
2026-08-12_09-47-54 Episode 30: New best reward 6.30, training model saved.
2026-08-12_09-48-11 Episode 77: New best reward 8.70, training model saved.
2026-08-12_09-55-12 Episode 694: New best reward 9.10, training model saved.
2026-08-12_09-55-28 Episode 709: New best reward 15.30, training model saved.
2026-08-12_09-55-39: Training starting...
Device: cuda
2026-08-12_09-55-39 Episode 0: New best reward 2.00, training model saved.
2026-08-12_09-55-39 Episode 0: New best greedy reward 2.00, model saved.
2026-08-12_09-55-40 Episode 1: New best reward 3.50, training model saved.
2026-08-12_09-55-41 Episode 4: New best reward 3.90, training model saved.
2026-08-12_09-55-55 Episode 49: New best reward 4.70, training model saved.
2026-08-12_09-55-56 Episode 50: New best reward 4.80, training model saved.
2026-08-12_09-56-02 Episode 68: New best reward 5.00, training model saved.
2026-08-12_09-56-05 Episode 76: New best reward 6.00, training model saved.
2026-08-12_09-56-19 Episode 118: New best reward 6.40, training model saved.
2026-08-12_10-02-34 Episode 597: New best reward 6.60, training model saved.
2026-08-12_10-03-07 Episode 630: New best reward 6.70, training model saved.
2026-08-12_10-03-20 Episode 643: New best reward 6.80, training model saved.
2026-08-12_10-04-04 Episode 687: New best reward 8.60, training model saved.
2026-08-12_10-04-12 Episode 694: New best reward 10.60, training model saved.
2026-08-12_10-04-17 Episode 699: New best reward 10.90, training model saved.
2026-08-12_10-04-22 Episode 701: New best reward 12.90, training model saved.
2026-08-12_10-05-09 Episode 739: New best reward 18.80, training model saved.
2026-08-12_10-07-46 Episode 858: New best reward 19.10, training model saved.
2026-08-12_10-07-59 Episode 866: New best reward 23.10, training model saved.
2026-08-12_10-08-44 Episode 892: New best reward 27.70, training model saved.
2026-08-12_10-09-29 Episode 912: New best reward 36.40, training model saved.
2026-08-12_10-09-53 Episode 920: New best reward 48.40, training model saved.
2026-08-12_10-10-01 Episode 921: New best reward 48.70, training model saved.
2026-08-12_10-10-23 Episode 925: New best reward 70.10, training model saved.
2026-08-12_10-11-37 Episode 942: New best reward 137.30, training model saved.
2026-08-12_10-12-04 Episode 945: New best reward 141.80, training model saved.
2026-08-12_10-15-04 Episode 967: New best reward 146.60, training model saved.
2026-08-12_10-15-27 Episode 968: New best reward 155.50, training model saved.
2026-08-12_10-16-09 Episode 971: New best reward 181.50, training model saved.
2026-08-12_10-16-37 Episode 972: New best reward 194.90, training model saved.
2026-08-12_10-18-51 Episode 978: New best reward 448.00, training model saved.
2026-08-12_10-22-51 Episode 1000: New best greedy reward 96.90, model saved.
2026-08-12_10-27-19 Episode 1013: New best reward 456.40, training model saved.
2026-08-12_10-31-57 Episode 1022: New best reward 467.00, training model saved.
2026-08-12_10-36-07 Episode 1027: New best reward 961.50, training model saved.
2026-08-12_11-00-23 Episode 1056: New best reward 1342.90, training model saved.
2026-08-12_11-05-38 Episode 1058: New best reward 2085.30, training model saved.
2026-08-12_11-19-25 Episode 1071: New best reward 2092.20, training model saved.
[worker] done. total trials in study: 200
2026-08-11_07-08-16: Training starting...
Device: cuda
2026-08-11_07-08-23 Episode 0: New best reward 2.00, training model saved.
2026-08-11_07-08-23 Episode 0: New best greedy reward 2.00, model saved.
2026-08-11_07-08-24 Episode 1: New best reward 3.90, training model saved.
2026-08-11_07-08-25 Episode 5: New best reward 4.30, training model saved.
2026-08-11_07-08-27 Episode 10: New best reward 4.60, training model saved.
2026-08-11_07-08-28 Episode 11: New best reward 4.80, training model saved.
2026-08-11_07-08-34 Episode 27: New best reward 6.20, training model saved.
2026-08-11_07-08-43 Episode 51: New best reward 8.40, training model saved.
2026-08-11_07-09-03 Episode 102: New best reward 8.50, training model saved.
2026-08-11_07-16-45: Training starting...
Device: cuda
2026-08-11_07-16-45 Episode 0: New best reward 3.90, training model saved.
2026-08-11_07-16-46 Episode 0: New best greedy reward 2.00, model saved.
2026-08-11_07-16-57 Episode 28: New best reward 4.20, training model saved.
2026-08-11_07-16-58 Episode 31: New best reward 4.60, training model saved.
2026-08-11_07-17-03 Episode 41: New best reward 4.90, training model saved.
2026-08-11_07-17-26 Episode 97: New best reward 6.80, training model saved.
2026-08-11_07-18-08 Episode 198: New best reward 8.40, training model saved.
2026-08-11_07-21-00 Episode 400: New best reward 11.10, training model saved.
2026-08-11_07-21-23 Episode 422: New best reward 22.40, training model saved.
2026-08-11_07-22-10 Episode 463: New best reward 23.10, training model saved.
2026-08-11_07-23-55 Episode 539: New best reward 36.40, training model saved.
2026-08-11_07-24-47: Training starting...
Device: cuda
2026-08-11_07-24-48 Episode 0: New best reward 2.00, training model saved.
2026-08-11_07-24-48 Episode 0: New best greedy reward 2.00, model saved.
2026-08-11_07-24-48 Episode 1: New best reward 3.90, training model saved.
2026-08-11_07-24-51 Episode 7: New best reward 4.30, training model saved.
2026-08-11_07-24-52 Episode 11: New best reward 5.00, training model saved.
2026-08-11_07-24-59 Episode 27: New best reward 6.20, training model saved.
2026-08-11_07-25-23 Episode 87: New best reward 8.40, training model saved.
2026-08-11_07-30-04 Episode 497: New best reward 8.60, training model saved.
2026-08-11_07-30-39 Episode 537: New best reward 8.90, training model saved.
2026-08-11_07-30-47 Episode 545: New best reward 12.90, training model saved.
2026-08-11_07-31-07 Episode 567: New best reward 15.00, training model saved.
2026-08-11_07-31-58 Episode 615: New best reward 18.10, training model saved.
2026-08-11_07-32-05 Episode 620: New best reward 18.90, training model saved.
2026-08-11_07-32-54: Training starting...
Device: cuda
2026-08-11_07-32-54 Episode 0: New best reward 3.90, training model saved.
2026-08-11_07-32-55 Episode 0: New best greedy reward 2.00, model saved.
2026-08-11_07-32-56 Episode 3: New best reward 4.90, training model saved.
2026-08-11_07-33-04 Episode 22: New best reward 6.00, training model saved.
2026-08-11_07-33-06 Episode 27: New best reward 8.80, training model saved.
2026-08-11_07-43-41 Episode 1000: New best greedy reward 4.30, model saved.
2026-08-11_07-58-35: Training starting...
Device: cuda
2026-08-11_07-58-36 Episode 0: New best reward 3.90, training model saved.
2026-08-11_07-58-36 Episode 0: New best greedy reward 2.00, model saved.
2026-08-11_07-58-44 Episode 20: New best reward 4.10, training model saved.
2026-08-11_07-58-48 Episode 28: New best reward 6.20, training model saved.
2026-08-11_07-58-49 Episode 30: New best reward 8.70, training model saved.
2026-08-11_07-59-35 Episode 136: New best reward 11.10, training model saved.
2026-08-11_08-00-48 Episode 247: New best reward 12.90, training model saved.
2026-08-11_08-01-42 Episode 297: New best reward 17.90, training model saved.
2026-08-11_08-03-59 Episode 409: New best reward 18.80, training model saved.
2026-08-11_08-04-17 Episode 421: New best reward 20.10, training model saved.
2026-08-11_08-05-06 Episode 457: New best reward 20.40, training model saved.
2026-08-11_08-07-29 Episode 554: New best reward 32.00, training model saved.
2026-08-11_08-10-24 Episode 650: New best reward 32.40, training model saved.
2026-08-11_08-10-37 Episode 656: New best reward 36.70, training model saved.
2026-08-11_08-11-36 Episode 686: New best reward 40.90, training model saved.
2026-08-11_08-16-01 Episode 816: New best reward 41.70, training model saved.
2026-08-11_08-17-55 Episode 872: New best reward 48.80, training model saved.
2026-08-11_08-22-36 Episode 1000: New best greedy reward 20.70, model saved.
2026-08-11_08-23-10 Episode 1014: New best reward 50.40, training model saved.
2026-08-11_08-23-57 Episode 1029: New best reward 68.90, training model saved.
2026-08-11_08-25-47: Training starting...
Device: cuda
2026-08-11_08-25-48 Episode 0: New best reward 3.90, training model saved.
2026-08-11_08-25-48 Episode 0: New best greedy reward 2.00, model saved.
2026-08-11_08-25-49 Episode 3: New best reward 4.90, training model saved.
2026-08-11_08-26-02 Episode 33: New best reward 6.50, training model saved.
2026-08-11_08-26-15 Episode 66: New best reward 10.50, training model saved.
2026-08-11_08-28-13 Episode 268: New best reward 10.70, training model saved.
2026-08-11_08-28-19 Episode 272: New best reward 12.90, training model saved.
2026-08-11_08-28-25 Episode 276: New best reward 15.80, training model saved.
2026-08-11_08-28-44 Episode 288: New best reward 46.30, training model saved.
2026-08-11_08-29-18 Episode 303: New best reward 50.70, training model saved.
2026-08-11_08-30-57 Episode 333: New best reward 88.50, training model saved.
2026-08-11_08-32-24 Episode 357: New best reward 111.50, training model saved.
2026-08-11_08-40-28 Episode 475: New best reward 124.90, training model saved.
2026-08-11_08-43-16 Episode 507: New best reward 239.80, training model saved.
2026-08-11_08-53-34: Training starting...
Device: cuda
2026-08-11_08-53-34 Episode 0: New best reward 2.00, training model saved.
2026-08-11_08-53-35 Episode 0: New best greedy reward 2.00, model saved.
2026-08-11_08-53-35 Episode 1: New best reward 3.50, training model saved.
2026-08-11_08-53-36 Episode 4: New best reward 3.90, training model saved.
2026-08-11_08-53-40 Episode 16: New best reward 4.60, training model saved.
2026-08-11_08-53-53 Episode 51: New best reward 6.00, training model saved.
2026-08-11_08-54-02 Episode 74: New best reward 8.40, training model saved.
2026-08-11_08-57-05 Episode 379: New best reward 8.50, training model saved.
2026-08-11_08-57-10 Episode 384: New best reward 9.30, training model saved.
2026-08-11_08-57-20 Episode 392: New best reward 23.30, training model saved.
2026-08-11_08-58-45 Episode 459: New best reward 36.80, training model saved.
2026-08-11_08-59-31 Episode 482: New best reward 41.80, training model saved.
2026-08-11_09-01-08 Episode 527: New best reward 84.10, training model saved.
2026-08-11_09-04-04 Episode 584: New best reward 90.70, training model saved.
2026-08-11_09-07-08 Episode 648: New best reward 132.80, training model saved.
2026-08-11_09-08-47 Episode 667: New best reward 269.90, training model saved.
2026-08-11_09-19-17: Training starting...
Device: cuda
2026-08-11_09-19-18 Episode 0: New best reward 2.00, training model saved.
2026-08-11_09-19-18 Episode 0: New best greedy reward 2.00, model saved.
2026-08-11_09-19-19 Episode 2: New best reward 3.90, training model saved.
2026-08-11_09-19-28 Episode 31: New best reward 4.10, training model saved.
2026-08-11_09-19-45 Episode 83: New best reward 4.30, training model saved.
2026-08-11_09-21-15 Episode 305: New best reward 5.00, training model saved.
2026-08-11_09-23-19 Episode 450: New best reward 6.30, training model saved.
2026-08-11_09-23-23 Episode 454: New best reward 9.10, training model saved.
2026-08-11_09-23-27 Episode 457: New best reward 9.30, training model saved.
2026-08-11_09-23-48 Episode 476: New best reward 17.90, training model saved.
2026-08-11_09-24-19 Episode 499: New best reward 22.40, training model saved.
2026-08-11_09-25-25 Episode 542: New best reward 25.30, training model saved.
2026-08-11_09-26-20 Episode 570: New best reward 36.40, training model saved.
2026-08-11_09-27-00 Episode 588: New best reward 50.50, training model saved.
2026-08-11_09-27-39: Training starting...
Device: cuda
2026-08-11_09-27-40 Episode 0: New best reward 3.90, training model saved.
2026-08-11_09-27-40 Episode 0: New best greedy reward 2.00, model saved.
2026-08-11_09-27-45 Episode 14: New best reward 8.40, training model saved.
2026-08-11_09-28-03 Episode 59: New best reward 9.00, training model saved.
2026-08-11_09-30-09 Episode 281: New best reward 9.20, training model saved.
2026-08-11_09-30-49 Episode 319: New best reward 20.40, training model saved.
2026-08-11_09-31-24 Episode 344: New best reward 36.40, training model saved.
2026-08-11_09-31-55 Episode 357: New best reward 80.80, training model saved.
2026-08-11_09-33-16 Episode 393: New best reward 87.90, training model saved.
2026-08-11_09-38-26 Episode 493: New best reward 88.00, training model saved.
2026-08-11_09-40-01 Episode 512: New best reward 180.90, training model saved.
2026-08-11_09-45-31 Episode 562: New best reward 554.40, training model saved.
2026-08-11_10-41-53 Episode 820: New best reward 683.20, training model saved.
2026-08-11_10-46-54: Training starting...
Device: cuda
2026-08-11_10-46-54 Episode 0: New best reward 2.00, training model saved.
2026-08-11_10-46-55 Episode 0: New best greedy reward 2.00, model saved.
2026-08-11_10-46-55 Episode 1: New best reward 3.90, training model saved.
2026-08-11_10-47-02 Episode 19: New best reward 4.50, training model saved.
2026-08-11_10-47-06 Episode 29: New best reward 4.80, training model saved.
2026-08-11_10-47-07 Episode 30: New best reward 6.40, training model saved.
2026-08-11_10-47-15 Episode 54: New best reward 8.40, training model saved.
2026-08-11_10-47-23 Episode 72: New best reward 12.90, training model saved.
2026-08-11_10-48-38 Episode 236: New best reward 13.50, training model saved.
2026-08-11_10-51-07 Episode 395: New best reward 23.50, training model saved.
2026-08-11_10-51-25 Episode 406: New best reward 27.00, training model saved.
2026-08-11_10-52-35 Episode 463: New best reward 28.10, training model saved.
2026-08-11_10-55-08: Training starting...
Device: cuda
2026-08-11_10-55-08 Episode 0: New best reward 2.00, training model saved.
2026-08-11_10-55-08 Episode 0: New best greedy reward 2.00, model saved.
2026-08-11_10-55-09 Episode 1: New best reward 3.90, training model saved.
2026-08-11_10-55-11 Episode 7: New best reward 4.30, training model saved.
2026-08-11_10-55-13 Episode 11: New best reward 5.00, training model saved.
2026-08-11_10-55-19 Episode 27: New best reward 6.20, training model saved.
2026-08-11_10-55-26 Episode 45: New best reward 6.80, training model saved.
2026-08-11_10-55-28 Episode 48: New best reward 8.40, training model saved.
2026-08-11_10-58-23 Episode 334: New best reward 9.20, training model saved.
2026-08-11_10-58-54 Episode 365: New best reward 11.00, training model saved.
2026-08-11_10-59-11 Episode 383: New best reward 15.10, training model saved.
2026-08-11_10-59-19 Episode 390: New best reward 17.90, training model saved.
2026-08-11_10-59-42 Episode 410: New best reward 18.60, training model saved.
2026-08-11_11-01-25 Episode 494: New best reward 20.40, training model saved.
2026-08-11_11-01-56 Episode 515: New best reward 34.40, training model saved.
2026-08-11_11-03-13 Episode 552: New best reward 48.40, training model saved.
2026-08-11_11-05-49 Episode 617: New best reward 60.20, training model saved.
2026-08-11_11-06-06 Episode 619: New best reward 79.20, training model saved.
2026-08-11_11-06-32 Episode 625: New best reward 90.50, training model saved.
2026-08-11_11-09-59 Episode 677: New best reward 194.90, training model saved.
2026-08-11_11-22-13: Training starting...
Device: cuda
2026-08-11_11-22-13 Episode 0: New best reward 2.00, training model saved.
2026-08-11_11-22-13 Episode 0: New best greedy reward 2.00, model saved.
2026-08-11_11-22-14 Episode 1: New best reward 3.90, training model saved.
2026-08-11_11-22-20 Episode 17: New best reward 4.10, training model saved.
2026-08-11_11-22-23 Episode 24: New best reward 4.80, training model saved.
2026-08-11_11-22-25 Episode 29: New best reward 6.50, training model saved.
2026-08-11_11-22-34 Episode 54: New best reward 8.40, training model saved.
2026-08-11_11-22-42 Episode 72: New best reward 12.90, training model saved.
2026-08-11_11-34-10 Episode 1000: New best greedy reward 4.80, model saved.
2026-08-11_11-36-55 Episode 1199: New best reward 13.70, training model saved.
2026-08-11_11-52-16 Episode 2273: New best reward 13.80, training model saved.
2026-08-11_12-12-47 Episode 3801: New best reward 15.50, training model saved.
2026-08-11_12-28-49 Episode 4858: New best reward 18.50, training model saved.
2026-08-11_12-40-26: Training starting...
Device: cuda
2026-08-11_12-40-27 Episode 0: New best reward 2.00, training model saved.
2026-08-11_12-40-27 Episode 0: New best greedy reward 2.00, model saved.
2026-08-11_12-40-27 Episode 1: New best reward 3.90, training model saved.
2026-08-11_12-40-30 Episode 7: New best reward 4.30, training model saved.
2026-08-11_12-40-32 Episode 11: New best reward 5.00, training model saved.
2026-08-11_12-40-39 Episode 27: New best reward 6.20, training model saved.
2026-08-11_12-41-04 Episode 87: New best reward 8.40, training model saved.
2026-08-11_12-42-20 Episode 236: New best reward 9.50, training model saved.
2026-08-11_12-42-43 Episode 256: New best reward 18.80, training model saved.
2026-08-11_12-49-03: Training starting...
Device: cuda
2026-08-11_12-49-03 Episode 0: New best reward 2.00, training model saved.
2026-08-11_12-49-04 Episode 0: New best greedy reward 2.00, model saved.
2026-08-11_12-49-04 Episode 1: New best reward 3.90, training model saved.
2026-08-11_12-49-06 Episode 7: New best reward 4.30, training model saved.
2026-08-11_12-49-08 Episode 11: New best reward 5.00, training model saved.
2026-08-11_12-49-15 Episode 27: New best reward 6.20, training model saved.
2026-08-11_12-49-43 Episode 102: New best reward 6.70, training model saved.
2026-08-11_12-49-44 Episode 103: New best reward 8.40, training model saved.
2026-08-11_12-50-47 Episode 231: New best reward 9.10, training model saved.
2026-08-11_12-55-54 Episode 610: New best reward 11.10, training model saved.
2026-08-11_12-56-24 Episode 641: New best reward 17.90, training model saved.
2026-08-11_12-56-56: Training starting...
Device: cuda
2026-08-11_12-56-56 Episode 0: New best reward 2.00, training model saved.
2026-08-11_12-56-57 Episode 0: New best greedy reward 2.00, model saved.
2026-08-11_12-56-57 Episode 1: New best reward 3.90, training model saved.
2026-08-11_12-57-00 Episode 10: New best reward 4.30, training model saved.
2026-08-11_12-57-01 Episode 12: New best reward 8.40, training model saved.
2026-08-11_12-57-24 Episode 72: New best reward 12.90, training model saved.
2026-08-11_13-03-02 Episode 539: New best reward 17.90, training model saved.
2026-08-11_13-03-18 Episode 552: New best reward 20.20, training model saved.
2026-08-11_13-04-05 Episode 595: New best reward 20.30, training model saved.
2026-08-11_13-04-16 Episode 602: New best reward 24.80, training model saved.
2026-08-11_13-05-12: Training starting...
Device: cuda
2026-08-11_13-05-12 Episode 0: New best reward 2.00, training model saved.
2026-08-11_13-05-13 Episode 0: New best greedy reward 2.00, model saved.
2026-08-11_13-05-13 Episode 1: New best reward 3.90, training model saved.
2026-08-11_13-05-20 Episode 19: New best reward 4.50, training model saved.
2026-08-11_13-05-24 Episode 29: New best reward 4.80, training model saved.
2026-08-11_13-05-24 Episode 30: New best reward 6.40, training model saved.
2026-08-11_13-05-32 Episode 54: New best reward 8.40, training model saved.
2026-08-11_13-05-40 Episode 72: New best reward 12.90, training model saved.
2026-08-11_13-09-01 Episode 346: New best reward 13.90, training model saved.
2026-08-11_13-09-36 Episode 371: New best reward 20.10, training model saved.
2026-08-11_13-09-46 Episode 376: New best reward 20.80, training model saved.
2026-08-11_13-10-23 Episode 398: New best reward 24.90, training model saved.
2026-08-11_13-10-36 Episode 403: New best reward 29.60, training model saved.
2026-08-11_13-14-20: Training starting...
Device: cuda
2026-08-11_13-14-20 Episode 0: New best reward 2.00, training model saved.
2026-08-11_13-14-20 Episode 0: New best greedy reward 2.00, model saved.
2026-08-11_13-14-21 Episode 1: New best reward 3.90, training model saved.
2026-08-11_13-14-24 Episode 10: New best reward 4.30, training model saved.
2026-08-11_13-14-25 Episode 12: New best reward 8.40, training model saved.
2026-08-11_13-14-47 Episode 72: New best reward 12.90, training model saved.
2026-08-11_13-19-10 Episode 453: New best reward 15.20, training model saved.
2026-08-11_13-19-38 Episode 474: New best reward 22.40, training model saved.
2026-08-11_13-19-41 Episode 475: New best reward 25.20, training model saved.
2026-08-11_13-20-15 Episode 496: New best reward 39.20, training model saved.
2026-08-11_13-20-21 Episode 498: New best reward 40.90, training model saved.
2026-08-11_13-21-17 Episode 525: New best reward 43.70, training model saved.
2026-08-11_13-21-28 Episode 527: New best reward 71.80, training model saved.
2026-08-11_13-21-47 Episode 530: New best reward 120.40, training model saved.
2026-08-11_13-24-08 Episode 569: New best reward 141.80, training model saved.
2026-08-11_13-26-09 Episode 597: New best reward 176.40, training model saved.
2026-08-11_13-32-31 Episode 663: New best reward 201.10, training model saved.
2026-08-11_13-37-12 Episode 696: New best reward 204.40, training model saved.
2026-08-11_13-40-34 Episode 714: New best reward 384.60, training model saved.
2026-08-11_14-13-18 Episode 915: New best reward 417.30, training model saved.
2026-08-11_14-16-45 Episode 930: New best reward 421.10, training model saved.
2026-08-11_14-30-03: Training starting...
Device: cuda
2026-08-11_14-30-04 Episode 0: New best reward 2.00, training model saved.
2026-08-11_14-30-04 Episode 0: New best greedy reward 2.00, model saved.
2026-08-11_14-30-04 Episode 1: New best reward 3.50, training model saved.
2026-08-11_14-30-05 Episode 4: New best reward 3.90, training model saved.
2026-08-11_14-30-10 Episode 16: New best reward 4.60, training model saved.
2026-08-11_14-30-22 Episode 51: New best reward 6.00, training model saved.
2026-08-11_14-30-32 Episode 74: New best reward 8.40, training model saved.
2026-08-11_14-33-04 Episode 328: New best reward 8.70, training model saved.
2026-08-11_14-33-29 Episode 353: New best reward 8.90, training model saved.
2026-08-11_14-33-32 Episode 356: New best reward 9.30, training model saved.
2026-08-11_14-33-38 Episode 360: New best reward 9.50, training model saved.
2026-08-11_14-34-02 Episode 380: New best reward 18.10, training model saved.
2026-08-11_14-34-21 Episode 395: New best reward 18.40, training model saved.
2026-08-11_14-35-03 Episode 426: New best reward 23.00, training model saved.
2026-08-11_14-35-21 Episode 435: New best reward 27.70, training model saved.
2026-08-11_14-37-03 Episode 493: New best reward 41.70, training model saved.
2026-08-11_14-38-37 Episode 545: New best reward 51.10, training model saved.
2026-08-11_14-39-18 Episode 564: New best reward 60.80, training model saved.
2026-08-11_14-41-40 Episode 612: New best reward 79.10, training model saved.
2026-08-11_14-44-02 Episode 652: New best reward 141.80, training model saved.
2026-08-11_14-45-53 Episode 675: New best reward 200.70, training model saved.
2026-08-11_14-52-26 Episode 730: New best reward 227.90, training model saved.
2026-08-11_14-55-46 Episode 747: New best reward 253.20, training model saved.
2026-08-11_15-03-05 Episode 784: New best reward 337.80, training model saved.
2026-08-11_15-07-58 Episode 806: New best reward 446.90, training model saved.
2026-08-11_15-36-04 Episode 939: New best reward 725.30, training model saved.
2026-08-11_15-52-16: Training starting...
Device: cuda
2026-08-11_15-52-16 Episode 0: New best reward 3.90, training model saved.
2026-08-11_15-52-17 Episode 0: New best greedy reward 2.00, model saved.
2026-08-11_15-52-18 Episode 3: New best reward 4.90, training model saved.
2026-08-11_15-52-25 Episode 20: New best reward 8.40, training model saved.
2026-08-11_15-52-57 Episode 97: New best reward 10.70, training model saved.
2026-08-11_15-55-17 Episode 296: New best reward 11.00, training model saved.
2026-08-11_15-55-50 Episode 323: New best reward 14.00, training model saved.
2026-08-11_15-56-02 Episode 331: New best reward 17.90, training model saved.
2026-08-11_15-56-28 Episode 346: New best reward 25.30, training model saved.
2026-08-11_15-59-12 Episode 436: New best reward 34.70, training model saved.
2026-08-11_16-00-52 Episode 488: New best reward 36.60, training model saved.
2026-08-11_16-01-27 Episode 504: New best reward 39.30, training model saved.
2026-08-11_16-02-46 Episode 540: New best reward 41.60, training model saved.
2026-08-11_16-04-33 Episode 583: New best reward 45.90, training model saved.
2026-08-11_16-05-34 Episode 604: New best reward 48.10, training model saved.
2026-08-11_16-05-54 Episode 610: New best reward 74.20, training model saved.
2026-08-11_16-08-27 Episode 661: New best reward 87.90, training model saved.
2026-08-11_16-14-31 Episode 754: New best reward 132.10, training model saved.
2026-08-11_16-23-02 Episode 856: New best reward 163.00, training model saved.
2026-08-11_16-34-47 Episode 1000: New best greedy reward 85.50, model saved.
2026-08-11_16-43-52 Episode 1088: New best reward 247.60, training model saved.
2026-08-11_17-16-14: Training starting...
Device: cuda
2026-08-11_17-16-14 Episode 0: New best reward 3.90, training model saved.
2026-08-11_17-16-15 Episode 0: New best greedy reward 2.00, model saved.
2026-08-11_17-16-16 Episode 3: New best reward 4.90, training model saved.
2026-08-11_17-16-20 Episode 10: New best reward 8.90, training model saved.
2026-08-11_17-18-34 Episode 249: New best reward 10.70, training model saved.
2026-08-11_17-19-13 Episode 280: New best reward 11.30, training model saved.
2026-08-11_17-19-44 Episode 300: New best reward 41.50, training model saved.
2026-08-11_17-27-03 Episode 527: New best reward 43.30, training model saved.
2026-08-11_17-27-17 Episode 530: New best reward 70.10, training model saved.
2026-08-11_17-33-00 Episode 681: New best reward 92.40, training model saved.
2026-08-11_17-37-26 Episode 764: New best reward 103.10, training model saved.
2026-08-11_17-50-03 Episode 1000: New best greedy reward 8.40, model saved.
2026-08-11_18-09-53 Episode 1331: New best reward 163.50, training model saved.
2026-08-11_18-40-58: Training starting...
Device: cuda
2026-08-11_18-40-58 Episode 0: New best reward 2.00, training model saved.
2026-08-11_18-40-59 Episode 0: New best greedy reward 2.00, model saved.
2026-08-11_18-40-59 Episode 1: New best reward 3.50, training model saved.
2026-08-11_18-41-00 Episode 4: New best reward 3.90, training model saved.
2026-08-11_18-41-19 Episode 51: New best reward 4.90, training model saved.
2026-08-11_18-41-26 Episode 67: New best reward 6.20, training model saved.
2026-08-11_18-41-31 Episode 77: New best reward 8.70, training model saved.
2026-08-11_18-43-41 Episode 310: New best reward 8.80, training model saved.
2026-08-11_18-43-59 Episode 326: New best reward 15.80, training model saved.
2026-08-11_18-44-28 Episode 346: New best reward 20.50, training model saved.
2026-08-11_18-45-42 Episode 395: New best reward 22.40, training model saved.
2026-08-11_18-45-49 Episode 400: New best reward 22.70, training model saved.
2026-08-11_18-46-39 Episode 424: New best reward 22.90, training model saved.
2026-08-11_18-46-45 Episode 427: New best reward 24.90, training model saved.
2026-08-11_18-47-28 Episode 450: New best reward 29.20, training model saved.
2026-08-11_18-48-57 Episode 494: New best reward 29.60, training model saved.
2026-08-11_18-49-15 Episode 502: New best reward 39.20, training model saved.
2026-08-11_18-49-46 Episode 516: New best reward 45.90, training model saved.
2026-08-11_18-50-08: Training starting...
Device: cuda
2026-08-11_18-50-08 Episode 0: New best reward 3.90, training model saved.
2026-08-11_18-50-08 Episode 0: New best greedy reward 2.00, model saved.
2026-08-11_18-50-16 Episode 20: New best reward 4.10, training model saved.
2026-08-11_18-50-20 Episode 28: New best reward 6.20, training model saved.
2026-08-11_18-50-21 Episode 30: New best reward 8.70, training model saved.
2026-08-11_18-51-05 Episode 136: New best reward 11.10, training model saved.
2026-08-11_18-59-20: Training starting...
Device: cuda
2026-08-11_18-59-20 Episode 0: New best reward 2.00, training model saved.
2026-08-11_18-59-21 Episode 0: New best greedy reward 2.00, model saved.
2026-08-11_18-59-21 Episode 1: New best reward 3.50, training model saved.
2026-08-11_18-59-22 Episode 4: New best reward 3.90, training model saved.
2026-08-11_18-59-30 Episode 27: New best reward 4.00, training model saved.
2026-08-11_18-59-31 Episode 28: New best reward 4.30, training model saved.
2026-08-11_18-59-36 Episode 44: New best reward 4.60, training model saved.
2026-08-11_18-59-38 Episode 47: New best reward 8.40, training model saved.
2026-08-11_19-00-38 Episode 207: New best reward 13.70, training model saved.
2026-08-11_19-02-26 Episode 321: New best reward 13.80, training model saved.
2026-08-11_19-03-09 Episode 354: New best reward 18.00, training model saved.
2026-08-11_19-03-47 Episode 381: New best reward 20.60, training model saved.
2026-08-11_19-06-02 Episode 463: New best reward 24.90, training model saved.
2026-08-11_19-06-18 Episode 471: New best reward 29.80, training model saved.
2026-08-11_19-06-39 Episode 477: New best reward 31.90, training model saved.
2026-08-11_19-07-04 Episode 489: New best reward 32.70, training model saved.
2026-08-11_19-07-34 Episode 501: New best reward 53.20, training model saved.
2026-08-11_19-08-27: Training starting...
Device: cuda
2026-08-11_19-08-27 Episode 0: New best reward 3.90, training model saved.
2026-08-11_19-08-27 Episode 0: New best greedy reward 2.00, model saved.
2026-08-11_19-08-33 Episode 16: New best reward 4.10, training model saved.
2026-08-11_19-08-35 Episode 21: New best reward 5.00, training model saved.
2026-08-11_19-08-38 Episode 27: New best reward 6.20, training model saved.
2026-08-11_19-08-45 Episode 45: New best reward 6.80, training model saved.
2026-08-11_19-08-47 Episode 48: New best reward 8.40, training model saved.
2026-08-11_19-11-03 Episode 287: New best reward 12.90, training model saved.
2026-08-11_19-11-11 Episode 294: New best reward 13.40, training model saved.
2026-08-11_19-11-30 Episode 308: New best reward 22.40, training model saved.
2026-08-11_19-12-58 Episode 361: New best reward 29.60, training model saved.
2026-08-11_19-13-10 Episode 367: New best reward 34.80, training model saved.
2026-08-11_19-14-26 Episode 416: New best reward 36.40, training model saved.
2026-08-11_19-14-45 Episode 423: New best reward 39.30, training model saved.
2026-08-11_19-14-52 Episode 424: New best reward 51.20, training model saved.
2026-08-11_19-16-41 Episode 465: New best reward 81.30, training model saved.
2026-08-11_19-16-44: Training starting...
Device: cuda
2026-08-11_19-16-44 Episode 0: New best reward 2.00, training model saved.
2026-08-11_19-16-44 Episode 0: New best greedy reward 2.00, model saved.
2026-08-11_19-16-45 Episode 1: New best reward 3.90, training model saved.
2026-08-11_19-16-46 Episode 5: New best reward 4.30, training model saved.
2026-08-11_19-16-48 Episode 10: New best reward 4.60, training model saved.
2026-08-11_19-16-49 Episode 11: New best reward 4.80, training model saved.
2026-08-11_19-16-55 Episode 27: New best reward 6.20, training model saved.
2026-08-11_19-17-04 Episode 51: New best reward 6.40, training model saved.
2026-08-11_19-17-24 Episode 102: New best reward 6.70, training model saved.
2026-08-11_19-17-25 Episode 103: New best reward 8.40, training model saved.
2026-08-11_19-18-54 Episode 261: New best reward 9.40, training model saved.
2026-08-11_19-19-07 Episode 272: New best reward 10.80, training model saved.
2026-08-11_19-19-11 Episode 275: New best reward 15.70, training model saved.
2026-08-11_19-19-45 Episode 298: New best reward 17.90, training model saved.
2026-08-11_19-19-51 Episode 301: New best reward 26.90, training model saved.
2026-08-11_19-20-40 Episode 330: New best reward 43.80, training model saved.
2026-08-11_19-21-25 Episode 354: New best reward 53.30, training model saved.
2026-08-11_19-22-41 Episode 385: New best reward 62.20, training model saved.
2026-08-11_19-22-59 Episode 388: New best reward 71.70, training model saved.
2026-08-11_19-24-37 Episode 408: New best reward 74.00, training model saved.
2026-08-11_19-25-03 Episode 412: New best reward 123.10, training model saved.
2026-08-11_19-25-46 Episode 418: New best reward 153.60, training model saved.
2026-08-11_19-27-45 Episode 439: New best reward 188.10, training model saved.
2026-08-11_19-36-54 Episode 510: New best reward 197.80, training model saved.
2026-08-11_19-39-59 Episode 534: New best reward 216.10, training model saved.
2026-08-11_19-41-59 Episode 548: New best reward 247.10, training model saved.
2026-08-11_19-47-42 Episode 586: New best reward 292.90, training model saved.
2026-08-11_19-50-12 Episode 596: New best reward 320.90, training model saved.
2026-08-11_19-59-49 Episode 654: New best reward 526.40, training model saved.
2026-08-11_20-18-34 Episode 741: New best reward 666.70, training model saved.
2026-08-11_20-37-20: Training starting...
Device: cuda
2026-08-11_20-37-21 Episode 0: New best reward 8.40, training model saved.
2026-08-11_20-37-21 Episode 0: New best greedy reward 2.00, model saved.
2026-08-11_20-40-09 Episode 289: New best reward 9.40, training model saved.
2026-08-11_20-40-25 Episode 304: New best reward 10.50, training model saved.
2026-08-11_20-40-32 Episode 310: New best reward 10.80, training model saved.
2026-08-11_20-40-49 Episode 323: New best reward 11.30, training model saved.
2026-08-11_20-41-11 Episode 339: New best reward 13.50, training model saved.
2026-08-11_20-41-28 Episode 351: New best reward 13.70, training model saved.
2026-08-11_20-41-31 Episode 352: New best reward 23.40, training model saved.
2026-08-11_20-42-53 Episode 407: New best reward 41.90, training model saved.
2026-08-11_20-43-51 Episode 436: New best reward 55.80, training model saved.
2026-08-11_20-44-46 Episode 457: New best reward 62.60, training model saved.
2026-08-11_20-46-04 Episode 477: New best reward 104.60, training model saved.
2026-08-11_20-47-18 Episode 493: New best reward 125.70, training model saved.
2026-08-11_20-54-11 Episode 583: New best reward 148.60, training model saved.
2026-08-11_21-03-17 Episode 694: New best reward 176.70, training model saved.
2026-08-11_21-03-44: Training starting...
Device: cuda
2026-08-11_21-03-44 Episode 0: New best reward 3.90, training model saved.
2026-08-11_21-03-45 Episode 0: New best greedy reward 2.00, model saved.
2026-08-11_21-03-51 Episode 16: New best reward 4.10, training model saved.
2026-08-11_21-03-53 Episode 21: New best reward 5.00, training model saved.
2026-08-11_21-03-56 Episode 27: New best reward 6.20, training model saved.
2026-08-11_21-04-03 Episode 45: New best reward 6.80, training model saved.
2026-08-11_21-04-04 Episode 48: New best reward 8.40, training model saved.
2026-08-11_21-05-52 Episode 258: New best reward 9.40, training model saved.
2026-08-11_21-06-00 Episode 266: New best reward 10.60, training model saved.
2026-08-11_21-06-16 Episode 280: New best reward 12.90, training model saved.
2026-08-11_21-06-23 Episode 285: New best reward 15.30, training model saved.
2026-08-11_21-06-30 Episode 289: New best reward 23.40, training model saved.
2026-08-11_21-08-31 Episode 378: New best reward 34.30, training model saved.
2026-08-11_21-12-32 Episode 531: New best reward 36.40, training model saved.
2026-08-11_21-17-42 Episode 701: New best reward 46.90, training model saved.
2026-08-11_21-18-10 Episode 714: New best reward 49.80, training model saved.
2026-08-11_21-19-30 Episode 745: New best reward 74.10, training model saved.
2026-08-11_21-29-00: Training starting...
Device: cuda
2026-08-11_21-29-00 Episode 0: New best reward 2.00, training model saved.
2026-08-11_21-29-01 Episode 0: New best greedy reward 2.00, model saved.
2026-08-11_21-29-01 Episode 2: New best reward 3.90, training model saved.
2026-08-11_21-29-10 Episode 31: New best reward 4.20, training model saved.
2026-08-11_21-29-26 Episode 83: New best reward 4.30, training model saved.
2026-08-11_21-29-58 Episode 187: New best reward 5.00, training model saved.
2026-08-11_21-31-25 Episode 350: New best reward 6.00, training model saved.
2026-08-11_21-31-58 Episode 393: New best reward 6.10, training model saved.
2026-08-11_21-32-26 Episode 428: New best reward 8.40, training model saved.
2026-08-11_21-33-01 Episode 470: New best reward 9.20, training model saved.
2026-08-11_21-33-12 Episode 483: New best reward 10.60, training model saved.
2026-08-11_21-33-17 Episode 487: New best reward 12.90, training model saved.
2026-08-11_21-33-51 Episode 523: New best reward 15.40, training model saved.
2026-08-11_21-34-52 Episode 582: New best reward 15.60, training model saved.
2026-08-11_21-34-56 Episode 584: New best reward 26.90, training model saved.
2026-08-11_21-35-07 Episode 591: New best reward 27.10, training model saved.
2026-08-11_21-35-24 Episode 599: New best reward 32.70, training model saved.
2026-08-11_21-35-34 Episode 601: New best reward 62.30, training model saved.
2026-08-11_21-37-07 Episode 643: New best reward 62.50, training model saved.
2026-08-11_21-37-49 Episode 654: New best reward 83.20, training model saved.
2026-08-11_21-39-27 Episode 680: New best reward 111.40, training model saved.
2026-08-11_21-41-35 Episode 711: New best reward 112.10, training model saved.
2026-08-11_21-43-38 Episode 738: New best reward 155.60, training model saved.
2026-08-11_21-46-37 Episode 764: New best reward 179.30, training model saved.
2026-08-11_21-48-35 Episode 779: New best reward 230.30, training model saved.
2026-08-11_21-53-35 Episode 822: New best reward 239.50, training model saved.
2026-08-11_21-54-17 Episode 823: New best reward 334.90, training model saved.
2026-08-11_21-59-04 Episode 856: New best reward 501.00, training model saved.
2026-08-11_22-22-01 Episode 1000: New best greedy reward 87.90, model saved.
2026-08-11_22-45-08: Training starting...
Device: cuda
2026-08-11_22-45-09 Episode 0: New best reward 3.90, training model saved.
2026-08-11_22-45-09 Episode 0: New best greedy reward 2.00, model saved.
2026-08-11_22-45-18 Episode 21: New best reward 6.40, training model saved.
2026-08-11_22-45-30 Episode 50: New best reward 8.40, training model saved.
2026-08-11_22-46-00 Episode 122: New best reward 8.70, training model saved.
2026-08-11_22-48-06 Episode 300: New best reward 10.50, training model saved.
2026-08-11_22-48-15 Episode 309: New best reward 10.80, training model saved.
2026-08-11_22-48-40 Episode 330: New best reward 13.20, training model saved.
2026-08-11_22-48-58 Episode 345: New best reward 15.50, training model saved.
2026-08-11_22-49-28 Episode 365: New best reward 17.90, training model saved.
2026-08-11_22-50-22 Episode 404: New best reward 22.40, training model saved.
2026-08-11_22-51-42 Episode 454: New best reward 22.90, training model saved.
2026-08-11_22-52-48 Episode 502: New best reward 26.90, training model saved.
2026-08-11_22-52-53 Episode 503: New best reward 36.50, training model saved.
2026-08-11_22-56-49 Episode 628: New best reward 36.90, training model saved.
2026-08-11_22-58-40 Episode 687: New best reward 40.90, training model saved.
2026-08-11_23-02-43 Episode 802: New best reward 132.80, training model saved.
2026-08-11_23-10-56 Episode 1000: New best greedy reward 27.50, model saved.
2026-08-11_23-28-18 Episode 1322: New best reward 166.90, training model saved.
2026-08-12_00-03-27: Training starting...
Device: cuda
2026-08-12_00-03-27 Episode 0: New best reward 3.90, training model saved.
2026-08-12_00-03-28 Episode 0: New best greedy reward 2.00, model saved.
2026-08-12_00-03-29 Episode 3: New best reward 4.90, training model saved.
2026-08-12_00-03-37 Episode 20: New best reward 8.40, training model saved.
2026-08-12_00-04-10 Episode 97: New best reward 10.70, training model saved.
2026-08-12_00-05-48 Episode 255: New best reward 13.20, training model saved.
2026-08-12_00-06-33 Episode 294: New best reward 15.70, training model saved.
2026-08-12_00-06-50 Episode 307: New best reward 18.80, training model saved.
2026-08-12_00-06-57 Episode 310: New best reward 24.70, training model saved.
2026-08-12_00-07-02 Episode 312: New best reward 26.90, training model saved.
2026-08-12_00-07-36 Episode 331: New best reward 29.80, training model saved.
2026-08-12_00-08-17 Episode 353: New best reward 31.90, training model saved.
2026-08-12_00-09-15 Episode 376: New best reward 34.40, training model saved.
2026-08-12_00-09-36 Episode 383: New best reward 36.40, training model saved.
2026-08-12_00-09-42 Episode 384: New best reward 38.80, training model saved.
2026-08-12_00-09-50 Episode 386: New best reward 39.20, training model saved.
2026-08-12_00-10-52 Episode 407: New best reward 52.70, training model saved.
2026-08-12_00-11-29 Episode 417: New best reward 57.60, training model saved.
2026-08-12_00-13-27 Episode 443: New best reward 90.70, training model saved.
2026-08-12_00-15-07 Episode 462: New best reward 135.20, training model saved.
2026-08-12_00-16-34 Episode 475: New best reward 140.10, training model saved.
2026-08-12_00-18-11 Episode 499: New best reward 141.30, training model saved.
2026-08-12_00-18-46 Episode 503: New best reward 141.80, training model saved.
2026-08-12_00-21-13 Episode 521: New best reward 220.80, training model saved.
2026-08-12_00-25-45 Episode 562: New best reward 306.90, training model saved.
2026-08-12_00-33-00 Episode 593: New best reward 377.70, training model saved.
2026-08-12_00-51-50 Episode 691: New best reward 417.30, training model saved.
2026-08-12_01-08-49 Episode 770: New best reward 488.90, training model saved.
2026-08-12_01-23-50 Episode 839: New best reward 568.70, training model saved.
2026-08-12_01-25-09: Training starting...
Device: cuda
2026-08-12_01-25-09 Episode 0: New best reward 2.00, training model saved.
2026-08-12_01-25-09 Episode 0: New best greedy reward 2.00, model saved.
2026-08-12_01-25-10 Episode 1: New best reward 3.50, training model saved.
2026-08-12_01-25-11 Episode 4: New best reward 3.90, training model saved.
2026-08-12_01-25-14 Episode 12: New best reward 8.40, training model saved.
2026-08-12_01-25-35 Episode 64: New best reward 8.90, training model saved.
2026-08-12_01-26-13 Episode 161: New best reward 9.40, training model saved.
2026-08-12_01-28-52 Episode 379: New best reward 12.90, training model saved.
2026-08-12_01-29-35 Episode 416: New best reward 18.80, training model saved.
2026-08-12_01-31-24 Episode 501: New best reward 26.90, training model saved.
2026-08-12_01-32-17 Episode 532: New best reward 28.10, training model saved.
2026-08-12_01-32-43 Episode 544: New best reward 32.90, training model saved.
2026-08-12_01-33-18 Episode 557: New best reward 38.70, training model saved.
2026-08-12_01-33-26: Training starting...
Device: cuda
2026-08-12_01-33-27 Episode 0: New best reward 3.90, training model saved.
2026-08-12_01-33-27 Episode 0: New best greedy reward 2.00, model saved.
2026-08-12_01-33-33 Episode 16: New best reward 4.10, training model saved.
2026-08-12_01-33-34 Episode 18: New best reward 4.30, training model saved.
2026-08-12_01-33-35 Episode 21: New best reward 4.40, training model saved.
2026-08-12_01-33-41 Episode 37: New best reward 4.70, training model saved.
2026-08-12_01-33-44 Episode 47: New best reward 6.10, training model saved.
2026-08-12_01-33-46 Episode 50: New best reward 8.40, training model saved.
2026-08-12_01-34-15 Episode 122: New best reward 8.70, training model saved.
2026-08-12_01-35-25 Episode 249: New best reward 11.30, training model saved.
2026-08-12_01-35-40 Episode 262: New best reward 20.20, training model saved.
2026-08-12_01-37-13 Episode 337: New best reward 23.30, training model saved.
2026-08-12_01-38-03 Episode 365: New best reward 28.10, training model saved.
2026-08-12_01-38-13 Episode 368: New best reward 42.90, training model saved.
2026-08-12_01-38-20 Episode 370: New best reward 48.30, training model saved.
2026-08-12_01-39-48 Episode 404: New best reward 51.50, training model saved.
2026-08-12_01-40-48 Episode 423: New best reward 74.80, training model saved.
2026-08-12_01-41-22 Episode 431: New best reward 113.20, training model saved.
2026-08-12_01-45-24 Episode 481: New best reward 141.20, training model saved.
2026-08-12_01-46-00 Episode 483: New best reward 239.80, training model saved.
2026-08-12_01-54-53 Episode 578: New best reward 250.90, training model saved.
2026-08-12_01-57-59: Training starting...
Device: cuda
2026-08-12_01-57-59 Episode 0: New best reward 2.00, training model saved.
2026-08-12_01-58-00 Episode 0: New best greedy reward 2.00, model saved.
2026-08-12_01-58-00 Episode 1: New best reward 3.50, training model saved.
2026-08-12_01-58-01 Episode 4: New best reward 3.90, training model saved.
2026-08-12_01-58-16 Episode 49: New best reward 4.70, training model saved.
2026-08-12_01-58-17 Episode 50: New best reward 4.80, training model saved.
2026-08-12_01-58-23 Episode 68: New best reward 5.00, training model saved.
2026-08-12_01-59-12 Episode 215: New best reward 6.00, training model saved.
2026-08-12_02-00-32 Episode 318: New best reward 6.20, training model saved.
2026-08-12_02-03-09 Episode 483: New best reward 6.50, training model saved.
2026-08-12_02-04-02 Episode 535: New best reward 9.50, training model saved.
2026-08-12_02-06-51 Episode 684: New best reward 10.80, training model saved.
2026-08-12_02-09-51 Episode 833: New best reward 11.10, training model saved.
2026-08-12_02-10-36 Episode 873: New best reward 12.90, training model saved.
2026-08-12_02-10-58 Episode 890: New best reward 22.40, training model saved.
2026-08-12_02-13-00 Episode 967: New best reward 48.80, training model saved.
2026-08-12_02-14-32 Episode 1000: New best greedy reward 37.00, model saved.
2026-08-12_02-15-39 Episode 1027: New best reward 53.00, training model saved.
2026-08-12_02-17-03 Episode 1052: New best reward 73.90, training model saved.
2026-08-12_02-18-05 Episode 1069: New best reward 93.40, training model saved.
2026-08-12_02-19-41 Episode 1090: New best reward 111.90, training model saved.
2026-08-12_02-23-42 Episode 1159: New best reward 139.70, training model saved.
2026-08-12_02-26-41 Episode 1182: New best reward 164.60, training model saved.
2026-08-12_02-29-25 Episode 1199: New best reward 164.80, training model saved.
2026-08-12_02-30-18 Episode 1201: New best reward 196.10, training model saved.
2026-08-12_02-30-51 Episode 1202: New best reward 222.90, training model saved.
2026-08-12_02-32-20 Episode 1209: New best reward 414.40, training model saved.
2026-08-12_02-44-40 Episode 1263: New best reward 535.90, training model saved.
2026-08-12_03-05-05 Episode 1310: New best reward 1548.40, training model saved.
2026-08-12_03-27-42: Training starting...
Device: cuda
2026-08-12_03-27-42 Episode 0: New best reward 2.00, training model saved.
2026-08-12_03-27-42 Episode 0: New best greedy reward 2.00, model saved.
2026-08-12_03-27-43 Episode 1: New best reward 3.50, training model saved.
2026-08-12_03-27-44 Episode 4: New best reward 3.90, training model saved.
2026-08-12_03-27-59 Episode 49: New best reward 4.70, training model saved.
2026-08-12_03-28-00 Episode 50: New best reward 4.80, training model saved.
2026-08-12_03-28-06 Episode 68: New best reward 5.00, training model saved.
2026-08-12_03-28-19 Episode 102: New best reward 6.40, training model saved.
2026-08-12_03-30-27 Episode 323: New best reward 8.40, training model saved.
2026-08-12_03-35-01 Episode 586: New best reward 9.20, training model saved.
2026-08-12_03-36-30 Episode 658: New best reward 10.50, training model saved.
2026-08-12_03-37-08 Episode 686: New best reward 13.20, training model saved.
2026-08-12_03-37-12: Training starting...
Device: cuda
2026-08-12_03-37-12 Episode 0: New best reward 2.00, training model saved.
2026-08-12_03-37-13 Episode 0: New best greedy reward 2.00, model saved.
2026-08-12_03-37-13 Episode 1: New best reward 3.50, training model saved.
2026-08-12_03-37-14 Episode 4: New best reward 3.90, training model saved.
2026-08-12_03-37-18 Episode 16: New best reward 4.60, training model saved.
2026-08-12_03-37-30 Episode 51: New best reward 6.00, training model saved.
2026-08-12_03-37-39 Episode 74: New best reward 8.40, training model saved.
2026-08-12_03-42-55 Episode 538: New best reward 8.70, training model saved.
2026-08-12_03-43-04 Episode 547: New best reward 8.90, training model saved.
2026-08-12_03-43-18 Episode 561: New best reward 9.00, training model saved.
2026-08-12_03-43-25 Episode 568: New best reward 9.20, training model saved.
2026-08-12_03-43-41 Episode 584: New best reward 14.00, training model saved.
2026-08-12_03-44-16 Episode 616: New best reward 20.10, training model saved.
2026-08-12_03-45-15: Training starting...
Device: cuda
2026-08-12_03-45-15 Episode 0: New best reward 2.00, training model saved.
2026-08-12_03-45-16 Episode 0: New best greedy reward 2.00, model saved.
2026-08-12_03-45-16 Episode 1: New best reward 3.90, training model saved.
2026-08-12_03-45-18 Episode 5: New best reward 4.30, training model saved.
2026-08-12_03-45-20 Episode 10: New best reward 4.60, training model saved.
2026-08-12_03-45-20 Episode 11: New best reward 4.80, training model saved.
2026-08-12_03-45-27 Episode 27: New best reward 6.20, training model saved.
2026-08-12_03-45-32 Episode 42: New best reward 6.70, training model saved.
2026-08-12_03-45-36 Episode 51: New best reward 8.40, training model saved.
2026-08-12_03-52-57 Episode 615: New best reward 12.90, training model saved.
2026-08-12_03-54-20: Training starting...
Device: cuda
2026-08-12_03-54-20 Episode 0: New best reward 2.00, training model saved.
2026-08-12_03-54-21 Episode 0: New best greedy reward 2.00, model saved.
2026-08-12_03-54-21 Episode 1: New best reward 3.50, training model saved.
2026-08-12_03-54-22 Episode 4: New best reward 3.90, training model saved.
2026-08-12_03-54-25 Episode 12: New best reward 8.40, training model saved.
2026-08-12_03-54-45 Episode 64: New best reward 8.90, training model saved.
2026-08-12_03-55-21 Episode 161: New best reward 9.40, training model saved.
2026-08-12_03-59-21 Episode 471: New best reward 10.60, training model saved.
2026-08-12_03-59-23 Episode 472: New best reward 11.10, training model saved.
2026-08-12_03-59-43 Episode 495: New best reward 12.90, training model saved.
2026-08-12_04-01-15 Episode 589: New best reward 22.40, training model saved.
2026-08-12_04-02-22 Episode 647: New best reward 36.40, training model saved.
2026-08-12_04-02-42: Training starting...
Device: cuda
2026-08-12_04-02-42 Episode 0: New best reward 3.90, training model saved.
2026-08-12_04-02-42 Episode 0: New best greedy reward 2.00, model saved.
2026-08-12_04-02-48 Episode 14: New best reward 8.40, training model saved.
2026-08-12_04-03-20 Episode 94: New best reward 9.50, training model saved.
2026-08-12_04-05-22 Episode 289: New best reward 10.70, training model saved.
2026-08-12_04-05-32 Episode 297: New best reward 20.30, training model saved.
2026-08-12_04-06-10 Episode 326: New best reward 23.50, training model saved.
2026-08-12_04-08-28 Episode 415: New best reward 29.80, training model saved.
2026-08-12_04-09-38 Episode 452: New best reward 34.50, training model saved.
2026-08-12_04-10-20 Episode 469: New best reward 34.80, training model saved.
2026-08-12_04-10-37 Episode 474: New best reward 67.10, training model saved.
2026-08-12_04-12-48 Episode 512: New best reward 123.30, training model saved.
2026-08-12_04-17-21 Episode 573: New best reward 130.20, training model saved.
2026-08-12_04-17-39 Episode 574: New best reward 137.20, training model saved.
2026-08-12_04-18-09 Episode 576: New best reward 197.70, training model saved.
2026-08-12_04-24-41 Episode 642: New best reward 208.90, training model saved.
2026-08-12_04-29-13 Episode 666: New best reward 235.00, training model saved.
2026-08-12_04-33-39 Episode 688: New best reward 410.30, training model saved.
2026-08-12_05-23-47: Training starting...
Device: cuda
2026-08-12_05-23-47 Episode 0: New best reward 2.00, training model saved.
2026-08-12_05-23-47 Episode 0: New best greedy reward 2.00, model saved.
2026-08-12_05-23-48 Episode 1: New best reward 3.50, training model saved.
2026-08-12_05-23-49 Episode 4: New best reward 3.90, training model saved.
2026-08-12_05-23-53 Episode 16: New best reward 4.60, training model saved.
2026-08-12_05-24-05 Episode 48: New best reward 6.00, training model saved.
2026-08-12_05-24-09 Episode 58: New best reward 6.50, training model saved.
2026-08-12_05-24-49 Episode 169: New best reward 8.40, training model saved.
2026-08-12_05-33-35: Training starting...
Device: cuda
2026-08-12_05-33-35 Episode 0: New best reward 2.00, training model saved.
2026-08-12_05-33-36 Episode 0: New best greedy reward 2.00, model saved.
2026-08-12_05-33-36 Episode 1: New best reward 3.50, training model saved.
2026-08-12_05-33-37 Episode 4: New best reward 3.90, training model saved.
2026-08-12_05-33-42 Episode 21: New best reward 4.20, training model saved.
2026-08-12_05-33-46 Episode 32: New best reward 6.50, training model saved.
2026-08-12_05-37-19 Episode 397: New best reward 6.60, training model saved.
2026-08-12_05-41-09 Episode 626: New best reward 6.80, training model saved.
2026-08-12_05-42-00 Episode 672: New best reward 8.40, training model saved.
2026-08-12_05-42-57: Training starting...
Device: cuda
2026-08-12_05-42-57 Episode 0: New best reward 2.00, training model saved.
2026-08-12_05-42-57 Episode 0: New best greedy reward 2.00, model saved.
2026-08-12_05-42-58 Episode 1: New best reward 3.90, training model saved.
2026-08-12_05-42-59 Episode 5: New best reward 4.30, training model saved.
2026-08-12_05-43-01 Episode 10: New best reward 4.60, training model saved.
2026-08-12_05-43-02 Episode 11: New best reward 4.80, training model saved.
2026-08-12_05-43-09 Episode 27: New best reward 6.20, training model saved.
2026-08-12_05-43-18 Episode 51: New best reward 8.40, training model saved.
2026-08-12_05-43-39 Episode 102: New best reward 8.50, training model saved.
2026-08-12_05-45-23 Episode 273: New best reward 13.80, training model saved.
2026-08-12_05-51-52 Episode 661: New best reward 17.90, training model saved.
2026-08-12_05-52-19 Episode 680: New best reward 25.10, training model saved.
2026-08-12_05-54-30 Episode 773: New best reward 29.30, training model saved.
2026-08-12_05-56-57 Episode 892: New best reward 36.40, training model saved.
2026-08-12_05-59-32 Episode 1000: New best greedy reward 3.90, model saved.
2026-08-12_06-04-56 Episode 1179: New best reward 39.30, training model saved.
2026-08-12_06-05-26 Episode 1189: New best reward 43.70, training model saved.
2026-08-12_06-07-55 Episode 1250: New best reward 51.30, training model saved.
2026-08-12_06-10-10 Episode 1308: New best reward 53.20, training model saved.
2026-08-12_06-11-33 Episode 1329: New best reward 64.40, training model saved.
2026-08-12_06-12-55: Training starting...
Device: cuda
2026-08-12_06-12-55 Episode 0: New best reward 2.00, training model saved.
2026-08-12_06-12-56 Episode 0: New best greedy reward 2.00, model saved.
2026-08-12_06-12-56 Episode 1: New best reward 3.90, training model saved.
2026-08-12_06-12-58 Episode 5: New best reward 4.30, training model saved.
2026-08-12_06-13-00 Episode 10: New best reward 4.60, training model saved.
2026-08-12_06-13-00 Episode 11: New best reward 4.80, training model saved.
2026-08-12_06-13-07 Episode 27: New best reward 6.20, training model saved.
2026-08-12_06-13-16 Episode 52: New best reward 8.40, training model saved.
2026-08-12_06-16-58 Episode 396: New best reward 10.60, training model saved.
2026-08-12_06-25-47 Episode 1000: New best greedy reward 3.90, model saved.
2026-08-12_06-26-46 Episode 1058: New best reward 13.80, training model saved.
2026-08-12_06-26-50 Episode 1061: New best reward 15.20, training model saved.
2026-08-12_06-26-54 Episode 1063: New best reward 15.50, training model saved.
2026-08-12_06-28-02 Episode 1122: New best reward 20.70, training model saved.
2026-08-12_06-28-24 Episode 1137: New best reward 22.90, training model saved.
2026-08-12_06-28-53 Episode 1155: New best reward 25.20, training model saved.
2026-08-12_06-29-19 Episode 1169: New best reward 32.40, training model saved.
2026-08-12_06-29-53 Episode 1183: New best reward 36.60, training model saved.
2026-08-12_06-30-00 Episode 1184: New best reward 46.30, training model saved.
2026-08-12_06-30-15 Episode 1186: New best reward 92.70, training model saved.
2026-08-12_06-34-50 Episode 1265: New best reward 106.80, training model saved.
2026-08-12_06-35-42 Episode 1281: New best reward 113.30, training model saved.
2026-08-12_06-43-02 Episode 1445: New best reward 150.80, training model saved.
2026-08-12_06-45-05 Episode 1463: New best reward 251.90, training model saved.
2026-08-12_06-49-55 Episode 1489: New best reward 336.10, training model saved.
2026-08-12_06-53-03 Episode 1495: New best reward 1227.00, training model saved.
2026-08-12_07-12-35 Episode 1540: New best reward 1595.60, training model saved.
2026-08-12_07-33-54: Training starting...
Device: cuda
2026-08-12_07-33-54 Episode 0: New best reward 2.00, training model saved.
2026-08-12_07-33-54 Episode 0: New best greedy reward 2.00, model saved.
2026-08-12_07-33-55 Episode 1: New best reward 3.90, training model saved.
2026-08-12_07-33-57 Episode 7: New best reward 4.30, training model saved.
2026-08-12_07-33-59 Episode 11: New best reward 5.00, training model saved.
2026-08-12_07-34-06 Episode 27: New best reward 6.20, training model saved.
2026-08-12_07-34-13 Episode 45: New best reward 6.80, training model saved.
2026-08-12_07-34-15 Episode 48: New best reward 8.40, training model saved.
2026-08-12_07-35-38 Episode 226: New best reward 8.50, training model saved.
2026-08-12_07-35-55 Episode 242: New best reward 8.70, training model saved.
2026-08-12_07-36-04 Episode 251: New best reward 10.60, training model saved.
2026-08-12_07-37-31 Episode 342: New best reward 12.90, training model saved.
2026-08-12_07-38-02 Episode 373: New best reward 16.70, training model saved.
2026-08-12_07-38-16 Episode 387: New best reward 17.90, training model saved.
2026-08-12_07-38-44 Episode 415: New best reward 18.00, training model saved.
2026-08-12_07-39-59 Episode 489: New best reward 29.70, training model saved.
2026-08-12_07-41-03 Episode 536: New best reward 31.90, training model saved.
2026-08-12_07-42-56 Episode 628: New best reward 36.90, training model saved.
2026-08-12_07-44-36 Episode 700: New best reward 37.40, training model saved.
2026-08-12_07-47-19 Episode 801: New best reward 43.50, training model saved.
2026-08-12_07-47-29 Episode 804: New best reward 60.50, training model saved.
2026-08-12_07-48-38 Episode 828: New best reward 67.30, training model saved.
2026-08-12_07-49-05 Episode 834: New best reward 69.90, training model saved.
2026-08-12_07-49-43 Episode 844: New best reward 106.80, training model saved.
2026-08-12_07-51-29 Episode 868: New best reward 109.00, training model saved.
2026-08-12_07-52-15 Episode 877: New best reward 110.90, training model saved.
2026-08-12_07-53-04 Episode 891: New best reward 113.80, training model saved.
2026-08-12_07-54-56 Episode 912: New best reward 132.80, training model saved.
2026-08-12_07-58-41 Episode 958: New best reward 148.40, training model saved.
2026-08-12_08-01-44 Episode 989: New best reward 302.80, training model saved.
2026-08-12_08-02-55 Episode 1000: New best greedy reward 20.10, model saved.
2026-08-12_08-05-59 Episode 1022: New best reward 307.20, training model saved.
2026-08-12_08-13-52 Episode 1093: New best reward 390.90, training model saved.
2026-08-12_08-19-25 Episode 1130: New best reward 493.90, training model saved.
2026-08-12_08-52-46: Training starting...
Device: cuda
2026-08-12_08-52-46 Episode 0: New best reward 2.00, training model saved.
2026-08-12_08-52-47 Episode 0: New best greedy reward 2.00, model saved.
2026-08-12_08-52-47 Episode 1: New best reward 3.50, training model saved.
2026-08-12_08-52-48 Episode 4: New best reward 3.90, training model saved.
2026-08-12_08-53-05 Episode 52: New best reward 4.20, training model saved.
2026-08-12_08-53-08 Episode 57: New best reward 4.50, training model saved.
2026-08-12_08-53-12 Episode 67: New best reward 6.20, training model saved.
2026-08-12_08-53-16 Episode 77: New best reward 8.70, training model saved.
2026-08-12_08-56-05 Episode 356: New best reward 9.40, training model saved.
2026-08-12_08-56-26 Episode 378: New best reward 17.90, training model saved.
2026-08-12_09-01-02 Episode 659: New best reward 18.70, training model saved.
2026-08-12_09-01-12: Training starting...
Device: cuda
2026-08-12_09-01-12 Episode 0: New best reward 3.90, training model saved.
2026-08-12_09-01-12 Episode 0: New best greedy reward 2.00, model saved.
2026-08-12_09-01-21 Episode 20: New best reward 4.10, training model saved.
2026-08-12_09-01-24 Episode 28: New best reward 6.20, training model saved.
2026-08-12_09-01-25 Episode 30: New best reward 8.70, training model saved.
2026-08-12_09-02-22 Episode 167: New best reward 11.30, training model saved.
2026-08-12_09-09-35: Training starting...
Device: cuda
2026-08-12_09-09-36 Episode 0: New best reward 3.90, training model saved.
2026-08-12_09-09-36 Episode 0: New best greedy reward 2.00, model saved.
2026-08-12_09-09-37 Episode 3: New best reward 4.90, training model saved.
2026-08-12_09-09-45 Episode 20: New best reward 8.40, training model saved.
2026-08-12_09-10-16 Episode 97: New best reward 10.70, training model saved.
2026-08-12_09-11-57 Episode 269: New best reward 10.80, training model saved.
2026-08-12_09-12-01 Episode 272: New best reward 13.00, training model saved.
2026-08-12_09-12-07 Episode 276: New best reward 14.00, training model saved.
2026-08-12_09-12-09 Episode 277: New best reward 15.20, training model saved.
2026-08-12_09-12-18 Episode 281: New best reward 36.60, training model saved.
2026-08-12_09-12-40 Episode 293: New best reward 51.00, training model saved.
2026-08-12_09-13-43 Episode 319: New best reward 69.90, training model saved.
2026-08-12_09-14-07 Episode 326: New best reward 74.30, training model saved.
2026-08-12_09-15-04 Episode 346: New best reward 80.60, training model saved.
2026-08-12_09-16-05 Episode 364: New best reward 99.60, training model saved.
2026-08-12_09-16-42 Episode 371: New best reward 157.90, training model saved.
2026-08-12_09-24-18 Episode 458: New best reward 227.90, training model saved.
2026-08-12_09-28-24 Episode 490: New best reward 228.50, training model saved.
2026-08-12_09-40-15 Episode 600: New best reward 239.80, training model saved.
2026-08-12_09-46-00 Episode 637: New best reward 302.40, training model saved.
2026-08-12_10-01-29 Episode 718: New best reward 410.40, training model saved.
2026-08-12_10-13-48 Episode 755: New best reward 555.40, training model saved.
2026-08-12_10-25-09: Training starting...
Device: cuda
2026-08-12_10-25-10 Episode 0: New best reward 3.90, training model saved.
2026-08-12_10-25-10 Episode 0: New best greedy reward 2.00, model saved.
2026-08-12_10-25-11 Episode 3: New best reward 4.90, training model saved.
2026-08-12_10-25-20 Episode 22: New best reward 6.00, training model saved.
2026-08-12_10-25-22 Episode 26: New best reward 6.20, training model saved.
2026-08-12_10-25-39 Episode 66: New best reward 8.70, training model saved.
2026-08-12_10-25-57 Episode 106: New best reward 8.90, training model saved.
2026-08-12_10-32-03 Episode 578: New best reward 11.30, training model saved.
2026-08-12_10-35-23 Episode 800: New best reward 15.80, training model saved.
2026-08-12_10-35-58 Episode 835: New best reward 18.50, training model saved.
2026-08-12_10-38-00 Episode 950: New best reward 25.10, training model saved.
2026-08-12_10-38-46 Episode 980: New best reward 27.60, training model saved.
2026-08-12_10-39-11 Episode 1000: New best greedy reward 3.90, model saved.
2026-08-12_10-39-20 Episode 1003: New best reward 33.00, training model saved.
2026-08-12_10-39-50 Episode 1018: New best reward 36.40, training model saved.
2026-08-12_10-40-39 Episode 1042: New best reward 38.60, training model saved.
2026-08-12_10-40-53 Episode 1045: New best reward 76.80, training model saved.
2026-08-12_10-45-48 Episode 1142: New best reward 136.70, training model saved.
2026-08-12_10-48-41 Episode 1178: New best reward 219.60, training model saved.
2026-08-12_10-50-50: Training starting...
Device: cuda
2026-08-12_10-50-50 Episode 0: New best reward 2.00, training model saved.
2026-08-12_10-50-50 Episode 0: New best greedy reward 2.00, model saved.
2026-08-12_10-50-51 Episode 1: New best reward 3.90, training model saved.
2026-08-12_10-50-54 Episode 10: New best reward 4.30, training model saved.
2026-08-12_10-50-55 Episode 12: New best reward 8.40, training model saved.
2026-08-12_10-51-18 Episode 72: New best reward 12.90, training model saved.
2026-08-12_10-56-46 Episode 532: New best reward 20.40, training model saved.
2026-08-12_10-58-56: Training starting...
Device: cuda
2026-08-12_10-58-57 Episode 0: New best reward 3.90, training model saved.
2026-08-12_10-58-57 Episode 0: New best greedy reward 2.00, model saved.
2026-08-12_10-58-58 Episode 3: New best reward 4.90, training model saved.
2026-08-12_10-59-05 Episode 20: New best reward 8.40, training model saved.
2026-08-12_10-59-37 Episode 97: New best reward 10.70, training model saved.
2026-08-12_11-11-30 Episode 1000: New best greedy reward 6.80, model saved.
2026-08-12_11-14-51 Episode 1241: New best reward 12.90, training model saved.
2026-08-12_11-15-42 Episode 1300: New best reward 15.20, training model saved.
2026-08-12_11-17-48 Episode 1443: New best reward 15.80, training model saved.
2026-08-12_11-21-41 Episode 1665: New best reward 17.90, training model saved.
2026-08-12_11-22-10 Episode 1689: New best reward 45.90, training model saved.
2026-08-12_11-26-30 Episode 1891: New best reward 74.50, training model saved.
2026-08-12_11-30-06 Episode 2000: New best greedy reward 36.40, model saved.
2026-08-12_11-33-26 Episode 2075: New best reward 88.50, training model saved.
2026-08-12_11-34-18 Episode 2091: New best reward 102.40, training model saved.
2026-08-12_11-35-13 Episode 2103: New best reward 174.80, training model saved.
2026-08-12_11-37-39 Episode 2122: New best reward 312.70, training model saved.
2026-08-12_12-03-54 Episode 2329: New best reward 350.00, training model saved.
[worker] done. total trials in study: 200
study: rainbow_6235237
algorithm: rainbow
completed trials: 56 / 200 total
best value (p25 greedy reward): 132.2000
best trial: #179
best params:
  learning_rate_a: 3.551904276323297e-05
  batch_size: 128
  network_sync_rate: 1000
  n_step: 1
  per_alpha: 0.6047954232513175
  per_beta_init: 0.31933864297930303
  sigma_init: 0.33073140000026846
  v_max: 30.0
exported to hyperparams.yml as: flappybird_rainbow_tuned
run it with: sbatch train.sh flappybird_rainbow_tuned

============================= JOB FEEDBACK =============================

NodeName=uc2n905
Job ID: 6235237
Cluster: uc3
User/Group: ul_lmm50/ul_student
State: COMPLETED (exit code 0)
Nodes: 1
Cores per node: 16
CPU Utilized: 4-15:37:50
CPU Efficiency: 23.90% of 19-11:02:08 core-walltime
Job Wall-clock time: 1-05:11:23
Memory Utilized: 72.24 GB
Memory Efficiency: 38.53% of 187.50 GB (187.50 GB/node)
