HPO: algorithm=ppo n_trials=400 study=ppo_6157866 workers=12 gpus=4
Thu Aug  6 07:45:40 2026       
+-----------------------------------------------------------------------------------------+
| NVIDIA-SMI 595.71.05              Driver Version: 595.71.05      CUDA Version: 13.2     |
+-----------------------------------------+------------------------+----------------------+
| GPU  Name                 Persistence-M | Bus-Id          Disp.A | Volatile Uncorr. ECC |
| Fan  Temp   Perf          Pwr:Usage/Cap |           Memory-Usage | GPU-Util  Compute M. |
|                                         |                        |               MIG M. |
|=========================================+========================+======================|
|   0  NVIDIA A100 80GB PCIe          On  |   00000000:19:00.0 Off |                    0 |
| N/A   46C    P0             82W /  300W |    2821MiB /  81920MiB |     28%      Default |
|                                         |                        |             Disabled |
+-----------------------------------------+------------------------+----------------------+
|   1  NVIDIA A100 80GB PCIe          On  |   00000000:1A:00.0 Off |                    0 |
| N/A   52C    P0             86W /  300W |    2483MiB /  81920MiB |     24%      Default |
|                                         |                        |             Disabled |
+-----------------------------------------+------------------------+----------------------+
|   2  NVIDIA A100 80GB PCIe          On  |   00000000:1B:00.0 Off |                    0 |
| N/A   42C    P0             77W /  300W |    2969MiB /  81920MiB |     29%      Default |
|                                         |                        |             Disabled |
+-----------------------------------------+------------------------+----------------------+
|   3  NVIDIA A100 80GB PCIe          On  |   00000000:1C:00.0 Off |                    0 |
| N/A   47C    P0             82W /  300W |    2623MiB /  81920MiB |     30%      Default |
|                                         |                        |             Disabled |
+-----------------------------------------+------------------------+----------------------+

+-----------------------------------------------------------------------------------------+
| Processes:                                                                              |
|  GPU   GI   CI              PID   Type   Process name                        GPU Memory |
|        ID   ID                                                               Usage      |
|=========================================================================================|
|    0   N/A  N/A            9542      G   /usr/libexec/Xorg                        17MiB |
|    0   N/A  N/A         1099694      C   python                                  990MiB |
|    0   N/A  N/A         1099706      C   python                                  902MiB |
|    0   N/A  N/A         1099710      C   python                                  882MiB |
|    1   N/A  N/A            9542      G   /usr/libexec/Xorg                        17MiB |
|    1   N/A  N/A         1099703      C   python                                 1024MiB |
|    1   N/A  N/A         1099707      C   python                                  712MiB |
|    1   N/A  N/A         1099711      C   python                                  700MiB |
|    2   N/A  N/A            9542      G   /usr/libexec/Xorg                        17MiB |
|    2   N/A  N/A         1099704      C   python                                 1082MiB |
|    2   N/A  N/A         1099708      C   python                                 1022MiB |
|    2   N/A  N/A         1099712      C   python                                  818MiB |
|    3   N/A  N/A            9542      G   /usr/libexec/Xorg                        17MiB |
|    3   N/A  N/A         1099705      C   python                                  702MiB |
|    3   N/A  N/A         1099709      C   python                                  882MiB |
|    3   N/A  N/A         1099713      C   python                                  992MiB |
+-----------------------------------------------------------------------------------------+
2026-08-06_06-46-24: Training starting...
Device: cuda
2026-08-06_06-46-32 Episode 0: New best reward -8.10, training model saved.
2026-08-06_06-46-32 Episode 0: New best greedy reward 2.00, model saved.
2026-08-06_06-46-32 Episode 1: New best reward -5.70, training model saved.
2026-08-06_06-47-04 Episode 73: New best reward -5.10, training model saved.
2026-08-06_06-47-08 Episode 81: New best reward -1.50, training model saved.
2026-08-06_06-47-09 Episode 85: New best reward 0.30, training model saved.
2026-08-06_06-47-11 Episode 89: New best reward 2.10, training model saved.
2026-08-06_06-47-13 Episode 96: New best reward 3.90, training model saved.
2026-08-06_06-47-25 Episode 123: New best reward 6.10, training model saved.
2026-08-06_06-47-28 Episode 130: New best reward 8.40, training model saved.
2026-08-06_06-48-04 Episode 217: New best reward 9.20, training model saved.
2026-08-06_06-50-17 Episode 511: New best reward 11.10, training model saved.
2026-08-06_06-50-37 Episode 549: New best reward 12.90, training model saved.
2026-08-06_06-51-47 Episode 683: New best reward 13.60, training model saved.
2026-08-06_06-52-28 Episode 757: New best reward 15.00, training model saved.
2026-08-06_06-52-48 Episode 790: New best reward 18.00, training model saved.
2026-08-06_06-53-10 Episode 819: New best reward 34.60, training model saved.
2026-08-06_06-55-01 Episode 949: New best reward 36.40, training model saved.
2026-08-06_06-55-37 Episode 981: New best reward 55.90, training model saved.
2026-08-06_06-55-55 Episode 1000: New best greedy reward 6.10, model saved.
2026-08-06_07-02-16 Episode 1335: New best reward 97.90, training model saved.
2026-08-06_07-03-22 Episode 1370: New best reward 127.20, training model saved.
2026-08-06_07-09-40 Episode 1599: New best reward 139.10, training model saved.
2026-08-06_07-12-18 Episode 1646: New best reward 148.40, training model saved.
2026-08-06_07-13-23 Episode 1660: New best reward 223.80, training model saved.
2026-08-06_07-14-23 Episode 1676: New best reward 251.00, training model saved.
2026-08-06_07-14-59 Episode 1681: New best reward 345.20, training model saved.
2026-08-06_07-28-02: Training starting...
Device: cuda
2026-08-06_07-28-02 Episode 0: New best reward -8.10, training model saved.
2026-08-06_07-28-03 Episode 0: New best greedy reward 2.00, model saved.
2026-08-06_07-28-03 Episode 1: New best reward -5.70, training model saved.
2026-08-06_07-28-29 Episode 63: New best reward -4.50, training model saved.
2026-08-06_07-28-37 Episode 81: New best reward -0.30, training model saved.
2026-08-06_07-28-39 Episode 85: New best reward 1.50, training model saved.
2026-08-06_07-28-43 Episode 96: New best reward 3.90, training model saved.
2026-08-06_07-28-56 Episode 127: New best reward 4.70, training model saved.
2026-08-06_07-29-20 Episode 185: New best reward 6.40, training model saved.
2026-08-06_07-29-28 Episode 203: New best reward 6.60, training model saved.
2026-08-06_07-30-23 Episode 335: New best reward 9.20, training model saved.
2026-08-06_07-31-24 Episode 465: New best reward 10.80, training model saved.
2026-08-06_07-33-01: Training starting...
Device: cuda
2026-08-06_07-33-02 Episode 0: New best reward -8.10, training model saved.
2026-08-06_07-33-02 Episode 0: New best greedy reward 2.00, model saved.
2026-08-06_07-33-03 Episode 1: New best reward -5.70, training model saved.
2026-08-06_07-33-35 Episode 81: New best reward -2.10, training model saved.
2026-08-06_07-33-37 Episode 85: New best reward 0.30, training model saved.
2026-08-06_07-34-06 Episode 162: New best reward 1.50, training model saved.
2026-08-06_07-34-08 Episode 164: New best reward 3.30, training model saved.
2026-08-06_07-34-22 Episode 200: New best reward 3.90, training model saved.
2026-08-06_07-34-44 Episode 254: New best reward 4.40, training model saved.
2026-08-06_07-34-54 Episode 281: New best reward 4.50, training model saved.
2026-08-06_07-34-57 Episode 287: New best reward 6.30, training model saved.
2026-08-06_07-35-54 Episode 426: New best reward 6.80, training model saved.
2026-08-06_07-35-58 Episode 438: New best reward 8.40, training model saved.
2026-08-06_07-36-08 Episode 462: New best reward 8.50, training model saved.
2026-08-06_07-38-33: Training starting...
Device: cuda
2026-08-06_07-38-33 Episode 0: New best reward -8.10, training model saved.
2026-08-06_07-38-34 Episode 0: New best greedy reward 2.00, model saved.
2026-08-06_07-38-34 Episode 1: New best reward -5.70, training model saved.
2026-08-06_07-39-08 Episode 81: New best reward -2.10, training model saved.
2026-08-06_07-39-09 Episode 85: New best reward 0.30, training model saved.
2026-08-06_07-39-11 Episode 89: New best reward 2.70, training model saved.
2026-08-06_07-39-13 Episode 96: New best reward 3.90, training model saved.
2026-08-06_07-39-40 Episode 162: New best reward 4.20, training model saved.
2026-08-06_07-40-00 Episode 208: New best reward 8.40, training model saved.
2026-08-06_07-41-49 Episode 464: New best reward 10.80, training model saved.
2026-08-06_07-41-54 Episode 478: New best reward 11.00, training model saved.
2026-08-06_07-41-57 Episode 481: New best reward 11.10, training model saved.
2026-08-06_07-42-03 Episode 492: New best reward 18.00, training model saved.
2026-08-06_07-45-27 Episode 891: New best reward 25.10, training model saved.
2026-08-06_07-46-26 Episode 1000: New best greedy reward 6.70, model saved.
2026-08-06_07-49-52 Episode 1358: New best reward 45.90, training model saved.
2026-08-06_07-52-50 Episode 1566: New best reward 74.80, training model saved.
2026-08-06_07-53-49 Episode 1598: New best reward 103.00, training model saved.
2026-08-06_07-55-20 Episode 1641: New best reward 139.60, training model saved.
2026-08-06_07-56-54 Episode 1664: New best reward 302.40, training model saved.
2026-08-06_08-12-44 Episode 2000: New best greedy reward 36.40, model saved.
2026-08-06_08-17-26 Episode 2086: New best reward 485.60, training model saved.
2026-08-06_08-20-04: Training starting...
Device: cuda
2026-08-06_08-20-04 Episode 0: New best reward -8.10, training model saved.
2026-08-06_08-20-05 Episode 0: New best greedy reward 2.00, model saved.
2026-08-06_08-20-05 Episode 1: New best reward -5.70, training model saved.
2026-08-06_08-20-38 Episode 81: New best reward -2.70, training model saved.
2026-08-06_08-20-40 Episode 85: New best reward 0.30, training model saved.
2026-08-06_08-20-55 Episode 123: New best reward 4.10, training model saved.
2026-08-06_08-21-18 Episode 179: New best reward 6.00, training model saved.
2026-08-06_08-21-36 Episode 222: New best reward 8.40, training model saved.
2026-08-06_08-21-44 Episode 241: New best reward 10.80, training model saved.
2026-08-06_08-24-20 Episode 596: New best reward 11.00, training model saved.
2026-08-06_08-24-38 Episode 633: New best reward 11.10, training model saved.
2026-08-06_08-25-28 Episode 737: New best reward 13.30, training model saved.
2026-08-06_08-25-38 Episode 757: New best reward 13.60, training model saved.
2026-08-06_08-26-22 Episode 835: New best reward 15.60, training model saved.
2026-08-06_08-26-38 Episode 861: New best reward 25.30, training model saved.
2026-08-06_08-28-02 Episode 1000: New best greedy reward 4.20, model saved.
2026-08-06_08-29-13 Episode 1106: New best reward 27.80, training model saved.
2026-08-06_08-29-25 Episode 1122: New best reward 29.70, training model saved.
2026-08-06_08-30-43 Episode 1237: New best reward 43.30, training model saved.
2026-08-06_08-32-08 Episode 1329: New best reward 43.80, training model saved.
2026-08-06_08-36-36 Episode 1570: New best reward 68.90, training model saved.
2026-08-06_08-37-27 Episode 1608: New best reward 71.20, training model saved.
2026-08-06_08-37-57 Episode 1624: New best reward 106.40, training model saved.
2026-08-06_08-39-33 Episode 1671: New best reward 120.40, training model saved.
2026-08-06_08-40-32 Episode 1700: New best reward 164.90, training model saved.
2026-08-06_08-42-22 Episode 1734: New best reward 202.70, training model saved.
2026-08-06_08-43-13 Episode 1746: New best reward 272.20, training model saved.
2026-08-06_08-54-18 Episode 1943: New best reward 307.60, training model saved.
2026-08-06_08-55-50 Episode 2000: New best greedy reward 27.80, model saved.
2026-08-06_08-58-07 Episode 2040: New best reward 423.90, training model saved.
2026-08-06_09-02-43: Training starting...
Device: cuda
2026-08-06_09-02-44 Episode 0: New best reward -8.10, training model saved.
2026-08-06_09-02-44 Episode 0: New best greedy reward 2.00, model saved.
2026-08-06_09-02-44 Episode 1: New best reward -5.70, training model saved.
2026-08-06_09-03-19 Episode 81: New best reward -2.10, training model saved.
2026-08-06_09-03-21 Episode 85: New best reward 0.30, training model saved.
2026-08-06_09-04-04 Episode 187: New best reward 0.90, training model saved.
2026-08-06_09-04-14 Episode 211: New best reward 3.30, training model saved.
2026-08-06_09-04-23 Episode 235: New best reward 3.90, training model saved.
2026-08-06_09-04-34 Episode 254: New best reward 4.20, training model saved.
2026-08-06_09-04-47 Episode 287: New best reward 4.50, training model saved.
2026-08-06_09-05-07 Episode 329: New best reward 4.80, training model saved.
2026-08-06_09-05-15 Episode 348: New best reward 6.60, training model saved.
2026-08-06_09-05-32 Episode 392: New best reward 8.40, training model saved.
2026-08-06_09-06-38 Episode 543: New best reward 9.20, training model saved.
2026-08-06_09-07-56 Episode 718: New best reward 12.90, training model saved.
2026-08-06_09-08-38: Training starting...
Device: cuda
2026-08-06_09-08-38 Episode 0: New best reward -8.10, training model saved.
2026-08-06_09-08-38 Episode 0: New best greedy reward 2.00, model saved.
2026-08-06_09-08-39 Episode 1: New best reward -5.70, training model saved.
2026-08-06_09-09-12 Episode 81: New best reward -2.10, training model saved.
2026-08-06_09-10-06 Episode 211: New best reward 2.70, training model saved.
2026-08-06_09-10-38 Episode 287: New best reward 3.90, training model saved.
2026-08-06_09-11-26 Episode 405: New best reward 4.00, training model saved.
2026-08-06_09-11-26 Episode 406: New best reward 4.40, training model saved.
2026-08-06_09-11-29 Episode 412: New best reward 5.00, training model saved.
2026-08-06_09-13-44: Training starting...
Device: cuda
2026-08-06_09-13-45 Episode 0: New best reward -8.10, training model saved.
2026-08-06_09-13-45 Episode 0: New best greedy reward 2.00, model saved.
2026-08-06_09-13-45 Episode 1: New best reward -5.70, training model saved.
2026-08-06_09-14-12 Episode 63: New best reward -4.50, training model saved.
2026-08-06_09-14-16 Episode 73: New best reward -0.90, training model saved.
2026-08-06_09-14-20 Episode 81: New best reward -0.30, training model saved.
2026-08-06_09-14-21 Episode 85: New best reward 2.70, training model saved.
2026-08-06_09-14-26 Episode 96: New best reward 3.90, training model saved.
2026-08-06_09-14-38 Episode 123: New best reward 4.40, training model saved.
2026-08-06_09-14-38 Episode 124: New best reward 8.40, training model saved.
2026-08-06_09-15-05 Episode 184: New best reward 9.30, training model saved.
2026-08-06_09-17-35 Episode 507: New best reward 11.20, training model saved.
2026-08-06_09-17-48 Episode 530: New best reward 12.90, training model saved.
2026-08-06_09-21-15 Episode 939: New best reward 15.60, training model saved.
2026-08-06_09-21-47 Episode 1000: New best greedy reward 6.10, model saved.
2026-08-06_09-29-52 Episode 2000: New best greedy reward 6.40, model saved.
2026-08-06_09-30-24 Episode 2057: New best reward 20.60, training model saved.
2026-08-06_09-54-28 Episode 5000: New best greedy reward 6.60, model saved.
2026-08-06_09-57-01: Training starting...
Device: cuda
2026-08-06_09-57-01 Episode 0: New best reward -8.10, training model saved.
2026-08-06_09-57-01 Episode 0: New best greedy reward 2.00, model saved.
2026-08-06_09-57-02 Episode 1: New best reward -5.70, training model saved.
2026-08-06_09-57-34 Episode 81: New best reward -2.70, training model saved.
2026-08-06_09-57-36 Episode 85: New best reward 0.30, training model saved.
2026-08-06_09-58-07 Episode 162: New best reward 1.50, training model saved.
2026-08-06_09-58-28 Episode 211: New best reward 3.90, training model saved.
2026-08-06_09-58-45 Episode 254: New best reward 4.40, training model saved.
2026-08-06_09-59-02 Episode 296: New best reward 5.00, training model saved.
2026-08-06_09-59-07 Episode 309: New best reward 6.30, training model saved.
2026-08-06_09-59-14 Episode 327: New best reward 6.60, training model saved.
2026-08-06_09-59-18 Episode 334: New best reward 8.70, training model saved.
2026-08-06_10-00-43 Episode 525: New best reward 9.30, training model saved.
2026-08-06_10-01-16 Episode 588: New best reward 13.50, training model saved.
2026-08-06_10-02-02 Episode 678: New best reward 20.50, training model saved.
2026-08-06_10-04-02 Episode 868: New best reward 28.10, training model saved.
2026-08-06_10-04-34 Episode 902: New best reward 34.70, training model saved.
2026-08-06_10-05-59 Episode 998: New best reward 55.30, training model saved.
2026-08-06_10-06-06 Episode 1000: New best greedy reward 92.40, model saved.
2026-08-06_10-06-25 Episode 1011: New best reward 79.50, training model saved.
2026-08-06_10-08-06 Episode 1082: New best reward 83.70, training model saved.
2026-08-06_10-10-03 Episode 1158: New best reward 97.30, training model saved.
2026-08-06_10-10-13 Episode 1161: New best reward 111.70, training model saved.
2026-08-06_10-11-19 Episode 1191: New best reward 137.20, training model saved.
2026-08-06_10-14-26 Episode 1292: New best reward 153.60, training model saved.
2026-08-06_10-17-56 Episode 1388: New best reward 214.00, training model saved.
2026-08-06_10-30-27 Episode 1662: New best reward 358.40, training model saved.
2026-08-06_10-32-29 Episode 1685: New best reward 477.60, training model saved.
2026-08-06_10-36-04 Episode 1715: New best reward 507.90, training model saved.
2026-08-06_10-39-28: Training starting...
Device: cuda
2026-08-06_10-39-29 Episode 0: New best reward -8.10, training model saved.
2026-08-06_10-39-29 Episode 0: New best greedy reward 2.00, model saved.
2026-08-06_10-39-29 Episode 1: New best reward -5.70, training model saved.
2026-08-06_10-40-02 Episode 81: New best reward -2.10, training model saved.
2026-08-06_10-40-45 Episode 187: New best reward 0.30, training model saved.
2026-08-06_10-40-49 Episode 195: New best reward 2.10, training model saved.
2026-08-06_10-40-55 Episode 211: New best reward 2.70, training model saved.
2026-08-06_10-41-04 Episode 235: New best reward 3.90, training model saved.
2026-08-06_10-41-13 Episode 254: New best reward 4.10, training model saved.
2026-08-06_10-41-45 Episode 330: New best reward 4.40, training model saved.
2026-08-06_10-41-48 Episode 339: New best reward 4.70, training model saved.
2026-08-06_10-41-56 Episode 357: New best reward 8.40, training model saved.
2026-08-06_10-42-09 Episode 390: New best reward 9.20, training model saved.
2026-08-06_10-45-52 Episode 908: New best reward 10.70, training model saved.
2026-08-06_10-46-07 Episode 940: New best reward 12.90, training model saved.
2026-08-06_10-46-20 Episode 961: New best reward 13.30, training model saved.
2026-08-06_10-46-25 Episode 970: New best reward 17.90, training model saved.
2026-08-06_10-46-41 Episode 1000: New best greedy reward 3.90, model saved.
2026-08-06_10-46-54 Episode 1018: New best reward 37.20, training model saved.
2026-08-06_10-49-11 Episode 1234: New best reward 38.90, training model saved.
2026-08-06_10-49-35 Episode 1255: New best reward 82.90, training model saved.
2026-08-06_10-54-53 Episode 1508: New best reward 90.70, training model saved.
2026-08-06_10-55-06 Episode 1515: New best reward 107.60, training model saved.
2026-08-06_10-58-26 Episode 1620: New best reward 126.00, training model saved.
2026-08-06_11-01-31 Episode 1692: New best reward 281.20, training model saved.
2026-08-06_11-13-22 Episode 2000: New best greedy reward 20.50, model saved.
2026-08-06_11-20-54: Training starting...
Device: cuda
2026-08-06_11-20-54 Episode 0: New best reward -8.10, training model saved.
2026-08-06_11-20-55 Episode 0: New best greedy reward 2.00, model saved.
2026-08-06_11-20-55 Episode 1: New best reward -5.70, training model saved.
2026-08-06_11-21-28 Episode 81: New best reward -1.50, training model saved.
2026-08-06_11-21-30 Episode 85: New best reward 0.30, training model saved.
2026-08-06_11-21-46 Episode 123: New best reward 3.90, training model saved.
2026-08-06_11-22-06 Episode 172: New best reward 4.50, training model saved.
2026-08-06_11-22-07 Episode 173: New best reward 6.20, training model saved.
2026-08-06_11-22-17 Episode 199: New best reward 8.40, training model saved.
2026-08-06_11-24-12 Episode 460: New best reward 9.30, training model saved.
2026-08-06_11-24-41 Episode 522: New best reward 10.50, training model saved.
2026-08-06_11-24-47 Episode 532: New best reward 10.70, training model saved.
2026-08-06_11-24-49 Episode 536: New best reward 10.80, training model saved.
2026-08-06_11-24-53 Episode 543: New best reward 13.40, training model saved.
2026-08-06_11-24-54 Episode 544: New best reward 13.70, training model saved.
2026-08-06_11-25-05 Episode 562: New best reward 15.60, training model saved.
2026-08-06_11-26-14 Episode 673: New best reward 26.90, training model saved.
2026-08-06_11-27-01 Episode 739: New best reward 29.10, training model saved.
2026-08-06_11-28-50 Episode 892: New best reward 34.50, training model saved.
2026-08-06_11-29-58 Episode 970: New best reward 38.70, training model saved.
2026-08-06_11-30-07 Episode 978: New best reward 57.20, training model saved.
2026-08-06_11-30-29 Episode 1000: New best greedy reward 4.40, model saved.
2026-08-06_11-30-49 Episode 1010: New best reward 60.70, training model saved.
2026-08-06_11-31-53 Episode 1060: New best reward 60.80, training model saved.
2026-08-06_11-32-23 Episode 1081: New best reward 78.40, training model saved.
2026-08-06_11-33-52 Episode 1133: New best reward 118.70, training model saved.
2026-08-06_11-34-03 Episode 1134: New best reward 162.40, training model saved.
2026-08-06_11-36-26 Episode 1193: New best reward 164.80, training model saved.
2026-08-06_11-39-33 Episode 1237: New best reward 192.70, training model saved.
2026-08-06_11-41-34 Episode 1261: New best reward 205.50, training model saved.
2026-08-06_11-44-46 Episode 1313: New best reward 216.50, training model saved.
2026-08-06_11-45-01 Episode 1314: New best reward 223.80, training model saved.
2026-08-06_11-50-40 Episode 1404: New best reward 305.20, training model saved.
2026-08-06_11-59-15 Episode 1574: New best reward 334.90, training model saved.
2026-08-06_12-01-39 Episode 1588: New best reward 363.00, training model saved.
2026-08-06_12-02-43: Training starting...
Device: cuda
2026-08-06_12-02-44 Episode 0: New best reward -8.10, training model saved.
2026-08-06_12-02-44 Episode 0: New best greedy reward 2.00, model saved.
2026-08-06_12-02-44 Episode 1: New best reward -5.70, training model saved.
2026-08-06_12-03-10 Episode 63: New best reward -3.90, training model saved.
2026-08-06_12-03-14 Episode 73: New best reward -1.50, training model saved.
2026-08-06_12-03-19 Episode 85: New best reward 0.30, training model saved.
2026-08-06_12-03-21 Episode 89: New best reward 1.50, training model saved.
2026-08-06_12-03-35 Episode 123: New best reward 3.90, training model saved.
2026-08-06_12-04-09 Episode 206: New best reward 4.60, training model saved.
2026-08-06_12-04-55 Episode 317: New best reward 4.90, training model saved.
2026-08-06_12-04-59 Episode 327: New best reward 6.80, training model saved.
2026-08-06_12-05-09 Episode 349: New best reward 8.40, training model saved.
2026-08-06_12-07-45 Episode 634: New best reward 8.90, training model saved.
2026-08-06_12-09-00 Episode 763: New best reward 9.00, training model saved.
2026-08-06_12-09-06 Episode 772: New best reward 12.90, training model saved.
2026-08-06_12-09-38 Episode 819: New best reward 15.60, training model saved.
2026-08-06_12-10-04 Episode 860: New best reward 18.10, training model saved.
2026-08-06_12-10-24 Episode 890: New best reward 22.40, training model saved.
2026-08-06_12-11-28 Episode 1000: New best greedy reward 6.50, model saved.
2026-08-06_12-12-36 Episode 1109: New best reward 26.90, training model saved.
2026-08-06_12-15-33 Episode 1352: New best reward 29.80, training model saved.
2026-08-06_12-16-46: Training starting...
Device: cuda
2026-08-06_12-16-46 Episode 0: New best reward -8.10, training model saved.
2026-08-06_12-16-47 Episode 0: New best greedy reward 2.00, model saved.
2026-08-06_12-16-47 Episode 1: New best reward -5.70, training model saved.
2026-08-06_12-17-21 Episode 81: New best reward -1.50, training model saved.
2026-08-06_12-17-22 Episode 85: New best reward 0.30, training model saved.
2026-08-06_12-17-38 Episode 123: New best reward 3.90, training model saved.
2026-08-06_12-17-54 Episode 162: New best reward 4.00, training model saved.
2026-08-06_12-18-15 Episode 211: New best reward 4.50, training model saved.
2026-08-06_12-18-32 Episode 250: New best reward 4.70, training model saved.
2026-08-06_12-18-44 Episode 281: New best reward 5.00, training model saved.
2026-08-06_12-18-59 Episode 315: New best reward 8.40, training model saved.
2026-08-06_12-20-10 Episode 475: New best reward 11.00, training model saved.
2026-08-06_12-21-05 Episode 591: New best reward 12.90, training model saved.
2026-08-06_12-21-53 Episode 688: New best reward 15.40, training model saved.
2026-08-06_12-23-22 Episode 850: New best reward 15.60, training model saved.
2026-08-06_12-23-47 Episode 891: New best reward 15.80, training model saved.
2026-08-06_12-24-00 Episode 905: New best reward 41.40, training model saved.
2026-08-06_12-25-15 Episode 1000: New best greedy reward 3.90, model saved.
2026-08-06_12-29-12 Episode 1255: New best reward 41.60, training model saved.
2026-08-06_12-29-15 Episode 1256: New best reward 47.00, training model saved.
2026-08-06_12-29-53 Episode 1287: New best reward 62.10, training model saved.
2026-08-06_12-33-50 Episode 1553: New best reward 84.00, training model saved.
2026-08-06_12-40-50 Episode 1907: New best reward 92.60, training model saved.
2026-08-06_12-42-45 Episode 1981: New best reward 116.70, training model saved.
2026-08-06_12-43-34 Episode 2000: New best greedy reward 34.80, model saved.
2026-08-06_12-46-11 Episode 2066: New best reward 207.10, training model saved.
2026-08-06_13-00-21: Training starting...
Device: cuda
2026-08-06_13-00-21 Episode 0: New best reward -8.10, training model saved.
2026-08-06_13-00-22 Episode 0: New best greedy reward 2.00, model saved.
2026-08-06_13-00-22 Episode 1: New best reward -5.70, training model saved.
2026-08-06_13-00-55 Episode 81: New best reward -2.10, training model saved.
2026-08-06_13-00-56 Episode 85: New best reward 0.30, training model saved.
2026-08-06_13-00-58 Episode 89: New best reward 1.50, training model saved.
2026-08-06_13-01-26 Episode 162: New best reward 2.10, training model saved.
2026-08-06_13-01-29 Episode 164: New best reward 3.30, training model saved.
2026-08-06_13-01-37 Episode 187: New best reward 3.90, training model saved.
2026-08-06_13-02-05 Episode 254: New best reward 4.40, training model saved.
2026-08-06_13-02-07 Episode 260: New best reward 6.00, training model saved.
2026-08-06_13-02-36 Episode 330: New best reward 6.30, training model saved.
2026-08-06_13-02-45 Episode 352: New best reward 8.80, training model saved.
2026-08-06_13-03-57 Episode 528: New best reward 10.70, training model saved.
2026-08-06_13-05-42 Episode 784: New best reward 11.20, training model saved.
2026-08-06_13-05-52: Training starting...
Device: cuda
2026-08-06_13-05-53 Episode 0: New best reward -8.10, training model saved.
2026-08-06_13-05-53 Episode 0: New best greedy reward 2.00, model saved.
2026-08-06_13-05-53 Episode 1: New best reward -5.70, training model saved.
2026-08-06_13-06-19 Episode 63: New best reward -5.10, training model saved.
2026-08-06_13-06-26 Episode 81: New best reward -1.50, training model saved.
2026-08-06_13-06-28 Episode 85: New best reward 0.30, training model saved.
2026-08-06_13-06-29 Episode 89: New best reward 2.70, training model saved.
2026-08-06_13-06-32 Episode 96: New best reward 3.90, training model saved.
2026-08-06_13-06-44 Episode 123: New best reward 4.40, training model saved.
2026-08-06_13-07-32 Episode 240: New best reward 8.40, training model saved.
2026-08-06_13-08-44 Episode 406: New best reward 11.30, training model saved.
2026-08-06_13-10-52 Episode 678: New best reward 14.00, training model saved.
2026-08-06_13-15-49 Episode 1226: New best reward 22.50, training model saved.
2026-08-06_13-19-11 Episode 1539: New best reward 23.00, training model saved.
2026-08-06_13-20-02: Training starting...
Device: cuda
2026-08-06_13-20-03 Episode 0: New best reward -8.10, training model saved.
2026-08-06_13-20-03 Episode 0: New best greedy reward 2.00, model saved.
2026-08-06_13-20-03 Episode 1: New best reward -5.70, training model saved.
2026-08-06_13-20-36 Episode 81: New best reward -1.50, training model saved.
2026-08-06_13-20-38 Episode 85: New best reward 0.30, training model saved.
2026-08-06_13-20-39 Episode 89: New best reward 0.90, training model saved.
2026-08-06_13-20-53 Episode 123: New best reward 3.90, training model saved.
2026-08-06_13-20-55 Episode 127: New best reward 4.10, training model saved.
2026-08-06_13-21-15 Episode 175: New best reward 6.80, training model saved.
2026-08-06_13-22-18 Episode 324: New best reward 7.20, training model saved.
2026-08-06_13-22-36 Episode 365: New best reward 8.40, training model saved.
2026-08-06_13-22-53 Episode 402: New best reward 9.30, training model saved.
2026-08-06_13-28-09 Episode 1000: New best greedy reward 11.20, model saved.
2026-08-06_13-28-46 Episode 1068: New best reward 11.20, training model saved.
2026-08-06_13-29-19 Episode 1125: New best reward 12.90, training model saved.
2026-08-06_13-29-23 Episode 1131: New best reward 13.30, training model saved.
2026-08-06_13-29-27 Episode 1134: New best reward 19.00, training model saved.
2026-08-06_13-29-29 Episode 1135: New best reward 22.50, training model saved.
2026-08-06_13-29-38 Episode 1144: New best reward 22.60, training model saved.
2026-08-06_13-30-01 Episode 1181: New best reward 29.50, training model saved.
2026-08-06_13-30-10 Episode 1189: New best reward 41.70, training model saved.
2026-08-06_13-33-52 Episode 1449: New best reward 59.90, training model saved.
2026-08-06_13-35-26 Episode 1518: New best reward 60.50, training model saved.
2026-08-06_13-36-26 Episode 1556: New best reward 69.70, training model saved.
2026-08-06_13-36-33 Episode 1558: New best reward 79.60, training model saved.
2026-08-06_13-36-41 Episode 1561: New best reward 95.30, training model saved.
2026-08-06_13-41-25 Episode 1768: New best reward 102.60, training model saved.
2026-08-06_13-43-08 Episode 1811: New best reward 169.50, training model saved.
2026-08-06_13-45-24 Episode 1873: New best reward 171.90, training model saved.
2026-08-06_13-50-07 Episode 2000: New best greedy reward 148.70, model saved.
2026-08-06_13-51-36 Episode 2035: New best reward 213.90, training model saved.
2026-08-06_13-52-45 Episode 2054: New best reward 302.40, training model saved.
2026-08-06_13-53-34 Episode 2070: New best reward 323.80, training model saved.
2026-08-06_14-09-53: Training starting...
Device: cuda
2026-08-06_14-09-54 Episode 0: New best reward -8.10, training model saved.
2026-08-06_14-09-54 Episode 0: New best greedy reward 2.00, model saved.
2026-08-06_14-09-54 Episode 1: New best reward -5.70, training model saved.
2026-08-06_14-10-19 Episode 63: New best reward -2.10, training model saved.
2026-08-06_14-10-23 Episode 73: New best reward -0.30, training model saved.
2026-08-06_14-10-29 Episode 85: New best reward 2.70, training model saved.
2026-08-06_14-10-30 Episode 89: New best reward 3.30, training model saved.
2026-08-06_14-10-33 Episode 96: New best reward 3.90, training model saved.
2026-08-06_14-10-41 Episode 116: New best reward 4.10, training model saved.
2026-08-06_14-10-44 Episode 124: New best reward 4.70, training model saved.
2026-08-06_14-10-59 Episode 159: New best reward 8.40, training model saved.
2026-08-06_14-12-28 Episode 363: New best reward 10.80, training model saved.
2026-08-06_14-13-04 Episode 435: New best reward 11.20, training model saved.
2026-08-06_14-13-47 Episode 518: New best reward 12.90, training model saved.
2026-08-06_14-13-52 Episode 524: New best reward 17.90, training model saved.
2026-08-06_14-16-18 Episode 784: New best reward 18.40, training model saved.
2026-08-06_14-16-28 Episode 796: New best reward 20.70, training model saved.
2026-08-06_14-16-36 Episode 805: New best reward 42.10, training model saved.
2026-08-06_14-18-54 Episode 961: New best reward 54.90, training model saved.
2026-08-06_14-19-42 Episode 1000: New best greedy reward 79.50, model saved.
2026-08-06_14-20-49 Episode 1048: New best reward 60.80, training model saved.
2026-08-06_14-21-04 Episode 1056: New best reward 62.40, training model saved.
2026-08-06_14-21-11 Episode 1060: New best reward 67.20, training model saved.
2026-08-06_14-23-43 Episode 1153: New best reward 68.90, training model saved.
2026-08-06_14-23-59 Episode 1159: New best reward 74.60, training model saved.
2026-08-06_14-24-10 Episode 1162: New best reward 83.50, training model saved.
2026-08-06_14-24-36 Episode 1172: New best reward 109.10, training model saved.
2026-08-06_14-27-52 Episode 1272: New best reward 172.50, training model saved.
2026-08-06_14-31-27 Episode 1351: New best reward 272.80, training model saved.
2026-08-06_14-45-19 Episode 2272: New best reward 377.90, training model saved.
2026-08-06_14-52-27: Training starting...
Device: cuda
2026-08-06_14-52-27 Episode 0: New best reward -8.10, training model saved.
2026-08-06_14-52-27 Episode 0: New best greedy reward 2.00, model saved.
2026-08-06_14-52-28 Episode 1: New best reward -5.70, training model saved.
2026-08-06_14-52-54 Episode 66: New best reward -5.10, training model saved.
2026-08-06_14-52-57 Episode 73: New best reward -0.30, training model saved.
2026-08-06_14-53-02 Episode 85: New best reward 0.30, training model saved.
2026-08-06_14-53-03 Episode 89: New best reward 2.10, training model saved.
2026-08-06_14-53-17 Episode 123: New best reward 4.10, training model saved.
2026-08-06_14-53-21 Episode 131: New best reward 8.40, training model saved.
2026-08-06_14-55-16 Episode 392: New best reward 11.10, training model saved.
2026-08-06_14-57-20 Episode 622: New best reward 12.90, training model saved.
2026-08-06_14-57-44 Episode 659: New best reward 18.30, training model saved.
2026-08-06_14-57-54 Episode 671: New best reward 23.20, training model saved.
2026-08-06_14-59-22 Episode 830: New best reward 27.80, training model saved.
2026-08-06_15-00-36 Episode 936: New best reward 57.70, training model saved.
2026-08-06_15-01-40 Episode 1000: New best greedy reward 6.50, model saved.
2026-08-06_15-02-35 Episode 1041: New best reward 97.30, training model saved.
2026-08-06_15-05-33 Episode 1172: New best reward 108.60, training model saved.
2026-08-06_15-18-44 Episode 1997: New best reward 124.90, training model saved.
2026-08-06_15-18-58 Episode 2000: New best greedy reward 76.70, model saved.
2026-08-06_15-19-56 Episode 2021: New best reward 177.00, training model saved.
2026-08-06_15-20-23 Episode 2025: New best reward 279.80, training model saved.
2026-08-06_15-26-58 Episode 2119: New best reward 443.40, training model saved.
2026-08-06_15-32-10 Episode 2168: New best reward 460.90, training model saved.
2026-08-06_15-36-39: Training starting...
Device: cuda
2026-08-06_15-36-40 Episode 0: New best reward -8.10, training model saved.
2026-08-06_15-36-40 Episode 0: New best greedy reward 2.00, model saved.
2026-08-06_15-36-40 Episode 1: New best reward -5.70, training model saved.
2026-08-06_15-37-10 Episode 73: New best reward -0.30, training model saved.
2026-08-06_15-37-15 Episode 85: New best reward 0.30, training model saved.
2026-08-06_15-37-31 Episode 123: New best reward 4.00, training model saved.
2026-08-06_15-37-44 Episode 156: New best reward 4.10, training model saved.
2026-08-06_15-37-47 Episode 164: New best reward 5.00, training model saved.
2026-08-06_15-38-06 Episode 208: New best reward 6.60, training model saved.
2026-08-06_15-38-08 Episode 213: New best reward 8.40, training model saved.
2026-08-06_15-39-27 Episode 380: New best reward 8.80, training model saved.
2026-08-06_15-39-48 Episode 419: New best reward 12.90, training model saved.
2026-08-06_15-40-01 Episode 443: New best reward 13.10, training model saved.
2026-08-06_15-40-27 Episode 491: New best reward 13.70, training model saved.
2026-08-06_15-41-40 Episode 609: New best reward 15.50, training model saved.
2026-08-06_15-41-44 Episode 615: New best reward 18.40, training model saved.
2026-08-06_15-41-54 Episode 630: New best reward 23.30, training model saved.
2026-08-06_15-42-35 Episode 685: New best reward 27.80, training model saved.
2026-08-06_15-43-12 Episode 730: New best reward 41.00, training model saved.
2026-08-06_15-43-22 Episode 738: New best reward 46.80, training model saved.
2026-08-06_15-43-27 Episode 740: New best reward 50.90, training model saved.
2026-08-06_15-43-40 Episode 750: New best reward 51.60, training model saved.
2026-08-06_15-45-05 Episode 821: New best reward 57.80, training model saved.
2026-08-06_15-47-14 Episode 948: New best reward 71.60, training model saved.
2026-08-06_15-48-17 Episode 994: New best reward 92.40, training model saved.
2026-08-06_15-48-25 Episode 1000: New best greedy reward 4.30, model saved.
2026-08-06_15-49-46 Episode 1051: New best reward 96.90, training model saved.
2026-08-06_15-52-02 Episode 1134: New best reward 149.30, training model saved.
2026-08-06_15-53-28 Episode 1161: New best reward 190.90, training model saved.
2026-08-06_15-55-26 Episode 1192: New best reward 199.90, training model saved.
2026-08-06_16-03-25 Episode 1391: New best reward 246.50, training model saved.
2026-08-06_16-07-55 Episode 1515: New best reward 253.80, training model saved.
2026-08-06_16-08-24 Episode 1517: New best reward 263.30, training model saved.
2026-08-06_16-10-31 Episode 1544: New best reward 382.40, training model saved.
2026-08-06_16-18-13: Training starting...
Device: cuda
2026-08-06_16-18-13 Episode 0: New best reward -8.10, training model saved.
2026-08-06_16-18-13 Episode 0: New best greedy reward 2.00, model saved.
2026-08-06_16-18-14 Episode 1: New best reward -5.70, training model saved.
2026-08-06_16-18-42 Episode 73: New best reward -4.50, training model saved.
2026-08-06_16-18-46 Episode 81: New best reward -1.50, training model saved.
2026-08-06_16-18-48 Episode 85: New best reward 0.30, training model saved.
2026-08-06_16-18-49 Episode 89: New best reward 0.90, training model saved.
2026-08-06_16-19-04 Episode 123: New best reward 3.90, training model saved.
2026-08-06_16-19-40 Episode 211: New best reward 6.00, training model saved.
2026-08-06_16-19-41 Episode 213: New best reward 8.40, training model saved.
2026-08-06_16-24-22 Episode 807: New best reward 8.70, training model saved.
2026-08-06_16-24-31 Episode 823: New best reward 12.90, training model saved.
2026-08-06_16-25-00 Episode 873: New best reward 22.40, training model saved.
2026-08-06_16-25-52 Episode 947: New best reward 22.60, training model saved.
2026-08-06_16-26-12 Episode 976: New best reward 29.60, training model saved.
2026-08-06_16-26-32 Episode 1000: New best greedy reward 11.30, model saved.
2026-08-06_16-27-46 Episode 1092: New best reward 37.20, training model saved.
2026-08-06_16-28-13 Episode 1116: New best reward 43.50, training model saved.
2026-08-06_16-29-29 Episode 1178: New best reward 67.20, training model saved.
2026-08-06_16-32-33: Training starting...
Device: cuda
2026-08-06_16-32-34 Episode 0: New best reward -8.10, training model saved.
2026-08-06_16-32-34 Episode 0: New best greedy reward 2.00, model saved.
2026-08-06_16-32-35 Episode 1: New best reward -5.70, training model saved.
2026-08-06_16-33-00 Episode 63: New best reward -2.10, training model saved.
2026-08-06_16-33-04 Episode 73: New best reward -0.30, training model saved.
2026-08-06_16-33-09 Episode 85: New best reward 3.30, training model saved.
2026-08-06_16-33-14 Episode 96: New best reward 3.90, training model saved.
2026-08-06_16-33-22 Episode 116: New best reward 4.20, training model saved.
2026-08-06_16-33-25 Episode 123: New best reward 4.70, training model saved.
2026-08-06_16-33-29 Episode 132: New best reward 8.40, training model saved.
2026-08-06_16-34-38 Episode 290: New best reward 8.80, training model saved.
2026-08-06_16-35-33 Episode 411: New best reward 11.20, training model saved.
2026-08-06_16-36-25 Episode 512: New best reward 12.90, training model saved.
2026-08-06_16-36-38 Episode 533: New best reward 13.50, training model saved.
2026-08-06_16-36-43 Episode 542: New best reward 13.80, training model saved.
2026-08-06_16-36-50 Episode 552: New best reward 23.30, training model saved.
2026-08-06_16-37-44 Episode 642: New best reward 32.10, training model saved.
2026-08-06_16-40-07 Episode 838: New best reward 33.10, training model saved.
2026-08-06_16-40-36 Episode 863: New best reward 43.10, training model saved.
2026-08-06_16-41-10 Episode 893: New best reward 54.90, training model saved.
2026-08-06_16-41-58 Episode 923: New best reward 55.40, training model saved.
2026-08-06_16-42-36 Episode 947: New best reward 55.80, training model saved.
2026-08-06_16-43-11 Episode 967: New best reward 57.10, training model saved.
2026-08-06_16-43-26 Episode 974: New best reward 64.90, training model saved.
2026-08-06_16-43-50 Episode 1000: New best greedy reward 6.30, model saved.
2026-08-06_16-44-44 Episode 1045: New best reward 65.10, training model saved.
2026-08-06_16-46-08 Episode 1110: New best reward 107.30, training model saved.
2026-08-06_16-50-43 Episode 1236: New best reward 132.80, training model saved.
2026-08-06_17-02-50 Episode 1711: New best reward 244.80, training model saved.
2026-08-06_17-10-51 Episode 1967: New best reward 277.30, training model saved.
2026-08-06_17-12-10 Episode 2000: New best greedy reward 13.70, model saved.
2026-08-06_17-17-23: Training starting...
Device: cuda
2026-08-06_17-17-24 Episode 0: New best reward -8.10, training model saved.
2026-08-06_17-17-24 Episode 0: New best greedy reward 2.00, model saved.
2026-08-06_17-17-24 Episode 1: New best reward -5.70, training model saved.
2026-08-06_17-17-49 Episode 63: New best reward -1.50, training model saved.
2026-08-06_17-17-53 Episode 73: New best reward -0.30, training model saved.
2026-08-06_17-17-59 Episode 85: New best reward 3.90, training model saved.
2026-08-06_17-18-11 Episode 116: New best reward 4.20, training model saved.
2026-08-06_17-18-15 Episode 123: New best reward 8.40, training model saved.
2026-08-06_17-18-42 Episode 189: New best reward 8.70, training model saved.
2026-08-06_17-19-27 Episode 289: New best reward 9.40, training model saved.
2026-08-06_17-19-59 Episode 356: New best reward 10.70, training model saved.
2026-08-06_17-20-01 Episode 358: New best reward 11.10, training model saved.
2026-08-06_17-20-03 Episode 360: New best reward 13.00, training model saved.
2026-08-06_17-21-07 Episode 486: New best reward 13.70, training model saved.
2026-08-06_17-21-30 Episode 527: New best reward 13.90, training model saved.
2026-08-06_17-21-58 Episode 576: New best reward 23.40, training model saved.
2026-08-06_17-25-31 Episode 1000: New best greedy reward 3.90, model saved.
2026-08-06_17-29-47 Episode 1485: New best reward 28.10, training model saved.
2026-08-06_17-34-01 Episode 2000: New best greedy reward 5.00, model saved.
2026-08-06_17-38-35 Episode 2430: New best reward 43.50, training model saved.
2026-08-06_17-40-33 Episode 2572: New best reward 43.60, training model saved.
2026-08-06_17-40-59 Episode 2595: New best reward 50.60, training model saved.
2026-08-06_17-41-13 Episode 2605: New best reward 64.40, training model saved.
2026-08-06_17-41-51 Episode 2637: New best reward 66.70, training model saved.
2026-08-06_17-42-32 Episode 2662: New best reward 85.80, training model saved.
2026-08-06_17-44-22 Episode 2749: New best reward 88.30, training model saved.
2026-08-06_17-46-14 Episode 2809: New best reward 130.30, training model saved.
2026-08-06_17-48-03 Episode 2857: New best reward 130.50, training model saved.
2026-08-06_17-48-52 Episode 2873: New best reward 137.20, training model saved.
2026-08-06_17-50-45 Episode 2927: New best reward 186.00, training model saved.
2026-08-06_17-55-06 Episode 3000: New best greedy reward 1002.40, model saved.
2026-08-06_18-11-04: Training starting...
Device: cuda
2026-08-06_18-11-05 Episode 0: New best reward -8.10, training model saved.
2026-08-06_18-11-05 Episode 0: New best greedy reward 2.00, model saved.
2026-08-06_18-11-05 Episode 1: New best reward -5.70, training model saved.
2026-08-06_18-11-31 Episode 64: New best reward -4.50, training model saved.
2026-08-06_18-11-35 Episode 73: New best reward -3.90, training model saved.
2026-08-06_18-11-38 Episode 81: New best reward -0.30, training model saved.
2026-08-06_18-11-40 Episode 85: New best reward 0.30, training model saved.
2026-08-06_18-11-42 Episode 89: New best reward 2.70, training model saved.
2026-08-06_18-11-44 Episode 96: New best reward 3.90, training model saved.
2026-08-06_18-12-08 Episode 155: New best reward 4.10, training model saved.
2026-08-06_18-12-26 Episode 199: New best reward 4.30, training model saved.
2026-08-06_18-12-29 Episode 205: New best reward 4.40, training model saved.
2026-08-06_18-12-32 Episode 213: New best reward 4.60, training model saved.
2026-08-06_18-12-51 Episode 259: New best reward 4.70, training model saved.
2026-08-06_18-13-25 Episode 340: New best reward 6.80, training model saved.
2026-08-06_18-13-26 Episode 341: New best reward 8.30, training model saved.
2026-08-06_18-13-26 Episode 342: New best reward 8.40, training model saved.
2026-08-06_18-14-14 Episode 445: New best reward 8.90, training model saved.
2026-08-06_18-14-24 Episode 465: New best reward 12.90, training model saved.
2026-08-06_18-15-19 Episode 564: New best reward 20.80, training model saved.
2026-08-06_18-15-48 Episode 611: New best reward 23.50, training model saved.
2026-08-06_18-16-13 Episode 644: New best reward 24.90, training model saved.
2026-08-06_18-16-36 Episode 675: New best reward 27.40, training model saved.
2026-08-06_18-17-00 Episode 709: New best reward 27.80, training model saved.
2026-08-06_18-17-26 Episode 739: New best reward 34.20, training model saved.
2026-08-06_18-17-39 Episode 752: New best reward 40.90, training model saved.
2026-08-06_18-17-55 Episode 770: New best reward 46.40, training model saved.
2026-08-06_18-19-21 Episode 858: New best reward 51.20, training model saved.
2026-08-06_18-20-12 Episode 909: New best reward 55.30, training model saved.
2026-08-06_18-22-04 Episode 1000: New best greedy reward 46.10, model saved.
2026-08-06_18-23-17 Episode 1060: New best reward 107.20, training model saved.
2026-08-06_18-25-52 Episode 1140: New best reward 120.40, training model saved.
2026-08-06_18-27-45 Episode 1182: New best reward 218.40, training model saved.
2026-08-06_18-31-50 Episode 1266: New best reward 265.00, training model saved.
2026-08-06_18-32-14 Episode 1267: New best reward 349.00, training model saved.
2026-08-06_18-45-40 Episode 1620: New best reward 375.00, training model saved.
2026-08-06_18-52-46: Training starting...
Device: cuda
2026-08-06_18-52-46 Episode 0: New best reward -8.10, training model saved.
2026-08-06_18-52-47 Episode 0: New best greedy reward 2.00, model saved.
2026-08-06_18-52-47 Episode 1: New best reward -5.70, training model saved.
2026-08-06_18-53-12 Episode 63: New best reward -3.30, training model saved.
2026-08-06_18-53-20 Episode 81: New best reward -1.50, training model saved.
2026-08-06_18-53-21 Episode 85: New best reward 0.30, training model saved.
2026-08-06_18-53-23 Episode 89: New best reward 2.10, training model saved.
2026-08-06_18-53-25 Episode 96: New best reward 3.90, training model saved.
2026-08-06_18-53-37 Episode 123: New best reward 4.10, training model saved.
2026-08-06_18-54-06 Episode 194: New best reward 4.20, training model saved.
2026-08-06_18-54-10 Episode 204: New best reward 8.40, training model saved.
2026-08-06_18-55-34 Episode 401: New best reward 11.00, training model saved.
2026-08-06_18-57-10 Episode 599: New best reward 12.90, training model saved.
2026-08-06_18-58-52 Episode 796: New best reward 17.90, training model saved.
2026-08-06_18-59-18 Episode 837: New best reward 23.40, training model saved.
2026-08-06_18-59-36 Episode 864: New best reward 32.80, training model saved.
2026-08-06_19-00-28 Episode 934: New best reward 39.20, training model saved.
2026-08-06_19-01-29 Episode 1000: New best greedy reward 6.50, model saved.
2026-08-06_19-02-39 Episode 1075: New best reward 40.90, training model saved.
2026-08-06_19-03-14 Episode 1106: New best reward 59.90, training model saved.
2026-08-06_19-03-40 Episode 1126: New best reward 60.70, training model saved.
2026-08-06_19-03-53 Episode 1136: New best reward 69.70, training model saved.
2026-08-06_19-06-48: Training starting...
Device: cuda
2026-08-06_19-06-48 Episode 0: New best reward -8.10, training model saved.
2026-08-06_19-06-48 Episode 0: New best greedy reward 2.00, model saved.
2026-08-06_19-06-49 Episode 1: New best reward -5.70, training model saved.
2026-08-06_19-07-17 Episode 73: New best reward -4.50, training model saved.
2026-08-06_19-07-21 Episode 81: New best reward -1.50, training model saved.
2026-08-06_19-07-23 Episode 85: New best reward 0.30, training model saved.
2026-08-06_19-07-24 Episode 89: New best reward 2.70, training model saved.
2026-08-06_19-07-27 Episode 96: New best reward 3.90, training model saved.
2026-08-06_19-07-54 Episode 162: New best reward 4.10, training model saved.
2026-08-06_19-08-12 Episode 206: New best reward 4.90, training model saved.
2026-08-06_19-08-17 Episode 218: New best reward 8.40, training model saved.
2026-08-06_19-13-46 Episode 875: New best reward 8.90, training model saved.
2026-08-06_19-15-02 Episode 993: New best reward 9.30, training model saved.
2026-08-06_19-15-06 Episode 1000: New best greedy reward 4.50, model saved.
2026-08-06_19-15-39 Episode 1048: New best reward 10.50, training model saved.
2026-08-06_19-16-30 Episode 1124: New best reward 17.90, training model saved.
2026-08-06_19-16-39 Episode 1135: New best reward 18.00, training model saved.
2026-08-06_19-16-49 Episode 1149: New best reward 26.90, training model saved.
2026-08-06_19-17-16 Episode 1175: New best reward 27.60, training model saved.
2026-08-06_19-17-40 Episode 1197: New best reward 29.80, training model saved.
2026-08-06_19-17-52 Episode 1206: New best reward 50.40, training model saved.
2026-08-06_19-18-16 Episode 1228: New best reward 54.90, training model saved.
2026-08-06_19-18-26 Episode 1234: New best reward 74.70, training model saved.
2026-08-06_19-19-09 Episode 1264: New best reward 107.00, training model saved.
2026-08-06_19-25-17 Episode 1565: New best reward 152.90, training model saved.
2026-08-06_19-25-31 Episode 1568: New best reward 176.40, training model saved.
2026-08-06_19-27-59 Episode 1616: New best reward 249.20, training model saved.
2026-08-06_19-30-41 Episode 1659: New best reward 370.20, training model saved.
2026-08-06_19-35-53 Episode 1707: New best reward 670.90, training model saved.
2026-08-06_19-47-54: Training starting...
Device: cuda
2026-08-06_19-47-55 Episode 0: New best reward -8.10, training model saved.
2026-08-06_19-47-55 Episode 0: New best greedy reward 2.00, model saved.
2026-08-06_19-47-55 Episode 1: New best reward -5.70, training model saved.
2026-08-06_19-48-28 Episode 81: New best reward -2.70, training model saved.
2026-08-06_19-48-29 Episode 85: New best reward 0.30, training model saved.
2026-08-06_19-49-00 Episode 162: New best reward 3.90, training model saved.
2026-08-06_19-49-20 Episode 211: New best reward 4.50, training model saved.
2026-08-06_19-49-54 Episode 293: New best reward 6.20, training model saved.
2026-08-06_19-50-27 Episode 375: New best reward 6.50, training model saved.
2026-08-06_19-50-34 Episode 393: New best reward 6.80, training model saved.
2026-08-06_19-50-50 Episode 429: New best reward 7.20, training model saved.
2026-08-06_19-50-54 Episode 440: New best reward 8.40, training model saved.
2026-08-06_19-52-47 Episode 679: New best reward 9.10, training model saved.
2026-08-06_19-53-43 Episode 779: New best reward 10.70, training model saved.
2026-08-06_19-53-48 Episode 786: New best reward 11.10, training model saved.
2026-08-06_19-53-57 Episode 802: New best reward 12.90, training model saved.
2026-08-06_19-56-02 Episode 1000: New best greedy reward 8.80, model saved.
2026-08-06_20-01-03 Episode 1452: New best reward 13.80, training model saved.
[worker] done. total trials in study: 400
2026-08-06_06-46-24: Training starting...
Device: cuda
2026-08-06_06-46-32 Episode 0: New best reward -8.10, training model saved.
2026-08-06_06-46-32 Episode 0: New best greedy reward 2.00, model saved.
2026-08-06_06-46-32 Episode 1: New best reward -5.70, training model saved.
2026-08-06_06-47-07 Episode 81: New best reward -2.10, training model saved.
2026-08-06_06-47-40 Episode 162: New best reward -1.50, training model saved.
2026-08-06_06-47-51 Episode 187: New best reward 0.30, training model saved.
2026-08-06_06-48-02 Episode 211: New best reward 3.30, training model saved.
2026-08-06_06-48-12 Episode 235: New best reward 3.90, training model saved.
2026-08-06_06-48-25 Episode 266: New best reward 4.30, training model saved.
2026-08-06_06-48-41 Episode 305: New best reward 5.00, training model saved.
2026-08-06_06-48-56 Episode 338: New best reward 8.40, training model saved.
2026-08-06_06-49-32 Episode 422: New best reward 8.70, training model saved.
2026-08-06_06-49-45 Episode 450: New best reward 12.90, training model saved.
2026-08-06_06-51-44: Training starting...
Device: cuda
2026-08-06_06-51-44 Episode 0: New best reward -8.10, training model saved.
2026-08-06_06-51-44 Episode 0: New best greedy reward 2.00, model saved.
2026-08-06_06-51-45 Episode 1: New best reward -5.70, training model saved.
2026-08-06_06-52-21 Episode 81: New best reward -2.10, training model saved.
2026-08-06_06-52-22 Episode 85: New best reward 0.30, training model saved.
2026-08-06_06-52-39 Episode 123: New best reward 3.90, training model saved.
2026-08-06_06-53-31 Episode 243: New best reward 4.40, training model saved.
2026-08-06_06-53-37 Episode 254: New best reward 4.50, training model saved.
2026-08-06_06-53-53 Episode 289: New best reward 6.00, training model saved.
2026-08-06_06-54-17 Episode 343: New best reward 6.30, training model saved.
2026-08-06_06-54-35 Episode 386: New best reward 6.40, training model saved.
2026-08-06_06-54-47 Episode 412: New best reward 6.70, training model saved.
2026-08-06_06-55-11 Episode 467: New best reward 11.10, training model saved.
2026-08-06_06-55-52 Episode 556: New best reward 12.90, training model saved.
2026-08-06_06-57-15: Training starting...
Device: cuda
2026-08-06_06-57-16 Episode 0: New best reward -8.10, training model saved.
2026-08-06_06-57-16 Episode 0: New best greedy reward 2.00, model saved.
2026-08-06_06-57-16 Episode 1: New best reward -5.70, training model saved.
2026-08-06_06-57-49 Episode 81: New best reward -2.10, training model saved.
2026-08-06_06-59-19 Episode 299: New best reward -0.30, training model saved.
2026-08-06_06-59-44 Episode 358: New best reward 2.10, training model saved.
2026-08-06_06-59-44 Episode 359: New best reward 2.70, training model saved.
2026-08-06_06-59-45 Episode 360: New best reward 3.90, training model saved.
2026-08-06_06-59-53 Episode 382: New best reward 5.00, training model saved.
2026-08-06_07-00-28 Episode 466: New best reward 8.50, training model saved.
2026-08-06_07-02-15 Episode 715: New best reward 12.90, training model saved.
2026-08-06_07-12-03: Training starting...
Device: cuda
2026-08-06_07-12-03 Episode 0: New best reward -8.10, training model saved.
2026-08-06_07-12-04 Episode 0: New best greedy reward 2.00, model saved.
2026-08-06_07-12-04 Episode 1: New best reward -5.70, training model saved.
2026-08-06_07-12-37 Episode 81: New best reward -2.10, training model saved.
2026-08-06_07-12-39 Episode 85: New best reward 0.30, training model saved.
2026-08-06_07-12-40 Episode 89: New best reward 0.90, training model saved.
2026-08-06_07-13-09 Episode 162: New best reward 1.50, training model saved.
2026-08-06_07-13-12 Episode 164: New best reward 3.30, training model saved.
2026-08-06_07-13-21 Episode 187: New best reward 3.90, training model saved.
2026-08-06_07-13-47 Episode 250: New best reward 6.10, training model saved.
2026-08-06_07-14-20 Episode 328: New best reward 6.40, training model saved.
2026-08-06_07-14-28 Episode 347: New best reward 12.90, training model saved.
2026-08-06_07-17-45: Training starting...
Device: cuda
2026-08-06_07-17-45 Episode 0: New best reward -8.10, training model saved.
2026-08-06_07-17-45 Episode 0: New best greedy reward 2.00, model saved.
2026-08-06_07-17-46 Episode 1: New best reward -5.70, training model saved.
2026-08-06_07-18-19 Episode 81: New best reward -2.10, training model saved.
2026-08-06_07-19-12 Episode 211: New best reward 2.70, training model saved.
2026-08-06_07-20-15 Episode 360: New best reward 3.90, training model saved.
2026-08-06_07-20-23 Episode 382: New best reward 5.00, training model saved.
2026-08-06_07-22-21 Episode 659: New best reward 6.50, training model saved.
2026-08-06_07-23-35 Episode 837: New best reward 6.70, training model saved.
2026-08-06_07-23-48 Episode 870: New best reward 8.40, training model saved.
2026-08-06_07-25-50 Episode 1158: New best reward 10.50, training model saved.
2026-08-06_07-27-38 Episode 1414: New best reward 10.60, training model saved.
2026-08-06_07-31-04 Episode 1891: New best reward 12.90, training model saved.
2026-08-06_07-32-33: Training starting...
Device: cuda
2026-08-06_07-32-33 Episode 0: New best reward -8.10, training model saved.
2026-08-06_07-32-34 Episode 0: New best greedy reward 2.00, model saved.
2026-08-06_07-32-34 Episode 1: New best reward -5.70, training model saved.
2026-08-06_07-33-01 Episode 63: New best reward -2.70, training model saved.
2026-08-06_07-33-05 Episode 73: New best reward -0.30, training model saved.
2026-08-06_07-33-12 Episode 85: New best reward 0.30, training model saved.
2026-08-06_07-33-13 Episode 89: New best reward 3.90, training model saved.
2026-08-06_07-33-28 Episode 123: New best reward 4.50, training model saved.
2026-08-06_07-33-31 Episode 129: New best reward 6.50, training model saved.
2026-08-06_07-34-01 Episode 199: New best reward 6.80, training model saved.
2026-08-06_07-34-25 Episode 250: New best reward 12.90, training model saved.
2026-08-06_07-38-11 Episode 696: New best reward 18.90, training model saved.
2026-08-06_07-41-05 Episode 990: New best reward 20.80, training model saved.
2026-08-06_07-41-11 Episode 1000: New best greedy reward 3.20, model saved.
2026-08-06_07-47-06 Episode 1495: New best reward 32.60, training model saved.
2026-08-06_07-47-31 Episode 1521: New best reward 37.40, training model saved.
2026-08-06_07-49-15 Episode 1631: New best reward 41.90, training model saved.
2026-08-06_07-51-44 Episode 1774: New best reward 42.00, training model saved.
2026-08-06_07-52-21 Episode 1806: New best reward 46.50, training model saved.
2026-08-06_07-52-24 Episode 1807: New best reward 51.10, training model saved.
2026-08-06_07-54-06 Episode 1877: New best reward 59.90, training model saved.
2026-08-06_07-54-45 Episode 1897: New best reward 76.70, training model saved.
2026-08-06_07-57-39 Episode 2000: New best greedy reward 37.10, model saved.
2026-08-06_07-58-20 Episode 2019: New best reward 97.80, training model saved.
2026-08-06_08-00-25 Episode 2088: New best reward 134.40, training model saved.
2026-08-06_08-03-39 Episode 2166: New best reward 144.70, training model saved.
2026-08-06_08-08-48 Episode 2317: New best reward 177.50, training model saved.
2026-08-06_08-11-44 Episode 2374: New best reward 179.30, training model saved.
2026-08-06_08-17-56: Training starting...
Device: cuda
2026-08-06_08-17-56 Episode 0: New best reward -8.10, training model saved.
2026-08-06_08-17-56 Episode 0: New best greedy reward 2.00, model saved.
2026-08-06_08-17-57 Episode 1: New best reward -5.70, training model saved.
2026-08-06_08-18-30 Episode 81: New best reward -2.70, training model saved.
2026-08-06_08-18-32 Episode 85: New best reward 0.30, training model saved.
2026-08-06_08-18-48 Episode 123: New best reward 4.40, training model saved.
2026-08-06_08-19-17 Episode 194: New best reward 4.50, training model saved.
2026-08-06_08-19-17 Episode 195: New best reward 6.20, training model saved.
2026-08-06_08-19-31 Episode 226: New best reward 6.60, training model saved.
2026-08-06_08-19-33 Episode 232: New best reward 8.40, training model saved.
2026-08-06_08-20-18 Episode 337: New best reward 10.90, training model saved.
2026-08-06_08-21-22 Episode 478: New best reward 11.10, training model saved.
2026-08-06_08-24-43 Episode 891: New best reward 13.90, training model saved.
2026-08-06_08-25-41 Episode 997: New best reward 14.00, training model saved.
2026-08-06_08-25-44 Episode 1000: New best greedy reward 8.40, model saved.
2026-08-06_08-25-52 Episode 1013: New best reward 15.30, training model saved.
2026-08-06_08-26-23 Episode 1060: New best reward 22.80, training model saved.
2026-08-06_08-26-43 Episode 1091: New best reward 28.10, training model saved.
2026-08-06_08-28-03 Episode 1199: New best reward 32.50, training model saved.
2026-08-06_08-28-10 Episode 1206: New best reward 32.90, training model saved.
2026-08-06_08-29-04 Episode 1260: New best reward 37.20, training model saved.
2026-08-06_08-29-20 Episode 1273: New best reward 41.90, training model saved.
2026-08-06_08-29-49 Episode 1296: New best reward 51.30, training model saved.
2026-08-06_08-32-23 Episode 1422: New best reward 53.30, training model saved.
2026-08-06_08-33-35 Episode 1469: New best reward 57.30, training model saved.
2026-08-06_08-33-52 Episode 1477: New best reward 57.70, training model saved.
2026-08-06_08-34-11 Episode 1487: New best reward 102.90, training model saved.
2026-08-06_08-34-22 Episode 1489: New best reward 121.30, training model saved.
2026-08-06_08-36-37 Episode 1549: New best reward 129.90, training model saved.
2026-08-06_08-36-52 Episode 1551: New best reward 211.40, training model saved.
2026-08-06_08-49-36 Episode 1795: New best reward 347.30, training model saved.
2026-08-06_08-52-09 Episode 1827: New best reward 431.20, training model saved.
2026-08-06_08-59-20: Training starting...
Device: cuda
2026-08-06_08-59-20 Episode 0: New best reward -8.10, training model saved.
2026-08-06_08-59-20 Episode 0: New best greedy reward 2.00, model saved.
2026-08-06_08-59-21 Episode 1: New best reward -5.70, training model saved.
2026-08-06_08-59-56 Episode 81: New best reward -2.70, training model saved.
2026-08-06_09-00-28 Episode 155: New best reward -0.90, training model saved.
2026-08-06_09-00-31 Episode 162: New best reward 1.50, training model saved.
2026-08-06_09-00-53 Episode 211: New best reward 3.90, training model saved.
2026-08-06_09-01-12 Episode 254: New best reward 4.40, training model saved.
2026-08-06_09-01-27 Episode 287: New best reward 6.30, training model saved.
2026-08-06_09-02-09 Episode 385: New best reward 6.40, training model saved.
2026-08-06_09-02-27 Episode 424: New best reward 8.40, training model saved.
2026-08-06_09-04-24 Episode 683: New best reward 10.50, training model saved.
2026-08-06_09-04-35: Training starting...
Device: cuda
2026-08-06_09-04-35 Episode 0: New best reward -8.10, training model saved.
2026-08-06_09-04-35 Episode 0: New best greedy reward 2.00, model saved.
2026-08-06_09-04-36 Episode 1: New best reward -5.70, training model saved.
2026-08-06_09-05-11 Episode 81: New best reward -2.10, training model saved.
2026-08-06_09-05-12 Episode 85: New best reward 0.30, training model saved.
2026-08-06_09-05-56 Episode 187: New best reward 0.90, training model saved.
2026-08-06_09-06-06 Episode 211: New best reward 3.30, training model saved.
2026-08-06_09-06-15 Episode 235: New best reward 3.90, training model saved.
2026-08-06_09-06-26 Episode 254: New best reward 4.20, training model saved.
2026-08-06_09-07-00 Episode 330: New best reward 6.60, training model saved.
2026-08-06_09-07-03 Episode 338: New best reward 8.40, training model saved.
2026-08-06_09-09-35 Episode 686: New best reward 9.20, training model saved.
2026-08-06_09-10-32: Training starting...
Device: cuda
2026-08-06_09-10-33 Episode 0: New best reward -8.10, training model saved.
2026-08-06_09-10-33 Episode 0: New best greedy reward 2.00, model saved.
2026-08-06_09-10-34 Episode 1: New best reward -5.70, training model saved.
2026-08-06_09-11-07 Episode 81: New best reward -2.10, training model saved.
2026-08-06_09-11-39 Episode 162: New best reward 0.30, training model saved.
2026-08-06_09-11-51 Episode 187: New best reward 2.70, training model saved.
2026-08-06_09-11-56 Episode 200: New best reward 3.90, training model saved.
2026-08-06_09-12-17 Episode 250: New best reward 4.40, training model saved.
2026-08-06_09-12-54 Episode 339: New best reward 4.60, training model saved.
2026-08-06_09-13-02 Episode 357: New best reward 6.30, training model saved.
2026-08-06_09-13-31 Episode 424: New best reward 8.40, training model saved.
2026-08-06_09-13-40 Episode 445: New best reward 8.80, training model saved.
2026-08-06_09-14-04 Episode 500: New best reward 8.90, training model saved.
2026-08-06_09-15-12 Episode 652: New best reward 9.20, training model saved.
2026-08-06_09-15-24 Episode 676: New best reward 11.00, training model saved.
2026-08-06_09-15-26 Episode 679: New best reward 12.90, training model saved.
2026-08-06_09-17-00 Episode 864: New best reward 13.10, training model saved.
2026-08-06_09-18-10 Episode 1000: New best greedy reward 6.60, model saved.
2026-08-06_09-19-55 Episode 1193: New best reward 13.80, training model saved.
2026-08-06_09-20-08 Episode 1214: New best reward 15.50, training model saved.
2026-08-06_09-20-39 Episode 1258: New best reward 15.80, training model saved.
2026-08-06_09-20-50 Episode 1271: New best reward 17.90, training model saved.
2026-08-06_09-21-27 Episode 1325: New best reward 18.30, training model saved.
2026-08-06_09-21-32 Episode 1332: New best reward 20.50, training model saved.
2026-08-06_09-22-03 Episode 1371: New best reward 23.00, training model saved.
2026-08-06_09-23-22 Episode 1487: New best reward 34.80, training model saved.
2026-08-06_09-24-31 Episode 1560: New best reward 41.80, training model saved.
2026-08-06_09-24-37 Episode 1563: New best reward 57.80, training model saved.
2026-08-06_09-24-51 Episode 1575: New best reward 66.70, training model saved.
2026-08-06_09-25-24 Episode 1597: New best reward 120.40, training model saved.
2026-08-06_09-27-05 Episode 1671: New best reward 121.00, training model saved.
2026-08-06_09-28-56 Episode 1717: New best reward 125.70, training model saved.
2026-08-06_09-29-45 Episode 1732: New best reward 183.20, training model saved.
2026-08-06_09-33-04 Episode 1786: New best reward 205.60, training model saved.
2026-08-06_09-35-07 Episode 1813: New best reward 361.20, training model saved.
2026-08-06_09-43-44 Episode 1878: New best reward 1114.80, training model saved.
2026-08-06_09-52-46: Training starting...
Device: cuda
2026-08-06_09-52-47 Episode 0: New best reward -8.10, training model saved.
2026-08-06_09-52-47 Episode 0: New best greedy reward 2.00, model saved.
2026-08-06_09-52-47 Episode 1: New best reward -5.70, training model saved.
2026-08-06_09-53-14 Episode 63: New best reward -2.10, training model saved.
2026-08-06_09-53-18 Episode 73: New best reward -0.30, training model saved.
2026-08-06_09-53-24 Episode 85: New best reward 3.30, training model saved.
2026-08-06_09-53-26 Episode 89: New best reward 3.90, training model saved.
2026-08-06_09-53-37 Episode 116: New best reward 4.20, training model saved.
2026-08-06_09-53-41 Episode 123: New best reward 4.70, training model saved.
2026-08-06_09-53-45 Episode 132: New best reward 8.40, training model saved.
2026-08-06_09-54-08 Episode 183: New best reward 9.40, training model saved.
2026-08-06_09-55-46 Episode 394: New best reward 10.70, training model saved.
2026-08-06_09-56-05 Episode 431: New best reward 11.30, training model saved.
2026-08-06_09-56-52 Episode 521: New best reward 12.90, training model saved.
2026-08-06_09-57-48 Episode 622: New best reward 13.20, training model saved.
2026-08-06_09-59-44 Episode 821: New best reward 15.70, training model saved.
2026-08-06_10-00-07 Episode 856: New best reward 17.90, training model saved.
2026-08-06_10-01-45 Episode 1000: New best greedy reward 12.90, model saved.
2026-08-06_10-02-00 Episode 1022: New best reward 22.40, training model saved.
2026-08-06_10-03-12 Episode 1119: New best reward 28.10, training model saved.
2026-08-06_10-05-21 Episode 1275: New best reward 54.90, training model saved.
2026-08-06_10-09-04 Episode 1477: New best reward 65.00, training model saved.
2026-08-06_10-09-29 Episode 1492: New best reward 67.20, training model saved.
2026-08-06_10-10-03 Episode 1514: New best reward 69.70, training model saved.
2026-08-06_10-10-25 Episode 1525: New best reward 125.80, training model saved.
2026-08-06_10-20-16 Episode 1833: New best reward 149.10, training model saved.
2026-08-06_10-34-13 Episode 2266: New best reward 202.80, training model saved.
2026-08-06_10-36-46: Training starting...
Device: cuda
2026-08-06_10-36-47 Episode 0: New best reward -8.10, training model saved.
2026-08-06_10-36-47 Episode 0: New best greedy reward 2.00, model saved.
2026-08-06_10-36-47 Episode 1: New best reward -5.70, training model saved.
2026-08-06_10-37-20 Episode 81: New best reward -2.10, training model saved.
2026-08-06_10-37-22 Episode 85: New best reward 0.30, training model saved.
2026-08-06_10-38-14 Episode 211: New best reward 2.70, training model saved.
2026-08-06_10-38-19 Episode 223: New best reward 3.90, training model saved.
2026-08-06_10-38-46 Episode 287: New best reward 4.20, training model saved.
2026-08-06_10-39-01 Episode 325: New best reward 4.40, training model saved.
2026-08-06_10-39-09 Episode 343: New best reward 4.80, training model saved.
2026-08-06_10-39-33 Episode 400: New best reward 8.40, training model saved.
2026-08-06_10-40-35 Episode 547: New best reward 8.80, training model saved.
2026-08-06_10-41-52: Training starting...
Device: cuda
2026-08-06_10-41-53 Episode 0: New best reward -8.10, training model saved.
2026-08-06_10-41-53 Episode 0: New best greedy reward 2.00, model saved.
2026-08-06_10-41-53 Episode 1: New best reward -5.70, training model saved.
2026-08-06_10-42-26 Episode 81: New best reward -2.10, training model saved.
2026-08-06_10-43-55 Episode 299: New best reward -0.30, training model saved.
2026-08-06_10-44-19 Episode 358: New best reward 1.50, training model saved.
2026-08-06_10-44-37 Episode 405: New best reward 3.90, training model saved.
2026-08-06_10-45-44 Episode 569: New best reward 4.00, training model saved.
2026-08-06_10-46-05 Episode 617: New best reward 4.10, training model saved.
2026-08-06_10-46-30 Episode 677: New best reward 4.60, training model saved.
2026-08-06_10-46-42 Episode 708: New best reward 4.80, training model saved.
2026-08-06_10-47-28: Training starting...
Device: cuda
2026-08-06_10-47-28 Episode 0: New best reward -8.10, training model saved.
2026-08-06_10-47-29 Episode 0: New best greedy reward 2.00, model saved.
2026-08-06_10-47-29 Episode 1: New best reward -5.70, training model saved.
2026-08-06_10-47-56 Episode 63: New best reward -2.70, training model saved.
2026-08-06_10-48-00 Episode 73: New best reward -0.90, training model saved.
2026-08-06_10-48-05 Episode 85: New best reward 0.30, training model saved.
2026-08-06_10-48-07 Episode 89: New best reward 1.50, training model saved.
2026-08-06_10-48-10 Episode 96: New best reward 3.90, training model saved.
2026-08-06_10-48-25 Episode 130: New best reward 4.30, training model saved.
2026-08-06_10-48-37 Episode 159: New best reward 7.80, training model saved.
2026-08-06_10-48-53 Episode 195: New best reward 8.40, training model saved.
2026-08-06_10-52-31 Episode 594: New best reward 9.00, training model saved.
2026-08-06_10-54-50 Episode 823: New best reward 11.20, training model saved.
2026-08-06_10-55-15 Episode 861: New best reward 11.30, training model saved.
2026-08-06_10-56-40 Episode 1000: New best greedy reward 3.90, model saved.
2026-08-06_10-58-04 Episode 1148: New best reward 12.90, training model saved.
2026-08-06_11-01-25 Episode 1467: New best reward 23.00, training model saved.
2026-08-06_11-01-34 Episode 1478: New best reward 32.20, training model saved.
2026-08-06_11-02-07: Training starting...
Device: cuda
2026-08-06_11-02-07 Episode 0: New best reward -8.10, training model saved.
2026-08-06_11-02-08 Episode 0: New best greedy reward 2.00, model saved.
2026-08-06_11-02-08 Episode 1: New best reward -5.70, training model saved.
2026-08-06_11-02-41 Episode 81: New best reward -2.70, training model saved.
2026-08-06_11-02-43 Episode 85: New best reward 0.30, training model saved.
2026-08-06_11-02-52 Episode 108: New best reward 0.90, training model saved.
2026-08-06_11-02-59 Episode 123: New best reward 4.00, training model saved.
2026-08-06_11-03-00 Episode 127: New best reward 4.20, training model saved.
2026-08-06_11-03-07 Episode 144: New best reward 4.60, training model saved.
2026-08-06_11-03-30 Episode 199: New best reward 4.80, training model saved.
2026-08-06_11-03-38 Episode 217: New best reward 5.00, training model saved.
2026-08-06_11-04-18 Episode 311: New best reward 8.40, training model saved.
2026-08-06_11-04-44 Episode 373: New best reward 9.20, training model saved.
2026-08-06_11-04-51 Episode 387: New best reward 11.20, training model saved.
2026-08-06_11-05-27 Episode 461: New best reward 12.90, training model saved.
2026-08-06_11-05-55 Episode 519: New best reward 13.90, training model saved.
2026-08-06_11-07-16 Episode 673: New best reward 17.90, training model saved.
2026-08-06_11-07-52 Episode 733: New best reward 26.90, training model saved.
2026-08-06_11-10-30 Episode 1000: New best greedy reward 6.70, model saved.
2026-08-06_11-14-32 Episode 1356: New best reward 27.80, training model saved.
2026-08-06_11-14-43 Episode 1368: New best reward 34.80, training model saved.
2026-08-06_11-14-56 Episode 1379: New best reward 37.00, training model saved.
2026-08-06_11-15-12 Episode 1395: New best reward 39.30, training model saved.
2026-08-06_11-15-26 Episode 1405: New best reward 42.00, training model saved.
2026-08-06_11-17-51 Episode 1546: New best reward 48.80, training model saved.
2026-08-06_11-21-22 Episode 1750: New best reward 67.30, training model saved.
2026-08-06_11-23-06 Episode 1820: New best reward 92.90, training model saved.
2026-08-06_11-23-24 Episode 1828: New best reward 127.30, training model saved.
2026-08-06_11-28-32 Episode 2000: New best greedy reward 97.00, model saved.
2026-08-06_11-32-59 Episode 2127: New best reward 155.80, training model saved.
2026-08-06_11-35-22 Episode 2187: New best reward 224.00, training model saved.
2026-08-06_11-36-15 Episode 2197: New best reward 230.80, training model saved.
2026-08-06_11-38-34 Episode 2227: New best reward 303.40, training model saved.
2026-08-06_11-47-05: Training starting...
Device: cuda
2026-08-06_11-47-06 Episode 0: New best reward -8.10, training model saved.
2026-08-06_11-47-06 Episode 0: New best greedy reward 2.00, model saved.
2026-08-06_11-47-07 Episode 1: New best reward -5.70, training model saved.
2026-08-06_11-47-41 Episode 81: New best reward -1.50, training model saved.
2026-08-06_11-47-42 Episode 85: New best reward 0.30, training model saved.
2026-08-06_11-47-44 Episode 89: New best reward 2.10, training model saved.
2026-08-06_11-47-58 Episode 123: New best reward 3.90, training model saved.
2026-08-06_11-48-14 Episode 162: New best reward 4.00, training model saved.
2026-08-06_11-48-38 Episode 218: New best reward 4.30, training model saved.
2026-08-06_11-48-53 Episode 254: New best reward 4.70, training model saved.
2026-08-06_11-49-37 Episode 356: New best reward 6.40, training model saved.
2026-08-06_11-49-48 Episode 382: New best reward 6.50, training model saved.
2026-08-06_11-49-57 Episode 400: New best reward 8.40, training model saved.
2026-08-06_11-50-06 Episode 419: New best reward 8.50, training model saved.
2026-08-06_11-50-30 Episode 466: New best reward 8.90, training model saved.
2026-08-06_11-51-34 Episode 590: New best reward 9.10, training model saved.
2026-08-06_11-52-31 Episode 695: New best reward 17.90, training model saved.
2026-08-06_11-54-41 Episode 897: New best reward 18.00, training model saved.
2026-08-06_11-55-05 Episode 930: New best reward 18.60, training model saved.
2026-08-06_11-55-19 Episode 952: New best reward 19.00, training model saved.
2026-08-06_11-55-31 Episode 969: New best reward 20.30, training model saved.
2026-08-06_11-55-44 Episode 986: New best reward 26.90, training model saved.
2026-08-06_11-55-55 Episode 1000: New best greedy reward 19.00, model saved.
2026-08-06_11-56-48 Episode 1063: New best reward 34.80, training model saved.
2026-08-06_11-56-57 Episode 1070: New best reward 41.20, training model saved.
2026-08-06_11-57-04 Episode 1074: New best reward 41.50, training model saved.
2026-08-06_11-58-14 Episode 1148: New best reward 43.20, training model saved.
2026-08-06_11-58-29 Episode 1159: New best reward 48.10, training model saved.
2026-08-06_11-59-42 Episode 1211: New best reward 78.70, training model saved.
2026-08-06_12-01-36: Training starting...
Device: cuda
2026-08-06_12-01-36 Episode 0: New best reward -8.10, training model saved.
2026-08-06_12-01-36 Episode 0: New best greedy reward 2.00, model saved.
2026-08-06_12-01-37 Episode 1: New best reward -5.70, training model saved.
2026-08-06_12-02-11 Episode 81: New best reward -2.10, training model saved.
2026-08-06_12-02-13 Episode 85: New best reward 0.30, training model saved.
2026-08-06_12-02-17 Episode 96: New best reward 3.90, training model saved.
2026-08-06_12-03-22 Episode 250: New best reward 4.40, training model saved.
2026-08-06_12-03-40 Episode 296: New best reward 6.20, training model saved.
2026-08-06_12-04-18 Episode 385: New best reward 8.60, training model saved.
2026-08-06_12-07-21: Training starting...
Device: cuda
2026-08-06_12-07-22 Episode 0: New best reward -8.10, training model saved.
2026-08-06_12-07-22 Episode 0: New best greedy reward 2.00, model saved.
2026-08-06_12-07-23 Episode 1: New best reward -5.70, training model saved.
2026-08-06_12-07-56 Episode 81: New best reward -2.10, training model saved.
2026-08-06_12-07-58 Episode 85: New best reward 0.30, training model saved.
2026-08-06_12-09-02 Episode 243: New best reward 3.90, training model saved.
2026-08-06_12-09-40 Episode 329: New best reward 4.00, training model saved.
2026-08-06_12-09-44 Episode 338: New best reward 6.60, training model saved.
2026-08-06_12-10-43 Episode 481: New best reward 7.20, training model saved.
2026-08-06_12-13-20 Episode 847: New best reward 8.40, training model saved.
2026-08-06_12-14-32 Episode 1000: New best greedy reward 4.40, model saved.
2026-08-06_12-17-40 Episode 1347: New best reward 8.50, training model saved.
2026-08-06_12-17-42 Episode 1351: New best reward 8.70, training model saved.
2026-08-06_12-18-48 Episode 1478: New best reward 11.30, training model saved.
2026-08-06_12-19-26 Episode 1549: New best reward 12.90, training model saved.
2026-08-06_12-20-48 Episode 1685: New best reward 17.90, training model saved.
2026-08-06_12-22-54 Episode 1894: New best reward 18.20, training model saved.
2026-08-06_12-24-00 Episode 2000: New best greedy reward 8.40, model saved.
2026-08-06_12-24-57 Episode 2093: New best reward 18.40, training model saved.
2026-08-06_12-25-10 Episode 2112: New best reward 20.30, training model saved.
2026-08-06_12-27-30 Episode 2361: New best reward 20.80, training model saved.
2026-08-06_12-28-32 Episode 2465: New best reward 22.40, training model saved.
2026-08-06_12-28-49 Episode 2488: New best reward 26.90, training model saved.
2026-08-06_12-32-21 Episode 2818: New best reward 27.60, training model saved.
2026-08-06_12-33-07 Episode 2887: New best reward 28.90, training model saved.
2026-08-06_12-34-58 Episode 3034: New best reward 62.50, training model saved.
2026-08-06_12-45-18 Episode 4000: New best greedy reward 25.30, model saved.
2026-08-06_12-49-29: Training starting...
Device: cuda
2026-08-06_12-49-29 Episode 0: New best reward -8.10, training model saved.
2026-08-06_12-49-30 Episode 0: New best greedy reward 2.00, model saved.
2026-08-06_12-49-30 Episode 1: New best reward -5.70, training model saved.
2026-08-06_12-50-03 Episode 81: New best reward -2.10, training model saved.
2026-08-06_12-50-05 Episode 85: New best reward 0.30, training model saved.
2026-08-06_12-51-09 Episode 243: New best reward 3.90, training model saved.
2026-08-06_12-51-28 Episode 286: New best reward 4.00, training model saved.
2026-08-06_12-51-47 Episode 329: New best reward 6.20, training model saved.
2026-08-06_12-52-26 Episode 420: New best reward 6.60, training model saved.
2026-08-06_12-52-28 Episode 424: New best reward 8.40, training model saved.
2026-08-06_12-56-38 Episode 1000: New best greedy reward 3.90, model saved.
2026-08-06_12-59-39 Episode 1394: New best reward 11.20, training model saved.
2026-08-06_13-02-22 Episode 1705: New best reward 11.70, training model saved.
2026-08-06_13-02-58 Episode 1772: New best reward 12.90, training model saved.
2026-08-06_13-04-24: Training starting...
Device: cuda
2026-08-06_13-04-24 Episode 0: New best reward -8.10, training model saved.
2026-08-06_13-04-24 Episode 0: New best greedy reward 2.00, model saved.
2026-08-06_13-04-25 Episode 1: New best reward -5.70, training model saved.
2026-08-06_13-04-58 Episode 81: New best reward -2.70, training model saved.
2026-08-06_13-05-00 Episode 85: New best reward 0.30, training model saved.
2026-08-06_13-05-15 Episode 123: New best reward 4.10, training model saved.
2026-08-06_13-05-31 Episode 162: New best reward 4.80, training model saved.
2026-08-06_13-05-44 Episode 193: New best reward 6.30, training model saved.
2026-08-06_13-05-53 Episode 212: New best reward 6.80, training model saved.
2026-08-06_13-06-19 Episode 274: New best reward 8.40, training model saved.
2026-08-06_13-06-34 Episode 310: New best reward 10.90, training model saved.
2026-08-06_13-07-20 Episode 414: New best reward 18.20, training model saved.
2026-08-06_13-10-00 Episode 709: New best reward 29.30, training model saved.
2026-08-06_13-11-40 Episode 840: New best reward 34.50, training model saved.
2026-08-06_13-11-48 Episode 845: New best reward 46.90, training model saved.
2026-08-06_13-12-51 Episode 904: New best reward 78.40, training model saved.
2026-08-06_13-14-30 Episode 1000: New best greedy reward 5.00, model saved.
2026-08-06_13-15-58 Episode 1056: New best reward 144.20, training model saved.
2026-08-06_13-20-50 Episode 1178: New best reward 194.90, training model saved.
2026-08-06_13-23-55 Episode 1250: New best reward 227.90, training model saved.
2026-08-06_13-27-14 Episode 1301: New best reward 316.40, training model saved.
2026-08-06_13-41-31 Episode 1641: New best reward 430.90, training model saved.
2026-08-06_13-48-27: Training starting...
Device: cuda
2026-08-06_13-48-27 Episode 0: New best reward -8.10, training model saved.
2026-08-06_13-48-28 Episode 0: New best greedy reward 2.00, model saved.
2026-08-06_13-48-28 Episode 1: New best reward -5.70, training model saved.
2026-08-06_13-49-01 Episode 81: New best reward -2.10, training model saved.
2026-08-06_13-50-30 Episode 299: New best reward -0.30, training model saved.
2026-08-06_13-50-55 Episode 358: New best reward 1.50, training model saved.
2026-08-06_13-52-04 Episode 527: New best reward 2.70, training model saved.
2026-08-06_13-52-10 Episode 542: New best reward 3.90, training model saved.
2026-08-06_13-52-21 Episode 569: New best reward 4.00, training model saved.
2026-08-06_13-53-25 Episode 725: New best reward 4.50, training model saved.
2026-08-06_13-53-29 Episode 734: New best reward 8.40, training model saved.
2026-08-06_13-54-04: Training starting...
Device: cuda
2026-08-06_13-54-05 Episode 0: New best reward -8.10, training model saved.
2026-08-06_13-54-05 Episode 0: New best greedy reward 2.00, model saved.
2026-08-06_13-54-06 Episode 1: New best reward -5.70, training model saved.
2026-08-06_13-54-39 Episode 81: New best reward -1.50, training model saved.
2026-08-06_13-54-41 Episode 85: New best reward 0.30, training model saved.
2026-08-06_13-54-57 Episode 123: New best reward 3.90, training model saved.
2026-08-06_13-55-13 Episode 162: New best reward 4.00, training model saved.
2026-08-06_13-55-32 Episode 206: New best reward 4.50, training model saved.
2026-08-06_13-55-44 Episode 234: New best reward 6.50, training model saved.
2026-08-06_13-56-18 Episode 313: New best reward 6.60, training model saved.
2026-08-06_13-56-26 Episode 331: New best reward 6.70, training model saved.
2026-08-06_13-56-28 Episode 335: New best reward 6.80, training model saved.
2026-08-06_13-56-46 Episode 377: New best reward 8.40, training model saved.
2026-08-06_13-57-40 Episode 489: New best reward 9.20, training model saved.
2026-08-06_13-58-20 Episode 562: New best reward 12.90, training model saved.
2026-08-06_13-59-16 Episode 666: New best reward 17.90, training model saved.
2026-08-06_14-00-25 Episode 794: New best reward 20.10, training model saved.
2026-08-06_14-00-32 Episode 803: New best reward 22.90, training model saved.
2026-08-06_14-02-29 Episode 976: New best reward 37.20, training model saved.
2026-08-06_14-02-46 Episode 1000: New best greedy reward 6.50, model saved.
2026-08-06_14-03-06 Episode 1019: New best reward 37.60, training model saved.
2026-08-06_14-03-15 Episode 1024: New best reward 55.40, training model saved.
2026-08-06_14-08-32: Training starting...
Device: cuda
2026-08-06_14-08-33 Episode 0: New best reward -8.10, training model saved.
2026-08-06_14-08-33 Episode 0: New best greedy reward 2.00, model saved.
2026-08-06_14-08-34 Episode 1: New best reward -5.70, training model saved.
2026-08-06_14-08-59 Episode 63: New best reward -4.50, training model saved.
2026-08-06_14-09-03 Episode 73: New best reward -0.30, training model saved.
2026-08-06_14-09-09 Episode 85: New best reward 0.30, training model saved.
2026-08-06_14-09-10 Episode 89: New best reward 3.90, training model saved.
2026-08-06_14-09-51 Episode 185: New best reward 4.80, training model saved.
2026-08-06_14-09-52 Episode 187: New best reward 6.70, training model saved.
2026-08-06_14-09-53 Episode 189: New best reward 8.40, training model saved.
2026-08-06_14-10-22 Episode 257: New best reward 9.30, training model saved.
2026-08-06_14-12-28 Episode 536: New best reward 9.40, training model saved.
2026-08-06_14-12-31 Episode 539: New best reward 17.90, training model saved.
2026-08-06_14-13-23 Episode 631: New best reward 32.10, training model saved.
2026-08-06_14-15-33 Episode 821: New best reward 34.30, training model saved.
2026-08-06_14-16-11 Episode 861: New best reward 38.70, training model saved.
2026-08-06_14-16-48 Episode 895: New best reward 42.00, training model saved.
2026-08-06_14-17-13 Episode 911: New best reward 43.10, training model saved.
2026-08-06_14-17-50 Episode 945: New best reward 48.60, training model saved.
2026-08-06_14-18-04 Episode 951: New best reward 85.30, training model saved.
2026-08-06_14-19-13 Episode 1000: New best greedy reward 32.80, model saved.
2026-08-06_14-20-23 Episode 1045: New best reward 85.70, training model saved.
2026-08-06_14-21-21 Episode 1086: New best reward 113.40, training model saved.
2026-08-06_14-22-50 Episode 1127: New best reward 127.10, training model saved.
2026-08-06_14-23-55 Episode 1159: New best reward 134.50, training model saved.
2026-08-06_14-25-10 Episode 1189: New best reward 144.90, training model saved.
2026-08-06_14-28-57 Episode 1278: New best reward 151.30, training model saved.
2026-08-06_14-29-37 Episode 1280: New best reward 517.80, training model saved.
2026-08-06_14-51-30: Training starting...
Device: cuda
2026-08-06_14-51-30 Episode 0: New best reward -8.10, training model saved.
2026-08-06_14-51-30 Episode 0: New best greedy reward 2.00, model saved.
2026-08-06_14-51-31 Episode 1: New best reward -5.70, training model saved.
2026-08-06_14-51-57 Episode 66: New best reward -5.10, training model saved.
2026-08-06_14-52-00 Episode 73: New best reward -1.50, training model saved.
2026-08-06_14-52-05 Episode 85: New best reward 0.30, training model saved.
2026-08-06_14-52-07 Episode 89: New best reward 0.90, training model saved.
2026-08-06_14-52-21 Episode 123: New best reward 3.90, training model saved.
2026-08-06_14-52-52 Episode 198: New best reward 4.80, training model saved.
2026-08-06_14-53-27 Episode 282: New best reward 8.40, training model saved.
2026-08-06_14-58-46 Episode 882: New best reward 9.30, training model saved.
2026-08-06_14-59-00 Episode 902: New best reward 12.90, training model saved.
2026-08-06_15-00-05 Episode 1000: New best greedy reward 13.40, model saved.
2026-08-06_15-00-37 Episode 1050: New best reward 15.80, training model saved.
2026-08-06_15-00-40 Episode 1054: New best reward 18.40, training model saved.
2026-08-06_15-00-47 Episode 1061: New best reward 20.70, training model saved.
2026-08-06_15-01-04 Episode 1084: New best reward 22.40, training model saved.
2026-08-06_15-01-45 Episode 1150: New best reward 22.70, training model saved.
2026-08-06_15-01-53 Episode 1159: New best reward 24.70, training model saved.
2026-08-06_15-02-05 Episode 1172: New best reward 32.80, training model saved.
2026-08-06_15-05-43: Training starting...
Device: cuda
2026-08-06_15-05-44 Episode 0: New best reward -8.10, training model saved.
2026-08-06_15-05-44 Episode 0: New best greedy reward 2.00, model saved.
2026-08-06_15-05-44 Episode 1: New best reward -5.70, training model saved.
2026-08-06_15-06-18 Episode 81: New best reward -2.10, training model saved.
2026-08-06_15-07-01 Episode 187: New best reward 0.30, training model saved.
2026-08-06_15-07-10 Episode 211: New best reward 2.70, training model saved.
2026-08-06_15-07-20 Episode 235: New best reward 3.90, training model saved.
2026-08-06_15-08-03 Episode 338: New best reward 4.00, training model saved.
2026-08-06_15-08-03 Episode 339: New best reward 6.20, training model saved.
2026-08-06_15-08-39 Episode 425: New best reward 10.80, training model saved.
2026-08-06_15-09-33 Episode 554: New best reward 11.30, training model saved.
2026-08-06_15-11-20: Training starting...
Device: cuda
2026-08-06_15-11-21 Episode 0: New best reward -8.10, training model saved.
2026-08-06_15-11-21 Episode 0: New best greedy reward 2.00, model saved.
2026-08-06_15-11-21 Episode 1: New best reward -5.70, training model saved.
2026-08-06_15-11-54 Episode 81: New best reward -2.70, training model saved.
2026-08-06_15-12-24 Episode 155: New best reward -0.90, training model saved.
2026-08-06_15-12-27 Episode 162: New best reward 0.90, training model saved.
2026-08-06_15-12-37 Episode 187: New best reward 3.90, training model saved.
2026-08-06_15-13-05 Episode 254: New best reward 4.50, training model saved.
2026-08-06_15-13-19 Episode 289: New best reward 4.70, training model saved.
2026-08-06_15-13-33 Episode 326: New best reward 8.40, training model saved.
2026-08-06_15-15-22 Episode 580: New best reward 9.30, training model saved.
2026-08-06_15-17-22 Episode 855: New best reward 10.70, training model saved.
2026-08-06_15-18-59 Episode 1072: New best reward 11.30, training model saved.
2026-08-06_15-26-12 Episode 1984: New best reward 13.00, training model saved.
2026-08-06_15-26-18 Episode 1995: New best reward 13.20, training model saved.
2026-08-06_15-26-21 Episode 2000: New best greedy reward 6.00, model saved.
2026-08-06_15-26-47 Episode 2048: New best reward 15.20, training model saved.
2026-08-06_15-27-19 Episode 2102: New best reward 20.10, training model saved.
2026-08-06_15-35-57 Episode 3000: New best greedy reward 8.90, model saved.
2026-08-06_15-38-44 Episode 3250: New best reward 22.90, training model saved.
2026-08-06_15-39-50 Episode 3341: New best reward 26.90, training model saved.
2026-08-06_15-41-53 Episode 3513: New best reward 37.00, training model saved.
2026-08-06_15-46-16 Episode 3837: New best reward 43.80, training model saved.
2026-08-06_15-47-43 Episode 3925: New best reward 57.40, training model saved.
2026-08-06_15-49-04 Episode 4000: New best greedy reward 29.80, model saved.
2026-08-06_15-53-16: Training starting...
Device: cuda
2026-08-06_15-53-16 Episode 0: New best reward -8.10, training model saved.
2026-08-06_15-53-17 Episode 0: New best greedy reward 2.00, model saved.
2026-08-06_15-53-17 Episode 1: New best reward -5.70, training model saved.
2026-08-06_15-53-42 Episode 63: New best reward -2.10, training model saved.
2026-08-06_15-53-46 Episode 73: New best reward -0.30, training model saved.
2026-08-06_15-53-52 Episode 85: New best reward 3.90, training model saved.
2026-08-06_15-54-04 Episode 116: New best reward 4.30, training model saved.
2026-08-06_15-54-08 Episode 123: New best reward 4.80, training model saved.
2026-08-06_15-54-16 Episode 143: New best reward 6.00, training model saved.
2026-08-06_15-54-22 Episode 158: New best reward 6.80, training model saved.
2026-08-06_15-54-26 Episode 166: New best reward 8.40, training model saved.
2026-08-06_15-54-47 Episode 210: New best reward 8.90, training model saved.
2026-08-06_15-57-50 Episode 569: New best reward 9.10, training model saved.
2026-08-06_15-58-20 Episode 617: New best reward 9.20, training model saved.
2026-08-06_15-59-26 Episode 720: New best reward 13.50, training model saved.
2026-08-06_16-00-34 Episode 813: New best reward 20.80, training model saved.
2026-08-06_16-00-48 Episode 828: New best reward 27.80, training model saved.
2026-08-06_16-01-18 Episode 862: New best reward 39.30, training model saved.
2026-08-06_16-01-21 Episode 863: New best reward 40.90, training model saved.
2026-08-06_16-02-06 Episode 910: New best reward 46.40, training model saved.
2026-08-06_16-02-49 Episode 949: New best reward 64.40, training model saved.
2026-08-06_16-03-46 Episode 981: New best reward 99.20, training model saved.
2026-08-06_16-04-09 Episode 1000: New best greedy reward 6.00, model saved.
2026-08-06_16-11-52 Episode 1315: New best reward 121.20, training model saved.
2026-08-06_16-12-09 Episode 1316: New best reward 244.50, training model saved.
2026-08-06_16-25-20 Episode 1760: New best reward 317.60, training model saved.
2026-08-06_16-32-37 Episode 1868: New best reward 323.20, training model saved.
2026-08-06_16-35-16: Training starting...
Device: cuda
2026-08-06_16-35-16 Episode 0: New best reward -8.10, training model saved.
2026-08-06_16-35-16 Episode 0: New best greedy reward 2.00, model saved.
2026-08-06_16-35-17 Episode 1: New best reward -5.70, training model saved.
2026-08-06_16-35-45 Episode 73: New best reward -4.50, training model saved.
2026-08-06_16-35-49 Episode 81: New best reward -1.50, training model saved.
2026-08-06_16-35-51 Episode 85: New best reward 0.30, training model saved.
2026-08-06_16-35-52 Episode 89: New best reward 2.70, training model saved.
2026-08-06_16-35-55 Episode 96: New best reward 3.90, training model saved.
2026-08-06_16-36-07 Episode 123: New best reward 4.10, training model saved.
2026-08-06_16-36-41 Episode 206: New best reward 4.40, training model saved.
2026-08-06_16-36-47 Episode 221: New best reward 4.70, training model saved.
2026-08-06_16-36-50 Episode 226: New best reward 8.40, training model saved.
2026-08-06_16-36-59 Episode 247: New best reward 9.10, training model saved.
2026-08-06_16-37-32 Episode 321: New best reward 9.40, training model saved.
2026-08-06_16-38-09 Episode 406: New best reward 10.90, training model saved.
2026-08-06_16-39-35 Episode 589: New best reward 13.70, training model saved.
2026-08-06_16-39-42 Episode 603: New best reward 15.50, training model saved.
2026-08-06_16-43-25 Episode 1000: New best greedy reward 3.00, model saved.
2026-08-06_16-44-05 Episode 1059: New best reward 15.70, training model saved.
2026-08-06_16-44-07 Episode 1061: New best reward 23.00, training model saved.
2026-08-06_16-45-47 Episode 1211: New best reward 25.00, training model saved.
2026-08-06_16-45-54 Episode 1218: New best reward 39.10, training model saved.
2026-08-06_16-47-51 Episode 1341: New best reward 40.90, training model saved.
2026-08-06_16-47-55 Episode 1343: New best reward 43.20, training model saved.
2026-08-06_16-48-11 Episode 1356: New best reward 71.10, training model saved.
2026-08-06_16-50-19 Episode 1457: New best reward 96.90, training model saved.
2026-08-06_16-53-08 Episode 1569: New best reward 110.90, training model saved.
2026-08-06_16-57-07 Episode 1678: New best reward 139.90, training model saved.
2026-08-06_16-59-52 Episode 1733: New best reward 225.80, training model saved.
2026-08-06_17-06-46 Episode 1891: New best reward 270.80, training model saved.
2026-08-06_17-13-06 Episode 2000: New best greedy reward 32.40, model saved.
2026-08-06_17-17-04: Training starting...
Device: cuda
2026-08-06_17-17-04 Episode 0: New best reward -8.10, training model saved.
2026-08-06_17-17-04 Episode 0: New best greedy reward 2.00, model saved.
2026-08-06_17-17-05 Episode 1: New best reward -5.70, training model saved.
2026-08-06_17-17-38 Episode 81: New best reward -2.10, training model saved.
2026-08-06_17-17-40 Episode 85: New best reward 0.30, training model saved.
2026-08-06_17-17-41 Episode 89: New best reward 1.50, training model saved.
2026-08-06_17-17-55 Episode 123: New best reward 3.90, training model saved.
2026-08-06_17-18-11 Episode 162: New best reward 4.20, training model saved.
2026-08-06_17-18-32 Episode 211: New best reward 4.80, training model saved.
2026-08-06_17-18-38 Episode 226: New best reward 6.30, training model saved.
2026-08-06_17-19-11 Episode 302: New best reward 6.60, training model saved.
2026-08-06_17-19-58 Episode 414: New best reward 10.60, training model saved.
2026-08-06_17-22-13 Episode 702: New best reward 10.70, training model saved.
2026-08-06_17-22-37 Episode 749: New best reward 13.90, training model saved.
2026-08-06_17-23-41 Episode 872: New best reward 15.10, training model saved.
2026-08-06_17-24-38 Episode 970: New best reward 15.60, training model saved.
2026-08-06_17-24-58 Episode 1000: New best greedy reward 11.10, model saved.
2026-08-06_17-25-49 Episode 1077: New best reward 20.60, training model saved.
2026-08-06_17-26-17 Episode 1115: New best reward 22.60, training model saved.
2026-08-06_17-27-17 Episode 1195: New best reward 28.10, training model saved.
2026-08-06_17-27-29 Episode 1209: New best reward 29.60, training model saved.
2026-08-06_17-27-41 Episode 1221: New best reward 29.70, training model saved.
2026-08-06_17-27-58 Episode 1238: New best reward 38.80, training model saved.
2026-08-06_17-28-29 Episode 1267: New best reward 43.30, training model saved.
2026-08-06_17-29-00 Episode 1291: New best reward 65.00, training model saved.
2026-08-06_17-31-16 Episode 1403: New best reward 84.00, training model saved.
2026-08-06_17-31-59 Episode 1423: New best reward 104.80, training model saved.
2026-08-06_17-37-44 Episode 1632: New best reward 191.50, training model saved.
2026-08-06_17-42-05 Episode 1699: New best reward 207.20, training model saved.
2026-08-06_17-44-26 Episode 1747: New best reward 242.70, training model saved.
2026-08-06_17-47-54 Episode 1793: New best reward 263.30, training model saved.
2026-08-06_17-51-51 Episode 1839: New best reward 421.40, training model saved.
2026-08-06_17-58-45: Training starting...
Device: cuda
2026-08-06_17-58-46 Episode 0: New best reward -8.10, training model saved.
2026-08-06_17-58-46 Episode 0: New best greedy reward 2.00, model saved.
2026-08-06_17-58-46 Episode 1: New best reward -5.70, training model saved.
2026-08-06_17-59-15 Episode 73: New best reward -5.10, training model saved.
2026-08-06_17-59-19 Episode 81: New best reward -1.50, training model saved.
2026-08-06_17-59-21 Episode 85: New best reward 0.30, training model saved.
2026-08-06_17-59-22 Episode 89: New best reward 2.10, training model saved.
2026-08-06_17-59-25 Episode 96: New best reward 3.90, training model saved.
2026-08-06_18-00-07 Episode 199: New best reward 4.20, training model saved.
2026-08-06_18-00-12 Episode 211: New best reward 4.90, training model saved.
2026-08-06_18-00-15 Episode 218: New best reward 6.10, training model saved.
2026-08-06_18-00-20 Episode 230: New best reward 6.40, training model saved.
2026-08-06_18-00-32 Episode 258: New best reward 8.40, training model saved.
2026-08-06_18-02-30 Episode 523: New best reward 8.50, training model saved.
2026-08-06_18-02-46 Episode 554: New best reward 10.80, training model saved.
2026-08-06_18-04-16 Episode 729: New best reward 11.00, training model saved.
2026-08-06_18-04-42 Episode 774: New best reward 11.20, training model saved.
2026-08-06_18-04-56 Episode 796: New best reward 12.90, training model saved.
2026-08-06_18-05-06 Episode 811: New best reward 20.50, training model saved.
2026-08-06_18-07-04 Episode 998: New best reward 20.60, training model saved.
2026-08-06_18-07-07 Episode 1000: New best reward 24.70, training model saved.
2026-08-06_18-07-08 Episode 1000: New best greedy reward 11.30, model saved.
2026-08-06_18-07-29 Episode 1024: New best reward 27.90, training model saved.
2026-08-06_18-08-01 Episode 1058: New best reward 29.50, training model saved.
2026-08-06_18-08-46 Episode 1114: New best reward 39.30, training model saved.
2026-08-06_18-09-09 Episode 1142: New best reward 48.40, training model saved.
2026-08-06_18-09-38 Episode 1169: New best reward 48.80, training model saved.
2026-08-06_18-09-43 Episode 1173: New best reward 59.90, training model saved.
2026-08-06_18-09-56 Episode 1178: New best reward 90.50, training model saved.
2026-08-06_18-13-13 Episode 1320: New best reward 107.40, training model saved.
2026-08-06_18-13-35 Episode 1326: New best reward 155.80, training model saved.
2026-08-06_18-13-49 Episode 1327: New best reward 185.90, training model saved.
2026-08-06_18-23-26 Episode 1648: New best reward 303.20, training model saved.
2026-08-06_18-31-40 Episode 1831: New best reward 350.10, training model saved.
2026-08-06_18-35-04 Episode 1869: New best reward 457.60, training model saved.
2026-08-06_18-40-02 Episode 1972: New best reward 824.90, training model saved.
2026-08-06_18-40-49: Training starting...
Device: cuda
2026-08-06_18-40-50 Episode 0: New best reward -8.10, training model saved.
2026-08-06_18-40-50 Episode 0: New best greedy reward 2.00, model saved.
2026-08-06_18-40-50 Episode 1: New best reward -5.70, training model saved.
2026-08-06_18-41-23 Episode 81: New best reward -2.10, training model saved.
2026-08-06_18-42-15 Episode 211: New best reward 2.70, training model saved.
2026-08-06_18-42-24 Episode 235: New best reward 3.90, training model saved.
2026-08-06_18-43-16 Episode 360: New best reward 6.60, training model saved.
2026-08-06_18-44-37 Episode 558: New best reward 8.40, training model saved.
2026-08-06_18-46-22: Training starting...
Device: cuda
2026-08-06_18-46-23 Episode 0: New best reward -8.10, training model saved.
2026-08-06_18-46-23 Episode 0: New best greedy reward 2.00, model saved.
2026-08-06_18-46-23 Episode 1: New best reward -5.70, training model saved.
2026-08-06_18-46-56 Episode 81: New best reward -2.10, training model saved.
2026-08-06_18-47-49 Episode 211: New best reward 2.70, training model saved.
2026-08-06_18-48-51 Episode 360: New best reward 3.90, training model saved.
2026-08-06_18-49-47 Episode 494: New best reward 5.00, training model saved.
2026-08-06_18-50-44 Episode 634: New best reward 6.30, training model saved.
2026-08-06_18-51-19 Episode 718: New best reward 8.40, training model saved.
2026-08-06_18-51-22 Episode 726: New best reward 8.70, training model saved.
2026-08-06_18-54-15 Episode 1135: New best reward 12.90, training model saved.
2026-08-06_19-00-56 Episode 1981: New best reward 13.30, training model saved.
2026-08-06_19-01-03: Training starting...
Device: cuda
2026-08-06_19-01-04 Episode 0: New best reward -8.10, training model saved.
2026-08-06_19-01-04 Episode 0: New best greedy reward 2.00, model saved.
2026-08-06_19-01-04 Episode 1: New best reward -5.70, training model saved.
2026-08-06_19-01-37 Episode 81: New best reward -2.70, training model saved.
2026-08-06_19-01-56 Episode 123: New best reward -1.50, training model saved.
2026-08-06_19-02-09 Episode 155: New best reward -0.30, training model saved.
2026-08-06_19-02-11 Episode 162: New best reward 3.90, training model saved.
2026-08-06_19-02-49 Episode 250: New best reward 6.40, training model saved.
2026-08-06_19-03-25 Episode 337: New best reward 8.40, training model saved.
2026-08-06_19-04-36 Episode 499: New best reward 9.50, training model saved.
2026-08-06_19-05-59 Episode 678: New best reward 12.90, training model saved.
2026-08-06_19-06-01: Training starting...
Device: cuda
2026-08-06_19-06-01 Episode 0: New best reward -8.10, training model saved.
2026-08-06_19-06-01 Episode 0: New best greedy reward 2.00, model saved.
2026-08-06_19-06-02 Episode 1: New best reward -5.70, training model saved.
2026-08-06_19-06-35 Episode 81: New best reward -2.10, training model saved.
2026-08-06_19-06-36 Episode 85: New best reward 0.30, training model saved.
2026-08-06_19-07-18 Episode 187: New best reward 2.70, training model saved.
2026-08-06_19-07-23 Episode 200: New best reward 3.90, training model saved.
2026-08-06_19-07-44 Episode 250: New best reward 8.40, training model saved.
2026-08-06_19-10-13 Episode 591: New best reward 9.10, training model saved.
2026-08-06_19-13-33 Episode 974: New best reward 10.60, training model saved.
2026-08-06_19-13-48 Episode 1000: New best greedy reward 6.60, model saved.
2026-08-06_19-14-00 Episode 1016: New best reward 26.90, training model saved.
2026-08-06_19-16-16 Episode 1226: New best reward 27.00, training model saved.
2026-08-06_19-16-30 Episode 1244: New best reward 32.10, training model saved.
2026-08-06_19-16-56 Episode 1279: New best reward 41.20, training model saved.
2026-08-06_19-20-36: Training starting...
Device: cuda
2026-08-06_19-20-37 Episode 0: New best reward -8.10, training model saved.
2026-08-06_19-20-37 Episode 0: New best greedy reward 2.00, model saved.
2026-08-06_19-20-37 Episode 1: New best reward -5.70, training model saved.
2026-08-06_19-21-07 Episode 73: New best reward -4.50, training model saved.
2026-08-06_19-21-10 Episode 81: New best reward -1.50, training model saved.
2026-08-06_19-21-12 Episode 85: New best reward 0.30, training model saved.
2026-08-06_19-21-14 Episode 89: New best reward 2.70, training model saved.
2026-08-06_19-21-28 Episode 123: New best reward 3.90, training model saved.
2026-08-06_19-21-43 Episode 162: New best reward 4.20, training model saved.
2026-08-06_19-22-04 Episode 211: New best reward 4.80, training model saved.
2026-08-06_19-22-05 Episode 213: New best reward 6.70, training model saved.
2026-08-06_19-22-27 Episode 265: New best reward 8.40, training model saved.
2026-08-06_19-22-45 Episode 307: New best reward 9.00, training model saved.
2026-08-06_19-23-19 Episode 386: New best reward 10.60, training model saved.
2026-08-06_19-23-58 Episode 471: New best reward 12.90, training model saved.
2026-08-06_19-25-22 Episode 633: New best reward 13.10, training model saved.
2026-08-06_19-25-32 Episode 652: New best reward 13.20, training model saved.
2026-08-06_19-25-37 Episode 659: New best reward 15.40, training model saved.
2026-08-06_19-26-42 Episode 773: New best reward 20.50, training model saved.
2026-08-06_19-29-08 Episode 991: New best reward 34.80, training model saved.
2026-08-06_19-29-14 Episode 1000: New best greedy reward 13.80, model saved.
2026-08-06_19-31-15 Episode 1128: New best reward 51.20, training model saved.
2026-08-06_19-32-18 Episode 1174: New best reward 59.90, training model saved.
2026-08-06_19-35-27 Episode 1352: New best reward 60.90, training model saved.
2026-08-06_19-36-55 Episode 1425: New best reward 62.30, training model saved.
2026-08-06_19-38-38 Episode 1500: New best reward 64.40, training model saved.
2026-08-06_19-40-41 Episode 1582: New best reward 96.90, training model saved.
2026-08-06_19-40-50 Episode 1584: New best reward 110.90, training model saved.
2026-08-06_19-43-19 Episode 1645: New best reward 191.10, training model saved.
[worker] done. total trials in study: 400
2026-08-06_06-46-24: Training starting...
Device: cuda
2026-08-06_06-46-32 Episode 0: New best reward -8.10, training model saved.
2026-08-06_06-46-32 Episode 0: New best greedy reward 2.00, model saved.
2026-08-06_06-46-32 Episode 1: New best reward -5.70, training model saved.
2026-08-06_06-47-06 Episode 81: New best reward -2.10, training model saved.
2026-08-06_06-47-08 Episode 85: New best reward 0.30, training model saved.
2026-08-06_06-47-09 Episode 89: New best reward 0.90, training model saved.
2026-08-06_06-47-24 Episode 123: New best reward 3.90, training model saved.
2026-08-06_06-47-25 Episode 127: New best reward 4.90, training model saved.
2026-08-06_06-48-01 Episode 212: New best reward 8.40, training model saved.
2026-08-06_06-48-22 Episode 260: New best reward 8.60, training model saved.
2026-08-06_06-54-33 Episode 1000: New best greedy reward 3.90, model saved.
2026-08-06_06-56-16 Episode 1192: New best reward 10.60, training model saved.
2026-08-06_07-00-13 Episode 1674: New best reward 10.70, training model saved.
2026-08-06_07-01-12 Episode 1784: New best reward 11.10, training model saved.
2026-08-06_07-01-40 Episode 1839: New best reward 12.90, training model saved.
2026-08-06_07-01-52 Episode 1857: New best reward 17.90, training model saved.
2026-08-06_07-02-05 Episode 1878: New best reward 18.80, training model saved.
2026-08-06_07-02-22 Episode 1908: New best reward 20.70, training model saved.
2026-08-06_07-02-37 Episode 1931: New best reward 22.40, training model saved.
2026-08-06_07-02-58 Episode 1961: New best reward 36.40, training model saved.
2026-08-06_07-03-25 Episode 2000: New best greedy reward 27.80, model saved.
2026-08-06_07-28-59: Training starting...
Device: cuda
2026-08-06_07-29-00 Episode 0: New best reward -8.10, training model saved.
2026-08-06_07-29-00 Episode 0: New best greedy reward 2.00, model saved.
2026-08-06_07-29-01 Episode 1: New best reward -5.70, training model saved.
2026-08-06_07-29-34 Episode 81: New best reward -2.10, training model saved.
2026-08-06_07-29-52 Episode 123: New best reward -0.30, training model saved.
2026-08-06_07-30-07 Episode 162: New best reward 3.90, training model saved.
2026-08-06_07-30-41 Episode 243: New best reward 4.30, training model saved.
2026-08-06_07-30-46 Episode 254: New best reward 4.70, training model saved.
2026-08-06_07-30-51 Episode 266: New best reward 8.40, training model saved.
2026-08-06_07-31-58 Episode 428: New best reward 8.90, training model saved.
2026-08-06_07-32-02 Episode 437: New best reward 9.20, training model saved.
2026-08-06_07-32-58 Episode 569: New best reward 9.30, training model saved.
2026-08-06_07-34-04: Training starting...
Device: cuda
2026-08-06_07-34-05 Episode 0: New best reward -8.10, training model saved.
2026-08-06_07-34-05 Episode 0: New best greedy reward 2.00, model saved.
2026-08-06_07-34-06 Episode 1: New best reward -5.70, training model saved.
2026-08-06_07-34-39 Episode 81: New best reward -2.10, training model saved.
2026-08-06_07-35-32 Episode 211: New best reward 2.70, training model saved.
2026-08-06_07-36-35 Episode 360: New best reward 3.90, training model saved.
2026-08-06_07-38-02 Episode 569: New best reward 4.40, training model saved.
2026-08-06_07-38-49 Episode 677: New best reward 4.90, training model saved.
2026-08-06_07-39-49: Training starting...
Device: cuda
2026-08-06_07-39-49 Episode 0: New best reward -8.10, training model saved.
2026-08-06_07-39-49 Episode 0: New best greedy reward 2.00, model saved.
2026-08-06_07-39-50 Episode 1: New best reward -5.70, training model saved.
2026-08-06_07-40-23 Episode 81: New best reward -2.10, training model saved.
2026-08-06_07-40-25 Episode 85: New best reward 0.30, training model saved.
2026-08-06_07-40-26 Episode 89: New best reward 2.70, training model saved.
2026-08-06_07-40-29 Episode 96: New best reward 3.90, training model saved.
2026-08-06_07-40-56 Episode 162: New best reward 4.20, training model saved.
2026-08-06_07-41-15 Episode 206: New best reward 6.00, training model saved.
2026-08-06_07-41-33 Episode 247: New best reward 12.90, training model saved.
2026-08-06_07-44-46 Episode 673: New best reward 13.60, training model saved.
2026-08-06_07-46-52 Episode 907: New best reward 15.60, training model saved.
2026-08-06_07-47-01 Episode 920: New best reward 15.70, training model saved.
2026-08-06_07-47-17 Episode 945: New best reward 17.90, training model saved.
2026-08-06_07-47-34 Episode 963: New best reward 36.40, training model saved.
2026-08-06_07-47-56 Episode 984: New best reward 41.20, training model saved.
2026-08-06_07-48-10 Episode 1000: New best greedy reward 12.90, model saved.
2026-08-06_07-49-34 Episode 1081: New best reward 71.80, training model saved.
2026-08-06_07-51-39 Episode 1182: New best reward 76.80, training model saved.
2026-08-06_07-53-15 Episode 1249: New best reward 118.10, training model saved.
2026-08-06_07-58-37 Episode 1435: New best reward 135.60, training model saved.
2026-08-06_08-00-16 Episode 1474: New best reward 169.50, training model saved.
2026-08-06_08-02-24 Episode 1510: New best reward 188.80, training model saved.
2026-08-06_08-10-21 Episode 1669: New best reward 258.40, training model saved.
2026-08-06_08-16-04 Episode 1762: New best reward 267.10, training model saved.
2026-08-06_08-19-25 Episode 1803: New best reward 382.00, training model saved.
2026-08-06_08-22-31: Training starting...
Device: cuda
2026-08-06_08-22-32 Episode 0: New best reward -8.10, training model saved.
2026-08-06_08-22-32 Episode 0: New best greedy reward 2.00, model saved.
2026-08-06_08-22-32 Episode 1: New best reward -5.70, training model saved.
2026-08-06_08-23-01 Episode 73: New best reward -5.10, training model saved.
2026-08-06_08-23-05 Episode 81: New best reward -2.70, training model saved.
2026-08-06_08-23-07 Episode 85: New best reward 0.30, training model saved.
2026-08-06_08-23-08 Episode 89: New best reward 2.70, training model saved.
2026-08-06_08-23-11 Episode 96: New best reward 3.90, training model saved.
2026-08-06_08-23-23 Episode 123: New best reward 6.10, training model saved.
2026-08-06_08-23-44 Episode 175: New best reward 8.40, training model saved.
2026-08-06_08-25-07 Episode 371: New best reward 8.90, training model saved.
2026-08-06_08-25-32 Episode 427: New best reward 9.00, training model saved.
2026-08-06_08-27-21 Episode 670: New best reward 10.90, training model saved.
2026-08-06_08-27-27: Training starting...
Device: cuda
2026-08-06_08-27-27 Episode 0: New best reward -8.10, training model saved.
2026-08-06_08-27-27 Episode 0: New best greedy reward 2.00, model saved.
2026-08-06_08-27-28 Episode 1: New best reward -5.70, training model saved.
2026-08-06_08-28-03 Episode 81: New best reward -2.10, training model saved.
2026-08-06_08-28-05 Episode 85: New best reward 0.30, training model saved.
2026-08-06_08-28-52 Episode 195: New best reward 2.10, training model saved.
2026-08-06_08-29-00 Episode 211: New best reward 3.30, training model saved.
2026-08-06_08-29-09 Episode 235: New best reward 3.90, training model saved.
2026-08-06_08-29-34 Episode 290: New best reward 4.70, training model saved.
2026-08-06_08-29-52 Episode 329: New best reward 4.80, training model saved.
2026-08-06_08-29-55 Episode 338: New best reward 8.40, training model saved.
2026-08-06_08-31-45 Episode 577: New best reward 9.50, training model saved.
2026-08-06_08-33-33 Episode 787: New best reward 12.90, training model saved.
2026-08-06_08-34-50 Episode 926: New best reward 15.10, training model saved.
2026-08-06_08-35-32 Episode 1000: New best greedy reward 3.90, model saved.
2026-08-06_08-37-20 Episode 1174: New best reward 17.90, training model saved.
2026-08-06_08-38-36 Episode 1294: New best reward 20.60, training model saved.
2026-08-06_08-40-36 Episode 1463: New best reward 21.80, training model saved.
2026-08-06_08-41-39 Episode 1541: New best reward 26.90, training model saved.
2026-08-06_08-42-40 Episode 1605: New best reward 31.90, training model saved.
2026-08-06_08-42-58 Episode 1623: New best reward 34.60, training model saved.
2026-08-06_08-43-06 Episode 1630: New best reward 37.20, training model saved.
2026-08-06_08-44-21 Episode 1696: New best reward 40.90, training model saved.
2026-08-06_08-44-35 Episode 1706: New best reward 41.60, training model saved.
2026-08-06_08-45-07 Episode 1736: New best reward 45.90, training model saved.
2026-08-06_08-46-38 Episode 1802: New best reward 51.30, training model saved.
2026-08-06_08-48-00 Episode 1855: New best reward 54.90, training model saved.
2026-08-06_08-49-26 Episode 1903: New best reward 71.30, training model saved.
2026-08-06_08-49-35 Episode 1905: New best reward 108.80, training model saved.
2026-08-06_08-49-46 Episode 1906: New best reward 141.50, training model saved.
2026-08-06_08-50-30 Episode 1918: New best reward 177.00, training model saved.
2026-08-06_08-58-24 Episode 2064: New best reward 181.90, training model saved.
2026-08-06_08-59-20 Episode 2073: New best reward 225.20, training model saved.
2026-08-06_09-01-38 Episode 2126: New best reward 228.90, training model saved.
2026-08-06_09-06-24 Episode 2181: New best reward 253.10, training model saved.
2026-08-06_09-06-52 Episode 2182: New best reward 415.50, training model saved.
2026-08-06_09-11-59: Training starting...
Device: cuda
2026-08-06_09-11-59 Episode 0: New best reward -8.10, training model saved.
2026-08-06_09-12-00 Episode 0: New best greedy reward 2.00, model saved.
2026-08-06_09-12-00 Episode 1: New best reward -5.70, training model saved.
2026-08-06_09-12-28 Episode 66: New best reward -5.10, training model saved.
2026-08-06_09-12-31 Episode 73: New best reward -3.90, training model saved.
2026-08-06_09-12-34 Episode 81: New best reward -1.50, training model saved.
2026-08-06_09-12-36 Episode 85: New best reward 0.30, training model saved.
2026-08-06_09-12-38 Episode 89: New best reward 1.50, training model saved.
2026-08-06_09-12-40 Episode 96: New best reward 3.90, training model saved.
2026-08-06_09-12-54 Episode 127: New best reward 4.10, training model saved.
2026-08-06_09-13-17 Episode 179: New best reward 8.40, training model saved.
2026-08-06_09-17-50 Episode 670: New best reward 8.80, training model saved.
2026-08-06_09-18-15 Episode 713: New best reward 9.30, training model saved.
2026-08-06_09-18-39 Episode 755: New best reward 9.40, training model saved.
2026-08-06_09-18-42 Episode 760: New best reward 11.30, training model saved.
2026-08-06_09-18-45 Episode 766: New best reward 15.20, training model saved.
2026-08-06_09-19-13 Episode 811: New best reward 18.60, training model saved.
2026-08-06_09-19-22 Episode 823: New best reward 18.90, training model saved.
2026-08-06_09-21-15 Episode 1000: New best greedy reward 3.90, model saved.
2026-08-06_09-21-59 Episode 1065: New best reward 24.60, training model saved.
2026-08-06_09-22-37 Episode 1116: New best reward 28.10, training model saved.
2026-08-06_09-24-24 Episode 1258: New best reward 29.30, training model saved.
2026-08-06_09-24-41 Episode 1275: New best reward 36.40, training model saved.
2026-08-06_09-24-53 Episode 1282: New best reward 38.90, training model saved.
2026-08-06_09-26-01 Episode 1359: New best reward 54.90, training model saved.
2026-08-06_09-26-50: Training starting...
Device: cuda
2026-08-06_09-26-51 Episode 0: New best reward -8.10, training model saved.
2026-08-06_09-26-51 Episode 0: New best greedy reward 2.00, model saved.
2026-08-06_09-26-51 Episode 1: New best reward -5.70, training model saved.
2026-08-06_09-27-17 Episode 63: New best reward -4.50, training model saved.
2026-08-06_09-27-21 Episode 73: New best reward -0.30, training model saved.
2026-08-06_09-27-26 Episode 85: New best reward 0.30, training model saved.
2026-08-06_09-27-27 Episode 89: New best reward 3.90, training model saved.
2026-08-06_09-27-42 Episode 123: New best reward 4.10, training model saved.
2026-08-06_09-27-46 Episode 133: New best reward 6.30, training model saved.
2026-08-06_09-28-05 Episode 179: New best reward 6.40, training model saved.
2026-08-06_09-28-09 Episode 190: New best reward 6.70, training model saved.
2026-08-06_09-28-21 Episode 216: New best reward 10.50, training model saved.
2026-08-06_09-30-00 Episode 436: New best reward 15.10, training model saved.
2026-08-06_09-31-48: Training starting...
Device: cuda
2026-08-06_09-31-49 Episode 0: New best reward -8.10, training model saved.
2026-08-06_09-31-49 Episode 0: New best greedy reward 2.00, model saved.
2026-08-06_09-31-49 Episode 1: New best reward -5.70, training model saved.
2026-08-06_09-32-22 Episode 81: New best reward -2.10, training model saved.
2026-08-06_09-32-54 Episode 162: New best reward 0.30, training model saved.
2026-08-06_09-33-08 Episode 195: New best reward 1.50, training model saved.
2026-08-06_09-33-10 Episode 200: New best reward 3.90, training model saved.
2026-08-06_09-33-33 Episode 254: New best reward 4.00, training model saved.
2026-08-06_09-33-46 Episode 287: New best reward 4.40, training model saved.
2026-08-06_09-34-15 Episode 355: New best reward 4.50, training model saved.
2026-08-06_09-34-21 Episode 372: New best reward 4.60, training model saved.
2026-08-06_09-35-07 Episode 485: New best reward 6.00, training model saved.
2026-08-06_09-38-17 Episode 937: New best reward 6.70, training model saved.
2026-08-06_09-38-44 Episode 1000: New best greedy reward 4.00, model saved.
2026-08-06_09-38-47 Episode 1006: New best reward 8.40, training model saved.
2026-08-06_09-39-23 Episode 1087: New best reward 9.30, training model saved.
2026-08-06_09-40-25 Episode 1223: New best reward 10.50, training model saved.
2026-08-06_09-40-56 Episode 1286: New best reward 11.00, training model saved.
2026-08-06_09-41-00 Episode 1293: New best reward 13.10, training model saved.
2026-08-06_09-41-05 Episode 1300: New best reward 17.90, training model saved.
2026-08-06_09-41-19 Episode 1325: New best reward 18.10, training model saved.
2026-08-06_09-41-39 Episode 1354: New best reward 22.40, training model saved.
2026-08-06_09-41-47 Episode 1364: New best reward 23.30, training model saved.
2026-08-06_09-42-11 Episode 1404: New best reward 26.90, training model saved.
2026-08-06_09-43-14 Episode 1487: New best reward 32.20, training model saved.
2026-08-06_09-43-51 Episode 1521: New best reward 74.40, training model saved.
2026-08-06_09-45-18 Episode 1589: New best reward 82.90, training model saved.
2026-08-06_09-47-15 Episode 1666: New best reward 121.30, training model saved.
2026-08-06_09-50-32 Episode 1763: New best reward 135.50, training model saved.
2026-08-06_09-52-02 Episode 1788: New best reward 197.10, training model saved.
2026-08-06_09-56-12 Episode 1876: New best reward 309.50, training model saved.
2026-08-06_10-00-48 Episode 1946: New best reward 368.80, training model saved.
2026-08-06_10-03-35 Episode 1969: New best reward 631.30, training model saved.
2026-08-06_10-08-09 Episode 2000: New best greedy reward 81.10, model saved.
2026-08-06_10-21-36: Training starting...
Device: cuda
2026-08-06_10-21-36 Episode 0: New best reward -8.10, training model saved.
2026-08-06_10-21-36 Episode 0: New best greedy reward 2.00, model saved.
2026-08-06_10-21-37 Episode 1: New best reward -5.70, training model saved.
2026-08-06_10-22-10 Episode 81: New best reward -2.10, training model saved.
2026-08-06_10-23-03 Episode 211: New best reward 2.70, training model saved.
2026-08-06_10-23-54 Episode 331: New best reward 3.90, training model saved.
2026-08-06_10-24-24 Episode 406: New best reward 4.30, training model saved.
2026-08-06_10-24-34 Episode 429: New best reward 4.90, training model saved.
2026-08-06_10-24-56 Episode 482: New best reward 9.10, training model saved.
2026-08-06_10-25-26 Episode 551: New best reward 12.90, training model saved.
2026-08-06_10-27-16: Training starting...
Device: cuda
2026-08-06_10-27-16 Episode 0: New best reward -8.10, training model saved.
2026-08-06_10-27-17 Episode 0: New best greedy reward 2.00, model saved.
2026-08-06_10-27-17 Episode 1: New best reward -5.70, training model saved.
2026-08-06_10-27-51 Episode 81: New best reward -2.10, training model saved.
2026-08-06_10-27-52 Episode 85: New best reward 0.30, training model saved.
2026-08-06_10-28-45 Episode 211: New best reward 1.50, training model saved.
2026-08-06_10-29-03 Episode 254: New best reward 2.10, training model saved.
2026-08-06_10-29-20 Episode 293: New best reward 3.90, training model saved.
2026-08-06_10-29-35 Episode 329: New best reward 4.00, training model saved.
2026-08-06_10-29-58 Episode 385: New best reward 4.10, training model saved.
2026-08-06_10-30-06 Episode 406: New best reward 4.20, training model saved.
2026-08-06_10-30-10 Episode 412: New best reward 6.70, training model saved.
2026-08-06_10-30-14 Episode 422: New best reward 8.40, training model saved.
2026-08-06_10-32-27: Training starting...
Device: cuda
2026-08-06_10-32-27 Episode 0: New best reward -8.10, training model saved.
2026-08-06_10-32-27 Episode 0: New best greedy reward 2.00, model saved.
2026-08-06_10-32-28 Episode 1: New best reward -5.70, training model saved.
2026-08-06_10-32-57 Episode 73: New best reward -5.10, training model saved.
2026-08-06_10-33-01 Episode 81: New best reward -2.10, training model saved.
2026-08-06_10-33-02 Episode 85: New best reward 0.30, training model saved.
2026-08-06_10-33-04 Episode 89: New best reward 1.50, training model saved.
2026-08-06_10-33-07 Episode 96: New best reward 3.90, training model saved.
2026-08-06_10-33-33 Episode 162: New best reward 4.30, training model saved.
2026-08-06_10-33-52 Episode 206: New best reward 5.00, training model saved.
2026-08-06_10-33-59 Episode 222: New best reward 8.40, training model saved.
2026-08-06_10-35-39 Episode 449: New best reward 8.80, training model saved.
2026-08-06_10-35-44 Episode 459: New best reward 11.20, training model saved.
2026-08-06_10-36-26 Episode 542: New best reward 20.30, training model saved.
2026-08-06_10-38-11 Episode 723: New best reward 25.10, training model saved.
2026-08-06_10-38-34 Episode 751: New best reward 27.60, training model saved.
2026-08-06_10-38-46 Episode 767: New best reward 27.80, training model saved.
2026-08-06_10-38-51 Episode 770: New best reward 43.40, training model saved.
2026-08-06_10-39-24 Episode 805: New best reward 70.00, training model saved.
2026-08-06_10-40-06 Episode 829: New best reward 82.90, training model saved.
2026-08-06_10-41-42 Episode 888: New best reward 97.90, training model saved.
2026-08-06_10-43-13 Episode 929: New best reward 112.10, training model saved.
2026-08-06_10-44-37 Episode 967: New best reward 180.90, training model saved.
2026-08-06_10-45-53 Episode 1000: New best greedy reward 95.30, model saved.
2026-08-06_10-48-13 Episode 1042: New best reward 207.30, training model saved.
2026-08-06_10-49-46 Episode 1068: New best reward 264.90, training model saved.
2026-08-06_10-59-10 Episode 1409: New best reward 274.40, training model saved.
2026-08-06_11-03-58 Episode 1525: New best reward 382.70, training model saved.
2026-08-06_11-04-32 Episode 1527: New best reward 418.90, training model saved.
2026-08-06_11-07-33 Episode 1556: New best reward 533.60, training model saved.
2026-08-06_11-09-26 Episode 1568: New best reward 596.80, training model saved.
2026-08-06_11-17-15: Training starting...
Device: cuda
2026-08-06_11-17-16 Episode 0: New best reward -8.10, training model saved.
2026-08-06_11-17-16 Episode 0: New best greedy reward 2.00, model saved.
2026-08-06_11-17-16 Episode 1: New best reward -5.70, training model saved.
2026-08-06_11-17-49 Episode 81: New best reward -2.70, training model saved.
2026-08-06_11-17-51 Episode 85: New best reward 0.30, training model saved.
2026-08-06_11-18-06 Episode 123: New best reward 3.90, training model saved.
2026-08-06_11-18-23 Episode 164: New best reward 4.80, training model saved.
2026-08-06_11-19-09 Episode 276: New best reward 6.30, training model saved.
2026-08-06_11-19-35 Episode 338: New best reward 6.50, training model saved.
2026-08-06_11-19-57 Episode 387: New best reward 8.40, training model saved.
2026-08-06_11-21-11 Episode 549: New best reward 9.40, training model saved.
2026-08-06_11-21-41 Episode 613: New best reward 11.30, training model saved.
2026-08-06_11-22-06 Episode 660: New best reward 12.90, training model saved.
2026-08-06_11-22-17 Episode 685: New best reward 13.40, training model saved.
2026-08-06_11-23-09 Episode 782: New best reward 15.60, training model saved.
2026-08-06_11-23-15 Episode 791: New best reward 22.70, training model saved.
2026-08-06_11-23-51 Episode 851: New best reward 23.20, training model saved.
2026-08-06_11-25-07 Episode 982: New best reward 24.70, training model saved.
2026-08-06_11-25-20 Episode 1000: New best greedy reward 4.40, model saved.
2026-08-06_11-25-44 Episode 1027: New best reward 39.10, training model saved.
2026-08-06_11-26-02 Episode 1046: New best reward 41.70, training model saved.
2026-08-06_11-27-31 Episode 1135: New best reward 60.90, training model saved.
2026-08-06_11-28-38 Episode 1197: New best reward 79.60, training model saved.
2026-08-06_11-30-57 Episode 1308: New best reward 88.20, training model saved.
2026-08-06_11-31-28 Episode 1320: New best reward 96.90, training model saved.
2026-08-06_11-32-57 Episode 1359: New best reward 123.30, training model saved.
2026-08-06_11-40-06 Episode 1586: New best reward 129.90, training model saved.
2026-08-06_11-42-00 Episode 1624: New best reward 150.80, training model saved.
2026-08-06_11-44-21 Episode 1684: New best reward 276.70, training model saved.
2026-08-06_11-51-01 Episode 1790: New best reward 353.90, training model saved.
2026-08-06_11-58-51: Training starting...
Device: cuda
2026-08-06_11-58-52 Episode 0: New best reward -8.10, training model saved.
2026-08-06_11-58-52 Episode 0: New best greedy reward 2.00, model saved.
2026-08-06_11-58-53 Episode 1: New best reward -5.70, training model saved.
2026-08-06_11-59-27 Episode 81: New best reward -2.70, training model saved.
2026-08-06_11-59-29 Episode 85: New best reward 0.30, training model saved.
2026-08-06_11-59-37 Episode 106: New best reward 2.10, training model saved.
2026-08-06_11-59-44 Episode 123: New best reward 4.40, training model saved.
2026-08-06_12-00-12 Episode 190: New best reward 4.90, training model saved.
2026-08-06_12-00-21 Episode 213: New best reward 6.70, training model saved.
2026-08-06_12-00-38 Episode 251: New best reward 8.40, training model saved.
2026-08-06_12-01-54 Episode 430: New best reward 9.50, training model saved.
2026-08-06_12-03-48: Training starting...
Device: cuda
2026-08-06_12-03-49 Episode 0: New best reward -8.10, training model saved.
2026-08-06_12-03-49 Episode 0: New best greedy reward 2.00, model saved.
2026-08-06_12-03-49 Episode 1: New best reward -5.70, training model saved.
2026-08-06_12-04-14 Episode 62: New best reward -5.10, training model saved.
2026-08-06_12-04-15 Episode 63: New best reward 0.30, training model saved.
2026-08-06_12-04-18 Episode 73: New best reward 1.50, training model saved.
2026-08-06_12-04-24 Episode 85: New best reward 2.70, training model saved.
2026-08-06_12-04-25 Episode 89: New best reward 3.30, training model saved.
2026-08-06_12-04-28 Episode 96: New best reward 3.90, training model saved.
2026-08-06_12-04-36 Episode 116: New best reward 4.00, training model saved.
2026-08-06_12-04-42 Episode 130: New best reward 4.10, training model saved.
2026-08-06_12-04-44 Episode 134: New best reward 4.30, training model saved.
2026-08-06_12-04-46 Episode 139: New best reward 8.40, training model saved.
2026-08-06_12-10-00 Episode 795: New best reward 8.70, training model saved.
2026-08-06_12-10-09 Episode 815: New best reward 8.80, training model saved.
2026-08-06_12-11-35 Episode 1000: New best greedy reward 4.60, model saved.
2026-08-06_12-13-12 Episode 1219: New best reward 10.90, training model saved.
2026-08-06_12-14-27 Episode 1377: New best reward 11.30, training model saved.
2026-08-06_12-18-03: Training starting...
Device: cuda
2026-08-06_12-18-04 Episode 0: New best reward -8.10, training model saved.
2026-08-06_12-18-04 Episode 0: New best greedy reward 2.00, model saved.
2026-08-06_12-18-04 Episode 1: New best reward -5.70, training model saved.
2026-08-06_12-18-37 Episode 81: New best reward -2.10, training model saved.
2026-08-06_12-18-38 Episode 85: New best reward 0.30, training model saved.
2026-08-06_12-19-20 Episode 187: New best reward 2.70, training model saved.
2026-08-06_12-19-25 Episode 200: New best reward 3.90, training model saved.
2026-08-06_12-19-47 Episode 254: New best reward 4.10, training model saved.
2026-08-06_12-20-00 Episode 287: New best reward 4.80, training model saved.
2026-08-06_12-20-23 Episode 342: New best reward 6.70, training model saved.
2026-08-06_12-20-53 Episode 417: New best reward 8.40, training model saved.
2026-08-06_12-22-34 Episode 649: New best reward 8.50, training model saved.
2026-08-06_12-22-48 Episode 676: New best reward 8.60, training model saved.
2026-08-06_12-22-49 Episode 679: New best reward 10.70, training model saved.
2026-08-06_12-24-09 Episode 824: New best reward 12.90, training model saved.
2026-08-06_12-25-48 Episode 1000: New best greedy reward 6.80, model saved.
2026-08-06_12-27-39 Episode 1185: New best reward 20.50, training model saved.
2026-08-06_12-28-35 Episode 1263: New best reward 22.40, training model saved.
2026-08-06_12-28-52 Episode 1282: New best reward 26.90, training model saved.
2026-08-06_12-29-50 Episode 1350: New best reward 31.90, training model saved.
2026-08-06_12-30-12 Episode 1372: New best reward 34.10, training model saved.
2026-08-06_12-30-18 Episode 1375: New best reward 43.80, training model saved.
2026-08-06_12-30-25 Episode 1379: New best reward 52.90, training model saved.
2026-08-06_12-33-50 Episode 1578: New best reward 83.50, training model saved.
2026-08-06_12-39-26 Episode 1909: New best reward 118.10, training model saved.
2026-08-06_12-41-40 Episode 1974: New best reward 152.90, training model saved.
2026-08-06_12-42-06 Episode 1979: New best reward 160.70, training model saved.
2026-08-06_12-43-03 Episode 1993: New best reward 216.60, training model saved.
2026-08-06_12-43-28 Episode 2000: New best greedy reward 36.40, model saved.
2026-08-06_12-47-28 Episode 2063: New best reward 265.80, training model saved.
2026-08-06_12-50-12 Episode 2102: New best reward 320.90, training model saved.
2026-08-06_12-53-33 Episode 2143: New best reward 328.30, training model saved.
2026-08-06_12-54-03 Episode 2144: New best reward 440.40, training model saved.
2026-08-06_12-54-46 Episode 2147: New best reward 554.80, training model saved.
2026-08-06_12-56-56 Episode 2158: New best reward 636.80, training model saved.
2026-08-06_13-02-19: Training starting...
Device: cuda
2026-08-06_13-02-19 Episode 0: New best reward -8.10, training model saved.
2026-08-06_13-02-20 Episode 0: New best greedy reward 2.00, model saved.
2026-08-06_13-02-20 Episode 1: New best reward -5.70, training model saved.
2026-08-06_13-02-53 Episode 81: New best reward -2.10, training model saved.
2026-08-06_13-02-54 Episode 85: New best reward 0.30, training model saved.
2026-08-06_13-03-35 Episode 187: New best reward 0.90, training model saved.
2026-08-06_13-03-44 Episode 211: New best reward 3.30, training model saved.
2026-08-06_13-03-54 Episode 235: New best reward 3.90, training model saved.
2026-08-06_13-04-36 Episode 338: New best reward 4.00, training model saved.
2026-08-06_13-04-37 Episode 339: New best reward 4.90, training model saved.
2026-08-06_13-05-06 Episode 411: New best reward 9.40, training model saved.
2026-08-06_13-15-16 Episode 1885: New best reward 12.90, training model saved.
2026-08-06_13-23-48 Episode 3000: New best greedy reward 3.90, model saved.
2026-08-06_13-25-40 Episode 3221: New best reward 13.60, training model saved.
2026-08-06_13-27-32 Episode 3445: New best reward 15.30, training model saved.
2026-08-06_13-28-16 Episode 3528: New best reward 15.70, training model saved.
2026-08-06_13-29-23 Episode 3650: New best reward 17.90, training model saved.
2026-08-06_13-29-38 Episode 3674: New best reward 18.00, training model saved.
2026-08-06_13-32-38 Episode 4000: New best greedy reward 6.50, model saved.
2026-08-06_13-37-36 Episode 4513: New best reward 23.10, training model saved.
2026-08-06_13-43-25: Training starting...
Device: cuda
2026-08-06_13-43-25 Episode 0: New best reward -8.10, training model saved.
2026-08-06_13-43-25 Episode 0: New best greedy reward 2.00, model saved.
2026-08-06_13-43-26 Episode 1: New best reward -5.70, training model saved.
2026-08-06_13-43-59 Episode 81: New best reward -2.10, training model saved.
2026-08-06_13-45-28 Episode 299: New best reward 0.90, training model saved.
2026-08-06_13-45-54 Episode 358: New best reward 1.50, training model saved.
2026-08-06_13-46-12 Episode 405: New best reward 3.90, training model saved.
2026-08-06_13-47-22 Episode 569: New best reward 4.40, training model saved.
2026-08-06_13-48-09 Episode 675: New best reward 4.50, training model saved.
2026-08-06_13-48-33 Episode 734: New best reward 8.40, training model saved.
2026-08-06_13-52-10 Episode 1239: New best reward 9.30, training model saved.
2026-08-06_13-53-50 Episode 1446: New best reward 12.90, training model saved.
2026-08-06_13-54-22 Episode 1505: New best reward 17.90, training model saved.
2026-08-06_13-55-04 Episode 1578: New best reward 22.40, training model saved.
2026-08-06_13-58-21: Training starting...
Device: cuda
2026-08-06_13-58-22 Episode 0: New best reward -8.10, training model saved.
2026-08-06_13-58-22 Episode 0: New best greedy reward 2.00, model saved.
2026-08-06_13-58-22 Episode 1: New best reward -5.70, training model saved.
2026-08-06_13-58-56 Episode 81: New best reward -2.10, training model saved.
2026-08-06_13-58-57 Episode 85: New best reward 0.30, training model saved.
2026-08-06_13-59-31 Episode 164: New best reward 1.50, training model saved.
2026-08-06_13-59-43 Episode 195: New best reward 2.70, training model saved.
2026-08-06_13-59-45 Episode 200: New best reward 3.90, training model saved.
2026-08-06_14-00-06 Episode 250: New best reward 6.10, training model saved.
2026-08-06_14-00-21 Episode 287: New best reward 8.80, training model saved.
2026-08-06_14-03-39 Episode 760: New best reward 11.20, training model saved.
2026-08-06_14-04-01: Training starting...
Device: cuda
2026-08-06_14-04-01 Episode 0: New best reward -8.10, training model saved.
2026-08-06_14-04-01 Episode 0: New best greedy reward 2.00, model saved.
2026-08-06_14-04-02 Episode 1: New best reward -5.70, training model saved.
2026-08-06_14-04-31 Episode 73: New best reward -3.90, training model saved.
2026-08-06_14-04-35 Episode 81: New best reward -0.30, training model saved.
2026-08-06_14-04-36 Episode 85: New best reward 0.30, training model saved.
2026-08-06_14-04-53 Episode 123: New best reward 3.90, training model saved.
2026-08-06_14-05-08 Episode 162: New best reward 4.00, training model saved.
2026-08-06_14-05-24 Episode 198: New best reward 4.70, training model saved.
2026-08-06_14-05-37 Episode 228: New best reward 6.50, training model saved.
2026-08-06_14-05-48 Episode 253: New best reward 8.40, training model saved.
2026-08-06_14-07-10 Episode 428: New best reward 8.70, training model saved.
2026-08-06_14-07-12 Episode 432: New best reward 12.90, training model saved.
2026-08-06_14-10-15 Episode 792: New best reward 15.50, training model saved.
2026-08-06_14-11-57 Episode 1000: New best greedy reward 11.10, model saved.
2026-08-06_14-12-21 Episode 1042: New best reward 22.40, training model saved.
2026-08-06_14-15-08 Episode 1309: New best reward 24.70, training model saved.
2026-08-06_14-15-10 Episode 1311: New best reward 26.90, training model saved.
2026-08-06_14-15-17 Episode 1318: New best reward 31.90, training model saved.
2026-08-06_14-17-41 Episode 1513: New best reward 33.10, training model saved.
2026-08-06_14-18-00 Episode 1528: New best reward 59.90, training model saved.
2026-08-06_14-18-20 Episode 1543: New best reward 106.40, training model saved.
2026-08-06_14-20-56 Episode 1622: New best reward 113.80, training model saved.
2026-08-06_14-28-17 Episode 2000: New best greedy reward 92.50, model saved.
2026-08-06_14-31-59 Episode 2135: New best reward 300.80, training model saved.
2026-08-06_14-48-29: Training starting...
Device: cuda
2026-08-06_14-48-30 Episode 0: New best reward -8.10, training model saved.
2026-08-06_14-48-30 Episode 0: New best greedy reward 2.00, model saved.
2026-08-06_14-48-30 Episode 1: New best reward -5.70, training model saved.
2026-08-06_14-48-56 Episode 63: New best reward -2.10, training model saved.
2026-08-06_14-49-00 Episode 73: New best reward -0.30, training model saved.
2026-08-06_14-49-06 Episode 85: New best reward 0.30, training model saved.
2026-08-06_14-49-07 Episode 89: New best reward 3.90, training model saved.
2026-08-06_14-49-18 Episode 116: New best reward 4.10, training model saved.
2026-08-06_14-49-21 Episode 123: New best reward 4.70, training model saved.
2026-08-06_14-49-39 Episode 164: New best reward 8.40, training model saved.
2026-08-06_14-51-47 Episode 450: New best reward 8.50, training model saved.
2026-08-06_14-51-54 Episode 461: New best reward 9.10, training model saved.
2026-08-06_14-51-59 Episode 469: New best reward 9.40, training model saved.
2026-08-06_14-53-13 Episode 606: New best reward 12.90, training model saved.
2026-08-06_14-53-34 Episode 641: New best reward 20.50, training model saved.
2026-08-06_14-53-42 Episode 652: New best reward 20.70, training model saved.
2026-08-06_14-55-15 Episode 793: New best reward 23.30, training model saved.
2026-08-06_14-56-58 Episode 943: New best reward 36.40, training model saved.
2026-08-06_14-57-36 Episode 982: New best reward 42.00, training model saved.
2026-08-06_14-57-54 Episode 1000: New best greedy reward 6.50, model saved.
2026-08-06_14-57-59 Episode 1002: New best reward 61.00, training model saved.
2026-08-06_15-02-44: Training starting...
Device: cuda
2026-08-06_15-02-45 Episode 0: New best reward -8.10, training model saved.
2026-08-06_15-02-45 Episode 0: New best greedy reward 2.00, model saved.
2026-08-06_15-02-45 Episode 1: New best reward -5.70, training model saved.
2026-08-06_15-03-18 Episode 81: New best reward -2.70, training model saved.
2026-08-06_15-03-20 Episode 85: New best reward 0.30, training model saved.
2026-08-06_15-04-02 Episode 187: New best reward 0.90, training model saved.
2026-08-06_15-04-05 Episode 195: New best reward 1.50, training model saved.
2026-08-06_15-04-07 Episode 200: New best reward 3.90, training model saved.
2026-08-06_15-04-28 Episode 248: New best reward 4.10, training model saved.
2026-08-06_15-04-29 Episode 250: New best reward 4.80, training model saved.
2026-08-06_15-04-50 Episode 302: New best reward 6.30, training model saved.
2026-08-06_15-04-59 Episode 322: New best reward 8.40, training model saved.
2026-08-06_15-05-14 Episode 355: New best reward 8.90, training model saved.
2026-08-06_15-05-42 Episode 417: New best reward 9.00, training model saved.
2026-08-06_15-06-21 Episode 501: New best reward 12.90, training model saved.
2026-08-06_15-09-55 Episode 885: New best reward 15.10, training model saved.
2026-08-06_15-11-00 Episode 993: New best reward 22.40, training model saved.
2026-08-06_15-11-05 Episode 1000: New best greedy reward 13.50, model saved.
2026-08-06_15-11-30 Episode 1032: New best reward 25.20, training model saved.
2026-08-06_15-11-38 Episode 1037: New best reward 51.40, training model saved.
2026-08-06_15-15-17 Episode 1265: New best reward 64.40, training model saved.
2026-08-06_15-16-51: Training starting...
Device: cuda
2026-08-06_15-16-51 Episode 0: New best reward -8.10, training model saved.
2026-08-06_15-16-51 Episode 0: New best greedy reward 2.00, model saved.
2026-08-06_15-16-52 Episode 1: New best reward -5.70, training model saved.
2026-08-06_15-17-21 Episode 66: New best reward -5.10, training model saved.
2026-08-06_15-17-23 Episode 73: New best reward -3.90, training model saved.
2026-08-06_15-17-28 Episode 81: New best reward -0.90, training model saved.
2026-08-06_15-17-31 Episode 89: New best reward 0.90, training model saved.
2026-08-06_15-17-32 Episode 92: New best reward 2.70, training model saved.
2026-08-06_15-17-34 Episode 98: New best reward 3.30, training model saved.
2026-08-06_15-17-38 Episode 103: New best reward 3.90, training model saved.
2026-08-06_15-17-50 Episode 130: New best reward 4.20, training model saved.
2026-08-06_15-18-22 Episode 202: New best reward 6.70, training model saved.
2026-08-06_15-24-05 Episode 948: New best reward 8.40, training model saved.
2026-08-06_15-24-30 Episode 1000: New best greedy reward 4.50, model saved.
2026-08-06_15-33-24 Episode 2166: New best reward 9.10, training model saved.
2026-08-06_16-02-40: Training starting...
Device: cuda
2026-08-06_16-02-41 Episode 0: New best reward -8.10, training model saved.
2026-08-06_16-02-41 Episode 0: New best greedy reward 2.00, model saved.
2026-08-06_16-02-41 Episode 1: New best reward -5.70, training model saved.
2026-08-06_16-03-14 Episode 81: New best reward -2.10, training model saved.
2026-08-06_16-03-16 Episode 85: New best reward 0.30, training model saved.
2026-08-06_16-04-07 Episode 211: New best reward 2.70, training model saved.
2026-08-06_16-04-19 Episode 243: New best reward 3.90, training model saved.
2026-08-06_16-04-56 Episode 329: New best reward 4.30, training model saved.
2026-08-06_16-04-57 Episode 330: New best reward 4.40, training model saved.
2026-08-06_16-05-00 Episode 337: New best reward 4.70, training model saved.
2026-08-06_16-05-52 Episode 467: New best reward 6.80, training model saved.
2026-08-06_16-06-22 Episode 538: New best reward 8.40, training model saved.
2026-08-06_16-08-18: Training starting...
Device: cuda
2026-08-06_16-08-19 Episode 0: New best reward -8.10, training model saved.
2026-08-06_16-08-19 Episode 0: New best greedy reward 2.00, model saved.
2026-08-06_16-08-19 Episode 1: New best reward -5.70, training model saved.
2026-08-06_16-08-52 Episode 81: New best reward -2.10, training model saved.
2026-08-06_16-08-54 Episode 85: New best reward 0.30, training model saved.
2026-08-06_16-08-56 Episode 89: New best reward 1.50, training model saved.
2026-08-06_16-09-10 Episode 123: New best reward 3.90, training model saved.
2026-08-06_16-09-25 Episode 162: New best reward 4.10, training model saved.
2026-08-06_16-09-45 Episode 208: New best reward 4.30, training model saved.
2026-08-06_16-09-47 Episode 213: New best reward 4.80, training model saved.
2026-08-06_16-09-52 Episode 226: New best reward 6.80, training model saved.
2026-08-06_16-10-06 Episode 259: New best reward 8.40, training model saved.
2026-08-06_16-10-29 Episode 311: New best reward 8.60, training model saved.
2026-08-06_16-10-40 Episode 334: New best reward 11.10, training model saved.
2026-08-06_16-12-44 Episode 591: New best reward 12.90, training model saved.
2026-08-06_16-13-10 Episode 637: New best reward 13.00, training model saved.
2026-08-06_16-14-09 Episode 736: New best reward 22.40, training model saved.
2026-08-06_16-17-05 Episode 992: New best reward 29.10, training model saved.
2026-08-06_16-17-08 Episode 994: New best reward 34.20, training model saved.
2026-08-06_16-17-13 Episode 1000: New best greedy reward 6.80, model saved.
2026-08-06_16-17-20 Episode 1005: New best reward 46.60, training model saved.
2026-08-06_16-19-00 Episode 1106: New best reward 55.90, training model saved.
2026-08-06_16-20-13 Episode 1165: New best reward 62.30, training model saved.
2026-08-06_16-20-29 Episode 1174: New best reward 99.70, training model saved.
2026-08-06_16-21-51 Episode 1216: New best reward 111.50, training model saved.
2026-08-06_16-22-31 Episode 1228: New best reward 207.20, training model saved.
2026-08-06_16-28-53 Episode 1378: New best reward 284.00, training model saved.
2026-08-06_16-34-39 Episode 1460: New best reward 293.60, training model saved.
2026-08-06_16-42-24 Episode 1591: New best reward 316.40, training model saved.
2026-08-06_16-43-13 Episode 1597: New best reward 474.90, training model saved.
2026-08-06_16-50-05: Training starting...
Device: cuda
2026-08-06_16-50-05 Episode 0: New best reward -8.10, training model saved.
2026-08-06_16-50-06 Episode 0: New best greedy reward 2.00, model saved.
2026-08-06_16-50-06 Episode 1: New best reward -5.70, training model saved.
2026-08-06_16-50-38 Episode 81: New best reward -2.70, training model saved.
2026-08-06_16-50-40 Episode 85: New best reward 0.30, training model saved.
2026-08-06_16-50-56 Episode 123: New best reward 4.10, training model saved.
2026-08-06_16-51-18 Episode 179: New best reward 6.00, training model saved.
2026-08-06_16-51-49 Episode 252: New best reward 6.60, training model saved.
2026-08-06_16-51-51 Episode 257: New best reward 6.70, training model saved.
2026-08-06_16-51-58 Episode 274: New best reward 8.40, training model saved.
2026-08-06_16-53-15 Episode 455: New best reward 8.50, training model saved.
2026-08-06_16-53-53 Episode 542: New best reward 10.60, training model saved.
2026-08-06_16-54-15 Episode 593: New best reward 11.20, training model saved.
2026-08-06_16-55-15 Episode 722: New best reward 15.70, training model saved.
2026-08-06_16-57-33 Episode 993: New best reward 18.20, training model saved.
2026-08-06_16-58-14 Episode 1059: New best reward 22.90, training model saved.
2026-08-06_17-01-37 Episode 1356: New best reward 23.60, training model saved.
2026-08-06_17-01-47 Episode 1367: New best reward 32.80, training model saved.
2026-08-06_17-02-54 Episode 1441: New best reward 40.90, training model saved.
2026-08-06_17-03-41 Episode 1487: New best reward 55.70, training model saved.
2026-08-06_17-04-02: Training starting...
Device: cuda
2026-08-06_17-04-03 Episode 0: New best reward -8.10, training model saved.
2026-08-06_17-04-03 Episode 0: New best greedy reward 2.00, model saved.
2026-08-06_17-04-03 Episode 1: New best reward -5.70, training model saved.
2026-08-06_17-04-22 Episode 46: New best reward -4.50, training model saved.
2026-08-06_17-04-32 Episode 73: New best reward -0.90, training model saved.
2026-08-06_17-04-38 Episode 85: New best reward 0.30, training model saved.
2026-08-06_17-04-40 Episode 89: New best reward 0.90, training model saved.
2026-08-06_17-04-42 Episode 96: New best reward 3.90, training model saved.
2026-08-06_17-05-24 Episode 199: New best reward 4.10, training model saved.
2026-08-06_17-05-28 Episode 206: New best reward 4.90, training model saved.
2026-08-06_17-05-59 Episode 283: New best reward 6.00, training model saved.
2026-08-06_17-06-04 Episode 292: New best reward 6.20, training model saved.
2026-08-06_17-06-05 Episode 295: New best reward 6.40, training model saved.
2026-08-06_17-07-03 Episode 432: New best reward 6.50, training model saved.
2026-08-06_17-07-33 Episode 502: New best reward 6.80, training model saved.
2026-08-06_17-07-52 Episode 546: New best reward 8.40, training model saved.
2026-08-06_17-08-59 Episode 688: New best reward 8.90, training model saved.
2026-08-06_17-10-58 Episode 963: New best reward 9.00, training model saved.
2026-08-06_17-12-49 Episode 1209: New best reward 9.30, training model saved.
2026-08-06_17-12-56 Episode 1223: New best reward 11.00, training model saved.
2026-08-06_17-13-28 Episode 1288: New best reward 11.20, training model saved.
2026-08-06_17-14-01 Episode 1350: New best reward 17.90, training model saved.
2026-08-06_17-15-44 Episode 1539: New best reward 22.80, training model saved.
2026-08-06_17-16-08 Episode 1578: New best reward 32.80, training model saved.
2026-08-06_17-18-26: Training starting...
Device: cuda
2026-08-06_17-18-26 Episode 0: New best reward -8.10, training model saved.
2026-08-06_17-18-27 Episode 0: New best greedy reward 2.00, model saved.
2026-08-06_17-18-27 Episode 1: New best reward -5.70, training model saved.
2026-08-06_17-18-57 Episode 73: New best reward -3.90, training model saved.
2026-08-06_17-19-01 Episode 81: New best reward -0.30, training model saved.
2026-08-06_17-19-04 Episode 89: New best reward 0.90, training model saved.
2026-08-06_17-19-06 Episode 96: New best reward 3.90, training model saved.
2026-08-06_17-19-55 Episode 211: New best reward 4.70, training model saved.
2026-08-06_17-20-10 Episode 247: New best reward 6.80, training model saved.
2026-08-06_17-20-11 Episode 250: New best reward 8.40, training model saved.
2026-08-06_17-23-20 Episode 597: New best reward 9.00, training model saved.
2026-08-06_17-23-43 Episode 632: New best reward 12.90, training model saved.
2026-08-06_17-24-30 Episode 703: New best reward 13.30, training model saved.
2026-08-06_17-24-50 Episode 732: New best reward 13.40, training model saved.
2026-08-06_17-25-21 Episode 778: New best reward 13.50, training model saved.
2026-08-06_17-25-31 Episode 792: New best reward 13.70, training model saved.
2026-08-06_17-25-33 Episode 794: New best reward 18.00, training model saved.
2026-08-06_17-26-34 Episode 886: New best reward 23.00, training model saved.
2026-08-06_17-26-47 Episode 901: New best reward 25.20, training model saved.
2026-08-06_17-26-56 Episode 909: New best reward 29.50, training model saved.
2026-08-06_17-27-54 Episode 986: New best reward 37.30, training model saved.
2026-08-06_17-28-06 Episode 1000: New best greedy reward 20.70, model saved.
2026-08-06_17-29-38 Episode 1116: New best reward 55.10, training model saved.
2026-08-06_17-32-36: Training starting...
Device: cuda
2026-08-06_17-32-36 Episode 0: New best reward -8.10, training model saved.
2026-08-06_17-32-36 Episode 0: New best greedy reward 2.00, model saved.
2026-08-06_17-32-37 Episode 1: New best reward -5.70, training model saved.
2026-08-06_17-33-05 Episode 73: New best reward -4.50, training model saved.
2026-08-06_17-33-09 Episode 81: New best reward -1.50, training model saved.
2026-08-06_17-33-11 Episode 85: New best reward 0.30, training model saved.
2026-08-06_17-33-12 Episode 89: New best reward 2.70, training model saved.
2026-08-06_17-33-15 Episode 96: New best reward 3.90, training model saved.
2026-08-06_17-34-00 Episode 206: New best reward 4.90, training model saved.
2026-08-06_17-34-03 Episode 213: New best reward 8.40, training model saved.
2026-08-06_17-36-34 Episode 560: New best reward 11.20, training model saved.
2026-08-06_17-38-13 Episode 748: New best reward 22.40, training model saved.
2026-08-06_17-38-22 Episode 760: New best reward 25.00, training model saved.
2026-08-06_17-38-55 Episode 807: New best reward 25.30, training model saved.
2026-08-06_17-39-13 Episode 829: New best reward 26.90, training model saved.
2026-08-06_17-39-36 Episode 854: New best reward 37.10, training model saved.
2026-08-06_17-39-57 Episode 875: New best reward 55.60, training model saved.
2026-08-06_17-41-47 Episode 1000: New best greedy reward 3.40, model saved.
2026-08-06_17-42-32 Episode 1035: New best reward 68.90, training model saved.
2026-08-06_17-43-53 Episode 1092: New best reward 83.40, training model saved.
2026-08-06_17-44-20 Episode 1104: New best reward 104.30, training model saved.
2026-08-06_17-45-33 Episode 1145: New best reward 132.70, training model saved.
2026-08-06_17-46-50 Episode 1180: New best reward 148.40, training model saved.
2026-08-06_17-47-20 Episode 1188: New best reward 152.90, training model saved.
2026-08-06_17-48-39 Episode 1212: New best reward 160.70, training model saved.
2026-08-06_17-49-32 Episode 1234: New best reward 224.00, training model saved.
2026-08-06_17-51-07 Episode 1246: New best reward 348.90, training model saved.
2026-08-06_18-00-26 Episode 1374: New best reward 586.90, training model saved.
2026-08-06_18-13-39: Training starting...
Device: cuda
2026-08-06_18-13-39 Episode 0: New best reward -8.10, training model saved.
2026-08-06_18-13-39 Episode 0: New best greedy reward 2.00, model saved.
2026-08-06_18-13-40 Episode 1: New best reward -5.70, training model saved.
2026-08-06_18-14-05 Episode 63: New best reward -4.50, training model saved.
2026-08-06_18-14-09 Episode 73: New best reward -0.30, training model saved.
2026-08-06_18-14-14 Episode 85: New best reward 0.30, training model saved.
2026-08-06_18-14-16 Episode 89: New best reward 2.10, training model saved.
2026-08-06_18-14-18 Episode 96: New best reward 3.90, training model saved.
2026-08-06_18-14-31 Episode 127: New best reward 4.90, training model saved.
2026-08-06_18-15-07 Episode 213: New best reward 6.70, training model saved.
2026-08-06_18-15-33 Episode 278: New best reward 8.40, training model saved.
2026-08-06_18-15-35 Episode 280: New best reward 8.80, training model saved.
2026-08-06_18-17-36 Episode 544: New best reward 8.90, training model saved.
2026-08-06_18-18-01 Episode 592: New best reward 9.20, training model saved.
2026-08-06_18-18-15 Episode 616: New best reward 9.40, training model saved.
2026-08-06_18-18-20 Episode 625: New best reward 10.90, training model saved.
2026-08-06_18-18-30 Episode 642: New best reward 12.90, training model saved.
2026-08-06_18-18-54 Episode 680: New best reward 13.00, training model saved.
2026-08-06_18-19-05 Episode 697: New best reward 24.60, training model saved.
2026-08-06_18-22-18 Episode 990: New best reward 38.80, training model saved.
2026-08-06_18-22-29 Episode 1000: New best greedy reward 4.90, model saved.
2026-08-06_18-23-01 Episode 1032: New best reward 40.90, training model saved.
2026-08-06_18-23-23 Episode 1055: New best reward 48.20, training model saved.
2026-08-06_18-26-23 Episode 1228: New best reward 48.60, training model saved.
2026-08-06_18-26-38 Episode 1240: New best reward 52.60, training model saved.
2026-08-06_18-29-13 Episode 1377: New best reward 54.90, training model saved.
2026-08-06_18-29-39 Episode 1396: New best reward 66.80, training model saved.
2026-08-06_18-30-12 Episode 1418: New best reward 68.90, training model saved.
2026-08-06_18-30-18 Episode 1420: New best reward 70.10, training model saved.
2026-08-06_18-30-43 Episode 1434: New best reward 82.90, training model saved.
2026-08-06_18-32-09 Episode 1471: New best reward 166.90, training model saved.
2026-08-06_18-42-12 Episode 1720: New best reward 183.10, training model saved.
2026-08-06_18-46-53 Episode 1817: New best reward 197.20, training model saved.
2026-08-06_18-48-01 Episode 1838: New best reward 278.90, training model saved.
2026-08-06_18-53-26 Episode 1904: New best reward 281.80, training model saved.
2026-08-06_18-55-28: Training starting...
Device: cuda
2026-08-06_18-55-29 Episode 0: New best reward -8.10, training model saved.
2026-08-06_18-55-29 Episode 0: New best greedy reward 2.00, model saved.
2026-08-06_18-55-29 Episode 1: New best reward -5.70, training model saved.
2026-08-06_18-55-55 Episode 63: New best reward -3.30, training model saved.
2026-08-06_18-56-03 Episode 81: New best reward -1.50, training model saved.
2026-08-06_18-56-05 Episode 85: New best reward 0.30, training model saved.
2026-08-06_18-56-06 Episode 89: New best reward 2.70, training model saved.
2026-08-06_18-56-21 Episode 123: New best reward 4.10, training model saved.
2026-08-06_18-57-16 Episode 254: New best reward 4.60, training model saved.
2026-08-06_18-57-21 Episode 266: New best reward 6.60, training model saved.
2026-08-06_18-57-33 Episode 294: New best reward 8.40, training model saved.
2026-08-06_18-58-07 Episode 373: New best reward 9.30, training model saved.
2026-08-06_19-00-14 Episode 663: New best reward 10.90, training model saved.
2026-08-06_19-00-31: Training starting...
Device: cuda
2026-08-06_19-00-32 Episode 0: New best reward -8.10, training model saved.
2026-08-06_19-00-32 Episode 0: New best greedy reward 2.00, model saved.
2026-08-06_19-00-32 Episode 1: New best reward -5.70, training model saved.
2026-08-06_19-01-05 Episode 81: New best reward -2.10, training model saved.
2026-08-06_19-01-38 Episode 162: New best reward -1.50, training model saved.
2026-08-06_19-01-59 Episode 211: New best reward 1.50, training model saved.
2026-08-06_19-02-17 Episode 254: New best reward 2.10, training model saved.
2026-08-06_19-02-30 Episode 287: New best reward 3.90, training model saved.
2026-08-06_19-03-09 Episode 382: New best reward 4.90, training model saved.
2026-08-06_19-03-56 Episode 495: New best reward 5.00, training model saved.
2026-08-06_19-03-59 Episode 503: New best reward 6.20, training model saved.
2026-08-06_19-05-16 Episode 688: New best reward 8.40, training model saved.
2026-08-06_19-06-43 Episode 883: New best reward 8.50, training model saved.
2026-08-06_19-07-11 Episode 941: New best reward 12.90, training model saved.
2026-08-06_19-10-53 Episode 1317: New best reward 13.90, training model saved.
2026-08-06_19-11-40 Episode 1388: New best reward 18.00, training model saved.
2026-08-06_19-11-42 Episode 1391: New best reward 20.80, training model saved.
2026-08-06_19-12-50 Episode 1486: New best reward 22.90, training model saved.
2026-08-06_19-12-52 Episode 1487: New best reward 26.90, training model saved.
2026-08-06_19-13-42 Episode 1545: New best reward 32.00, training model saved.
2026-08-06_19-14-41 Episode 1627: New best reward 36.40, training model saved.
2026-08-06_19-14-51: Training starting...
Device: cuda
2026-08-06_19-14-52 Episode 0: New best reward -8.10, training model saved.
2026-08-06_19-14-52 Episode 0: New best greedy reward 2.00, model saved.
2026-08-06_19-14-52 Episode 1: New best reward -5.70, training model saved.
2026-08-06_19-15-25 Episode 81: New best reward -2.10, training model saved.
2026-08-06_19-16-54 Episode 299: New best reward -0.30, training model saved.
2026-08-06_19-17-19 Episode 358: New best reward 1.50, training model saved.
2026-08-06_19-17-20 Episode 360: New best reward 3.90, training model saved.
2026-08-06_19-18-15 Episode 494: New best reward 6.00, training model saved.
2026-08-06_19-19-00 Episode 605: New best reward 6.10, training model saved.
2026-08-06_19-20-28: Training starting...
Device: cuda
2026-08-06_19-20-29 Episode 0: New best reward -8.10, training model saved.
2026-08-06_19-20-29 Episode 0: New best greedy reward 2.00, model saved.
2026-08-06_19-20-29 Episode 1: New best reward -5.70, training model saved.
2026-08-06_19-20-55 Episode 63: New best reward -2.70, training model saved.
2026-08-06_19-20-59 Episode 73: New best reward -0.30, training model saved.
2026-08-06_19-21-05 Episode 85: New best reward 0.30, training model saved.
2026-08-06_19-21-07 Episode 89: New best reward 2.10, training model saved.
2026-08-06_19-21-09 Episode 96: New best reward 3.90, training model saved.
2026-08-06_19-21-21 Episode 123: New best reward 4.00, training model saved.
2026-08-06_19-21-25 Episode 133: New best reward 4.40, training model saved.
2026-08-06_19-21-26 Episode 135: New best reward 4.70, training model saved.
2026-08-06_19-21-48 Episode 185: New best reward 8.40, training model saved.
2026-08-06_19-22-09 Episode 232: New best reward 10.60, training model saved.
2026-08-06_19-23-17 Episode 373: New best reward 11.00, training model saved.
2026-08-06_19-23-28 Episode 392: New best reward 11.30, training model saved.
2026-08-06_19-23-51 Episode 437: New best reward 17.90, training model saved.
2026-08-06_19-26-39 Episode 714: New best reward 20.50, training model saved.
2026-08-06_19-26-49 Episode 727: New best reward 31.90, training model saved.
2026-08-06_19-29-02 Episode 897: New best reward 39.10, training model saved.
2026-08-06_19-30-36 Episode 1000: New best greedy reward 27.50, model saved.
2026-08-06_19-32-31 Episode 1121: New best reward 68.90, training model saved.
2026-08-06_19-35-05 Episode 1247: New best reward 82.90, training model saved.
2026-08-06_19-35-46 Episode 1271: New best reward 83.50, training model saved.
2026-08-06_19-37-49 Episode 1335: New best reward 107.20, training model saved.
2026-08-06_19-41-25 Episode 1456: New best reward 172.80, training model saved.
2026-08-06_19-53-37 Episode 1792: New best reward 265.80, training model saved.
2026-08-06_19-56-57 Episode 1872: New best reward 289.20, training model saved.
2026-08-06_20-00-55 Episode 1941: New best reward 298.90, training model saved.
2026-08-06_20-01-28 Episode 1944: New best reward 356.80, training model saved.
[worker] done. total trials in study: 400
2026-08-06_06-46-24: Training starting...
Device: cuda
2026-08-06_06-46-32 Episode 0: New best reward -8.10, training model saved.
2026-08-06_06-46-32 Episode 0: New best greedy reward 2.00, model saved.
2026-08-06_06-46-32 Episode 1: New best reward -5.70, training model saved.
2026-08-06_06-47-02 Episode 73: New best reward -4.50, training model saved.
2026-08-06_06-47-07 Episode 81: New best reward -1.50, training model saved.
2026-08-06_06-47-08 Episode 85: New best reward 0.30, training model saved.
2026-08-06_06-47-10 Episode 89: New best reward 0.90, training model saved.
2026-08-06_06-47-13 Episode 96: New best reward 3.90, training model saved.
2026-08-06_06-47-25 Episode 123: New best reward 4.00, training model saved.
2026-08-06_06-47-40 Episode 162: New best reward 4.10, training model saved.
2026-08-06_06-47-43 Episode 164: New best reward 4.30, training model saved.
2026-08-06_06-47-46 Episode 171: New best reward 4.40, training model saved.
2026-08-06_06-47-47 Episode 175: New best reward 4.80, training model saved.
2026-08-06_06-47-52 Episode 186: New best reward 6.20, training model saved.
2026-08-06_06-47-56 Episode 197: New best reward 6.40, training model saved.
2026-08-06_06-48-12 Episode 232: New best reward 6.80, training model saved.
2026-08-06_06-48-16 Episode 240: New best reward 8.40, training model saved.
2026-08-06_06-49-45 Episode 432: New best reward 11.00, training model saved.
2026-08-06_06-50-23 Episode 506: New best reward 12.90, training model saved.
2026-08-06_06-51-10 Episode 593: New best reward 22.40, training model saved.
2026-08-06_06-51-48: Training starting...
Device: cuda
2026-08-06_06-51-48 Episode 0: New best reward -8.10, training model saved.
2026-08-06_06-51-49 Episode 0: New best greedy reward 2.00, model saved.
2026-08-06_06-51-49 Episode 1: New best reward -5.70, training model saved.
2026-08-06_06-52-23 Episode 81: New best reward -2.10, training model saved.
2026-08-06_06-53-16 Episode 211: New best reward 2.70, training model saved.
2026-08-06_06-54-19 Episode 360: New best reward 3.90, training model saved.
2026-08-06_06-54-28 Episode 382: New best reward 5.00, training model saved.
2026-08-06_06-56-25 Episode 659: New best reward 6.50, training model saved.
2026-08-06_06-57-41 Episode 837: New best reward 8.40, training model saved.
2026-08-06_06-59-57 Episode 1154: New best reward 12.90, training model saved.
2026-08-06_07-06-43: Training starting...
Device: cuda
2026-08-06_07-06-44 Episode 0: New best reward -8.10, training model saved.
2026-08-06_07-06-44 Episode 0: New best greedy reward 2.00, model saved.
2026-08-06_07-06-44 Episode 1: New best reward -5.70, training model saved.
2026-08-06_07-07-18 Episode 81: New best reward -2.10, training model saved.
2026-08-06_07-08-12 Episode 211: New best reward 2.70, training model saved.
2026-08-06_07-09-14 Episode 360: New best reward 3.90, training model saved.
2026-08-06_07-09-23 Episode 382: New best reward 5.00, training model saved.
2026-08-06_07-12-08 Episode 772: New best reward 6.20, training model saved.
2026-08-06_07-12-40 Episode 848: New best reward 8.40, training model saved.
2026-08-06_07-16-35 Episode 1403: New best reward 8.80, training model saved.
2026-08-06_07-18-17 Episode 1637: New best reward 10.90, training model saved.
2026-08-06_07-20-20 Episode 1922: New best reward 13.00, training model saved.
2026-08-06_07-24-57 Episode 2541: New best reward 15.30, training model saved.
2026-08-06_07-35-34 Episode 3864: New best reward 15.60, training model saved.
2026-08-06_07-36-43 Episode 4000: New best greedy reward 3.90, model saved.
2026-08-06_07-38-35 Episode 4208: New best reward 15.80, training model saved.
2026-08-06_07-39-09 Episode 4274: New best reward 20.10, training model saved.
2026-08-06_07-46-04 Episode 5000: New best greedy reward 6.00, model saved.
2026-08-06_07-48-58: Training starting...
Device: cuda
2026-08-06_07-48-59 Episode 0: New best reward -8.10, training model saved.
2026-08-06_07-48-59 Episode 0: New best greedy reward 2.00, model saved.
2026-08-06_07-48-59 Episode 1: New best reward -5.70, training model saved.
2026-08-06_07-49-27 Episode 63: New best reward -2.70, training model saved.
2026-08-06_07-49-31 Episode 73: New best reward -0.30, training model saved.
2026-08-06_07-49-36 Episode 85: New best reward 0.30, training model saved.
2026-08-06_07-49-38 Episode 89: New best reward 1.50, training model saved.
2026-08-06_07-49-41 Episode 96: New best reward 3.90, training model saved.
2026-08-06_07-49-53 Episode 123: New best reward 4.00, training model saved.
2026-08-06_07-49-56 Episode 130: New best reward 4.20, training model saved.
2026-08-06_07-50-02 Episode 144: New best reward 4.30, training model saved.
2026-08-06_07-50-09 Episode 159: New best reward 7.80, training model saved.
2026-08-06_07-50-13 Episode 166: New best reward 8.40, training model saved.
2026-08-06_07-51-35 Episode 348: New best reward 8.50, training model saved.
2026-08-06_07-52-46 Episode 478: New best reward 9.10, training model saved.
2026-08-06_07-53-12 Episode 522: New best reward 11.20, training model saved.
2026-08-06_07-54-31 Episode 639: New best reward 11.30, training model saved.
2026-08-06_07-54-46 Episode 662: New best reward 12.90, training model saved.
2026-08-06_07-55-47 Episode 751: New best reward 13.10, training model saved.
2026-08-06_07-57-07 Episode 861: New best reward 15.80, training model saved.
2026-08-06_07-58-35 Episode 974: New best reward 27.30, training model saved.
2026-08-06_07-58-56 Episode 1000: New best greedy reward 8.40, model saved.
2026-08-06_08-00-08 Episode 1091: New best reward 27.60, training model saved.
2026-08-06_08-02-37 Episode 1254: New best reward 29.20, training model saved.
2026-08-06_08-03-32 Episode 1318: New best reward 34.30, training model saved.
2026-08-06_08-04-44 Episode 1419: New best reward 36.40, training model saved.
2026-08-06_08-09-16 Episode 1749: New best reward 57.50, training model saved.
2026-08-06_08-10-29 Episode 1807: New best reward 65.10, training model saved.
2026-08-06_08-12-36 Episode 1895: New best reward 70.00, training model saved.
2026-08-06_08-13-04 Episode 1908: New best reward 136.90, training model saved.
2026-08-06_08-15-25 Episode 2000: New best greedy reward 13.60, model saved.
2026-08-06_08-33-57: Training starting...
Device: cuda
2026-08-06_08-33-58 Episode 0: New best reward -8.10, training model saved.
2026-08-06_08-33-58 Episode 0: New best greedy reward 2.00, model saved.
2026-08-06_08-33-59 Episode 1: New best reward -5.70, training model saved.
2026-08-06_08-34-25 Episode 63: New best reward -2.10, training model saved.
2026-08-06_08-34-29 Episode 73: New best reward -0.30, training model saved.
2026-08-06_08-34-34 Episode 85: New best reward 3.90, training model saved.
2026-08-06_08-34-46 Episode 116: New best reward 4.10, training model saved.
2026-08-06_08-34-50 Episode 123: New best reward 6.10, training model saved.
2026-08-06_08-34-52 Episode 129: New best reward 6.70, training model saved.
2026-08-06_08-34-53 Episode 131: New best reward 8.40, training model saved.
2026-08-06_08-36-41 Episode 381: New best reward 10.90, training model saved.
2026-08-06_08-36-42 Episode 382: New best reward 11.30, training model saved.
2026-08-06_08-37-11 Episode 441: New best reward 13.60, training model saved.
2026-08-06_08-38-04 Episode 543: New best reward 15.20, training model saved.
2026-08-06_08-38-07 Episode 547: New best reward 20.70, training model saved.
2026-08-06_08-38-31 Episode 586: New best reward 22.40, training model saved.
2026-08-06_08-38-49 Episode 610: New best reward 29.10, training model saved.
2026-08-06_08-38-54 Episode 616: New best reward 32.80, training model saved.
2026-08-06_08-41-21 Episode 817: New best reward 37.40, training model saved.
2026-08-06_08-42-17 Episode 891: New best reward 50.40, training model saved.
2026-08-06_08-44-16 Episode 1000: New best greedy reward 53.20, model saved.
2026-08-06_08-44-26 Episode 1003: New best reward 97.70, training model saved.
2026-08-06_08-47-18 Episode 1130: New best reward 148.40, training model saved.
2026-08-06_08-54-17 Episode 1359: New best reward 199.90, training model saved.
2026-08-06_08-57-52 Episode 1436: New best reward 214.80, training model saved.
2026-08-06_08-59-06 Episode 1464: New best reward 319.30, training model saved.
2026-08-06_09-16-29: Training starting...
Device: cuda
2026-08-06_09-16-29 Episode 0: New best reward -8.10, training model saved.
2026-08-06_09-16-29 Episode 0: New best greedy reward 2.00, model saved.
2026-08-06_09-16-30 Episode 1: New best reward -5.70, training model saved.
2026-08-06_09-17-03 Episode 81: New best reward -1.50, training model saved.
2026-08-06_09-17-04 Episode 85: New best reward 0.30, training model saved.
2026-08-06_09-17-50 Episode 195: New best reward 1.50, training model saved.
2026-08-06_09-17-56 Episode 211: New best reward 2.70, training model saved.
2026-08-06_09-18-13 Episode 250: New best reward 3.90, training model saved.
2026-08-06_09-18-14 Episode 254: New best reward 4.00, training model saved.
2026-08-06_09-18-28 Episode 287: New best reward 4.20, training model saved.
2026-08-06_09-18-40 Episode 317: New best reward 4.80, training model saved.
2026-08-06_09-19-06 Episode 382: New best reward 6.40, training model saved.
2026-08-06_09-19-14 Episode 400: New best reward 8.40, training model saved.
2026-08-06_09-21-08 Episode 642: New best reward 8.60, training model saved.
2026-08-06_09-21-21 Episode 666: New best reward 11.00, training model saved.
2026-08-06_09-24-25 Episode 968: New best reward 12.90, training model saved.
2026-08-06_09-24-28 Episode 972: New best reward 20.10, training model saved.
2026-08-06_09-24-49 Episode 998: New best reward 22.40, training model saved.
2026-08-06_09-24-55 Episode 1000: New best greedy reward 71.50, model saved.
2026-08-06_09-24-58 Episode 1002: New best reward 26.90, training model saved.
2026-08-06_09-25-28 Episode 1037: New best reward 27.00, training model saved.
2026-08-06_09-26-02 Episode 1071: New best reward 51.00, training model saved.
2026-08-06_09-26-24 Episode 1089: New best reward 56.10, training model saved.
2026-08-06_09-26-32 Episode 1092: New best reward 88.60, training model saved.
2026-08-06_09-27-04 Episode 1110: New best reward 90.50, training model saved.
2026-08-06_09-27-11 Episode 1111: New best reward 97.10, training model saved.
2026-08-06_09-28-27 Episode 1154: New best reward 118.70, training model saved.
2026-08-06_09-29-17 Episode 1174: New best reward 138.90, training model saved.
2026-08-06_09-32-25 Episode 1266: New best reward 169.80, training model saved.
2026-08-06_09-32-45 Episode 1268: New best reward 242.00, training model saved.
2026-08-06_09-41-40 Episode 1499: New best reward 496.80, training model saved.
2026-08-06_09-58-46: Training starting...
Device: cuda
2026-08-06_09-58-46 Episode 0: New best reward -8.10, training model saved.
2026-08-06_09-58-47 Episode 0: New best greedy reward 2.00, model saved.
2026-08-06_09-58-47 Episode 1: New best reward -5.70, training model saved.
2026-08-06_09-59-24 Episode 81: New best reward -2.10, training model saved.
2026-08-06_10-01-00 Episode 299: New best reward -0.30, training model saved.
2026-08-06_10-01-28 Episode 358: New best reward 1.50, training model saved.
2026-08-06_10-01-29 Episode 360: New best reward 3.90, training model saved.
2026-08-06_10-01-38 Episode 382: New best reward 4.80, training model saved.
2026-08-06_10-03-32 Episode 636: New best reward 6.70, training model saved.
2026-08-06_10-04-37 Episode 771: New best reward 8.40, training model saved.
2026-08-06_10-06-25 Episode 1000: New best greedy reward 4.00, model saved.
2026-08-06_10-08-25 Episode 1241: New best reward 8.80, training model saved.
2026-08-06_10-10-16 Episode 1444: New best reward 8.90, training model saved.
2026-08-06_10-10-40 Episode 1484: New best reward 9.30, training model saved.
2026-08-06_10-13-26 Episode 1773: New best reward 11.20, training model saved.
2026-08-06_10-14-57: Training starting...
Device: cuda
2026-08-06_10-14-58 Episode 0: New best reward -8.10, training model saved.
2026-08-06_10-14-58 Episode 0: New best greedy reward 2.00, model saved.
2026-08-06_10-14-58 Episode 1: New best reward -5.70, training model saved.
2026-08-06_10-15-27 Episode 73: New best reward -4.50, training model saved.
2026-08-06_10-15-31 Episode 81: New best reward -1.50, training model saved.
2026-08-06_10-15-33 Episode 85: New best reward 0.30, training model saved.
2026-08-06_10-15-34 Episode 89: New best reward 1.50, training model saved.
2026-08-06_10-15-37 Episode 96: New best reward 3.90, training model saved.
2026-08-06_10-16-25 Episode 211: New best reward 6.00, training model saved.
2026-08-06_10-16-26 Episode 213: New best reward 8.40, training model saved.
2026-08-06_10-18-17 Episode 469: New best reward 8.50, training model saved.
2026-08-06_10-19-25 Episode 613: New best reward 9.20, training model saved.
2026-08-06_10-20-16 Episode 705: New best reward 12.90, training model saved.
2026-08-06_10-21-05 Episode 778: New best reward 23.20, training model saved.
2026-08-06_10-21-36 Episode 813: New best reward 62.80, training model saved.
2026-08-06_10-22-45 Episode 872: New best reward 70.10, training model saved.
2026-08-06_10-23-01 Episode 881: New best reward 78.70, training model saved.
2026-08-06_10-24-44 Episode 945: New best reward 83.10, training model saved.
2026-08-06_10-26-25 Episode 1000: New best greedy reward 15.80, model saved.
2026-08-06_10-27-03 Episode 1024: New best reward 116.90, training model saved.
2026-08-06_10-31-02 Episode 1157: New best reward 137.30, training model saved.
2026-08-06_10-34-57 Episode 1278: New best reward 279.80, training model saved.
2026-08-06_10-40-31 Episode 1362: New best reward 319.00, training model saved.
2026-08-06_10-41-05 Episode 1365: New best reward 359.50, training model saved.
2026-08-06_10-44-29 Episode 1396: New best reward 620.90, training model saved.
2026-08-06_10-56-44: Training starting...
Device: cuda
2026-08-06_10-56-44 Episode 0: New best reward -8.10, training model saved.
2026-08-06_10-56-45 Episode 0: New best greedy reward 2.00, model saved.
2026-08-06_10-56-45 Episode 1: New best reward -5.70, training model saved.
2026-08-06_10-57-18 Episode 81: New best reward -2.10, training model saved.
2026-08-06_10-57-50 Episode 162: New best reward -1.50, training model saved.
2026-08-06_10-58-01 Episode 187: New best reward 0.30, training model saved.
2026-08-06_10-58-04 Episode 195: New best reward 2.10, training model saved.
2026-08-06_10-58-06 Episode 200: New best reward 3.90, training model saved.
2026-08-06_10-58-27 Episode 250: New best reward 4.40, training model saved.
2026-08-06_10-59-02 Episode 334: New best reward 4.50, training model saved.
2026-08-06_10-59-03 Episode 336: New best reward 8.40, training model saved.
2026-08-06_10-59-07 Episode 344: New best reward 8.70, training model saved.
2026-08-06_11-02-35 Episode 823: New best reward 10.90, training model saved.
2026-08-06_11-03-32 Episode 932: New best reward 12.90, training model saved.
2026-08-06_11-04-11 Episode 1000: New best greedy reward 6.50, model saved.
2026-08-06_11-04-45 Episode 1061: New best reward 15.00, training model saved.
2026-08-06_11-04-48 Episode 1067: New best reward 15.60, training model saved.
2026-08-06_11-05-19 Episode 1114: New best reward 25.00, training model saved.
2026-08-06_11-06-58 Episode 1257: New best reward 27.30, training model saved.
2026-08-06_11-07-20 Episode 1286: New best reward 34.10, training model saved.
2026-08-06_11-08-13 Episode 1339: New best reward 41.10, training model saved.
2026-08-06_11-08-24 Episode 1350: New best reward 41.60, training model saved.
2026-08-06_11-13-17 Episode 1781: New best reward 43.50, training model saved.
2026-08-06_11-14-06 Episode 1828: New best reward 51.40, training model saved.
2026-08-06_11-15-25 Episode 1884: New best reward 62.10, training model saved.
2026-08-06_11-16-57 Episode 1938: New best reward 166.90, training model saved.
2026-08-06_11-19-55 Episode 2000: New best greedy reward 40.90, model saved.
2026-08-06_11-22-47 Episode 2042: New best reward 180.90, training model saved.
2026-08-06_11-23-31 Episode 2049: New best reward 258.80, training model saved.
2026-08-06_11-24-11 Episode 2054: New best reward 267.80, training model saved.
2026-08-06_11-26-23 Episode 2084: New best reward 289.60, training model saved.
2026-08-06_11-35-39 Episode 2305: New best reward 535.90, training model saved.
2026-08-06_11-36-37 Episode 2310: New best reward 558.90, training model saved.
2026-08-06_11-41-39: Training starting...
Device: cuda
2026-08-06_11-41-39 Episode 0: New best reward -8.10, training model saved.
2026-08-06_11-41-39 Episode 0: New best greedy reward 2.00, model saved.
2026-08-06_11-41-40 Episode 1: New best reward -5.70, training model saved.
2026-08-06_11-42-09 Episode 73: New best reward -4.50, training model saved.
2026-08-06_11-42-13 Episode 81: New best reward -1.50, training model saved.
2026-08-06_11-42-14 Episode 85: New best reward 0.30, training model saved.
2026-08-06_11-42-16 Episode 89: New best reward 0.90, training model saved.
2026-08-06_11-42-19 Episode 96: New best reward 3.90, training model saved.
2026-08-06_11-43-01 Episode 199: New best reward 4.10, training model saved.
2026-08-06_11-43-07 Episode 211: New best reward 6.10, training model saved.
2026-08-06_11-43-08 Episode 213: New best reward 6.70, training model saved.
2026-08-06_11-43-39 Episode 285: New best reward 8.40, training model saved.
2026-08-06_11-47-27 Episode 749: New best reward 8.60, training model saved.
2026-08-06_11-47-33 Episode 761: New best reward 9.00, training model saved.
2026-08-06_11-48-34 Episode 874: New best reward 10.80, training model saved.
2026-08-06_11-48-46 Episode 895: New best reward 12.90, training model saved.
2026-08-06_11-49-05 Episode 930: New best reward 13.00, training model saved.
2026-08-06_11-49-44 Episode 992: New best reward 13.10, training model saved.
2026-08-06_11-49-45 Episode 993: New best reward 13.20, training model saved.
2026-08-06_11-49-49 Episode 997: New best reward 13.60, training model saved.
2026-08-06_11-49-51 Episode 1000: New best greedy reward 6.50, model saved.
2026-08-06_11-49-58 Episode 1008: New best reward 20.60, training model saved.
2026-08-06_11-50-07 Episode 1018: New best reward 20.70, training model saved.
2026-08-06_11-50-14 Episode 1024: New best reward 40.90, training model saved.
2026-08-06_11-51-29 Episode 1090: New best reward 41.20, training model saved.
2026-08-06_11-51-33 Episode 1092: New best reward 42.10, training model saved.
2026-08-06_11-51-49 Episode 1100: New best reward 73.90, training model saved.
2026-08-06_11-54-13 Episode 1178: New best reward 80.80, training model saved.
2026-08-06_11-54-44 Episode 1192: New best reward 95.10, training model saved.
2026-08-06_11-55-35 Episode 1209: New best reward 181.70, training model saved.
2026-08-06_11-59-04 Episode 1306: New best reward 382.70, training model saved.
2026-08-06_12-02-49 Episode 1360: New best reward 424.40, training model saved.
2026-08-06_12-13-56 Episode 1514: New best reward 586.90, training model saved.
2026-08-06_12-23-15: Training starting...
Device: cuda
2026-08-06_12-23-16 Episode 0: New best reward -8.10, training model saved.
2026-08-06_12-23-16 Episode 0: New best greedy reward 2.00, model saved.
2026-08-06_12-23-16 Episode 1: New best reward -5.70, training model saved.
2026-08-06_12-23-51 Episode 81: New best reward -2.10, training model saved.
2026-08-06_12-23-53 Episode 85: New best reward 0.30, training model saved.
2026-08-06_12-24-47 Episode 211: New best reward 3.30, training model saved.
2026-08-06_12-24-57 Episode 235: New best reward 3.90, training model saved.
2026-08-06_12-25-39 Episode 329: New best reward 4.20, training model saved.
2026-08-06_12-25-41 Episode 334: New best reward 4.50, training model saved.
2026-08-06_12-27-35 Episode 597: New best reward 4.60, training model saved.
2026-08-06_12-28-31 Episode 724: New best reward 6.50, training model saved.
2026-08-06_12-28-37: Training starting...
Device: cuda
2026-08-06_12-28-37 Episode 0: New best reward -8.10, training model saved.
2026-08-06_12-28-37 Episode 0: New best greedy reward 2.00, model saved.
2026-08-06_12-28-38 Episode 1: New best reward -5.70, training model saved.
2026-08-06_12-29-05 Episode 62: New best reward -5.10, training model saved.
2026-08-06_12-29-05 Episode 63: New best reward -1.50, training model saved.
2026-08-06_12-29-05 Episode 64: New best reward -0.30, training model saved.
2026-08-06_12-29-09 Episode 73: New best reward 1.50, training model saved.
2026-08-06_12-29-15 Episode 85: New best reward 3.90, training model saved.
2026-08-06_12-29-25 Episode 110: New best reward 4.30, training model saved.
2026-08-06_12-29-32 Episode 124: New best reward 4.80, training model saved.
2026-08-06_12-30-42 Episode 289: New best reward 6.20, training model saved.
2026-08-06_12-30-54 Episode 319: New best reward 8.40, training model saved.
2026-08-06_12-32-53 Episode 585: New best reward 8.80, training model saved.
2026-08-06_12-33-42 Episode 687: New best reward 10.50, training model saved.
2026-08-06_12-33-45: Training starting...
Device: cuda
2026-08-06_12-33-45 Episode 0: New best reward -8.10, training model saved.
2026-08-06_12-33-46 Episode 0: New best greedy reward 2.00, model saved.
2026-08-06_12-33-46 Episode 1: New best reward -5.70, training model saved.
2026-08-06_12-34-08 Episode 54: New best reward -5.10, training model saved.
2026-08-06_12-34-12 Episode 63: New best reward -0.30, training model saved.
2026-08-06_12-34-12 Episode 64: New best reward 0.90, training model saved.
2026-08-06_12-34-21 Episode 85: New best reward 3.90, training model saved.
2026-08-06_12-34-31 Episode 108: New best reward 4.00, training model saved.
2026-08-06_12-34-33 Episode 113: New best reward 4.70, training model saved.
2026-08-06_12-34-37 Episode 122: New best reward 6.40, training model saved.
2026-08-06_12-34-46 Episode 141: New best reward 8.40, training model saved.
2026-08-06_12-36-14 Episode 342: New best reward 9.40, training model saved.
2026-08-06_12-38-48: Training starting...
Device: cuda
2026-08-06_12-38-48 Episode 0: New best reward -8.10, training model saved.
2026-08-06_12-38-48 Episode 0: New best greedy reward 2.00, model saved.
2026-08-06_12-38-49 Episode 1: New best reward -5.70, training model saved.
2026-08-06_12-39-22 Episode 81: New best reward -2.10, training model saved.
2026-08-06_12-40-05 Episode 187: New best reward -0.90, training model saved.
2026-08-06_12-40-47 Episode 287: New best reward 2.10, training model saved.
2026-08-06_12-40-51 Episode 299: New best reward 3.90, training model saved.
2026-08-06_12-41-07 Episode 334: New best reward 4.20, training model saved.
2026-08-06_12-41-08 Episode 337: New best reward 4.40, training model saved.
2026-08-06_12-41-14 Episode 351: New best reward 8.40, training model saved.
2026-08-06_12-41-50 Episode 436: New best reward 8.80, training model saved.
2026-08-06_12-42-29 Episode 523: New best reward 9.20, training model saved.
2026-08-06_12-44-28: Training starting...
Device: cuda
2026-08-06_12-44-28 Episode 0: New best reward -8.10, training model saved.
2026-08-06_12-44-29 Episode 0: New best greedy reward 2.00, model saved.
2026-08-06_12-44-29 Episode 1: New best reward -5.70, training model saved.
2026-08-06_12-44-59 Episode 73: New best reward -5.10, training model saved.
2026-08-06_12-45-03 Episode 81: New best reward -1.50, training model saved.
2026-08-06_12-45-04 Episode 85: New best reward 0.30, training model saved.
2026-08-06_12-45-06 Episode 89: New best reward 2.10, training model saved.
2026-08-06_12-45-20 Episode 123: New best reward 3.90, training model saved.
2026-08-06_12-45-36 Episode 162: New best reward 4.00, training model saved.
2026-08-06_12-45-57 Episode 211: New best reward 6.00, training model saved.
2026-08-06_12-45-59 Episode 213: New best reward 8.40, training model saved.
2026-08-06_12-48-14 Episode 511: New best reward 8.90, training model saved.
2026-08-06_12-49-23 Episode 639: New best reward 9.20, training model saved.
2026-08-06_12-49-38 Episode 665: New best reward 13.50, training model saved.
2026-08-06_12-51-10 Episode 816: New best reward 15.40, training model saved.
2026-08-06_12-51-24 Episode 836: New best reward 25.30, training model saved.
2026-08-06_12-53-09 Episode 1000: New best greedy reward 13.50, model saved.
2026-08-06_12-53-17 Episode 1008: New best reward 32.80, training model saved.
2026-08-06_12-54-15 Episode 1080: New best reward 40.90, training model saved.
2026-08-06_12-54-31 Episode 1089: New best reward 43.50, training model saved.
2026-08-06_12-56-04 Episode 1177: New best reward 60.20, training model saved.
2026-08-06_12-56-51 Episode 1209: New best reward 64.40, training model saved.
2026-08-06_12-56-58 Episode 1211: New best reward 81.10, training model saved.
2026-08-06_12-57-35 Episode 1234: New best reward 92.90, training model saved.
2026-08-06_12-57-47 Episode 1238: New best reward 123.30, training model saved.
2026-08-06_12-59-16 Episode 1263: New best reward 176.40, training model saved.
2026-08-06_13-01-58 Episode 1290: New best reward 281.80, training model saved.
2026-08-06_13-04-37 Episode 1323: New best reward 376.90, training model saved.
2026-08-06_13-27-27: Training starting...
Device: cuda
2026-08-06_13-27-27 Episode 0: New best reward -8.10, training model saved.
2026-08-06_13-27-27 Episode 0: New best greedy reward 2.00, model saved.
2026-08-06_13-27-28 Episode 1: New best reward -5.70, training model saved.
2026-08-06_13-27-53 Episode 63: New best reward -2.10, training model saved.
2026-08-06_13-27-58 Episode 73: New best reward -0.30, training model saved.
2026-08-06_13-28-03 Episode 85: New best reward 0.30, training model saved.
2026-08-06_13-28-05 Episode 89: New best reward 2.70, training model saved.
2026-08-06_13-28-07 Episode 96: New best reward 3.90, training model saved.
2026-08-06_13-28-19 Episode 123: New best reward 4.00, training model saved.
2026-08-06_13-28-36 Episode 165: New best reward 4.20, training model saved.
2026-08-06_13-28-37 Episode 167: New best reward 4.40, training model saved.
2026-08-06_13-28-44 Episode 183: New best reward 5.00, training model saved.
2026-08-06_13-28-45 Episode 185: New best reward 6.00, training model saved.
2026-08-06_13-28-53 Episode 203: New best reward 8.40, training model saved.
2026-08-06_13-32-38 Episode 739: New best reward 9.10, training model saved.
2026-08-06_13-34-40 Episode 1000: New best greedy reward 2.40, model saved.
2026-08-06_13-39-55 Episode 1531: New best reward 12.90, training model saved.
2026-08-06_13-40-02 Episode 1541: New best reward 15.60, training model saved.
2026-08-06_13-40-45 Episode 1607: New best reward 15.80, training model saved.
2026-08-06_13-41-13 Episode 1643: New best reward 18.40, training model saved.
2026-08-06_13-41-41: Training starting...
Device: cuda
2026-08-06_13-41-41 Episode 0: New best reward -8.10, training model saved.
2026-08-06_13-41-42 Episode 0: New best greedy reward 2.00, model saved.
2026-08-06_13-41-42 Episode 1: New best reward -5.70, training model saved.
2026-08-06_13-42-01 Episode 46: New best reward -3.90, training model saved.
2026-08-06_13-42-05 Episode 56: New best reward -3.30, training model saved.
2026-08-06_13-42-07 Episode 63: New best reward -2.10, training model saved.
2026-08-06_13-42-11 Episode 73: New best reward 0.30, training model saved.
2026-08-06_13-42-17 Episode 84: New best reward 0.90, training model saved.
2026-08-06_13-42-19 Episode 89: New best reward 3.30, training model saved.
2026-08-06_13-42-21 Episode 96: New best reward 3.90, training model saved.
2026-08-06_13-42-33 Episode 123: New best reward 4.50, training model saved.
2026-08-06_13-42-49 Episode 162: New best reward 4.60, training model saved.
2026-08-06_13-42-55 Episode 175: New best reward 4.70, training model saved.
2026-08-06_13-42-57 Episode 179: New best reward 8.40, training model saved.
2026-08-06_13-43-04 Episode 195: New best reward 13.00, training model saved.
2026-08-06_13-45-14 Episode 470: New best reward 13.20, training model saved.
2026-08-06_13-45-32 Episode 504: New best reward 15.10, training model saved.
2026-08-06_13-45-35 Episode 508: New best reward 15.70, training model saved.
2026-08-06_13-45-36 Episode 509: New best reward 20.80, training model saved.
2026-08-06_13-46-32 Episode 599: New best reward 23.40, training model saved.
2026-08-06_13-46-48 Episode 620: New best reward 27.50, training model saved.
2026-08-06_13-46-53 Episode 622: New best reward 27.80, training model saved.
2026-08-06_13-47-12 Episode 641: New best reward 29.20, training model saved.
2026-08-06_13-47-15 Episode 642: New best reward 50.50, training model saved.
2026-08-06_13-47-30 Episode 651: New best reward 70.00, training model saved.
2026-08-06_13-49-23 Episode 721: New best reward 92.40, training model saved.
2026-08-06_13-49-36 Episode 724: New best reward 98.10, training model saved.
2026-08-06_13-50-13 Episode 740: New best reward 153.10, training model saved.
2026-08-06_13-51-48 Episode 776: New best reward 185.90, training model saved.
2026-08-06_13-53-10 Episode 802: New best reward 199.90, training model saved.
2026-08-06_13-55-20 Episode 840: New best reward 214.20, training model saved.
2026-08-06_13-58-28 Episode 893: New best reward 335.80, training model saved.
2026-08-06_14-03-50 Episode 957: New best reward 344.40, training model saved.
2026-08-06_14-07-49 Episode 1000: New best greedy reward 39.30, model saved.
2026-08-06_14-19-02 Episode 1215: New best reward 368.50, training model saved.
2026-08-06_14-20-38 Episode 1224: New best reward 435.20, training model saved.
2026-08-06_14-23-19 Episode 1239: New best reward 643.80, training model saved.
2026-08-06_14-25-04: Training starting...
Device: cuda
2026-08-06_14-25-04 Episode 0: New best reward -8.10, training model saved.
2026-08-06_14-25-04 Episode 0: New best greedy reward 2.00, model saved.
2026-08-06_14-25-05 Episode 1: New best reward -5.70, training model saved.
2026-08-06_14-25-39 Episode 81: New best reward -1.50, training model saved.
2026-08-06_14-25-40 Episode 85: New best reward 0.30, training model saved.
2026-08-06_14-25-42 Episode 89: New best reward 1.50, training model saved.
2026-08-06_14-25-56 Episode 123: New best reward 3.90, training model saved.
2026-08-06_14-26-34 Episode 213: New best reward 4.80, training model saved.
2026-08-06_14-26-41 Episode 230: New best reward 8.40, training model saved.
2026-08-06_14-30-12 Episode 699: New best reward 8.90, training model saved.
2026-08-06_14-30-15: Training starting...
Device: cuda
2026-08-06_14-30-15 Episode 0: New best reward -8.10, training model saved.
2026-08-06_14-30-16 Episode 0: New best greedy reward 2.00, model saved.
2026-08-06_14-30-16 Episode 1: New best reward -5.70, training model saved.
2026-08-06_14-30-42 Episode 63: New best reward -4.50, training model saved.
2026-08-06_14-30-46 Episode 73: New best reward -0.30, training model saved.
2026-08-06_14-30-51 Episode 85: New best reward 0.30, training model saved.
2026-08-06_14-30-53 Episode 89: New best reward 2.70, training model saved.
2026-08-06_14-30-56 Episode 96: New best reward 3.90, training model saved.
2026-08-06_14-31-07 Episode 123: New best reward 4.10, training model saved.
2026-08-06_14-31-11 Episode 133: New best reward 6.30, training model saved.
2026-08-06_14-31-35 Episode 190: New best reward 8.40, training model saved.
2026-08-06_14-32-59 Episode 369: New best reward 8.70, training model saved.
2026-08-06_14-33-13 Episode 394: New best reward 13.90, training model saved.
2026-08-06_14-35-59 Episode 672: New best reward 15.60, training model saved.
2026-08-06_14-36-47 Episode 747: New best reward 20.70, training model saved.
2026-08-06_14-37-34 Episode 813: New best reward 22.80, training model saved.
2026-08-06_14-38-04 Episode 850: New best reward 29.20, training model saved.
2026-08-06_14-38-13 Episode 859: New best reward 41.00, training model saved.
2026-08-06_14-39-39 Episode 949: New best reward 41.30, training model saved.
2026-08-06_14-39-48 Episode 956: New best reward 42.10, training model saved.
2026-08-06_14-40-44 Episode 1000: New best greedy reward 6.10, model saved.
2026-08-06_14-41-16 Episode 1026: New best reward 48.80, training model saved.
2026-08-06_14-41-23 Episode 1028: New best reward 74.10, training model saved.
2026-08-06_14-41-44 Episode 1036: New best reward 97.20, training model saved.
2026-08-06_14-51-29 Episode 1397: New best reward 99.80, training model saved.
2026-08-06_14-52-08 Episode 1412: New best reward 162.40, training model saved.
2026-08-06_14-52-33 Episode 1419: New best reward 165.30, training model saved.
2026-08-06_14-53-54 Episode 1449: New best reward 195.60, training model saved.
2026-08-06_15-01-37 Episode 1654: New best reward 253.80, training model saved.
2026-08-06_15-02-09 Episode 1657: New best reward 305.10, training model saved.
2026-08-06_15-08-44 Episode 1757: New best reward 496.20, training model saved.
2026-08-06_15-12-57: Training starting...
Device: cuda
2026-08-06_15-12-58 Episode 0: New best reward -8.10, training model saved.
2026-08-06_15-12-58 Episode 0: New best greedy reward 2.00, model saved.
2026-08-06_15-12-58 Episode 1: New best reward -5.70, training model saved.
2026-08-06_15-13-28 Episode 73: New best reward -5.10, training model saved.
2026-08-06_15-13-31 Episode 81: New best reward -1.50, training model saved.
2026-08-06_15-13-33 Episode 85: New best reward 0.30, training model saved.
2026-08-06_15-13-34 Episode 89: New best reward 2.10, training model saved.
2026-08-06_15-13-49 Episode 123: New best reward 3.90, training model saved.
2026-08-06_15-14-06 Episode 165: New best reward 4.70, training model saved.
2026-08-06_15-14-10 Episode 176: New best reward 4.90, training model saved.
2026-08-06_15-14-17 Episode 194: New best reward 6.20, training model saved.
2026-08-06_15-14-24 Episode 210: New best reward 6.50, training model saved.
2026-08-06_15-14-27 Episode 217: New best reward 8.40, training model saved.
2026-08-06_15-17-34 Episode 630: New best reward 9.30, training model saved.
2026-08-06_15-17-34 Episode 631: New best reward 10.80, training model saved.
2026-08-06_15-17-41 Episode 643: New best reward 15.60, training model saved.
2026-08-06_15-17-56 Episode 669: New best reward 20.30, training model saved.
2026-08-06_15-18-00 Episode 673: New best reward 31.90, training model saved.
2026-08-06_15-20-36 Episode 911: New best reward 43.20, training model saved.
2026-08-06_15-20-43 Episode 914: New best reward 62.10, training model saved.
2026-08-06_15-22-00 Episode 1000: New best greedy reward 4.50, model saved.
2026-08-06_15-26-19 Episode 1309: New best reward 85.20, training model saved.
2026-08-06_15-27-01: Training starting...
Device: cuda
2026-08-06_15-27-01 Episode 0: New best reward -8.10, training model saved.
2026-08-06_15-27-02 Episode 0: New best greedy reward 2.00, model saved.
2026-08-06_15-27-02 Episode 1: New best reward -5.70, training model saved.
2026-08-06_15-27-35 Episode 81: New best reward -2.10, training model saved.
2026-08-06_15-29-03 Episode 299: New best reward 0.30, training model saved.
2026-08-06_15-29-17 Episode 331: New best reward 3.90, training model saved.
2026-08-06_15-29-37 Episode 382: New best reward 4.60, training model saved.
2026-08-06_15-30-12 Episode 467: New best reward 5.00, training model saved.
2026-08-06_15-31-14 Episode 617: New best reward 6.60, training model saved.
2026-08-06_15-31-26 Episode 645: New best reward 6.70, training model saved.
2026-08-06_15-31-59 Episode 725: New best reward 8.40, training model saved.
2026-08-06_15-32-49 Episode 838: New best reward 9.10, training model saved.
2026-08-06_15-34-03 Episode 1000: New best greedy reward 3.90, model saved.
2026-08-06_15-34-15 Episode 1024: New best reward 12.90, training model saved.
2026-08-06_15-42-07 Episode 1817: New best reward 13.10, training model saved.
2026-08-06_15-43-20 Episode 1930: New best reward 13.60, training model saved.
2026-08-06_15-43-45 Episode 1967: New best reward 13.70, training model saved.
2026-08-06_15-44-10 Episode 2000: New best greedy reward 48.80, model saved.
2026-08-06_15-44-54 Episode 2064: New best reward 27.60, training model saved.
2026-08-06_15-45-32 Episode 2113: New best reward 36.40, training model saved.
2026-08-06_15-48-16 Episode 2307: New best reward 55.80, training model saved.
2026-08-06_15-48-24 Episode 2315: New best reward 57.10, training model saved.
2026-08-06_15-50-11 Episode 2400: New best reward 64.90, training model saved.
2026-08-06_15-50-39 Episode 2418: New best reward 78.40, training model saved.
2026-08-06_15-51-15 Episode 2431: New best reward 90.80, training model saved.
2026-08-06_15-53-19 Episode 2482: New best reward 121.30, training model saved.
2026-08-06_15-55-01 Episode 2525: New best reward 135.10, training model saved.
2026-08-06_15-56-59 Episode 2556: New best reward 154.00, training model saved.
2026-08-06_15-57-57 Episode 2573: New best reward 167.80, training model saved.
2026-08-06_15-58-36 Episode 2584: New best reward 246.40, training model saved.
2026-08-06_16-03-22 Episode 2689: New best reward 306.90, training model saved.
2026-08-06_16-08-16: Training starting...
Device: cuda
2026-08-06_16-08-16 Episode 0: New best reward -8.10, training model saved.
2026-08-06_16-08-16 Episode 0: New best greedy reward 2.00, model saved.
2026-08-06_16-08-17 Episode 1: New best reward -5.70, training model saved.
2026-08-06_16-08-51 Episode 81: New best reward -2.10, training model saved.
2026-08-06_16-08-53 Episode 85: New best reward 0.30, training model saved.
2026-08-06_16-09-36 Episode 187: New best reward 2.10, training model saved.
2026-08-06_16-09-41 Episode 200: New best reward 3.90, training model saved.
2026-08-06_16-10-06 Episode 254: New best reward 4.10, training model saved.
2026-08-06_16-10-19 Episode 287: New best reward 4.80, training model saved.
2026-08-06_16-10-38 Episode 329: New best reward 8.40, training model saved.
2026-08-06_16-10-47 Episode 351: New best reward 8.90, training model saved.
2026-08-06_16-11-19 Episode 423: New best reward 10.90, training model saved.
2026-08-06_16-14-07: Training starting...
Device: cuda
2026-08-06_16-14-08 Episode 0: New best reward -8.10, training model saved.
2026-08-06_16-14-08 Episode 0: New best greedy reward 2.00, model saved.
2026-08-06_16-14-08 Episode 1: New best reward -5.70, training model saved.
2026-08-06_16-14-43 Episode 81: New best reward -1.50, training model saved.
2026-08-06_16-14-45 Episode 85: New best reward 0.30, training model saved.
2026-08-06_16-15-01 Episode 123: New best reward 1.50, training model saved.
2026-08-06_16-15-15 Episode 155: New best reward 3.30, training model saved.
2026-08-06_16-15-17 Episode 162: New best reward 3.90, training model saved.
2026-08-06_16-16-15 Episode 293: New best reward 4.30, training model saved.
2026-08-06_16-17-11 Episode 422: New best reward 4.40, training model saved.
2026-08-06_16-17-25 Episode 452: New best reward 4.50, training model saved.
2026-08-06_16-17-26 Episode 455: New best reward 4.70, training model saved.
2026-08-06_16-18-24 Episode 587: New best reward 4.90, training model saved.
2026-08-06_16-19-20: Training starting...
Device: cuda
2026-08-06_16-19-21 Episode 0: New best reward -8.10, training model saved.
2026-08-06_16-19-21 Episode 0: New best greedy reward 2.00, model saved.
2026-08-06_16-19-21 Episode 1: New best reward -5.70, training model saved.
2026-08-06_16-19-54 Episode 81: New best reward -2.10, training model saved.
2026-08-06_16-21-24 Episode 299: New best reward -0.30, training model saved.
2026-08-06_16-21-48 Episode 358: New best reward 0.90, training model saved.
2026-08-06_16-21-58 Episode 382: New best reward 1.50, training model saved.
2026-08-06_16-22-14 Episode 420: New best reward 3.90, training model saved.
2026-08-06_16-22-38 Episode 480: New best reward 4.10, training model saved.
2026-08-06_16-23-35 Episode 617: New best reward 4.80, training model saved.
2026-08-06_16-24-22 Episode 733: New best reward 4.90, training model saved.
2026-08-06_16-24-43 Episode 781: New best reward 8.40, training model saved.
2026-08-06_16-26-17 Episode 1000: New best greedy reward 4.10, model saved.
2026-08-06_16-26-36 Episode 1043: New best reward 8.70, training model saved.
2026-08-06_16-29-37 Episode 1371: New best reward 9.30, training model saved.
2026-08-06_16-30-34 Episode 1460: New best reward 12.90, training model saved.
2026-08-06_16-34-11 Episode 1783: New best reward 13.70, training model saved.
2026-08-06_16-35-00 Episode 1852: New best reward 22.40, training model saved.
2026-08-06_16-35-47 Episode 1914: New best reward 26.90, training model saved.
2026-08-06_16-37-03 Episode 1998: New best reward 28.10, training model saved.
2026-08-06_16-37-06 Episode 2000: New best greedy reward 6.80, model saved.
2026-08-06_16-37-43 Episode 2040: New best reward 29.60, training model saved.
2026-08-06_16-38-02 Episode 2058: New best reward 37.10, training model saved.
2026-08-06_16-38-12 Episode 2064: New best reward 51.40, training model saved.
2026-08-06_16-38-45 Episode 2091: New best reward 67.30, training model saved.
2026-08-06_16-40-29 Episode 2153: New best reward 71.20, training model saved.
2026-08-06_16-40-36 Episode 2156: New best reward 81.10, training model saved.
2026-08-06_16-41-03 Episode 2172: New best reward 82.90, training model saved.
2026-08-06_16-41-23 Episode 2180: New best reward 134.40, training model saved.
2026-08-06_16-41-38 Episode 2181: New best reward 210.00, training model saved.
2026-08-06_16-44-43 Episode 2222: New best reward 391.40, training model saved.
2026-08-06_17-00-45: Training starting...
Device: cuda
2026-08-06_17-00-46 Episode 0: New best reward -8.10, training model saved.
2026-08-06_17-00-46 Episode 0: New best greedy reward 2.00, model saved.
2026-08-06_17-00-46 Episode 1: New best reward -5.70, training model saved.
2026-08-06_17-01-12 Episode 63: New best reward -2.10, training model saved.
2026-08-06_17-01-16 Episode 73: New best reward -0.30, training model saved.
2026-08-06_17-01-22 Episode 85: New best reward 2.70, training model saved.
2026-08-06_17-01-23 Episode 89: New best reward 3.30, training model saved.
2026-08-06_17-01-26 Episode 96: New best reward 3.90, training model saved.
2026-08-06_17-01-51 Episode 155: New best reward 4.20, training model saved.
2026-08-06_17-01-52 Episode 159: New best reward 4.30, training model saved.
2026-08-06_17-01-59 Episode 173: New best reward 4.50, training model saved.
2026-08-06_17-02-23 Episode 229: New best reward 4.80, training model saved.
2026-08-06_17-02-47 Episode 285: New best reward 6.70, training model saved.
2026-08-06_17-02-59 Episode 313: New best reward 8.40, training model saved.
2026-08-06_17-03-41 Episode 400: New best reward 8.50, training model saved.
2026-08-06_17-04-39 Episode 524: New best reward 10.80, training model saved.
2026-08-06_17-04-57 Episode 555: New best reward 12.90, training model saved.
2026-08-06_17-05-07 Episode 569: New best reward 15.40, training model saved.
2026-08-06_17-05-09 Episode 570: New best reward 25.30, training model saved.
2026-08-06_17-05-11 Episode 572: New best reward 27.80, training model saved.
2026-08-06_17-06-27 Episode 680: New best reward 32.30, training model saved.
2026-08-06_17-06-38 Episode 695: New best reward 34.40, training model saved.
2026-08-06_17-07-24 Episode 754: New best reward 45.90, training model saved.
2026-08-06_17-09-25 Episode 910: New best reward 65.00, training model saved.
2026-08-06_17-09-55 Episode 925: New best reward 124.90, training model saved.
2026-08-06_17-11-38 Episode 1000: New best greedy reward 28.00, model saved.
2026-08-06_17-15-23 Episode 1158: New best reward 139.40, training model saved.
2026-08-06_17-18-28 Episode 1229: New best reward 255.90, training model saved.
2026-08-06_17-21-02 Episode 1296: New best reward 267.10, training model saved.
2026-08-06_17-41-09 Episode 2181: New best reward 302.70, training model saved.
2026-08-06_17-43-50: Training starting...
Device: cuda
2026-08-06_17-43-50 Episode 0: New best reward -8.10, training model saved.
2026-08-06_17-43-51 Episode 0: New best greedy reward 2.00, model saved.
2026-08-06_17-43-51 Episode 1: New best reward -5.70, training model saved.
2026-08-06_17-44-24 Episode 81: New best reward -2.10, training model saved.
2026-08-06_17-45-07 Episode 187: New best reward -0.30, training model saved.
2026-08-06_17-45-16 Episode 211: New best reward 1.50, training model saved.
2026-08-06_17-45-29 Episode 243: New best reward 3.90, training model saved.
2026-08-06_17-46-05 Episode 329: New best reward 4.00, training model saved.
2026-08-06_17-46-16 Episode 355: New best reward 4.60, training model saved.
2026-08-06_17-46-44 Episode 422: New best reward 6.80, training model saved.
2026-08-06_17-46-47 Episode 428: New best reward 8.40, training model saved.
2026-08-06_17-47-00 Episode 459: New best reward 9.20, training model saved.
2026-08-06_17-47-30 Episode 528: New best reward 12.90, training model saved.
2026-08-06_17-49-27: Training starting...
Device: cuda
2026-08-06_17-49-27 Episode 0: New best reward -8.10, training model saved.
2026-08-06_17-49-27 Episode 0: New best greedy reward 2.00, model saved.
2026-08-06_17-49-28 Episode 1: New best reward -5.70, training model saved.
2026-08-06_17-49-58 Episode 73: New best reward -0.90, training model saved.
2026-08-06_17-50-04 Episode 85: New best reward 0.30, training model saved.
2026-08-06_17-50-05 Episode 89: New best reward 2.10, training model saved.
2026-08-06_17-50-08 Episode 96: New best reward 3.90, training model saved.
2026-08-06_17-50-20 Episode 123: New best reward 4.40, training model saved.
2026-08-06_17-50-41 Episode 173: New best reward 8.40, training model saved.
2026-08-06_17-53-24 Episode 521: New best reward 12.30, training model saved.
2026-08-06_17-54-37 Episode 657: New best reward 12.90, training model saved.
2026-08-06_17-54-42: Training starting...
Device: cuda
2026-08-06_17-54-42 Episode 0: New best reward -8.10, training model saved.
2026-08-06_17-54-42 Episode 0: New best greedy reward 2.00, model saved.
2026-08-06_17-54-43 Episode 1: New best reward -5.70, training model saved.
2026-08-06_17-55-16 Episode 81: New best reward -2.70, training model saved.
2026-08-06_17-55-17 Episode 85: New best reward 0.30, training model saved.
2026-08-06_17-55-49 Episode 162: New best reward 0.90, training model saved.
2026-08-06_17-56-09 Episode 211: New best reward 3.90, training model saved.
2026-08-06_17-56-40 Episode 287: New best reward 4.80, training model saved.
2026-08-06_17-56-50 Episode 310: New best reward 6.10, training model saved.
2026-08-06_17-57-29 Episode 403: New best reward 8.40, training model saved.
2026-08-06_17-57-51 Episode 452: New best reward 12.90, training model saved.
2026-08-06_17-59-41 Episode 686: New best reward 18.10, training model saved.
2026-08-06_18-01-41 Episode 899: New best reward 20.70, training model saved.
2026-08-06_18-01-47 Episode 905: New best reward 20.80, training model saved.
2026-08-06_18-01-52 Episode 909: New best reward 42.00, training model saved.
2026-08-06_18-02-38 Episode 955: New best reward 65.20, training model saved.
2026-08-06_18-03-34 Episode 1000: New best greedy reward 20.80, model saved.
2026-08-06_18-04-13 Episode 1026: New best reward 76.10, training model saved.
2026-08-06_18-05-46 Episode 1094: New best reward 76.70, training model saved.
2026-08-06_18-06-10 Episode 1106: New best reward 84.10, training model saved.
2026-08-06_18-06-22 Episode 1111: New best reward 96.90, training model saved.
2026-08-06_18-06-58 Episode 1127: New best reward 106.90, training model saved.
2026-08-06_18-09-14 Episode 1209: New best reward 177.20, training model saved.
2026-08-06_18-09-40 Episode 1214: New best reward 213.90, training model saved.
2026-08-06_18-10-16 Episode 1221: New best reward 272.20, training model saved.
2026-08-06_18-20-26 Episode 1431: New best reward 291.30, training model saved.
2026-08-06_18-22-46 Episode 1458: New best reward 523.00, training model saved.
2026-08-06_18-37-41: Training starting...
Device: cuda
2026-08-06_18-37-42 Episode 0: New best reward -8.10, training model saved.
2026-08-06_18-37-42 Episode 0: New best greedy reward 2.00, model saved.
2026-08-06_18-37-42 Episode 1: New best reward -5.70, training model saved.
2026-08-06_18-38-16 Episode 81: New best reward -1.50, training model saved.
2026-08-06_18-38-17 Episode 85: New best reward 0.30, training model saved.
2026-08-06_18-38-22 Episode 96: New best reward 3.90, training model saved.
2026-08-06_18-38-35 Episode 127: New best reward 4.10, training model saved.
2026-08-06_18-38-56 Episode 179: New best reward 6.50, training model saved.
2026-08-06_18-39-08 Episode 205: New best reward 8.40, training model saved.
2026-08-06_18-42-56 Episode 649: New best reward 10.70, training model saved.
2026-08-06_18-43-07 Episode 666: New best reward 10.80, training model saved.
2026-08-06_18-44-08 Episode 764: New best reward 12.90, training model saved.
2026-08-06_18-44-45 Episode 819: New best reward 22.40, training model saved.
2026-08-06_18-45-19 Episode 865: New best reward 23.30, training model saved.
2026-08-06_18-45-33 Episode 883: New best reward 23.40, training model saved.
2026-08-06_18-45-57 Episode 916: New best reward 29.50, training model saved.
2026-08-06_18-46-20 Episode 943: New best reward 32.70, training model saved.
2026-08-06_18-46-29 Episode 949: New best reward 38.90, training model saved.
2026-08-06_18-46-59 Episode 982: New best reward 39.20, training model saved.
2026-08-06_18-47-13 Episode 1000: New best greedy reward 20.40, model saved.
2026-08-06_18-50-05 Episode 1197: New best reward 40.90, training model saved.
2026-08-06_18-50-41 Episode 1232: New best reward 46.90, training model saved.
2026-08-06_18-51-36 Episode 1293: New best reward 48.70, training model saved.
2026-08-06_18-51-47: Training starting...
Device: cuda
2026-08-06_18-51-48 Episode 0: New best reward -8.10, training model saved.
2026-08-06_18-51-48 Episode 0: New best greedy reward 2.00, model saved.
2026-08-06_18-51-48 Episode 1: New best reward -5.70, training model saved.
2026-08-06_18-52-15 Episode 63: New best reward -4.50, training model saved.
2026-08-06_18-52-19 Episode 73: New best reward 0.30, training model saved.
2026-08-06_18-52-26 Episode 89: New best reward 2.10, training model saved.
2026-08-06_18-52-33 Episode 103: New best reward 3.90, training model saved.
2026-08-06_18-52-36 Episode 112: New best reward 4.10, training model saved.
2026-08-06_18-52-43 Episode 127: New best reward 4.40, training model saved.
2026-08-06_18-53-53 Episode 285: New best reward 6.50, training model saved.
2026-08-06_18-53-56 Episode 289: New best reward 6.80, training model saved.
2026-08-06_18-54-00 Episode 299: New best reward 8.70, training model saved.
2026-08-06_18-57-03: Training starting...
Device: cuda
2026-08-06_18-57-03 Episode 0: New best reward -8.10, training model saved.
2026-08-06_18-57-04 Episode 0: New best greedy reward 2.00, model saved.
2026-08-06_18-57-04 Episode 1: New best reward -5.70, training model saved.
2026-08-06_18-57-37 Episode 81: New best reward -2.10, training model saved.
2026-08-06_18-58-30 Episode 211: New best reward 2.70, training model saved.
2026-08-06_18-59-33 Episode 360: New best reward 3.90, training model saved.
2026-08-06_19-00-58 Episode 569: New best reward 6.00, training model saved.
2026-08-06_19-02-05 Episode 728: New best reward 8.40, training model saved.
2026-08-06_19-02-44: Training starting...
Device: cuda
2026-08-06_19-02-45 Episode 0: New best reward -8.10, training model saved.
2026-08-06_19-02-45 Episode 0: New best greedy reward 2.00, model saved.
2026-08-06_19-02-46 Episode 1: New best reward -5.70, training model saved.
2026-08-06_19-03-12 Episode 66: New best reward -5.10, training model saved.
2026-08-06_19-03-19 Episode 81: New best reward -1.50, training model saved.
2026-08-06_19-03-21 Episode 85: New best reward 0.30, training model saved.
2026-08-06_19-03-22 Episode 89: New best reward 0.90, training model saved.
2026-08-06_19-03-25 Episode 96: New best reward 3.90, training model saved.
2026-08-06_19-04-12 Episode 207: New best reward 6.30, training model saved.
2026-08-06_19-04-16 Episode 218: New best reward 8.40, training model saved.
2026-08-06_19-04-24 Episode 235: New best reward 8.50, training model saved.
2026-08-06_19-04-32 Episode 253: New best reward 8.80, training model saved.
2026-08-06_19-06-40 Episode 544: New best reward 8.90, training model saved.
2026-08-06_19-07-47 Episode 676: New best reward 11.10, training model saved.
2026-08-06_19-07-51: Training starting...
Device: cuda
2026-08-06_19-07-51 Episode 0: New best reward -8.10, training model saved.
2026-08-06_19-07-51 Episode 0: New best greedy reward 2.00, model saved.
2026-08-06_19-07-52 Episode 1: New best reward -5.70, training model saved.
2026-08-06_19-08-26 Episode 81: New best reward -2.10, training model saved.
2026-08-06_19-08-27 Episode 85: New best reward 0.30, training model saved.
2026-08-06_19-08-43 Episode 123: New best reward 3.90, training model saved.
2026-08-06_19-08-59 Episode 162: New best reward 4.90, training model saved.
2026-08-06_19-09-21 Episode 213: New best reward 6.10, training model saved.
2026-08-06_19-09-37 Episode 248: New best reward 8.40, training model saved.
2026-08-06_19-12-34 Episode 646: New best reward 8.70, training model saved.
2026-08-06_19-12-53 Episode 681: New best reward 9.10, training model saved.
2026-08-06_19-12-55 Episode 683: New best reward 12.90, training model saved.
2026-08-06_19-13-58 Episode 792: New best reward 13.90, training model saved.
2026-08-06_19-14-04 Episode 801: New best reward 15.40, training model saved.
2026-08-06_19-14-06 Episode 802: New best reward 20.30, training model saved.
2026-08-06_19-15-15 Episode 904: New best reward 29.50, training model saved.
2026-08-06_19-16-26 Episode 1000: New best greedy reward 6.80, model saved.
2026-08-06_19-17-13 Episode 1058: New best reward 31.90, training model saved.
2026-08-06_19-17-33 Episode 1079: New best reward 39.30, training model saved.
2026-08-06_19-18-35 Episode 1138: New best reward 47.00, training model saved.
2026-08-06_19-19-06 Episode 1159: New best reward 99.20, training model saved.
2026-08-06_19-24-58 Episode 1396: New best reward 164.70, training model saved.
2026-08-06_19-29-02 Episode 1483: New best reward 177.60, training model saved.
2026-08-06_19-29-57 Episode 1497: New best reward 193.30, training model saved.
2026-08-06_19-30-12 Episode 1498: New best reward 218.40, training model saved.
2026-08-06_19-31-43 Episode 1521: New best reward 249.30, training model saved.
2026-08-06_19-33-02 Episode 1549: New best reward 342.80, training model saved.
2026-08-06_19-49-15 Episode 1793: New best reward 379.80, training model saved.
2026-08-06_19-51-05: Training starting...
Device: cuda
2026-08-06_19-51-05 Episode 0: New best reward -8.10, training model saved.
2026-08-06_19-51-05 Episode 0: New best greedy reward 2.00, model saved.
2026-08-06_19-51-06 Episode 1: New best reward -5.70, training model saved.
2026-08-06_19-51-39 Episode 81: New best reward -1.50, training model saved.
2026-08-06_19-51-40 Episode 85: New best reward 0.30, training model saved.
2026-08-06_19-51-56 Episode 123: New best reward 3.90, training model saved.
2026-08-06_19-51-57 Episode 127: New best reward 4.70, training model saved.
2026-08-06_19-52-14 Episode 167: New best reward 8.40, training model saved.
2026-08-06_19-55-28 Episode 588: New best reward 8.70, training model saved.
2026-08-06_19-56-22 Episode 685: New best reward 12.90, training model saved.
2026-08-06_19-59-00 Episode 950: New best reward 22.40, training model saved.
2026-08-06_19-59-30 Episode 1000: New best greedy reward 6.20, model saved.
2026-08-06_20-03-55 Episode 1408: New best reward 26.90, training model saved.
[worker] done. total trials in study: 400
2026-08-06_06-46-24: Training starting...
Device: cuda
2026-08-06_06-46-32 Episode 0: New best reward -8.10, training model saved.
2026-08-06_06-46-32 Episode 0: New best greedy reward 2.00, model saved.
2026-08-06_06-46-32 Episode 1: New best reward -5.70, training model saved.
2026-08-06_06-47-06 Episode 81: New best reward -2.10, training model saved.
2026-08-06_06-47-24 Episode 127: New best reward -1.50, training model saved.
2026-08-06_06-47-35 Episode 155: New best reward -0.90, training model saved.
2026-08-06_06-47-38 Episode 162: New best reward 3.90, training model saved.
2026-08-06_06-48-01 Episode 218: New best reward 4.10, training model saved.
2026-08-06_06-48-16 Episode 254: New best reward 4.40, training model saved.
2026-08-06_06-48-19 Episode 260: New best reward 6.30, training model saved.
2026-08-06_06-48-33 Episode 294: New best reward 8.40, training model saved.
2026-08-06_06-48-51 Episode 337: New best reward 9.40, training model saved.
2026-08-06_06-51-31 Episode 725: New best reward 9.50, training model saved.
2026-08-06_06-55-41 Episode 1315: New best reward 12.90, training model saved.
2026-08-06_07-06-46 Episode 2795: New best reward 15.40, training model saved.
2026-08-06_07-08-22 Episode 3000: New best greedy reward 3.90, model saved.
2026-08-06_07-09-50 Episode 3177: New best reward 15.70, training model saved.
2026-08-06_07-16-36 Episode 3964: New best reward 22.40, training model saved.
2026-08-06_07-26-28 Episode 5000: New best greedy reward 17.60, model saved.
2026-08-06_07-28-15: Training starting...
Device: cuda
2026-08-06_07-28-15 Episode 0: New best reward -8.10, training model saved.
2026-08-06_07-28-16 Episode 0: New best greedy reward 2.00, model saved.
2026-08-06_07-28-16 Episode 1: New best reward -5.70, training model saved.
2026-08-06_07-28-49 Episode 81: New best reward -2.10, training model saved.
2026-08-06_07-29-21 Episode 162: New best reward -1.50, training model saved.
2026-08-06_07-29-42 Episode 211: New best reward 2.70, training model saved.
2026-08-06_07-30-13 Episode 287: New best reward 4.10, training model saved.
2026-08-06_07-31-26 Episode 468: New best reward 6.10, training model saved.
2026-08-06_07-31-48 Episode 523: New best reward 6.60, training model saved.
2026-08-06_07-32-05 Episode 564: New best reward 8.70, training model saved.
2026-08-06_07-32-31 Episode 623: New best reward 8.80, training model saved.
2026-08-06_07-33-16: Training starting...
Device: cuda
2026-08-06_07-33-16 Episode 0: New best reward -8.10, training model saved.
2026-08-06_07-33-16 Episode 0: New best greedy reward 2.00, model saved.
2026-08-06_07-33-17 Episode 1: New best reward -5.70, training model saved.
2026-08-06_07-33-50 Episode 81: New best reward -2.10, training model saved.
2026-08-06_07-34-42 Episode 211: New best reward 2.70, training model saved.
2026-08-06_07-35-45 Episode 360: New best reward 3.90, training model saved.
2026-08-06_07-37-11 Episode 569: New best reward 6.00, training model saved.
2026-08-06_07-37-38 Episode 631: New best reward 6.50, training model saved.
2026-08-06_07-38-25 Episode 737: New best reward 8.40, training model saved.
2026-08-06_07-38-58: Training starting...
Device: cuda
2026-08-06_07-38-58 Episode 0: New best reward -8.10, training model saved.
2026-08-06_07-38-59 Episode 0: New best greedy reward 2.00, model saved.
2026-08-06_07-38-59 Episode 1: New best reward -5.70, training model saved.
2026-08-06_07-39-18 Episode 46: New best reward -3.90, training model saved.
2026-08-06_07-39-22 Episode 56: New best reward -3.30, training model saved.
2026-08-06_07-39-28 Episode 73: New best reward -0.30, training model saved.
2026-08-06_07-39-34 Episode 85: New best reward 0.30, training model saved.
2026-08-06_07-39-36 Episode 89: New best reward 2.70, training model saved.
2026-08-06_07-39-38 Episode 96: New best reward 3.90, training model saved.
2026-08-06_07-40-07 Episode 166: New best reward 4.00, training model saved.
2026-08-06_07-40-20 Episode 198: New best reward 10.80, training model saved.
2026-08-06_07-40-25 Episode 206: New best reward 11.10, training model saved.
2026-08-06_07-43-46 Episode 636: New best reward 11.20, training model saved.
2026-08-06_07-44-03 Episode 667: New best reward 11.30, training model saved.
2026-08-06_07-44-12 Episode 683: New best reward 22.70, training model saved.
2026-08-06_07-47-15 Episode 1000: New best greedy reward 4.30, model saved.
2026-08-06_07-47-26 Episode 1014: New best reward 27.20, training model saved.
2026-08-06_07-49-58 Episode 1241: New best reward 37.40, training model saved.
2026-08-06_07-51-31 Episode 1356: New best reward 40.90, training model saved.
2026-08-06_07-52-08 Episode 1400: New best reward 41.20, training model saved.
2026-08-06_07-53-21: Training starting...
Device: cuda
2026-08-06_07-53-21 Episode 0: New best reward -8.10, training model saved.
2026-08-06_07-53-21 Episode 0: New best greedy reward 2.00, model saved.
2026-08-06_07-53-22 Episode 1: New best reward -5.70, training model saved.
2026-08-06_07-53-56 Episode 81: New best reward -2.10, training model saved.
2026-08-06_07-53-58 Episode 85: New best reward 0.30, training model saved.
2026-08-06_07-54-40 Episode 187: New best reward 0.90, training model saved.
2026-08-06_07-54-49 Episode 211: New best reward 3.30, training model saved.
2026-08-06_07-54-59 Episode 235: New best reward 3.90, training model saved.
2026-08-06_07-55-40 Episode 330: New best reward 6.50, training model saved.
2026-08-06_07-56-10 Episode 404: New best reward 8.40, training model saved.
2026-08-06_07-56-20 Episode 421: New best reward 9.10, training model saved.
2026-08-06_07-57-46 Episode 623: New best reward 10.50, training model saved.
2026-08-06_07-59-36 Episode 867: New best reward 11.20, training model saved.
2026-08-06_07-59-38 Episode 870: New best reward 17.90, training model saved.
2026-08-06_08-06-28 Episode 1652: New best reward 22.80, training model saved.
2026-08-06_08-08-17: Training starting...
Device: cuda
2026-08-06_08-08-18 Episode 0: New best reward -8.10, training model saved.
2026-08-06_08-08-18 Episode 0: New best greedy reward 2.00, model saved.
2026-08-06_08-08-18 Episode 1: New best reward -5.70, training model saved.
2026-08-06_08-08-45 Episode 63: New best reward -2.10, training model saved.
2026-08-06_08-08-49 Episode 73: New best reward -0.30, training model saved.
2026-08-06_08-08-55 Episode 85: New best reward 3.90, training model saved.
2026-08-06_08-09-08 Episode 116: New best reward 4.20, training model saved.
2026-08-06_08-09-12 Episode 123: New best reward 4.70, training model saved.
2026-08-06_08-09-31 Episode 165: New best reward 8.40, training model saved.
2026-08-06_08-09-38 Episode 181: New best reward 9.20, training model saved.
2026-08-06_08-10-34 Episode 309: New best reward 11.30, training model saved.
2026-08-06_08-14-16 Episode 781: New best reward 12.90, training model saved.
2026-08-06_08-15-10 Episode 891: New best reward 15.60, training model saved.
2026-08-06_08-16-06 Episode 1000: New best greedy reward 3.90, model saved.
2026-08-06_08-21-46 Episode 1584: New best reward 15.70, training model saved.
2026-08-06_08-23-49 Episode 1775: New best reward 15.80, training model saved.
2026-08-06_08-25-38 Episode 1927: New best reward 28.10, training model saved.
2026-08-06_08-26-34 Episode 2000: New best greedy reward 8.70, model saved.
2026-08-06_08-27-27 Episode 2064: New best reward 37.10, training model saved.
2026-08-06_08-30-32 Episode 2288: New best reward 37.20, training model saved.
2026-08-06_08-32-45 Episode 2435: New best reward 38.90, training model saved.
2026-08-06_08-35-47 Episode 2628: New best reward 48.10, training model saved.
2026-08-06_08-37-10 Episode 2706: New best reward 51.50, training model saved.
2026-08-06_08-37-18 Episode 2708: New best reward 85.10, training model saved.
2026-08-06_08-42-09 Episode 2921: New best reward 130.80, training model saved.
2026-08-06_08-44-18 Episode 2991: New best reward 199.90, training model saved.
2026-08-06_08-44-36 Episode 3000: New best greedy reward 29.10, model saved.
2026-08-06_08-53-20: Training starting...
Device: cuda
2026-08-06_08-53-20 Episode 0: New best reward -8.10, training model saved.
2026-08-06_08-53-21 Episode 0: New best greedy reward 2.00, model saved.
2026-08-06_08-53-21 Episode 1: New best reward -5.70, training model saved.
2026-08-06_08-53-48 Episode 63: New best reward -2.10, training model saved.
2026-08-06_08-53-52 Episode 73: New best reward -0.30, training model saved.
2026-08-06_08-53-58 Episode 85: New best reward 3.90, training model saved.
2026-08-06_08-54-15 Episode 123: New best reward 4.50, training model saved.
2026-08-06_08-54-17 Episode 129: New best reward 6.50, training model saved.
2026-08-06_08-54-52 Episode 204: New best reward 6.70, training model saved.
2026-08-06_08-54-58 Episode 219: New best reward 8.40, training model saved.
2026-08-06_08-56-41 Episode 451: New best reward 9.30, training model saved.
2026-08-06_08-58-35: Training starting...
Device: cuda
2026-08-06_08-58-36 Episode 0: New best reward -8.10, training model saved.
2026-08-06_08-58-36 Episode 0: New best greedy reward 2.00, model saved.
2026-08-06_08-58-36 Episode 1: New best reward -5.70, training model saved.
2026-08-06_08-59-03 Episode 63: New best reward -2.10, training model saved.
2026-08-06_08-59-07 Episode 73: New best reward -0.30, training model saved.
2026-08-06_08-59-12 Episode 85: New best reward 0.30, training model saved.
2026-08-06_08-59-14 Episode 89: New best reward 3.30, training model saved.
2026-08-06_08-59-17 Episode 96: New best reward 3.90, training model saved.
2026-08-06_08-59-26 Episode 116: New best reward 4.30, training model saved.
2026-08-06_08-59-29 Episode 123: New best reward 6.40, training model saved.
2026-08-06_08-59-33 Episode 132: New best reward 6.60, training model saved.
2026-08-06_08-59-56 Episode 184: New best reward 8.50, training model saved.
2026-08-06_09-00-34 Episode 266: New best reward 9.20, training model saved.
2026-08-06_09-01-29 Episode 385: New best reward 11.10, training model saved.
2026-08-06_09-03-43 Episode 637: New best reward 15.80, training model saved.
2026-08-06_09-07-13 Episode 963: New best reward 22.40, training model saved.
2026-08-06_09-07-40 Episode 1000: New best greedy reward 6.30, model saved.
2026-08-06_09-08-16 Episode 1044: New best reward 29.20, training model saved.
2026-08-06_09-09-58 Episode 1175: New best reward 37.00, training model saved.
2026-08-06_09-10-04 Episode 1178: New best reward 46.10, training model saved.
2026-08-06_09-12-56 Episode 1367: New best reward 57.70, training model saved.
2026-08-06_09-14-24 Episode 1426: New best reward 61.00, training model saved.
2026-08-06_09-14-53 Episode 1440: New best reward 90.80, training model saved.
2026-08-06_09-17-13 Episode 1529: New best reward 132.80, training model saved.
2026-08-06_09-30-20 Episode 1925: New best reward 139.70, training model saved.
2026-08-06_09-33-27 Episode 1992: New best reward 188.80, training model saved.
2026-08-06_09-34-04 Episode 2000: New best greedy reward 24.80, model saved.
2026-08-06_09-36-59 Episode 2068: New best reward 204.40, training model saved.
2026-08-06_09-43-26: Training starting...
Device: cuda
2026-08-06_09-43-27 Episode 0: New best reward -8.10, training model saved.
2026-08-06_09-43-27 Episode 0: New best greedy reward 2.00, model saved.
2026-08-06_09-43-27 Episode 1: New best reward -5.70, training model saved.
2026-08-06_09-43-54 Episode 63: New best reward -2.10, training model saved.
2026-08-06_09-43-58 Episode 73: New best reward -0.30, training model saved.
2026-08-06_09-44-04 Episode 85: New best reward 0.30, training model saved.
2026-08-06_09-44-05 Episode 89: New best reward 3.90, training model saved.
2026-08-06_09-44-17 Episode 116: New best reward 4.30, training model saved.
2026-08-06_09-44-20 Episode 123: New best reward 4.80, training model saved.
2026-08-06_09-44-27 Episode 141: New best reward 6.10, training model saved.
2026-08-06_09-44-39 Episode 167: New best reward 8.40, training model saved.
2026-08-06_09-45-03 Episode 219: New best reward 11.00, training model saved.
2026-08-06_09-45-36 Episode 285: New best reward 13.70, training model saved.
2026-08-06_09-50-26 Episode 793: New best reward 18.10, training model saved.
2026-08-06_09-52-45 Episode 1000: New best greedy reward 6.80, model saved.
2026-08-06_09-53-54 Episode 1095: New best reward 18.20, training model saved.
2026-08-06_09-54-23 Episode 1133: New best reward 22.60, training model saved.
2026-08-06_09-58-09 Episode 1441: New best reward 27.50, training model saved.
2026-08-06_09-58-12: Training starting...
Device: cuda
2026-08-06_09-58-12 Episode 0: New best reward -8.10, training model saved.
2026-08-06_09-58-12 Episode 0: New best greedy reward 2.00, model saved.
2026-08-06_09-58-13 Episode 1: New best reward -5.70, training model saved.
2026-08-06_09-58-32 Episode 46: New best reward -3.90, training model saved.
2026-08-06_09-58-36 Episode 56: New best reward -3.30, training model saved.
2026-08-06_09-58-39 Episode 63: New best reward -2.10, training model saved.
2026-08-06_09-58-43 Episode 73: New best reward 0.30, training model saved.
2026-08-06_09-58-50 Episode 89: New best reward 3.30, training model saved.
2026-08-06_09-58-53 Episode 96: New best reward 3.90, training model saved.
2026-08-06_09-59-20 Episode 162: New best reward 4.30, training model saved.
2026-08-06_09-59-22 Episode 164: New best reward 8.40, training model saved.
2026-08-06_10-00-01 Episode 257: New best reward 10.60, training model saved.
2026-08-06_10-01-37 Episode 469: New best reward 10.80, training model saved.
2026-08-06_10-03-19 Episode 646: New best reward 12.90, training model saved.
2026-08-06_10-03-25 Episode 656: New best reward 13.60, training model saved.
2026-08-06_10-04-02 Episode 718: New best reward 13.70, training model saved.
2026-08-06_10-04-17 Episode 741: New best reward 15.60, training model saved.
2026-08-06_10-04-44 Episode 779: New best reward 20.80, training model saved.
2026-08-06_10-06-50 Episode 974: New best reward 32.10, training model saved.
2026-08-06_10-07-08 Episode 1000: New best greedy reward 4.30, model saved.
2026-08-06_10-10-08 Episode 1221: New best reward 33.00, training model saved.
2026-08-06_10-10-57 Episode 1277: New best reward 36.40, training model saved.
2026-08-06_10-11-19 Episode 1292: New best reward 39.30, training model saved.
2026-08-06_10-11-25 Episode 1297: New best reward 43.40, training model saved.
2026-08-06_10-11-52 Episode 1312: New best reward 65.30, training model saved.
2026-08-06_10-12-27 Episode 1339: New best reward 76.80, training model saved.
2026-08-06_10-13-57 Episode 1392: New best reward 87.90, training model saved.
2026-08-06_10-14-11 Episode 1397: New best reward 95.20, training model saved.
2026-08-06_10-17-58 Episode 1537: New best reward 146.80, training model saved.
2026-08-06_10-22-36 Episode 1679: New best reward 202.80, training model saved.
2026-08-06_10-27-01 Episode 1765: New best reward 247.60, training model saved.
2026-08-06_10-28-37 Episode 1787: New best reward 331.60, training model saved.
2026-08-06_10-37-47 Episode 1943: New best reward 496.10, training model saved.
2026-08-06_10-39-43 Episode 1957: New best reward 569.00, training model saved.
2026-08-06_10-40-21: Training starting...
Device: cuda
2026-08-06_10-40-22 Episode 0: New best reward -8.10, training model saved.
2026-08-06_10-40-22 Episode 0: New best greedy reward 2.00, model saved.
2026-08-06_10-40-22 Episode 1: New best reward -5.70, training model saved.
2026-08-06_10-40-55 Episode 81: New best reward -2.10, training model saved.
2026-08-06_10-40-57 Episode 85: New best reward 0.30, training model saved.
2026-08-06_10-40-58 Episode 89: New best reward 0.90, training model saved.
2026-08-06_10-41-27 Episode 162: New best reward 1.50, training model saved.
2026-08-06_10-41-29 Episode 164: New best reward 3.90, training model saved.
2026-08-06_10-42-05 Episode 251: New best reward 8.40, training model saved.
2026-08-06_10-43-10 Episode 402: New best reward 10.50, training model saved.
2026-08-06_10-44-51 Episode 640: New best reward 12.90, training model saved.
2026-08-06_10-48-14 Episode 1055: New best reward 15.80, training model saved.
2026-08-06_10-50-14 Episode 1276: New best reward 17.90, training model saved.
2026-08-06_10-53-40 Episode 1608: New best reward 22.40, training model saved.
2026-08-06_10-54-52: Training starting...
Device: cuda
2026-08-06_10-54-53 Episode 0: New best reward -8.10, training model saved.
2026-08-06_10-54-53 Episode 0: New best greedy reward 2.00, model saved.
2026-08-06_10-54-53 Episode 1: New best reward -5.70, training model saved.
2026-08-06_10-55-22 Episode 73: New best reward -4.50, training model saved.
2026-08-06_10-55-26 Episode 81: New best reward -1.50, training model saved.
2026-08-06_10-55-28 Episode 85: New best reward 0.30, training model saved.
2026-08-06_10-55-29 Episode 89: New best reward 2.10, training model saved.
2026-08-06_10-55-32 Episode 96: New best reward 3.90, training model saved.
2026-08-06_10-55-45 Episode 127: New best reward 4.90, training model saved.
2026-08-06_10-56-00 Episode 163: New best reward 6.50, training model saved.
2026-08-06_10-56-02 Episode 166: New best reward 11.20, training model saved.
2026-08-06_10-58-43 Episode 504: New best reward 15.40, training model saved.
2026-08-06_11-00-03 Episode 651: New best reward 23.50, training model saved.
2026-08-06_11-02-47 Episode 887: New best reward 26.90, training model saved.
2026-08-06_11-02-49 Episode 888: New best reward 27.90, training model saved.
2026-08-06_11-02-55 Episode 894: New best reward 37.30, training model saved.
2026-08-06_11-03-34 Episode 930: New best reward 47.00, training model saved.
2026-08-06_11-03-53 Episode 946: New best reward 62.80, training model saved.
2026-08-06_11-04-14 Episode 960: New best reward 68.90, training model saved.
2026-08-06_11-05-02 Episode 1000: New best greedy reward 33.00, model saved.
2026-08-06_11-05-32 Episode 1018: New best reward 74.50, training model saved.
2026-08-06_11-09-08 Episode 1141: New best reward 82.90, training model saved.
2026-08-06_11-09-27 Episode 1151: New best reward 93.50, training model saved.
2026-08-06_11-11-46 Episode 1237: New best reward 134.80, training model saved.
2026-08-06_11-12-36 Episode 1259: New best reward 219.30, training model saved.
2026-08-06_11-23-21 Episode 1459: New best reward 228.00, training model saved.
2026-08-06_11-24-07 Episode 1466: New best reward 306.90, training model saved.
2026-08-06_11-37-43: Training starting...
Device: cuda
2026-08-06_11-37-43 Episode 0: New best reward -8.10, training model saved.
2026-08-06_11-37-43 Episode 0: New best greedy reward 2.00, model saved.
2026-08-06_11-37-44 Episode 1: New best reward -5.70, training model saved.
2026-08-06_11-38-16 Episode 81: New best reward -2.70, training model saved.
2026-08-06_11-38-18 Episode 85: New best reward 0.30, training model saved.
2026-08-06_11-38-34 Episode 123: New best reward 3.90, training model saved.
2026-08-06_11-38-50 Episode 164: New best reward 4.00, training model saved.
2026-08-06_11-39-00 Episode 190: New best reward 4.30, training model saved.
2026-08-06_11-39-08 Episode 208: New best reward 4.50, training model saved.
2026-08-06_11-39-11 Episode 216: New best reward 4.90, training model saved.
2026-08-06_11-39-25 Episode 249: New best reward 6.70, training model saved.
2026-08-06_11-39-46 Episode 300: New best reward 8.40, training model saved.
2026-08-06_11-39-50 Episode 308: New best reward 8.50, training model saved.
2026-08-06_11-42-34 Episode 654: New best reward 10.60, training model saved.
2026-08-06_11-42-36 Episode 657: New best reward 12.90, training model saved.
2026-08-06_11-42-51 Episode 686: New best reward 13.70, training model saved.
2026-08-06_11-43-06 Episode 715: New best reward 13.90, training model saved.
2026-08-06_11-43-10 Episode 721: New best reward 15.20, training model saved.
2026-08-06_11-43-16 Episode 732: New best reward 15.70, training model saved.
2026-08-06_11-43-21 Episode 738: New best reward 19.10, training model saved.
2026-08-06_11-43-37 Episode 763: New best reward 20.50, training model saved.
2026-08-06_11-44-11 Episode 808: New best reward 20.70, training model saved.
2026-08-06_11-44-13 Episode 810: New best reward 25.10, training model saved.
2026-08-06_11-44-42 Episode 849: New best reward 34.20, training model saved.
2026-08-06_11-45-10 Episode 890: New best reward 37.20, training model saved.
2026-08-06_11-46-11 Episode 958: New best reward 46.10, training model saved.
2026-08-06_11-46-58 Episode 1000: New best greedy reward 4.00, model saved.
2026-08-06_11-47-02 Episode 1001: New best reward 53.20, training model saved.
2026-08-06_11-47-26 Episode 1020: New best reward 55.70, training model saved.
2026-08-06_11-47-33 Episode 1023: New best reward 65.10, training model saved.
2026-08-06_11-47-50 Episode 1029: New best reward 81.20, training model saved.
2026-08-06_11-50-07 Episode 1134: New best reward 82.90, training model saved.
2026-08-06_11-53-16 Episode 1262: New best reward 109.30, training model saved.
2026-08-06_11-56-52 Episode 1369: New best reward 152.90, training model saved.
2026-08-06_12-00-50 Episode 1482: New best reward 162.70, training model saved.
2026-08-06_12-07-46 Episode 1675: New best reward 167.90, training model saved.
2026-08-06_12-08-57 Episode 1690: New best reward 359.10, training model saved.
2026-08-06_12-20-03: Training starting...
Device: cuda
2026-08-06_12-20-03 Episode 0: New best reward -8.10, training model saved.
2026-08-06_12-20-03 Episode 0: New best greedy reward 2.00, model saved.
2026-08-06_12-20-04 Episode 1: New best reward -5.70, training model saved.
2026-08-06_12-20-36 Episode 81: New best reward -2.10, training model saved.
2026-08-06_12-20-38 Episode 85: New best reward 0.30, training model saved.
2026-08-06_12-21-21 Episode 195: New best reward 2.10, training model saved.
2026-08-06_12-21-28 Episode 211: New best reward 2.70, training model saved.
2026-08-06_12-21-37 Episode 235: New best reward 3.90, training model saved.
2026-08-06_12-21-44 Episode 250: New best reward 4.30, training model saved.
2026-08-06_12-21-58 Episode 287: New best reward 4.50, training model saved.
2026-08-06_12-22-16 Episode 329: New best reward 4.80, training model saved.
2026-08-06_12-22-20 Episode 337: New best reward 4.90, training model saved.
2026-08-06_12-22-27 Episode 355: New best reward 6.10, training model saved.
2026-08-06_12-22-36 Episode 378: New best reward 10.70, training model saved.
2026-08-06_12-27-06 Episode 1000: New best greedy reward 6.20, model saved.
2026-08-06_12-28-22 Episode 1138: New best reward 13.50, training model saved.
2026-08-06_12-28-55 Episode 1187: New best reward 18.00, training model saved.
2026-08-06_12-29-55 Episode 1283: New best reward 19.00, training model saved.
2026-08-06_12-30-06 Episode 1297: New best reward 23.10, training model saved.
2026-08-06_12-30-48 Episode 1351: New best reward 23.50, training model saved.
2026-08-06_12-30-54 Episode 1358: New best reward 25.20, training model saved.
2026-08-06_12-31-02 Episode 1368: New best reward 26.90, training model saved.
2026-08-06_12-31-43 Episode 1405: New best reward 81.10, training model saved.
2026-08-06_12-34-09 Episode 1506: New best reward 108.90, training model saved.
2026-08-06_12-36-07 Episode 1552: New best reward 140.00, training model saved.
2026-08-06_12-38-10 Episode 1607: New best reward 303.40, training model saved.
2026-08-06_12-45-09 Episode 1696: New best reward 320.90, training model saved.
2026-08-06_12-48-35 Episode 1723: New best reward 417.30, training model saved.
2026-08-06_13-00-47 Episode 1878: New best reward 452.90, training model saved.
2026-08-06_13-01-32: Training starting...
Device: cuda
2026-08-06_13-01-32 Episode 0: New best reward -8.10, training model saved.
2026-08-06_13-01-33 Episode 0: New best greedy reward 2.00, model saved.
2026-08-06_13-01-33 Episode 1: New best reward -5.70, training model saved.
2026-08-06_13-02-08 Episode 81: New best reward -2.10, training model saved.
2026-08-06_13-02-09 Episode 85: New best reward 0.30, training model saved.
2026-08-06_13-02-11 Episode 89: New best reward 0.90, training model saved.
2026-08-06_13-02-39 Episode 162: New best reward 2.10, training model saved.
2026-08-06_13-02-43 Episode 164: New best reward 3.90, training model saved.
2026-08-06_13-03-20 Episode 251: New best reward 8.40, training model saved.
2026-08-06_13-05-28 Episode 547: New best reward 9.20, training model saved.
2026-08-06_13-06-20 Episode 660: New best reward 11.00, training model saved.
2026-08-06_13-07-07 Episode 764: New best reward 12.90, training model saved.
2026-08-06_13-12-42 Episode 1396: New best reward 13.30, training model saved.
2026-08-06_13-12-53 Episode 1418: New best reward 14.00, training model saved.
2026-08-06_13-15-59 Episode 1706: New best reward 23.20, training model saved.
2026-08-06_13-18-24 Episode 1915: New best reward 26.90, training model saved.
2026-08-06_13-19-28 Episode 2000: New best greedy reward 9.00, model saved.
2026-08-06_13-20-45 Episode 2107: New best reward 36.80, training model saved.
2026-08-06_13-23-17 Episode 2267: New best reward 39.30, training model saved.
2026-08-06_13-23-57 Episode 2304: New best reward 40.90, training model saved.
2026-08-06_13-25-11 Episode 2372: New best reward 65.10, training model saved.
2026-08-06_13-31-09 Episode 2662: New best reward 71.60, training model saved.
2026-08-06_13-34-04 Episode 2783: New best reward 121.10, training model saved.
2026-08-06_13-36-29 Episode 2854: New best reward 127.30, training model saved.
2026-08-06_13-41-35 Episode 3000: New best greedy reward 272.80, model saved.
2026-08-06_13-44-06 Episode 3057: New best reward 155.20, training model saved.
2026-08-06_13-45-16: Training starting...
Device: cuda
2026-08-06_13-45-17 Episode 0: New best reward -8.10, training model saved.
2026-08-06_13-45-17 Episode 0: New best greedy reward 2.00, model saved.
2026-08-06_13-45-17 Episode 1: New best reward -5.70, training model saved.
2026-08-06_13-45-50 Episode 81: New best reward -2.70, training model saved.
2026-08-06_13-45-51 Episode 85: New best reward 0.30, training model saved.
2026-08-06_13-45-53 Episode 89: New best reward 2.10, training model saved.
2026-08-06_13-45-59 Episode 105: New best reward 2.70, training model saved.
2026-08-06_13-46-01 Episode 110: New best reward 3.90, training model saved.
2026-08-06_13-46-07 Episode 123: New best reward 4.10, training model saved.
2026-08-06_13-46-15 Episode 144: New best reward 6.60, training model saved.
2026-08-06_13-46-28 Episode 175: New best reward 8.40, training model saved.
2026-08-06_13-46-36 Episode 193: New best reward 11.10, training model saved.
2026-08-06_13-50-07: Training starting...
Device: cuda
2026-08-06_13-50-08 Episode 0: New best reward -8.10, training model saved.
2026-08-06_13-50-08 Episode 0: New best greedy reward 2.00, model saved.
2026-08-06_13-50-09 Episode 1: New best reward -5.70, training model saved.
2026-08-06_13-50-26 Episode 43: New best reward -3.90, training model saved.
2026-08-06_13-50-31 Episode 56: New best reward -3.30, training model saved.
2026-08-06_13-50-34 Episode 63: New best reward 0.30, training model saved.
2026-08-06_13-50-38 Episode 73: New best reward 0.90, training model saved.
2026-08-06_13-50-42 Episode 82: New best reward 3.90, training model saved.
2026-08-06_13-50-59 Episode 123: New best reward 4.00, training model saved.
2026-08-06_13-50-59 Episode 124: New best reward 4.60, training model saved.
2026-08-06_13-51-00 Episode 126: New best reward 6.40, training model saved.
2026-08-06_13-51-02 Episode 130: New best reward 6.70, training model saved.
2026-08-06_13-51-44 Episode 232: New best reward 6.80, training model saved.
2026-08-06_13-52-53 Episode 388: New best reward 7.80, training model saved.
2026-08-06_13-53-36 Episode 478: New best reward 8.40, training model saved.
2026-08-06_13-55-04: Training starting...
Device: cuda
2026-08-06_13-55-05 Episode 0: New best reward -8.10, training model saved.
2026-08-06_13-55-05 Episode 0: New best greedy reward 2.00, model saved.
2026-08-06_13-55-05 Episode 1: New best reward -5.70, training model saved.
2026-08-06_13-55-30 Episode 63: New best reward -3.30, training model saved.
2026-08-06_13-55-34 Episode 73: New best reward 0.90, training model saved.
2026-08-06_13-55-40 Episode 85: New best reward 2.70, training model saved.
2026-08-06_13-55-44 Episode 96: New best reward 3.90, training model saved.
2026-08-06_13-55-55 Episode 123: New best reward 4.00, training model saved.
2026-08-06_13-55-57 Episode 126: New best reward 4.40, training model saved.
2026-08-06_13-56-06 Episode 149: New best reward 5.00, training model saved.
2026-08-06_13-56-20 Episode 183: New best reward 8.60, training model saved.
2026-08-06_13-57-38 Episode 363: New best reward 18.80, training model saved.
2026-08-06_14-00-00: Training starting...
Device: cuda
2026-08-06_14-00-00 Episode 0: New best reward -8.10, training model saved.
2026-08-06_14-00-01 Episode 0: New best greedy reward 2.00, model saved.
2026-08-06_14-00-01 Episode 1: New best reward -5.70, training model saved.
2026-08-06_14-00-34 Episode 81: New best reward -2.70, training model saved.
2026-08-06_14-00-35 Episode 85: New best reward 0.30, training model saved.
2026-08-06_14-00-37 Episode 89: New best reward 2.10, training model saved.
2026-08-06_14-00-51 Episode 123: New best reward 6.10, training model saved.
2026-08-06_14-00-54 Episode 130: New best reward 6.20, training model saved.
2026-08-06_14-01-27 Episode 210: New best reward 8.70, training model saved.
2026-08-06_14-01-28 Episode 211: New best reward 10.70, training model saved.
2026-08-06_14-03-53 Episode 539: New best reward 15.50, training model saved.
2026-08-06_14-04-52: Training starting...
Device: cuda
2026-08-06_14-04-52 Episode 0: New best reward -8.10, training model saved.
2026-08-06_14-04-53 Episode 0: New best greedy reward 2.00, model saved.
2026-08-06_14-04-53 Episode 1: New best reward -5.70, training model saved.
2026-08-06_14-05-25 Episode 81: New best reward -2.10, training model saved.
2026-08-06_14-06-52 Episode 299: New best reward -0.30, training model saved.
2026-08-06_14-07-16 Episode 358: New best reward 1.50, training model saved.
2026-08-06_14-07-34 Episode 405: New best reward 2.10, training model saved.
2026-08-06_14-07-42 Episode 423: New best reward 3.90, training model saved.
2026-08-06_14-08-40 Episode 569: New best reward 4.00, training model saved.
2026-08-06_14-09-24 Episode 677: New best reward 4.70, training model saved.
2026-08-06_14-09-46 Episode 734: New best reward 6.00, training model saved.
2026-08-06_14-10-20: Training starting...
Device: cuda
2026-08-06_14-10-20 Episode 0: New best reward -8.10, training model saved.
2026-08-06_14-10-21 Episode 0: New best greedy reward 2.00, model saved.
2026-08-06_14-10-21 Episode 1: New best reward -5.70, training model saved.
2026-08-06_14-10-54 Episode 81: New best reward -2.70, training model saved.
2026-08-06_14-10-56 Episode 85: New best reward 0.30, training model saved.
2026-08-06_14-11-27 Episode 162: New best reward 1.50, training model saved.
2026-08-06_14-11-43 Episode 200: New best reward 3.90, training model saved.
2026-08-06_14-11-57 Episode 235: New best reward 4.60, training model saved.
2026-08-06_14-12-23 Episode 296: New best reward 4.70, training model saved.
2026-08-06_14-12-40 Episode 336: New best reward 4.90, training model saved.
2026-08-06_14-12-49 Episode 359: New best reward 5.00, training model saved.
2026-08-06_14-13-02 Episode 390: New best reward 6.50, training model saved.
2026-08-06_14-13-36 Episode 468: New best reward 8.40, training model saved.
2026-08-06_14-14-46 Episode 611: New best reward 8.60, training model saved.
2026-08-06_14-15-15 Episode 665: New best reward 9.20, training model saved.
2026-08-06_14-15-33 Episode 696: New best reward 10.60, training model saved.
2026-08-06_14-17-29 Episode 903: New best reward 12.90, training model saved.
2026-08-06_14-18-31 Episode 1000: New best greedy reward 3.90, model saved.
2026-08-06_14-18-58 Episode 1035: New best reward 32.10, training model saved.
2026-08-06_14-19-36 Episode 1072: New best reward 41.60, training model saved.
2026-08-06_14-21-12 Episode 1185: New best reward 41.70, training model saved.
2026-08-06_14-21-34 Episode 1206: New best reward 43.20, training model saved.
2026-08-06_14-24-15 Episode 1391: New best reward 55.60, training model saved.
2026-08-06_14-24-37: Training starting...
Device: cuda
2026-08-06_14-24-37 Episode 0: New best reward -8.10, training model saved.
2026-08-06_14-24-37 Episode 0: New best greedy reward 2.00, model saved.
2026-08-06_14-24-38 Episode 1: New best reward -5.70, training model saved.
2026-08-06_14-25-12 Episode 81: New best reward -2.70, training model saved.
2026-08-06_14-25-14 Episode 85: New best reward 0.30, training model saved.
2026-08-06_14-25-30 Episode 123: New best reward 3.90, training model saved.
2026-08-06_14-26-11 Episode 218: New best reward 4.20, training model saved.
2026-08-06_14-26-35 Episode 273: New best reward 5.00, training model saved.
2026-08-06_14-26-50 Episode 309: New best reward 6.70, training model saved.
2026-08-06_14-27-10 Episode 354: New best reward 8.40, training model saved.
2026-08-06_14-27-45 Episode 424: New best reward 12.90, training model saved.
2026-08-06_14-31-43 Episode 874: New best reward 13.40, training model saved.
2026-08-06_14-33-00 Episode 1000: New best greedy reward 6.40, model saved.
2026-08-06_14-33-41 Episode 1064: New best reward 15.80, training model saved.
2026-08-06_14-33-46 Episode 1071: New best reward 20.40, training model saved.
2026-08-06_14-35-32 Episode 1235: New best reward 22.80, training model saved.
2026-08-06_14-38-07 Episode 1452: New best reward 22.90, training model saved.
2026-08-06_14-38-58 Episode 1514: New best reward 27.60, training model saved.
2026-08-06_14-39-54 Episode 1578: New best reward 28.00, training model saved.
2026-08-06_14-40-02 Episode 1585: New best reward 31.90, training model saved.
2026-08-06_14-40-07 Episode 1589: New best reward 32.50, training model saved.
2026-08-06_14-40-10 Episode 1591: New best reward 36.80, training model saved.
2026-08-06_14-43-05 Episode 1772: New best reward 37.50, training model saved.
2026-08-06_14-43-14 Episode 1776: New best reward 62.70, training model saved.
2026-08-06_14-44-52 Episode 1846: New best reward 64.40, training model saved.
2026-08-06_14-45-13 Episode 1858: New best reward 69.80, training model saved.
2026-08-06_14-46-44 Episode 1909: New best reward 74.60, training model saved.
2026-08-06_14-48-14 Episode 1964: New best reward 144.50, training model saved.
2026-08-06_14-49-20 Episode 2000: New best greedy reward 71.80, model saved.
2026-08-06_15-04-03 Episode 2465: New best reward 191.20, training model saved.
2026-08-06_15-05-57 Episode 2513: New best reward 209.80, training model saved.
2026-08-06_15-08-33: Training starting...
Device: cuda
2026-08-06_15-08-33 Episode 0: New best reward -8.10, training model saved.
2026-08-06_15-08-34 Episode 0: New best greedy reward 2.00, model saved.
2026-08-06_15-08-34 Episode 1: New best reward -5.70, training model saved.
2026-08-06_15-08-59 Episode 63: New best reward -4.50, training model saved.
2026-08-06_15-09-03 Episode 73: New best reward -0.30, training model saved.
2026-08-06_15-09-08 Episode 85: New best reward 0.30, training model saved.
2026-08-06_15-09-09 Episode 89: New best reward 2.10, training model saved.
2026-08-06_15-09-12 Episode 96: New best reward 3.90, training model saved.
2026-08-06_15-09-50 Episode 190: New best reward 4.60, training model saved.
2026-08-06_15-09-59 Episode 211: New best reward 6.40, training model saved.
2026-08-06_15-10-00 Episode 213: New best reward 8.40, training model saved.
2026-08-06_15-12-28 Episode 556: New best reward 8.50, training model saved.
2026-08-06_15-12-39 Episode 580: New best reward 13.90, training model saved.
2026-08-06_15-13-24: Training starting...
Device: cuda
2026-08-06_15-13-24 Episode 0: New best reward -8.10, training model saved.
2026-08-06_15-13-25 Episode 0: New best greedy reward 2.00, model saved.
2026-08-06_15-13-25 Episode 1: New best reward -5.70, training model saved.
2026-08-06_15-13-57 Episode 81: New best reward -2.10, training model saved.
2026-08-06_15-14-40 Episode 187: New best reward -0.30, training model saved.
2026-08-06_15-14-43 Episode 195: New best reward 0.30, training model saved.
2026-08-06_15-14-46 Episode 200: New best reward 3.30, training model saved.
2026-08-06_15-15-08 Episode 254: New best reward 3.90, training model saved.
2026-08-06_15-15-38 Episode 329: New best reward 4.00, training model saved.
2026-08-06_15-15-39 Episode 331: New best reward 4.70, training model saved.
2026-08-06_15-15-47 Episode 351: New best reward 5.00, training model saved.
2026-08-06_15-16-12 Episode 413: New best reward 6.80, training model saved.
2026-08-06_15-16-14 Episode 417: New best reward 9.30, training model saved.
2026-08-06_15-18-07 Episode 685: New best reward 11.20, training model saved.
2026-08-06_15-18-34 Episode 741: New best reward 20.60, training model saved.
2026-08-06_15-20-41 Episode 1000: New best greedy reward 4.50, model saved.
2026-08-06_15-25-15 Episode 1489: New best reward 22.90, training model saved.
2026-08-06_15-25-47 Episode 1528: New best reward 36.80, training model saved.
2026-08-06_15-25-59 Episode 1541: New best reward 37.20, training model saved.
2026-08-06_15-26-32 Episode 1569: New best reward 57.80, training model saved.
2026-08-06_15-27-30 Episode 1610: New best reward 64.40, training model saved.
2026-08-06_15-28-03 Episode 1626: New best reward 97.60, training model saved.
2026-08-06_15-32-45 Episode 1796: New best reward 126.10, training model saved.
2026-08-06_15-35-59 Episode 1876: New best reward 183.50, training model saved.
2026-08-06_15-38-02 Episode 1922: New best reward 188.70, training model saved.
2026-08-06_15-39-11 Episode 1952: New best reward 194.90, training model saved.
2026-08-06_15-41-40 Episode 1993: New best reward 205.10, training model saved.
2026-08-06_15-42-17 Episode 2000: New best greedy reward 36.40, model saved.
2026-08-06_15-43-11 Episode 2015: New best reward 211.10, training model saved.
2026-08-06_15-44-18 Episode 2024: New best reward 225.70, training model saved.
2026-08-06_15-47-30 Episode 2054: New best reward 253.80, training model saved.
2026-08-06_15-50-50 Episode 2077: New best reward 818.80, training model saved.
2026-08-06_15-59-15: Training starting...
Device: cuda
2026-08-06_15-59-15 Episode 0: New best reward -8.10, training model saved.
2026-08-06_15-59-16 Episode 0: New best greedy reward 2.00, model saved.
2026-08-06_15-59-16 Episode 1: New best reward -5.70, training model saved.
2026-08-06_15-59-49 Episode 81: New best reward -2.70, training model saved.
2026-08-06_15-59-50 Episode 85: New best reward 0.30, training model saved.
2026-08-06_15-59-52 Episode 89: New best reward 2.10, training model saved.
2026-08-06_16-00-06 Episode 123: New best reward 3.90, training model saved.
2026-08-06_16-00-22 Episode 162: New best reward 4.20, training model saved.
2026-08-06_16-00-42 Episode 211: New best reward 4.60, training model saved.
2026-08-06_16-01-00 Episode 254: New best reward 4.80, training model saved.
2026-08-06_16-01-14 Episode 286: New best reward 6.70, training model saved.
2026-08-06_16-01-14 Episode 287: New best reward 8.40, training model saved.
2026-08-06_16-02-07 Episode 405: New best reward 8.70, training model saved.
2026-08-06_16-02-10 Episode 412: New best reward 8.80, training model saved.
2026-08-06_16-02-15 Episode 421: New best reward 13.30, training model saved.
2026-08-06_16-02-32 Episode 454: New best reward 18.70, training model saved.
2026-08-06_16-04-08 Episode 628: New best reward 22.70, training model saved.
2026-08-06_16-04-28 Episode 654: New best reward 29.70, training model saved.
2026-08-06_16-05-14 Episode 706: New best reward 39.20, training model saved.
2026-08-06_16-05-49 Episode 739: New best reward 46.70, training model saved.
2026-08-06_16-07-01 Episode 806: New best reward 54.90, training model saved.
2026-08-06_16-09-59 Episode 955: New best reward 65.10, training model saved.
2026-08-06_16-10-57 Episode 1000: New best greedy reward 37.30, model saved.
2026-08-06_16-12-48 Episode 1065: New best reward 68.90, training model saved.
2026-08-06_16-13-31 Episode 1085: New best reward 79.20, training model saved.
2026-08-06_16-14-48 Episode 1130: New best reward 93.50, training model saved.
2026-08-06_16-15-29 Episode 1154: New best reward 104.20, training model saved.
2026-08-06_16-15-51 Episode 1159: New best reward 138.90, training model saved.
2026-08-06_16-20-44 Episode 1297: New best reward 191.30, training model saved.
2026-08-06_16-24-21 Episode 1383: New best reward 194.90, training model saved.
2026-08-06_16-24-46 Episode 1387: New best reward 225.40, training model saved.
2026-08-06_16-28-24 Episode 1434: New best reward 241.90, training model saved.
2026-08-06_16-37-20 Episode 1597: New best reward 263.30, training model saved.
2026-08-06_16-38-54 Episode 1613: New best reward 438.80, training model saved.
2026-08-06_16-41-39: Training starting...
Device: cuda
2026-08-06_16-41-40 Episode 0: New best reward -8.10, training model saved.
2026-08-06_16-41-40 Episode 0: New best greedy reward 2.00, model saved.
2026-08-06_16-41-40 Episode 1: New best reward -5.70, training model saved.
2026-08-06_16-42-09 Episode 73: New best reward -5.10, training model saved.
2026-08-06_16-42-13 Episode 81: New best reward -1.50, training model saved.
2026-08-06_16-42-14 Episode 85: New best reward 0.30, training model saved.
2026-08-06_16-42-16 Episode 89: New best reward 2.10, training model saved.
2026-08-06_16-42-19 Episode 96: New best reward 3.90, training model saved.
2026-08-06_16-42-46 Episode 162: New best reward 4.30, training model saved.
2026-08-06_16-43-03 Episode 203: New best reward 4.60, training model saved.
2026-08-06_16-43-07 Episode 213: New best reward 8.40, training model saved.
2026-08-06_16-44-19 Episode 383: New best reward 8.60, training model saved.
2026-08-06_16-44-22 Episode 390: New best reward 8.90, training model saved.
2026-08-06_16-44-40 Episode 427: New best reward 13.00, training model saved.
2026-08-06_16-49-44 Episode 994: New best reward 13.60, training model saved.
2026-08-06_16-49-46 Episode 997: New best reward 15.30, training model saved.
2026-08-06_16-49-49 Episode 1000: New best greedy reward 6.30, model saved.
2026-08-06_16-49-57 Episode 1011: New best reward 15.70, training model saved.
2026-08-06_16-49-59 Episode 1013: New best reward 17.90, training model saved.
2026-08-06_16-50-10 Episode 1029: New best reward 20.20, training model saved.
2026-08-06_16-50-27 Episode 1051: New best reward 25.10, training model saved.
2026-08-06_16-51-57 Episode 1174: New best reward 32.70, training model saved.
2026-08-06_16-53-37 Episode 1284: New best reward 36.70, training model saved.
2026-08-06_16-54-05 Episode 1308: New best reward 40.90, training model saved.
2026-08-06_16-54-12 Episode 1315: New best reward 43.40, training model saved.
2026-08-06_16-55-13 Episode 1354: New best reward 55.70, training model saved.
2026-08-06_16-56-35 Episode 1405: New best reward 79.40, training model saved.
2026-08-06_16-57-39 Episode 1442: New best reward 90.70, training model saved.
2026-08-06_16-59-22 Episode 1490: New best reward 110.90, training model saved.
2026-08-06_17-00-07 Episode 1506: New best reward 127.70, training model saved.
2026-08-06_17-01-53 Episode 1543: New best reward 134.90, training model saved.
2026-08-06_17-03-55 Episode 1578: New best reward 139.90, training model saved.
2026-08-06_17-05-02 Episode 1598: New best reward 149.10, training model saved.
2026-08-06_17-07-01 Episode 1649: New best reward 159.00, training model saved.
2026-08-06_17-09-44 Episode 1697: New best reward 306.90, training model saved.
2026-08-06_17-12-12 Episode 1739: New best reward 433.00, training model saved.
2026-08-06_17-16-22 Episode 1796: New best reward 473.30, training model saved.
2026-08-06_17-22-32 Episode 1872: New best reward 519.20, training model saved.
2026-08-06_17-23-20: Training starting...
Device: cuda
2026-08-06_17-23-21 Episode 0: New best reward -8.10, training model saved.
2026-08-06_17-23-21 Episode 0: New best greedy reward 2.00, model saved.
2026-08-06_17-23-22 Episode 1: New best reward -5.70, training model saved.
2026-08-06_17-23-47 Episode 63: New best reward -5.10, training model saved.
2026-08-06_17-23-55 Episode 81: New best reward -1.50, training model saved.
2026-08-06_17-23-56 Episode 85: New best reward 0.30, training model saved.
2026-08-06_17-23-58 Episode 89: New best reward 2.10, training model saved.
2026-08-06_17-24-12 Episode 123: New best reward 4.10, training model saved.
2026-08-06_17-24-21 Episode 144: New best reward 6.60, training model saved.
2026-08-06_17-25-22 Episode 290: New best reward 6.80, training model saved.
2026-08-06_17-25-23 Episode 291: New best reward 10.50, training model saved.
2026-08-06_17-27-44 Episode 599: New best reward 13.70, training model saved.
2026-08-06_17-29-25 Episode 794: New best reward 18.00, training model saved.
2026-08-06_17-29-28 Episode 799: New best reward 23.20, training model saved.
2026-08-06_17-31-23 Episode 1000: New best greedy reward 3.90, model saved.
2026-08-06_17-33-36 Episode 1207: New best reward 25.00, training model saved.
2026-08-06_17-34-19 Episode 1259: New best reward 25.30, training model saved.
2026-08-06_17-35-29 Episode 1340: New best reward 27.90, training model saved.
2026-08-06_17-35-31 Episode 1341: New best reward 29.70, training model saved.
2026-08-06_17-35-55 Episode 1368: New best reward 45.90, training model saved.
2026-08-06_17-36-47 Episode 1416: New best reward 46.20, training model saved.
2026-08-06_17-37-34: Training starting...
Device: cuda
2026-08-06_17-37-34 Episode 0: New best reward -8.10, training model saved.
2026-08-06_17-37-34 Episode 0: New best greedy reward 2.00, model saved.
2026-08-06_17-37-35 Episode 1: New best reward -5.70, training model saved.
2026-08-06_17-38-08 Episode 81: New best reward -2.10, training model saved.
2026-08-06_17-38-09 Episode 85: New best reward 0.30, training model saved.
2026-08-06_17-39-01 Episode 211: New best reward 2.70, training model saved.
2026-08-06_17-39-10 Episode 235: New best reward 3.30, training model saved.
2026-08-06_17-39-13 Episode 243: New best reward 3.90, training model saved.
2026-08-06_17-40-01 Episode 360: New best reward 6.70, training model saved.
2026-08-06_17-40-22 Episode 410: New best reward 8.40, training model saved.
2026-08-06_17-40-29 Episode 425: New best reward 8.50, training model saved.
2026-08-06_17-40-55 Episode 489: New best reward 9.00, training model saved.
2026-08-06_17-42-35: Training starting...
Device: cuda
2026-08-06_17-42-35 Episode 0: New best reward -8.10, training model saved.
2026-08-06_17-42-36 Episode 0: New best greedy reward 2.00, model saved.
2026-08-06_17-42-36 Episode 1: New best reward -5.70, training model saved.
2026-08-06_17-43-06 Episode 73: New best reward -5.10, training model saved.
2026-08-06_17-43-10 Episode 81: New best reward -1.50, training model saved.
2026-08-06_17-43-12 Episode 85: New best reward 0.30, training model saved.
2026-08-06_17-43-28 Episode 123: New best reward 3.90, training model saved.
2026-08-06_17-43-44 Episode 162: New best reward 4.00, training model saved.
2026-08-06_17-44-00 Episode 198: New best reward 4.20, training model saved.
2026-08-06_17-44-14 Episode 230: New best reward 4.30, training model saved.
2026-08-06_17-44-37 Episode 285: New best reward 4.70, training model saved.
2026-08-06_17-44-43 Episode 296: New best reward 6.00, training model saved.
2026-08-06_17-45-37 Episode 420: New best reward 6.20, training model saved.
2026-08-06_17-45-46 Episode 442: New best reward 6.50, training model saved.
2026-08-06_17-45-56 Episode 463: New best reward 6.60, training model saved.
2026-08-06_17-46-14 Episode 501: New best reward 6.70, training model saved.
2026-08-06_17-46-31 Episode 538: New best reward 6.80, training model saved.
2026-08-06_17-47-09 Episode 616: New best reward 10.80, training model saved.
2026-08-06_17-48-40 Episode 798: New best reward 11.20, training model saved.
2026-08-06_17-49-26 Episode 893: New best reward 11.70, training model saved.
2026-08-06_17-50-14 Episode 980: New best reward 18.00, training model saved.
2026-08-06_17-50-25 Episode 1000: New best greedy reward 5.00, model saved.
2026-08-06_17-50-28 Episode 1005: New best reward 18.30, training model saved.
2026-08-06_17-59-58 Episode 2066: New best reward 20.80, training model saved.
2026-08-06_18-00-24 Episode 2098: New best reward 32.70, training model saved.
2026-08-06_18-02-19 Episode 2275: New best reward 36.40, training model saved.
2026-08-06_18-09-29 Episode 3000: New best greedy reward 6.30, model saved.
2026-08-06_18-19-37 Episode 4000: New best greedy reward 12.90, model saved.
2026-08-06_18-25-58: Training starting...
Device: cuda
2026-08-06_18-25-59 Episode 0: New best reward -8.10, training model saved.
2026-08-06_18-25-59 Episode 0: New best greedy reward 2.00, model saved.
2026-08-06_18-25-59 Episode 1: New best reward -5.70, training model saved.
2026-08-06_18-26-29 Episode 73: New best reward -4.50, training model saved.
2026-08-06_18-26-34 Episode 81: New best reward -1.50, training model saved.
2026-08-06_18-26-35 Episode 85: New best reward 0.30, training model saved.
2026-08-06_18-26-37 Episode 89: New best reward 0.90, training model saved.
2026-08-06_18-26-52 Episode 123: New best reward 3.90, training model saved.
2026-08-06_18-27-29 Episode 211: New best reward 4.30, training model saved.
2026-08-06_18-27-39 Episode 235: New best reward 4.80, training model saved.
2026-08-06_18-28-02 Episode 287: New best reward 8.40, training model saved.
2026-08-06_18-31-13 Episode 691: New best reward 8.50, training model saved.
2026-08-06_18-32-13 Episode 803: New best reward 8.80, training model saved.
2026-08-06_18-32-30 Episode 832: New best reward 9.40, training model saved.
2026-08-06_18-32-35 Episode 841: New best reward 11.10, training model saved.
2026-08-06_18-32-48 Episode 863: New best reward 12.90, training model saved.
2026-08-06_18-32-56 Episode 877: New best reward 13.60, training model saved.
2026-08-06_18-33-21 Episode 914: New best reward 15.40, training model saved.
2026-08-06_18-33-25 Episode 921: New best reward 15.70, training model saved.
2026-08-06_18-34-17 Episode 1000: New best greedy reward 4.90, model saved.
2026-08-06_18-35-17 Episode 1089: New best reward 22.40, training model saved.
2026-08-06_18-37-55 Episode 1317: New best reward 27.70, training model saved.
2026-08-06_18-37-58 Episode 1319: New best reward 27.80, training model saved.
2026-08-06_18-38-30 Episode 1360: New best reward 27.90, training model saved.
2026-08-06_18-40-08 Episode 1477: New best reward 39.10, training model saved.
2026-08-06_18-40-19 Episode 1486: New best reward 43.70, training model saved.
2026-08-06_18-40-31 Episode 1493: New best reward 48.70, training model saved.
2026-08-06_18-40-56: Training starting...
Device: cuda
2026-08-06_18-40-57 Episode 0: New best reward -8.10, training model saved.
2026-08-06_18-40-57 Episode 0: New best greedy reward 2.00, model saved.
2026-08-06_18-40-57 Episode 1: New best reward -5.70, training model saved.
2026-08-06_18-41-23 Episode 63: New best reward -4.50, training model saved.
2026-08-06_18-41-27 Episode 73: New best reward -0.30, training model saved.
2026-08-06_18-41-32 Episode 85: New best reward 0.30, training model saved.
2026-08-06_18-41-33 Episode 89: New best reward 3.30, training model saved.
2026-08-06_18-41-36 Episode 96: New best reward 3.90, training model saved.
2026-08-06_18-42-06 Episode 168: New best reward 4.00, training model saved.
2026-08-06_18-42-11 Episode 180: New best reward 4.10, training model saved.
2026-08-06_18-42-12 Episode 183: New best reward 4.50, training model saved.
2026-08-06_18-42-58 Episode 295: New best reward 6.40, training model saved.
2026-08-06_18-44-10 Episode 463: New best reward 8.50, training model saved.
2026-08-06_18-44-14 Episode 470: New best reward 9.50, training model saved.
2026-08-06_18-44-29 Episode 502: New best reward 10.90, training model saved.
2026-08-06_18-44-42 Episode 528: New best reward 11.10, training model saved.
2026-08-06_18-45-00 Episode 562: New best reward 17.90, training model saved.
2026-08-06_18-47-01 Episode 797: New best reward 23.40, training model saved.
2026-08-06_18-47-06 Episode 804: New best reward 24.70, training model saved.
2026-08-06_18-47-43 Episode 855: New best reward 29.50, training model saved.
2026-08-06_18-47-52 Episode 866: New best reward 37.50, training model saved.
2026-08-06_18-48-29 Episode 896: New best reward 62.50, training model saved.
2026-08-06_18-49-52 Episode 973: New best reward 76.70, training model saved.
2026-08-06_18-50-25 Episode 1000: New best greedy reward 15.80, model saved.
2026-08-06_18-50-32 Episode 1002: New best reward 88.50, training model saved.
2026-08-06_18-53-14 Episode 1140: New best reward 130.00, training model saved.
2026-08-06_18-54-19 Episode 1162: New best reward 155.10, training model saved.
2026-08-06_18-56-14 Episode 1209: New best reward 247.50, training model saved.
2026-08-06_18-57-54 Episode 1244: New best reward 293.20, training model saved.
2026-08-06_19-00-12 Episode 1274: New best reward 449.10, training model saved.
2026-08-06_19-21-56 Episode 1552: New best reward 544.90, training model saved.
2026-08-06_19-22-49: Training starting...
Device: cuda
2026-08-06_19-22-50 Episode 0: New best reward -8.10, training model saved.
2026-08-06_19-22-50 Episode 0: New best greedy reward 2.00, model saved.
2026-08-06_19-22-50 Episode 1: New best reward -5.70, training model saved.
2026-08-06_19-23-17 Episode 63: New best reward -5.10, training model saved.
2026-08-06_19-23-25 Episode 81: New best reward -1.50, training model saved.
2026-08-06_19-23-26 Episode 85: New best reward 0.30, training model saved.
2026-08-06_19-23-42 Episode 123: New best reward 3.90, training model saved.
2026-08-06_19-23-58 Episode 162: New best reward 4.00, training model saved.
2026-08-06_19-24-21 Episode 216: New best reward 4.40, training model saved.
2026-08-06_19-24-28 Episode 232: New best reward 4.50, training model saved.
2026-08-06_19-24-29 Episode 234: New best reward 6.60, training model saved.
2026-08-06_19-24-35 Episode 247: New best reward 8.40, training model saved.
2026-08-06_19-27-25 Episode 594: New best reward 11.10, training model saved.
2026-08-06_19-29-50 Episode 867: New best reward 12.90, training model saved.
2026-08-06_19-30-36 Episode 943: New best reward 17.90, training model saved.
2026-08-06_19-30-45 Episode 955: New best reward 18.70, training model saved.
2026-08-06_19-31-13 Episode 1000: New best greedy reward 17.90, model saved.
2026-08-06_19-31-27 Episode 1019: New best reward 20.60, training model saved.
2026-08-06_19-32-03 Episode 1071: New best reward 22.50, training model saved.
2026-08-06_19-32-11 Episode 1079: New best reward 34.50, training model saved.
2026-08-06_19-34-08 Episode 1224: New best reward 36.40, training model saved.
2026-08-06_19-35-06 Episode 1297: New best reward 42.10, training model saved.
2026-08-06_19-37-44 Episode 1476: New best reward 46.50, training model saved.
2026-08-06_19-39-55 Episode 1624: New best reward 50.40, training model saved.
2026-08-06_19-40-17 Episode 1643: New best reward 55.90, training model saved.
2026-08-06_19-43-46 Episode 1834: New best reward 81.10, training model saved.
2026-08-06_19-44-16 Episode 1852: New best reward 88.50, training model saved.
2026-08-06_19-46-02 Episode 1924: New best reward 106.70, training model saved.
2026-08-06_20-02-39 Episode 2853: New best reward 136.90, training model saved.
2026-08-06_20-02-49 Episode 2854: New best reward 166.90, training model saved.
[worker] done. total trials in study: 400
2026-08-06_06-46-24: Training starting...
Device: cuda
2026-08-06_06-46-32 Episode 0: New best reward -8.10, training model saved.
2026-08-06_06-46-32 Episode 0: New best greedy reward 2.00, model saved.
2026-08-06_06-46-32 Episode 1: New best reward -5.70, training model saved.
2026-08-06_06-47-05 Episode 81: New best reward -2.10, training model saved.
2026-08-06_06-47-06 Episode 85: New best reward 0.30, training model saved.
2026-08-06_06-47-08 Episode 89: New best reward 1.50, training model saved.
2026-08-06_06-47-36 Episode 162: New best reward 3.90, training model saved.
2026-08-06_06-48-15 Episode 254: New best reward 4.40, training model saved.
2026-08-06_06-48-17 Episode 260: New best reward 6.00, training model saved.
2026-08-06_06-48-26 Episode 282: New best reward 6.60, training model saved.
2026-08-06_06-48-55 Episode 351: New best reward 8.40, training model saved.
2026-08-06_06-49-04 Episode 373: New best reward 9.30, training model saved.
2026-08-06_06-53-56 Episode 1062: New best reward 9.40, training model saved.
2026-08-06_06-54-23 Episode 1125: New best reward 10.60, training model saved.
2026-08-06_06-55-19 Episode 1255: New best reward 11.20, training model saved.
2026-08-06_06-55-44 Episode 1308: New best reward 11.30, training model saved.
2026-08-06_06-57-20 Episode 1513: New best reward 12.90, training model saved.
2026-08-06_06-59-10 Episode 1744: New best reward 13.10, training model saved.
2026-08-06_07-01-18 Episode 2000: New best greedy reward 2.80, model saved.
2026-08-06_07-01-56 Episode 2072: New best reward 15.40, training model saved.
2026-08-06_07-03-49 Episode 2284: New best reward 15.80, training model saved.
2026-08-06_07-05-57 Episode 2514: New best reward 20.80, training model saved.
2026-08-06_07-10-39 Episode 3000: New best greedy reward 6.80, model saved.
2026-08-06_07-12-41 Episode 3172: New best reward 22.40, training model saved.
2026-08-06_07-13-09 Episode 3207: New best reward 28.00, training model saved.
2026-08-06_07-14-13 Episode 3289: New best reward 31.90, training model saved.
2026-08-06_07-15-55 Episode 3417: New best reward 32.10, training model saved.
2026-08-06_07-17-49 Episode 3535: New best reward 40.90, training model saved.
2026-08-06_07-22-01 Episode 3801: New best reward 54.90, training model saved.
2026-08-06_07-24-12 Episode 3915: New best reward 76.80, training model saved.
2026-08-06_07-25-39 Episode 4000: New best greedy reward 27.80, model saved.
2026-08-06_07-29-08: Training starting...
Device: cuda
2026-08-06_07-29-09 Episode 0: New best reward -8.10, training model saved.
2026-08-06_07-29-09 Episode 0: New best greedy reward 2.00, model saved.
2026-08-06_07-29-10 Episode 1: New best reward -5.70, training model saved.
2026-08-06_07-29-44 Episode 81: New best reward -2.10, training model saved.
2026-08-06_07-30-01 Episode 123: New best reward 4.10, training model saved.
2026-08-06_07-30-56 Episode 254: New best reward 4.90, training model saved.
2026-08-06_07-31-11 Episode 288: New best reward 6.30, training model saved.
2026-08-06_07-31-12 Episode 292: New best reward 6.40, training model saved.
2026-08-06_07-31-22 Episode 316: New best reward 8.70, training model saved.
2026-08-06_07-32-20 Episode 451: New best reward 9.20, training model saved.
2026-08-06_07-34-18: Training starting...
Device: cuda
2026-08-06_07-34-19 Episode 0: New best reward -8.10, training model saved.
2026-08-06_07-34-19 Episode 0: New best greedy reward 2.00, model saved.
2026-08-06_07-34-20 Episode 1: New best reward -5.70, training model saved.
2026-08-06_07-34-46 Episode 63: New best reward -2.10, training model saved.
2026-08-06_07-34-50 Episode 73: New best reward -0.30, training model saved.
2026-08-06_07-34-56 Episode 85: New best reward 3.30, training model saved.
2026-08-06_07-34-57 Episode 89: New best reward 3.90, training model saved.
2026-08-06_07-35-09 Episode 116: New best reward 4.20, training model saved.
2026-08-06_07-35-13 Episode 123: New best reward 4.70, training model saved.
2026-08-06_07-35-15 Episode 129: New best reward 8.40, training model saved.
2026-08-06_07-36-06 Episode 240: New best reward 10.50, training model saved.
2026-08-06_07-41-16 Episode 816: New best reward 11.20, training model saved.
2026-08-06_07-43-13 Episode 985: New best reward 12.90, training model saved.
2026-08-06_07-43-17 Episode 989: New best reward 13.60, training model saved.
2026-08-06_07-43-26 Episode 1000: New best greedy reward 8.50, model saved.
2026-08-06_07-47-39 Episode 1342: New best reward 13.70, training model saved.
2026-08-06_07-47-48 Episode 1353: New best reward 29.70, training model saved.
2026-08-06_07-49-16: Training starting...
Device: cuda
2026-08-06_07-49-17 Episode 0: New best reward -8.10, training model saved.
2026-08-06_07-49-17 Episode 0: New best greedy reward 2.00, model saved.
2026-08-06_07-49-17 Episode 1: New best reward -5.70, training model saved.
2026-08-06_07-49-36 Episode 46: New best reward -3.90, training model saved.
2026-08-06_07-49-46 Episode 73: New best reward -0.30, training model saved.
2026-08-06_07-49-52 Episode 85: New best reward 0.30, training model saved.
2026-08-06_07-49-54 Episode 89: New best reward 0.90, training model saved.
2026-08-06_07-49-57 Episode 96: New best reward 3.90, training model saved.
2026-08-06_07-50-49 Episode 223: New best reward 4.20, training model saved.
2026-08-06_07-50-50 Episode 226: New best reward 4.70, training model saved.
2026-08-06_07-50-52 Episode 230: New best reward 6.70, training model saved.
2026-08-06_07-51-07 Episode 265: New best reward 8.40, training model saved.
2026-08-06_07-53-55 Episode 655: New best reward 9.40, training model saved.
2026-08-06_07-54-12 Episode 694: New best reward 15.10, training model saved.
2026-08-06_07-56-44 Episode 1000: New best greedy reward 3.90, model saved.
2026-08-06_07-57-03 Episode 1035: New best reward 17.30, training model saved.
2026-08-06_07-57-42 Episode 1102: New best reward 17.90, training model saved.
2026-08-06_07-58-27 Episode 1176: New best reward 18.90, training model saved.
2026-08-06_07-58-45 Episode 1196: New best reward 45.90, training model saved.
2026-08-06_08-02-11 Episode 1426: New best reward 57.10, training model saved.
2026-08-06_08-03-43 Episode 1521: New best reward 79.20, training model saved.
2026-08-06_08-05-31 Episode 1615: New best reward 92.40, training model saved.
2026-08-06_08-11-03 Episode 1791: New best reward 122.60, training model saved.
2026-08-06_08-11-18 Episode 1793: New best reward 157.90, training model saved.
2026-08-06_08-12-48 Episode 1815: New best reward 160.60, training model saved.
2026-08-06_08-13-03 Episode 1816: New best reward 227.90, training model saved.
2026-08-06_08-16-47 Episode 1873: New best reward 277.30, training model saved.
2026-08-06_08-20-38 Episode 1920: New best reward 359.10, training model saved.
2026-08-06_08-27-04 Episode 1998: New best reward 389.30, training model saved.
2026-08-06_08-27-44 Episode 2000: New best reward 512.40, training model saved.
2026-08-06_08-28-22 Episode 2000: New best greedy reward 755.00, model saved.
2026-08-06_08-57-51: Training starting...
Device: cuda
2026-08-06_08-57-51 Episode 0: New best reward -8.10, training model saved.
2026-08-06_08-57-52 Episode 0: New best greedy reward 2.00, model saved.
2026-08-06_08-57-52 Episode 1: New best reward -5.70, training model saved.
2026-08-06_08-58-26 Episode 81: New best reward -2.10, training model saved.
2026-08-06_08-58-27 Episode 85: New best reward 0.30, training model saved.
2026-08-06_08-58-58 Episode 162: New best reward 1.50, training model saved.
2026-08-06_08-59-13 Episode 195: New best reward 2.10, training model saved.
2026-08-06_08-59-15 Episode 200: New best reward 3.90, training model saved.
2026-08-06_08-59-38 Episode 250: New best reward 6.70, training model saved.
2026-08-06_08-59-52 Episode 287: New best reward 8.40, training model saved.
2026-08-06_09-01-52 Episode 559: New best reward 8.80, training model saved.
2026-08-06_09-02-18 Episode 618: New best reward 11.10, training model saved.
2026-08-06_09-05-05 Episode 965: New best reward 11.30, training model saved.
2026-08-06_09-05-24 Episode 1000: New best greedy reward 3.90, model saved.
2026-08-06_09-05-36 Episode 1023: New best reward 13.30, training model saved.
2026-08-06_09-06-06 Episode 1075: New best reward 13.50, training model saved.
2026-08-06_09-11-29 Episode 1589: New best reward 15.70, training model saved.
2026-08-06_09-12-11 Episode 1645: New best reward 17.90, training model saved.
2026-08-06_09-12-14 Episode 1649: New best reward 20.20, training model saved.
2026-08-06_09-12-24 Episode 1657: New best reward 23.00, training model saved.
2026-08-06_09-12-27 Episode 1659: New best reward 27.40, training model saved.
2026-08-06_09-12-34 Episode 1667: New best reward 27.90, training model saved.
2026-08-06_09-12-58 Episode 1699: New best reward 36.90, training model saved.
2026-08-06_09-13-57 Episode 1769: New best reward 40.90, training model saved.
2026-08-06_09-16-47 Episode 1945: New best reward 41.80, training model saved.
2026-08-06_09-17-39 Episode 1998: New best reward 50.40, training model saved.
2026-08-06_09-17-43 Episode 2000: New best greedy reward 29.20, model saved.
2026-08-06_09-19-01 Episode 2060: New best reward 69.90, training model saved.
2026-08-06_09-20-31 Episode 2127: New best reward 85.10, training model saved.
2026-08-06_09-23-56 Episode 2255: New best reward 92.40, training model saved.
2026-08-06_09-27-00 Episode 2378: New best reward 134.40, training model saved.
2026-08-06_09-31-05 Episode 2483: New best reward 149.10, training model saved.
2026-08-06_09-35-17 Episode 2576: New best reward 195.90, training model saved.
2026-08-06_09-35-48 Episode 2580: New best reward 234.70, training model saved.
2026-08-06_09-37-23 Episode 2599: New best reward 384.70, training model saved.
2026-08-06_09-41-28: Training starting...
Device: cuda
2026-08-06_09-41-28 Episode 0: New best reward -8.10, training model saved.
2026-08-06_09-41-28 Episode 0: New best greedy reward 2.00, model saved.
2026-08-06_09-41-29 Episode 1: New best reward -5.70, training model saved.
2026-08-06_09-41-48 Episode 46: New best reward -4.50, training model saved.
2026-08-06_09-41-59 Episode 73: New best reward -2.10, training model saved.
2026-08-06_09-42-03 Episode 81: New best reward -1.50, training model saved.
2026-08-06_09-42-05 Episode 83: New best reward -0.90, training model saved.
2026-08-06_09-42-05 Episode 85: New best reward -0.30, training model saved.
2026-08-06_09-42-07 Episode 89: New best reward 0.90, training model saved.
2026-08-06_09-42-22 Episode 123: New best reward 3.90, training model saved.
2026-08-06_09-42-58 Episode 206: New best reward 4.80, training model saved.
2026-08-06_09-45-08 Episode 507: New best reward 6.40, training model saved.
2026-08-06_09-46-48: Training starting...
Device: cuda
2026-08-06_09-46-48 Episode 0: New best reward -8.10, training model saved.
2026-08-06_09-46-48 Episode 0: New best greedy reward 2.00, model saved.
2026-08-06_09-46-49 Episode 1: New best reward -5.70, training model saved.
2026-08-06_09-47-15 Episode 63: New best reward -3.90, training model saved.
2026-08-06_09-47-19 Episode 73: New best reward -0.30, training model saved.
2026-08-06_09-47-25 Episode 85: New best reward 2.70, training model saved.
2026-08-06_09-47-29 Episode 96: New best reward 3.90, training model saved.
2026-08-06_09-47-37 Episode 113: New best reward 4.60, training model saved.
2026-08-06_09-47-46 Episode 135: New best reward 4.70, training model saved.
2026-08-06_09-48-23 Episode 218: New best reward 8.40, training model saved.
2026-08-06_09-50-41 Episode 502: New best reward 9.20, training model saved.
2026-08-06_09-50-42 Episode 505: New best reward 10.50, training model saved.
2026-08-06_09-52-10 Episode 663: New best reward 18.20, training model saved.
2026-08-06_09-54-25 Episode 873: New best reward 20.40, training model saved.
2026-08-06_09-54-31 Episode 878: New best reward 29.40, training model saved.
2026-08-06_09-55-54 Episode 1000: New best greedy reward 4.90, model saved.
2026-08-06_10-01-30: Training starting...
Device: cuda
2026-08-06_10-01-31 Episode 0: New best reward -8.10, training model saved.
2026-08-06_10-01-31 Episode 0: New best greedy reward 2.00, model saved.
2026-08-06_10-01-31 Episode 1: New best reward -5.70, training model saved.
2026-08-06_10-01-57 Episode 63: New best reward -1.50, training model saved.
2026-08-06_10-02-01 Episode 73: New best reward -0.30, training model saved.
2026-08-06_10-02-06 Episode 84: New best reward 0.90, training model saved.
2026-08-06_10-02-06 Episode 85: New best reward 3.90, training model saved.
2026-08-06_10-02-16 Episode 110: New best reward 4.00, training model saved.
2026-08-06_10-02-17 Episode 113: New best reward 4.50, training model saved.
2026-08-06_10-02-26 Episode 132: New best reward 4.60, training model saved.
2026-08-06_10-02-26 Episode 133: New best reward 6.30, training model saved.
2026-08-06_10-02-43 Episode 174: New best reward 8.40, training model saved.
2026-08-06_10-03-42 Episode 313: New best reward 10.70, training model saved.
2026-08-06_10-06-31: Training starting...
Device: cuda
2026-08-06_10-06-32 Episode 0: New best reward -8.10, training model saved.
2026-08-06_10-06-32 Episode 0: New best greedy reward 2.00, model saved.
2026-08-06_10-06-32 Episode 1: New best reward -5.70, training model saved.
2026-08-06_10-07-04 Episode 81: New best reward -2.10, training model saved.
2026-08-06_10-07-06 Episode 85: New best reward 0.30, training model saved.
2026-08-06_10-07-36 Episode 162: New best reward 1.50, training model saved.
2026-08-06_10-07-50 Episode 195: New best reward 2.10, training model saved.
2026-08-06_10-07-52 Episode 200: New best reward 3.90, training model saved.
2026-08-06_10-08-12 Episode 250: New best reward 6.20, training model saved.
2026-08-06_10-09-25 Episode 428: New best reward 6.30, training model saved.
2026-08-06_10-09-27 Episode 434: New best reward 6.60, training model saved.
2026-08-06_10-10-09 Episode 537: New best reward 10.70, training model saved.
2026-08-06_10-12-32 Episode 874: New best reward 15.70, training model saved.
2026-08-06_10-17-52 Episode 1534: New best reward 18.40, training model saved.
2026-08-06_10-20-24 Episode 1794: New best reward 20.50, training model saved.
2026-08-06_10-20-49: Training starting...
Device: cuda
2026-08-06_10-20-49 Episode 0: New best reward -8.10, training model saved.
2026-08-06_10-20-49 Episode 0: New best greedy reward 2.00, model saved.
2026-08-06_10-20-50 Episode 1: New best reward -5.70, training model saved.
2026-08-06_10-21-16 Episode 63: New best reward -2.10, training model saved.
2026-08-06_10-21-20 Episode 73: New best reward -0.30, training model saved.
2026-08-06_10-21-26 Episode 85: New best reward 0.30, training model saved.
2026-08-06_10-21-27 Episode 89: New best reward 3.30, training model saved.
2026-08-06_10-21-30 Episode 96: New best reward 3.90, training model saved.
2026-08-06_10-21-42 Episode 123: New best reward 4.00, training model saved.
2026-08-06_10-21-46 Episode 133: New best reward 4.40, training model saved.
2026-08-06_10-21-47 Episode 135: New best reward 4.70, training model saved.
2026-08-06_10-22-02 Episode 168: New best reward 6.60, training model saved.
2026-08-06_10-22-19 Episode 205: New best reward 8.40, training model saved.
2026-08-06_10-23-53 Episode 405: New best reward 9.10, training model saved.
2026-08-06_10-26-24 Episode 665: New best reward 11.10, training model saved.
2026-08-06_10-29-59 Episode 1000: New best greedy reward 6.50, model saved.
2026-08-06_10-34-21 Episode 1387: New best reward 11.30, training model saved.
2026-08-06_10-34-33 Episode 1403: New best reward 13.00, training model saved.
2026-08-06_10-35-15 Episode 1460: New best reward 13.20, training model saved.
2026-08-06_10-35-51: Training starting...
Device: cuda
2026-08-06_10-35-51 Episode 0: New best reward -8.10, training model saved.
2026-08-06_10-35-51 Episode 0: New best greedy reward 2.00, model saved.
2026-08-06_10-35-52 Episode 1: New best reward -5.70, training model saved.
2026-08-06_10-36-25 Episode 81: New best reward -2.70, training model saved.
2026-08-06_10-36-27 Episode 85: New best reward 0.30, training model saved.
2026-08-06_10-36-59 Episode 162: New best reward 0.90, training model saved.
2026-08-06_10-37-13 Episode 195: New best reward 1.50, training model saved.
2026-08-06_10-37-15 Episode 200: New best reward 3.90, training model saved.
2026-08-06_10-37-37 Episode 254: New best reward 4.30, training model saved.
2026-08-06_10-37-56 Episode 299: New best reward 4.40, training model saved.
2026-08-06_10-37-57 Episode 302: New best reward 6.30, training model saved.
2026-08-06_10-38-14 Episode 339: New best reward 6.50, training model saved.
2026-08-06_10-38-15 Episode 343: New best reward 7.80, training model saved.
2026-08-06_10-38-37 Episode 390: New best reward 8.40, training model saved.
2026-08-06_10-40-14 Episode 582: New best reward 8.50, training model saved.
2026-08-06_10-41-59 Episode 764: New best reward 9.20, training model saved.
2026-08-06_10-43-02 Episode 868: New best reward 12.90, training model saved.
2026-08-06_10-43-28 Episode 907: New best reward 13.60, training model saved.
2026-08-06_10-44-02 Episode 958: New best reward 18.50, training model saved.
2026-08-06_10-44-06 Episode 963: New best reward 22.40, training model saved.
2026-08-06_10-44-33 Episode 1000: New best greedy reward 3.90, model saved.
2026-08-06_10-44-35 Episode 1002: New best reward 22.80, training model saved.
2026-08-06_10-44-41 Episode 1007: New best reward 31.90, training model saved.
2026-08-06_10-45-20 Episode 1058: New best reward 32.10, training model saved.
2026-08-06_10-46-00 Episode 1119: New best reward 38.60, training model saved.
2026-08-06_10-46-49 Episode 1178: New best reward 41.20, training model saved.
2026-08-06_10-47-07 Episode 1192: New best reward 53.30, training model saved.
2026-08-06_10-48-42 Episode 1273: New best reward 101.90, training model saved.
2026-08-06_10-53-59 Episode 1487: New best reward 123.00, training model saved.
2026-08-06_10-56-36 Episode 1572: New best reward 132.50, training model saved.
2026-08-06_10-58-04 Episode 1616: New best reward 132.80, training model saved.
2026-08-06_10-58-42 Episode 1626: New best reward 172.50, training model saved.
2026-08-06_11-05-56 Episode 1783: New best reward 237.20, training model saved.
2026-08-06_11-15-45 Episode 2000: New best greedy reward 46.20, model saved.
2026-08-06_11-16-45 Episode 2015: New best reward 239.20, training model saved.
2026-08-06_11-21-18: Training starting...
Device: cuda
2026-08-06_11-21-19 Episode 0: New best reward -8.10, training model saved.
2026-08-06_11-21-19 Episode 0: New best greedy reward 2.00, model saved.
2026-08-06_11-21-19 Episode 1: New best reward -5.70, training model saved.
2026-08-06_11-21-52 Episode 81: New best reward -2.10, training model saved.
2026-08-06_11-22-44 Episode 211: New best reward 2.70, training model saved.
2026-08-06_11-23-42 Episode 351: New best reward 3.30, training model saved.
2026-08-06_11-23-45 Episode 360: New best reward 3.90, training model saved.
2026-08-06_11-23-54 Episode 382: New best reward 4.80, training model saved.
2026-08-06_11-24-42 Episode 494: New best reward 8.40, training model saved.
2026-08-06_11-28-46 Episode 1080: New best reward 9.30, training model saved.
2026-08-06_11-29-08 Episode 1132: New best reward 10.50, training model saved.
2026-08-06_11-30-38 Episode 1324: New best reward 18.70, training model saved.
2026-08-06_11-32-54 Episode 1588: New best reward 20.80, training model saved.
2026-08-06_11-34-33 Episode 1742: New best reward 29.60, training model saved.
2026-08-06_11-34-53 Episode 1764: New best reward 52.60, training model saved.
2026-08-06_11-36-38 Episode 1867: New best reward 55.80, training model saved.
2026-08-06_11-36-46 Episode 1870: New best reward 74.00, training model saved.
2026-08-06_11-37-56 Episode 1918: New best reward 79.30, training model saved.
2026-08-06_11-38-46 Episode 1946: New best reward 85.30, training model saved.
2026-08-06_11-39-44 Episode 1972: New best reward 107.30, training model saved.
2026-08-06_11-40-37 Episode 2000: New best greedy reward 87.90, model saved.
2026-08-06_11-41-50 Episode 2033: New best reward 127.60, training model saved.
2026-08-06_11-43-53 Episode 2064: New best reward 132.70, training model saved.
2026-08-06_11-44-57 Episode 2086: New best reward 140.00, training model saved.
2026-08-06_11-45-36 Episode 2096: New best reward 205.20, training model saved.
2026-08-06_11-45-52 Episode 2098: New best reward 230.80, training model saved.
2026-08-06_11-46-35 Episode 2104: New best reward 236.90, training model saved.
2026-08-06_11-49-26 Episode 2139: New best reward 258.80, training model saved.
2026-08-06_11-50-23 Episode 2147: New best reward 414.60, training model saved.
2026-08-06_12-04-07: Training starting...
Device: cuda
2026-08-06_12-04-07 Episode 0: New best reward -8.10, training model saved.
2026-08-06_12-04-08 Episode 0: New best greedy reward 2.00, model saved.
2026-08-06_12-04-08 Episode 1: New best reward -5.70, training model saved.
2026-08-06_12-04-41 Episode 81: New best reward -2.70, training model saved.
2026-08-06_12-04-42 Episode 85: New best reward 0.30, training model saved.
2026-08-06_12-05-13 Episode 162: New best reward 1.50, training model saved.
2026-08-06_12-05-34 Episode 211: New best reward 3.90, training model saved.
2026-08-06_12-05-51 Episode 254: New best reward 4.30, training model saved.
2026-08-06_12-06-05 Episode 287: New best reward 6.50, training model saved.
2026-08-06_12-06-15 Episode 310: New best reward 8.40, training model saved.
2026-08-06_12-07-06 Episode 427: New best reward 9.00, training model saved.
2026-08-06_12-08-28 Episode 603: New best reward 9.20, training model saved.
2026-08-06_12-08-55 Episode 660: New best reward 10.80, training model saved.
2026-08-06_12-09-02: Training starting...
Device: cuda
2026-08-06_12-09-02 Episode 0: New best reward -8.10, training model saved.
2026-08-06_12-09-02 Episode 0: New best greedy reward 2.00, model saved.
2026-08-06_12-09-03 Episode 1: New best reward -5.70, training model saved.
2026-08-06_12-09-35 Episode 81: New best reward -2.70, training model saved.
2026-08-06_12-09-37 Episode 85: New best reward -0.90, training model saved.
2026-08-06_12-09-53 Episode 123: New best reward 3.90, training model saved.
2026-08-06_12-10-16 Episode 181: New best reward 4.40, training model saved.
2026-08-06_12-10-18 Episode 185: New best reward 6.00, training model saved.
2026-08-06_12-10-22 Episode 194: New best reward 6.60, training model saved.
2026-08-06_12-10-32 Episode 219: New best reward 8.40, training model saved.
2026-08-06_12-13-04 Episode 552: New best reward 9.00, training model saved.
2026-08-06_12-16-29 Episode 911: New best reward 9.10, training model saved.
2026-08-06_12-17-22 Episode 994: New best reward 11.10, training model saved.
2026-08-06_12-17-23 Episode 995: New best reward 12.90, training model saved.
2026-08-06_12-17-26 Episode 1000: New best reward 13.30, training model saved.
2026-08-06_12-17-27 Episode 1000: New best greedy reward 13.10, model saved.
2026-08-06_12-18-30 Episode 1091: New best reward 13.60, training model saved.
2026-08-06_12-18-55 Episode 1128: New best reward 15.80, training model saved.
2026-08-06_12-19-28 Episode 1170: New best reward 22.60, training model saved.
2026-08-06_12-22-34 Episode 1421: New best reward 32.70, training model saved.
2026-08-06_12-22-49 Episode 1435: New best reward 51.30, training model saved.
2026-08-06_12-23-06: Training starting...
Device: cuda
2026-08-06_12-23-06 Episode 0: New best reward -8.10, training model saved.
2026-08-06_12-23-07 Episode 0: New best greedy reward 2.00, model saved.
2026-08-06_12-23-07 Episode 1: New best reward -5.70, training model saved.
2026-08-06_12-23-40 Episode 81: New best reward -1.50, training model saved.
2026-08-06_12-23-42 Episode 85: New best reward 0.30, training model saved.
2026-08-06_12-23-43 Episode 89: New best reward 2.10, training model saved.
2026-08-06_12-23-57 Episode 123: New best reward 3.90, training model saved.
2026-08-06_12-24-36 Episode 218: New best reward 4.20, training model saved.
2026-08-06_12-24-41 Episode 230: New best reward 4.30, training model saved.
2026-08-06_12-24-52 Episode 258: New best reward 6.40, training model saved.
2026-08-06_12-25-59 Episode 416: New best reward 8.40, training model saved.
2026-08-06_12-27-23 Episode 601: New best reward 9.10, training model saved.
2026-08-06_12-28-01 Episode 677: New best reward 12.90, training model saved.
2026-08-06_12-28-03 Episode 680: New best reward 13.10, training model saved.
2026-08-06_12-28-21 Episode 715: New best reward 13.50, training model saved.
2026-08-06_12-28-35 Episode 737: New best reward 13.60, training model saved.
2026-08-06_12-29-24 Episode 818: New best reward 14.00, training model saved.
2026-08-06_12-29-25 Episode 819: New best reward 15.50, training model saved.
2026-08-06_12-29-30 Episode 825: New best reward 17.90, training model saved.
2026-08-06_12-29-56 Episode 862: New best reward 29.10, training model saved.
2026-08-06_12-31-24 Episode 964: New best reward 65.50, training model saved.
2026-08-06_12-32-10 Episode 1000: New best greedy reward 4.20, model saved.
2026-08-06_12-33-19 Episode 1045: New best reward 68.90, training model saved.
2026-08-06_12-34-13 Episode 1074: New best reward 79.40, training model saved.
2026-08-06_12-34-36 Episode 1088: New best reward 81.30, training model saved.
2026-08-06_12-37-08: Training starting...
Device: cuda
2026-08-06_12-37-08 Episode 0: New best reward -8.10, training model saved.
2026-08-06_12-37-08 Episode 0: New best greedy reward 2.00, model saved.
2026-08-06_12-37-09 Episode 1: New best reward -5.70, training model saved.
2026-08-06_12-37-41 Episode 81: New best reward -2.10, training model saved.
2026-08-06_12-37-42 Episode 85: New best reward 0.30, training model saved.
2026-08-06_12-38-23 Episode 187: New best reward 2.70, training model saved.
2026-08-06_12-38-28 Episode 200: New best reward 3.90, training model saved.
2026-08-06_12-39-01 Episode 281: New best reward 4.20, training model saved.
2026-08-06_12-39-04 Episode 287: New best reward 4.90, training model saved.
2026-08-06_12-39-25 Episode 337: New best reward 10.60, training model saved.
2026-08-06_12-42-39: Training starting...
Device: cuda
2026-08-06_12-42-40 Episode 0: New best reward -8.10, training model saved.
2026-08-06_12-42-40 Episode 0: New best greedy reward 2.00, model saved.
2026-08-06_12-42-40 Episode 1: New best reward -5.70, training model saved.
2026-08-06_12-43-08 Episode 63: New best reward -4.50, training model saved.
2026-08-06_12-43-12 Episode 73: New best reward -0.30, training model saved.
2026-08-06_12-43-18 Episode 85: New best reward 0.30, training model saved.
2026-08-06_12-43-23 Episode 96: New best reward 3.90, training model saved.
2026-08-06_12-43-52 Episode 162: New best reward 4.00, training model saved.
2026-08-06_12-44-00 Episode 179: New best reward 4.80, training model saved.
2026-08-06_12-44-09 Episode 199: New best reward 7.20, training model saved.
2026-08-06_12-44-25 Episode 233: New best reward 8.40, training model saved.
2026-08-06_12-45-14 Episode 336: New best reward 10.50, training model saved.
2026-08-06_12-49-49 Episode 888: New best reward 10.70, training model saved.
2026-08-06_12-50-44 Episode 1000: New best greedy reward 3.30, model saved.
2026-08-06_12-54-42 Episode 1499: New best reward 11.10, training model saved.
2026-08-06_12-55-19 Episode 1574: New best reward 12.90, training model saved.
2026-08-06_12-58-02: Training starting...
Device: cuda
2026-08-06_12-58-02 Episode 0: New best reward -8.10, training model saved.
2026-08-06_12-58-03 Episode 0: New best greedy reward 2.00, model saved.
2026-08-06_12-58-03 Episode 1: New best reward -5.70, training model saved.
2026-08-06_12-58-28 Episode 63: New best reward -2.10, training model saved.
2026-08-06_12-58-32 Episode 73: New best reward -0.30, training model saved.
2026-08-06_12-58-37 Episode 85: New best reward 0.30, training model saved.
2026-08-06_12-58-39 Episode 89: New best reward 2.70, training model saved.
2026-08-06_12-58-42 Episode 96: New best reward 3.90, training model saved.
2026-08-06_12-58-55 Episode 127: New best reward 4.90, training model saved.
2026-08-06_12-59-23 Episode 194: New best reward 6.60, training model saved.
2026-08-06_12-59-47 Episode 249: New best reward 6.70, training model saved.
2026-08-06_13-00-01 Episode 283: New best reward 8.40, training model saved.
2026-08-06_13-01-11 Episode 438: New best reward 11.00, training model saved.
2026-08-06_13-01-23 Episode 461: New best reward 15.60, training model saved.
2026-08-06_13-01-45 Episode 499: New best reward 18.80, training model saved.
2026-08-06_13-01-52 Episode 510: New best reward 24.70, training model saved.
2026-08-06_13-03-55 Episode 703: New best reward 29.20, training model saved.
2026-08-06_13-05-38 Episode 832: New best reward 32.20, training model saved.
2026-08-06_13-05-43 Episode 835: New best reward 55.20, training model saved.
2026-08-06_13-06-02 Episode 850: New best reward 67.30, training model saved.
2026-08-06_13-08-54 Episode 987: New best reward 73.90, training model saved.
2026-08-06_13-09-15 Episode 1000: New best greedy reward 17.90, model saved.
2026-08-06_13-09-54 Episode 1025: New best reward 79.20, training model saved.
2026-08-06_13-10-05 Episode 1030: New best reward 90.80, training model saved.
2026-08-06_13-11-32 Episode 1083: New best reward 97.00, training model saved.
2026-08-06_13-13-10 Episode 1134: New best reward 109.30, training model saved.
2026-08-06_13-17-22 Episode 1265: New best reward 112.10, training model saved.
2026-08-06_13-18-28 Episode 1282: New best reward 333.30, training model saved.
2026-08-06_13-39-58: Training starting...
Device: cuda
2026-08-06_13-39-59 Episode 0: New best reward -8.10, training model saved.
2026-08-06_13-39-59 Episode 0: New best greedy reward 2.00, model saved.
2026-08-06_13-39-59 Episode 1: New best reward -5.70, training model saved.
2026-08-06_13-40-33 Episode 81: New best reward -2.10, training model saved.
2026-08-06_13-40-34 Episode 85: New best reward 0.30, training model saved.
2026-08-06_13-41-04 Episode 162: New best reward 1.50, training model saved.
2026-08-06_13-41-07 Episode 164: New best reward 3.30, training model saved.
2026-08-06_13-41-16 Episode 187: New best reward 3.90, training model saved.
2026-08-06_13-41-45 Episode 254: New best reward 4.40, training model saved.
2026-08-06_13-41-55 Episode 281: New best reward 4.50, training model saved.
2026-08-06_13-41-58 Episode 287: New best reward 6.30, training model saved.
2026-08-06_13-42-04 Episode 302: New best reward 8.40, training model saved.
2026-08-06_13-45-39: Training starting...
Device: cuda
2026-08-06_13-45-39 Episode 0: New best reward -8.10, training model saved.
2026-08-06_13-45-39 Episode 0: New best greedy reward 2.00, model saved.
2026-08-06_13-45-40 Episode 1: New best reward -5.70, training model saved.
2026-08-06_13-46-13 Episode 81: New best reward -2.70, training model saved.
2026-08-06_13-46-15 Episode 85: New best reward 0.30, training model saved.
2026-08-06_13-46-30 Episode 123: New best reward 3.90, training model saved.
2026-08-06_13-47-24 Episode 254: New best reward 4.40, training model saved.
2026-08-06_13-47-41 Episode 293: New best reward 4.60, training model saved.
2026-08-06_13-47-42 Episode 297: New best reward 6.10, training model saved.
2026-08-06_13-47-52 Episode 321: New best reward 6.40, training model saved.
2026-08-06_13-47-55 Episode 325: New best reward 8.40, training model saved.
2026-08-06_13-48-34 Episode 414: New best reward 11.10, training model saved.
2026-08-06_13-49-53 Episode 591: New best reward 11.30, training model saved.
2026-08-06_13-54-53 Episode 1168: New best reward 13.20, training model saved.
2026-08-06_13-58-46 Episode 1539: New best reward 13.30, training model saved.
2026-08-06_13-59-49: Training starting...
Device: cuda
2026-08-06_13-59-49 Episode 0: New best reward -8.10, training model saved.
2026-08-06_13-59-49 Episode 0: New best greedy reward 2.00, model saved.
2026-08-06_13-59-50 Episode 1: New best reward -5.70, training model saved.
2026-08-06_14-00-22 Episode 81: New best reward -2.70, training model saved.
2026-08-06_14-00-24 Episode 85: New best reward 0.30, training model saved.
2026-08-06_14-00-41 Episode 127: New best reward 1.50, training model saved.
2026-08-06_14-00-55 Episode 162: New best reward 3.90, training model saved.
2026-08-06_14-01-32 Episode 250: New best reward 6.10, training model saved.
2026-08-06_14-02-04 Episode 326: New best reward 6.50, training model saved.
2026-08-06_14-02-16 Episode 355: New best reward 6.70, training model saved.
2026-08-06_14-02-31 Episode 393: New best reward 8.40, training model saved.
2026-08-06_14-02-59 Episode 459: New best reward 8.70, training model saved.
2026-08-06_14-04-11 Episode 618: New best reward 10.90, training model saved.
2026-08-06_14-04-46: Training starting...
Device: cuda
2026-08-06_14-04-46 Episode 0: New best reward -8.10, training model saved.
2026-08-06_14-04-46 Episode 0: New best greedy reward 2.00, model saved.
2026-08-06_14-04-47 Episode 1: New best reward -5.70, training model saved.
2026-08-06_14-05-18 Episode 73: New best reward -3.90, training model saved.
2026-08-06_14-05-22 Episode 81: New best reward -1.50, training model saved.
2026-08-06_14-05-24 Episode 85: New best reward 0.30, training model saved.
2026-08-06_14-05-25 Episode 89: New best reward 2.10, training model saved.
2026-08-06_14-05-28 Episode 96: New best reward 3.90, training model saved.
2026-08-06_14-05-56 Episode 162: New best reward 4.00, training model saved.
2026-08-06_14-06-17 Episode 211: New best reward 4.50, training model saved.
2026-08-06_14-07-00 Episode 315: New best reward 4.90, training model saved.
2026-08-06_14-07-19 Episode 359: New best reward 6.10, training model saved.
2026-08-06_14-07-31 Episode 388: New best reward 8.40, training model saved.
2026-08-06_14-09-48: Training starting...
Device: cuda
2026-08-06_14-09-48 Episode 0: New best reward -8.10, training model saved.
2026-08-06_14-09-48 Episode 0: New best greedy reward 2.00, model saved.
2026-08-06_14-09-49 Episode 1: New best reward -5.70, training model saved.
2026-08-06_14-10-15 Episode 66: New best reward -5.10, training model saved.
2026-08-06_14-10-22 Episode 81: New best reward -1.50, training model saved.
2026-08-06_14-10-23 Episode 85: New best reward -0.90, training model saved.
2026-08-06_14-10-25 Episode 89: New best reward 0.90, training model saved.
2026-08-06_14-10-27 Episode 96: New best reward 2.10, training model saved.
2026-08-06_14-10-33 Episode 110: New best reward 3.90, training model saved.
2026-08-06_14-10-42 Episode 130: New best reward 4.60, training model saved.
2026-08-06_14-11-08 Episode 195: New best reward 4.70, training model saved.
2026-08-06_14-11-09 Episode 198: New best reward 6.70, training model saved.
2026-08-06_14-12-25 Episode 375: New best reward 7.80, training model saved.
2026-08-06_14-12-31 Episode 388: New best reward 8.40, training model saved.
2026-08-06_14-14-22 Episode 611: New best reward 8.50, training model saved.
2026-08-06_14-14-54 Episode 669: New best reward 9.00, training model saved.
2026-08-06_14-15-19 Episode 718: New best reward 10.70, training model saved.
2026-08-06_14-15-28 Episode 733: New best reward 18.60, training model saved.
2026-08-06_14-15-37 Episode 745: New best reward 22.40, training model saved.
2026-08-06_14-16-19 Episode 807: New best reward 27.80, training model saved.
2026-08-06_14-18-09 Episode 958: New best reward 34.70, training model saved.
2026-08-06_14-18-28 Episode 978: New best reward 36.50, training model saved.
2026-08-06_14-18-53 Episode 1000: New best greedy reward 34.70, model saved.
2026-08-06_14-19-01 Episode 1005: New best reward 54.90, training model saved.
2026-08-06_14-20-52 Episode 1106: New best reward 74.80, training model saved.
2026-08-06_14-21-52 Episode 1143: New best reward 82.90, training model saved.
2026-08-06_14-22-05 Episode 1147: New best reward 109.20, training model saved.
2026-08-06_14-22-14 Episode 1148: New best reward 130.50, training model saved.
2026-08-06_14-23-02 Episode 1161: New best reward 134.60, training model saved.
2026-08-06_14-24-42 Episode 1196: New best reward 183.60, training model saved.
2026-08-06_14-25-50 Episode 1218: New best reward 247.10, training model saved.
2026-08-06_14-27-38 Episode 1252: New best reward 354.00, training model saved.
2026-08-06_14-28-30 Episode 1256: New best reward 442.50, training model saved.
2026-08-06_14-46-52 Episode 1463: New best reward 1482.90, training model saved.
2026-08-06_14-51-39: Training starting...
Device: cuda
2026-08-06_14-51-39 Episode 0: New best reward -8.10, training model saved.
2026-08-06_14-51-40 Episode 0: New best greedy reward 2.00, model saved.
2026-08-06_14-51-40 Episode 1: New best reward -5.70, training model saved.
2026-08-06_14-52-07 Episode 66: New best reward -5.10, training model saved.
2026-08-06_14-52-09 Episode 73: New best reward -3.90, training model saved.
2026-08-06_14-52-13 Episode 81: New best reward -1.50, training model saved.
2026-08-06_14-52-15 Episode 85: New best reward 0.30, training model saved.
2026-08-06_14-52-16 Episode 89: New best reward 0.90, training model saved.
2026-08-06_14-52-19 Episode 96: New best reward 1.50, training model saved.
2026-08-06_14-52-31 Episode 123: New best reward 3.90, training model saved.
2026-08-06_14-52-32 Episode 127: New best reward 4.00, training model saved.
2026-08-06_14-53-05 Episode 206: New best reward 4.10, training model saved.
2026-08-06_14-53-07 Episode 211: New best reward 4.20, training model saved.
2026-08-06_14-53-10 Episode 218: New best reward 4.40, training model saved.
2026-08-06_14-53-15 Episode 229: New best reward 6.10, training model saved.
2026-08-06_14-53-17 Episode 233: New best reward 6.20, training model saved.
2026-08-06_14-53-33 Episode 271: New best reward 6.70, training model saved.
2026-08-06_14-53-35 Episode 277: New best reward 8.40, training model saved.
2026-08-06_14-53-49 Episode 306: New best reward 9.10, training model saved.
2026-08-06_14-54-51 Episode 433: New best reward 12.90, training model saved.
2026-08-06_14-56-46 Episode 651: New best reward 13.00, training model saved.
2026-08-06_14-58-45 Episode 868: New best reward 13.20, training model saved.
2026-08-06_14-58-49 Episode 873: New best reward 15.70, training model saved.
2026-08-06_14-59-05 Episode 898: New best reward 18.00, training model saved.
2026-08-06_14-59-07 Episode 900: New best reward 18.70, training model saved.
2026-08-06_14-59-17 Episode 915: New best reward 22.40, training model saved.
2026-08-06_15-00-17 Episode 1000: New best greedy reward 9.50, model saved.
2026-08-06_15-00-28 Episode 1019: New best reward 22.80, training model saved.
2026-08-06_15-00-45 Episode 1039: New best reward 37.10, training model saved.
2026-08-06_15-00-53 Episode 1044: New best reward 39.00, training model saved.
2026-08-06_15-04-42 Episode 1320: New best reward 46.60, training model saved.
2026-08-06_15-05-09 Episode 1343: New best reward 47.10, training model saved.
2026-08-06_15-06-03 Episode 1396: New best reward 55.70, training model saved.
2026-08-06_15-08-34 Episode 1558: New best reward 55.90, training model saved.
2026-08-06_15-08-54 Episode 1568: New best reward 76.30, training model saved.
2026-08-06_15-09-07 Episode 1573: New best reward 90.40, training model saved.
2026-08-06_15-12-47 Episode 1698: New best reward 116.90, training model saved.
2026-08-06_15-14-32 Episode 1757: New best reward 136.70, training model saved.
2026-08-06_15-27-49 Episode 2449: New best reward 141.60, training model saved.
2026-08-06_15-28-11 Episode 2453: New best reward 242.60, training model saved.
2026-08-06_15-33-47: Training starting...
Device: cuda
2026-08-06_15-33-48 Episode 0: New best reward -8.10, training model saved.
2026-08-06_15-33-48 Episode 0: New best greedy reward 2.00, model saved.
2026-08-06_15-33-48 Episode 1: New best reward -5.70, training model saved.
2026-08-06_15-34-21 Episode 81: New best reward -2.70, training model saved.
2026-08-06_15-34-38 Episode 123: New best reward -0.30, training model saved.
2026-08-06_15-34-40 Episode 127: New best reward 0.90, training model saved.
2026-08-06_15-34-49 Episode 151: New best reward 3.90, training model saved.
2026-08-06_15-35-12 Episode 206: New best reward 4.10, training model saved.
2026-08-06_15-35-14 Episode 211: New best reward 6.00, training model saved.
2026-08-06_15-35-19 Episode 222: New best reward 8.40, training model saved.
2026-08-06_15-35-56 Episode 309: New best reward 10.80, training model saved.
2026-08-06_15-39-24 Episode 808: New best reward 13.20, training model saved.
2026-08-06_15-47-43: Training starting...
Device: cuda
2026-08-06_15-47-44 Episode 0: New best reward -8.10, training model saved.
2026-08-06_15-47-44 Episode 0: New best greedy reward 2.00, model saved.
2026-08-06_15-47-44 Episode 1: New best reward -5.70, training model saved.
2026-08-06_15-48-11 Episode 66: New best reward -5.10, training model saved.
2026-08-06_15-48-13 Episode 73: New best reward -3.90, training model saved.
2026-08-06_15-48-17 Episode 81: New best reward -1.50, training model saved.
2026-08-06_15-48-19 Episode 85: New best reward 0.30, training model saved.
2026-08-06_15-48-20 Episode 89: New best reward 0.90, training model saved.
2026-08-06_15-48-34 Episode 123: New best reward 3.90, training model saved.
2026-08-06_15-48-37 Episode 130: New best reward 4.20, training model saved.
2026-08-06_15-49-04 Episode 198: New best reward 6.60, training model saved.
2026-08-06_15-49-19 Episode 233: New best reward 8.40, training model saved.
2026-08-06_15-50-58 Episode 438: New best reward 9.10, training model saved.
2026-08-06_15-51-06 Episode 453: New best reward 11.20, training model saved.
2026-08-06_15-51-40 Episode 511: New best reward 13.70, training model saved.
2026-08-06_15-53-15 Episode 662: New best reward 15.80, training model saved.
2026-08-06_15-54-28 Episode 773: New best reward 18.40, training model saved.
2026-08-06_15-54-36 Episode 786: New best reward 19.00, training model saved.
2026-08-06_15-55-06 Episode 832: New best reward 32.60, training model saved.
2026-08-06_15-55-55 Episode 890: New best reward 37.50, training model saved.
2026-08-06_15-56-04 Episode 896: New best reward 46.80, training model saved.
2026-08-06_15-56-12 Episode 906: New best reward 46.90, training model saved.
2026-08-06_15-56-54 Episode 944: New best reward 115.90, training model saved.
2026-08-06_15-58-49 Episode 1000: New best greedy reward 12.90, model saved.
2026-08-06_15-59-44 Episode 1026: New best reward 143.90, training model saved.
2026-08-06_16-02-23 Episode 1129: New best reward 172.80, training model saved.
2026-08-06_16-05-13 Episode 1204: New best reward 443.00, training model saved.
2026-08-06_16-16-39 Episode 1463: New best reward 555.30, training model saved.
2026-08-06_16-31-24: Training starting...
Device: cuda
2026-08-06_16-31-24 Episode 0: New best reward -8.10, training model saved.
2026-08-06_16-31-25 Episode 0: New best greedy reward 2.00, model saved.
2026-08-06_16-31-25 Episode 1: New best reward -5.70, training model saved.
2026-08-06_16-31-58 Episode 81: New best reward -2.10, training model saved.
2026-08-06_16-32-29 Episode 162: New best reward -1.50, training model saved.
2026-08-06_16-32-40 Episode 187: New best reward -0.30, training model saved.
2026-08-06_16-32-50 Episode 211: New best reward 3.30, training model saved.
2026-08-06_16-32-59 Episode 235: New best reward 3.90, training model saved.
2026-08-06_16-33-06 Episode 250: New best reward 4.60, training model saved.
2026-08-06_16-33-21 Episode 287: New best reward 6.70, training model saved.
2026-08-06_16-34-04 Episode 388: New best reward 9.10, training model saved.
2026-08-06_16-35-47 Episode 622: New best reward 11.00, training model saved.
2026-08-06_16-39-21 Episode 1000: New best greedy reward 3.90, model saved.
2026-08-06_16-39-30 Episode 1013: New best reward 12.90, training model saved.
2026-08-06_16-40-20 Episode 1091: New best reward 13.50, training model saved.
2026-08-06_16-40-37 Episode 1116: New best reward 13.80, training model saved.
2026-08-06_16-41-20 Episode 1176: New best reward 20.50, training model saved.
2026-08-06_16-41-25 Episode 1181: New best reward 23.10, training model saved.
2026-08-06_16-41-29 Episode 1185: New best reward 25.30, training model saved.
2026-08-06_16-42-08 Episode 1240: New best reward 34.10, training model saved.
2026-08-06_16-43-44 Episode 1351: New best reward 42.10, training model saved.
2026-08-06_16-44-16 Episode 1382: New best reward 51.40, training model saved.
2026-08-06_16-44-50 Episode 1404: New best reward 54.90, training model saved.
2026-08-06_16-45-37: Training starting...
Device: cuda
2026-08-06_16-45-37 Episode 0: New best reward -8.10, training model saved.
2026-08-06_16-45-38 Episode 0: New best greedy reward 2.00, model saved.
2026-08-06_16-45-38 Episode 1: New best reward -5.70, training model saved.
2026-08-06_16-46-11 Episode 81: New best reward -2.10, training model saved.
2026-08-06_16-46-45 Episode 164: New best reward -1.50, training model saved.
2026-08-06_16-46-54 Episode 187: New best reward -0.30, training model saved.
2026-08-06_16-46-57 Episode 195: New best reward 0.30, training model saved.
2026-08-06_16-46-59 Episode 200: New best reward 3.30, training model saved.
2026-08-06_16-47-21 Episode 250: New best reward 3.90, training model saved.
2026-08-06_16-47-27 Episode 266: New best reward 4.10, training model saved.
2026-08-06_16-47-35 Episode 287: New best reward 4.30, training model saved.
2026-08-06_16-47-53 Episode 330: New best reward 4.40, training model saved.
2026-08-06_16-48-03 Episode 355: New best reward 4.70, training model saved.
2026-08-06_16-48-04 Episode 357: New best reward 6.30, training model saved.
2026-08-06_16-48-05 Episode 359: New best reward 8.40, training model saved.
2026-08-06_16-48-38 Episode 436: New best reward 12.90, training model saved.
2026-08-06_16-55-17 Episode 1249: New best reward 13.40, training model saved.
2026-08-06_16-55-24 Episode 1257: New best reward 18.50, training model saved.
2026-08-06_16-56-05 Episode 1316: New best reward 23.40, training model saved.
2026-08-06_16-56-59 Episode 1376: New best reward 26.90, training model saved.
2026-08-06_16-57-19 Episode 1400: New best reward 27.70, training model saved.
2026-08-06_16-57-26 Episode 1405: New best reward 32.40, training model saved.
2026-08-06_16-57-38 Episode 1415: New best reward 36.40, training model saved.
2026-08-06_16-58-04 Episode 1440: New best reward 51.10, training model saved.
2026-08-06_16-59-38 Episode 1521: New best reward 88.50, training model saved.
2026-08-06_17-01-01 Episode 1573: New best reward 106.90, training model saved.
2026-08-06_17-02-48 Episode 1632: New best reward 116.80, training model saved.
2026-08-06_17-07-40 Episode 1825: New best reward 267.50, training model saved.
2026-08-06_17-09-03 Episode 1842: New best reward 432.90, training model saved.
2026-08-06_17-14-31 Episode 2000: New best greedy reward 10.50, model saved.
2026-08-06_17-27-08: Training starting...
Device: cuda
2026-08-06_17-27-09 Episode 0: New best reward -8.10, training model saved.
2026-08-06_17-27-09 Episode 0: New best greedy reward 2.00, model saved.
2026-08-06_17-27-09 Episode 1: New best reward -5.70, training model saved.
2026-08-06_17-27-39 Episode 73: New best reward -2.10, training model saved.
2026-08-06_17-27-43 Episode 81: New best reward -1.50, training model saved.
2026-08-06_17-27-45 Episode 85: New best reward -0.30, training model saved.
2026-08-06_17-27-47 Episode 89: New best reward 0.90, training model saved.
2026-08-06_17-27-49 Episode 96: New best reward 3.90, training model saved.
2026-08-06_17-28-36 Episode 206: New best reward 4.90, training model saved.
2026-08-06_17-28-55 Episode 250: New best reward 8.40, training model saved.
2026-08-06_17-31-20 Episode 570: New best reward 9.20, training model saved.
2026-08-06_17-34-06 Episode 892: New best reward 10.50, training model saved.
2026-08-06_17-35-03 Episode 1000: New best greedy reward 6.30, model saved.
2026-08-06_17-36-11 Episode 1122: New best reward 10.90, training model saved.
2026-08-06_17-36-30 Episode 1154: New best reward 12.90, training model saved.
2026-08-06_17-36-46 Episode 1177: New best reward 17.90, training model saved.
2026-08-06_17-37-06 Episode 1208: New best reward 18.90, training model saved.
2026-08-06_17-40-08 Episode 1495: New best reward 24.70, training model saved.
2026-08-06_17-41-50: Training starting...
Device: cuda
2026-08-06_17-41-51 Episode 0: New best reward -8.10, training model saved.
2026-08-06_17-41-51 Episode 0: New best greedy reward 2.00, model saved.
2026-08-06_17-41-51 Episode 1: New best reward -5.70, training model saved.
2026-08-06_17-42-21 Episode 73: New best reward -5.10, training model saved.
2026-08-06_17-42-25 Episode 81: New best reward -1.50, training model saved.
2026-08-06_17-42-26 Episode 85: New best reward 0.30, training model saved.
2026-08-06_17-42-28 Episode 89: New best reward 2.70, training model saved.
2026-08-06_17-42-31 Episode 96: New best reward 3.90, training model saved.
2026-08-06_17-42-44 Episode 127: New best reward 4.20, training model saved.
2026-08-06_17-42-51 Episode 144: New best reward 6.60, training model saved.
2026-08-06_17-43-17 Episode 206: New best reward 6.80, training model saved.
2026-08-06_17-43-41 Episode 262: New best reward 9.50, training model saved.
2026-08-06_17-45-13 Episode 465: New best reward 10.50, training model saved.
2026-08-06_17-45-15 Episode 468: New best reward 11.20, training model saved.
2026-08-06_17-46-53 Episode 668: New best reward 20.60, training model saved.
2026-08-06_17-48-03 Episode 780: New best reward 22.40, training model saved.
2026-08-06_17-48-25 Episode 814: New best reward 22.70, training model saved.
2026-08-06_17-49-44 Episode 925: New best reward 29.20, training model saved.
2026-08-06_17-50-47 Episode 1000: New best greedy reward 29.30, model saved.
2026-08-06_17-51-13 Episode 1025: New best reward 32.40, training model saved.
2026-08-06_17-51-17 Episode 1029: New best reward 36.80, training model saved.
2026-08-06_17-51-54 Episode 1061: New best reward 55.20, training model saved.
2026-08-06_17-53-42 Episode 1143: New best reward 76.80, training model saved.
2026-08-06_17-53-51 Episode 1145: New best reward 109.30, training model saved.
2026-08-06_17-59-55 Episode 1376: New best reward 116.40, training model saved.
2026-08-06_18-01-41 Episode 1425: New best reward 144.90, training model saved.
2026-08-06_18-02-50 Episode 1451: New best reward 164.60, training model saved.
2026-08-06_18-06-19 Episode 1517: New best reward 393.10, training model saved.
2026-08-06_18-24-10: Training starting...
Device: cuda
2026-08-06_18-24-11 Episode 0: New best reward -8.10, training model saved.
2026-08-06_18-24-11 Episode 0: New best greedy reward 2.00, model saved.
2026-08-06_18-24-12 Episode 1: New best reward -5.70, training model saved.
2026-08-06_18-24-44 Episode 81: New best reward -1.50, training model saved.
2026-08-06_18-24-46 Episode 85: New best reward 0.30, training model saved.
2026-08-06_18-24-48 Episode 89: New best reward 0.90, training model saved.
2026-08-06_18-24-54 Episode 106: New best reward 1.50, training model saved.
2026-08-06_18-25-02 Episode 123: New best reward 3.90, training model saved.
2026-08-06_18-25-03 Episode 127: New best reward 4.80, training model saved.
2026-08-06_18-25-33 Episode 199: New best reward 6.40, training model saved.
2026-08-06_18-25-55 Episode 250: New best reward 7.20, training model saved.
2026-08-06_18-26-14 Episode 294: New best reward 8.40, training model saved.
2026-08-06_18-29-41 Episode 705: New best reward 9.30, training model saved.
2026-08-06_18-32-27 Episode 981: New best reward 9.40, training model saved.
2026-08-06_18-32-36 Episode 995: New best reward 11.30, training model saved.
2026-08-06_18-32-40 Episode 1000: New best greedy reward 3.90, model saved.
2026-08-06_18-34-04 Episode 1131: New best reward 12.30, training model saved.
2026-08-06_18-34-18 Episode 1151: New best reward 12.90, training model saved.
2026-08-06_18-34-35 Episode 1176: New best reward 13.00, training model saved.
2026-08-06_18-35-17 Episode 1235: New best reward 15.50, training model saved.
2026-08-06_18-35-45 Episode 1271: New best reward 20.60, training model saved.
2026-08-06_18-35-54 Episode 1283: New best reward 27.80, training model saved.
2026-08-06_18-37-34 Episode 1416: New best reward 40.90, training model saved.
2026-08-06_18-40-35 Episode 1615: New best reward 53.20, training model saved.
2026-08-06_18-40-56 Episode 1633: New best reward 56.00, training model saved.
2026-08-06_18-41-00 Episode 1634: New best reward 60.50, training model saved.
2026-08-06_18-42-00 Episode 1672: New best reward 90.80, training model saved.
2026-08-06_18-43-55 Episode 1742: New best reward 93.40, training model saved.
2026-08-06_18-44-32 Episode 1756: New best reward 104.80, training model saved.
2026-08-06_18-46-05 Episode 1796: New best reward 126.00, training model saved.
2026-08-06_18-46-41 Episode 1807: New best reward 238.00, training model saved.
2026-08-06_18-48-24 Episode 1835: New best reward 302.40, training model saved.
2026-08-06_18-50-09 Episode 1857: New best reward 354.00, training model saved.
2026-08-06_18-59-45 Episode 2000: New best greedy reward 82.90, model saved.
2026-08-06_19-04-50 Episode 2095: New best reward 358.40, training model saved.
2026-08-06_19-12-00: Training starting...
Device: cuda
2026-08-06_19-12-00 Episode 0: New best reward -8.10, training model saved.
2026-08-06_19-12-01 Episode 0: New best greedy reward 2.00, model saved.
2026-08-06_19-12-01 Episode 1: New best reward -5.70, training model saved.
2026-08-06_19-12-27 Episode 63: New best reward -4.50, training model saved.
2026-08-06_19-12-31 Episode 73: New best reward -0.90, training model saved.
2026-08-06_19-12-35 Episode 81: New best reward -0.30, training model saved.
2026-08-06_19-12-38 Episode 89: New best reward 1.50, training model saved.
2026-08-06_19-12-41 Episode 96: New best reward 2.10, training model saved.
2026-08-06_19-12-47 Episode 110: New best reward 3.90, training model saved.
2026-08-06_19-12-53 Episode 123: New best reward 4.20, training model saved.
2026-08-06_19-12-55 Episode 127: New best reward 6.10, training model saved.
2026-08-06_19-14-28 Episode 347: New best reward 6.20, training model saved.
2026-08-06_19-14-43 Episode 382: New best reward 6.30, training model saved.
2026-08-06_19-15-08 Episode 438: New best reward 8.40, training model saved.
2026-08-06_19-15-30 Episode 483: New best reward 9.50, training model saved.
2026-08-06_19-16-56 Episode 639: New best reward 12.90, training model saved.
2026-08-06_19-20-34 Episode 1000: New best greedy reward 8.80, model saved.
2026-08-06_19-20-50 Episode 1024: New best reward 13.40, training model saved.
2026-08-06_19-22-38 Episode 1189: New best reward 18.50, training model saved.
2026-08-06_19-23-45 Episode 1281: New best reward 18.70, training model saved.
2026-08-06_19-25-47 Episode 1482: New best reward 19.10, training model saved.
2026-08-06_19-26-03 Episode 1503: New best reward 37.10, training model saved.
2026-08-06_19-26-17 Episode 1521: New best reward 37.60, training model saved.
2026-08-06_19-26-28: Training starting...
Device: cuda
2026-08-06_19-26-28 Episode 0: New best reward -8.10, training model saved.
2026-08-06_19-26-28 Episode 0: New best greedy reward 2.00, model saved.
2026-08-06_19-26-29 Episode 1: New best reward -5.70, training model saved.
2026-08-06_19-26-58 Episode 73: New best reward -5.10, training model saved.
2026-08-06_19-27-02 Episode 81: New best reward -1.50, training model saved.
2026-08-06_19-27-04 Episode 85: New best reward 0.30, training model saved.
2026-08-06_19-27-06 Episode 89: New best reward 0.90, training model saved.
2026-08-06_19-27-20 Episode 123: New best reward 3.90, training model saved.
2026-08-06_19-27-22 Episode 127: New best reward 4.10, training model saved.
2026-08-06_19-27-43 Episode 179: New best reward 4.50, training model saved.
2026-08-06_19-27-46 Episode 185: New best reward 6.40, training model saved.
2026-08-06_19-27-57 Episode 212: New best reward 6.60, training model saved.
2026-08-06_19-28-03 Episode 227: New best reward 8.40, training model saved.
2026-08-06_19-31-26 Episode 613: New best reward 8.50, training model saved.
2026-08-06_19-32-38 Episode 737: New best reward 8.80, training model saved.
2026-08-06_19-34-30 Episode 933: New best reward 11.00, training model saved.
2026-08-06_19-34-32 Episode 936: New best reward 13.10, training model saved.
2026-08-06_19-35-14 Episode 1000: New best greedy reward 4.40, model saved.
2026-08-06_19-35-18 Episode 1005: New best reward 13.50, training model saved.
2026-08-06_19-35-23 Episode 1010: New best reward 22.40, training model saved.
2026-08-06_19-37-30 Episode 1212: New best reward 25.00, training model saved.
2026-08-06_19-38-12 Episode 1262: New best reward 36.40, training model saved.
2026-08-06_19-42-40 Episode 1592: New best reward 43.70, training model saved.
2026-08-06_19-46-41 Episode 1810: New best reward 62.40, training model saved.
2026-08-06_19-49-14 Episode 1930: New best reward 67.70, training model saved.
2026-08-06_19-49-34 Episode 1935: New best reward 195.40, training model saved.
2026-08-06_20-05-31 Episode 2924: New best reward 211.80, training model saved.
2026-08-06_20-06-29 Episode 2942: New best reward 354.40, training model saved.
[worker] done. total trials in study: 400
2026-08-06_06-46-24: Training starting...
Device: cuda
2026-08-06_06-46-32 Episode 0: New best reward -8.10, training model saved.
2026-08-06_06-46-32 Episode 0: New best greedy reward 2.00, model saved.
2026-08-06_06-46-32 Episode 1: New best reward -5.70, training model saved.
2026-08-06_06-47-01 Episode 63: New best reward -2.10, training model saved.
2026-08-06_06-47-05 Episode 73: New best reward -0.30, training model saved.
2026-08-06_06-47-11 Episode 85: New best reward 3.30, training model saved.
2026-08-06_06-47-12 Episode 89: New best reward 3.90, training model saved.
2026-08-06_06-47-24 Episode 116: New best reward 4.00, training model saved.
2026-08-06_06-47-27 Episode 123: New best reward 4.80, training model saved.
2026-08-06_06-47-46 Episode 167: New best reward 5.00, training model saved.
2026-08-06_06-47-48 Episode 171: New best reward 6.10, training model saved.
2026-08-06_06-47-54 Episode 182: New best reward 6.80, training model saved.
2026-08-06_06-47-59 Episode 196: New best reward 8.40, training model saved.
2026-08-06_06-48-25 Episode 252: New best reward 8.50, training model saved.
2026-08-06_06-48-36 Episode 276: New best reward 9.00, training model saved.
2026-08-06_06-49-21 Episode 371: New best reward 12.90, training model saved.
2026-08-06_06-50-15 Episode 476: New best reward 17.90, training model saved.
2026-08-06_06-52-46 Episode 740: New best reward 18.30, training model saved.
2026-08-06_06-55-41 Episode 1000: New best greedy reward 8.70, model saved.
2026-08-06_06-56-57 Episode 1106: New best reward 22.50, training model saved.
2026-08-06_06-58-34 Episode 1227: New best reward 25.20, training model saved.
2026-08-06_07-00-18 Episode 1356: New best reward 40.90, training model saved.
2026-08-06_07-02-09 Episode 1475: New best reward 46.60, training model saved.
2026-08-06_07-06-56 Episode 1746: New best reward 54.90, training model saved.
2026-08-06_07-07-48 Episode 1786: New best reward 55.70, training model saved.
2026-08-06_07-08-40 Episode 1823: New best reward 68.90, training model saved.
2026-08-06_07-10-50 Episode 1908: New best reward 84.00, training model saved.
2026-08-06_07-13-02 Episode 2000: New best greedy reward 9.50, model saved.
2026-08-06_07-16-25 Episode 2117: New best reward 134.50, training model saved.
2026-08-06_07-16-51 Episode 2125: New best reward 146.80, training model saved.
2026-08-06_07-18-24 Episode 2167: New best reward 148.80, training model saved.
2026-08-06_07-20-47 Episode 2217: New best reward 191.00, training model saved.
2026-08-06_07-22-19 Episode 2243: New best reward 211.80, training model saved.
2026-08-06_07-31-12: Training starting...
Device: cuda
2026-08-06_07-31-12 Episode 0: New best reward -8.10, training model saved.
2026-08-06_07-31-12 Episode 0: New best greedy reward 2.00, model saved.
2026-08-06_07-31-13 Episode 1: New best reward -5.70, training model saved.
2026-08-06_07-31-40 Episode 63: New best reward -3.30, training model saved.
2026-08-06_07-31-48 Episode 81: New best reward -1.50, training model saved.
2026-08-06_07-31-49 Episode 85: New best reward 0.30, training model saved.
2026-08-06_07-31-51 Episode 89: New best reward 2.10, training model saved.
2026-08-06_07-31-54 Episode 96: New best reward 3.90, training model saved.
2026-08-06_07-32-06 Episode 123: New best reward 4.00, training model saved.
2026-08-06_07-32-10 Episode 133: New best reward 4.30, training model saved.
2026-08-06_07-32-17 Episode 150: New best reward 6.40, training model saved.
2026-08-06_07-32-31 Episode 183: New best reward 6.50, training model saved.
2026-08-06_07-32-40 Episode 202: New best reward 8.40, training model saved.
2026-08-06_07-32-56 Episode 236: New best reward 8.50, training model saved.
2026-08-06_07-34-04 Episode 382: New best reward 8.60, training model saved.
2026-08-06_07-34-06 Episode 387: New best reward 10.70, training model saved.
2026-08-06_07-36-28 Episode 650: New best reward 11.00, training model saved.
2026-08-06_07-36-42 Episode 671: New best reward 13.30, training model saved.
2026-08-06_07-37-03 Episode 702: New best reward 13.60, training model saved.
2026-08-06_07-38-54 Episode 859: New best reward 18.30, training model saved.
2026-08-06_07-39-55 Episode 944: New best reward 18.40, training model saved.
2026-08-06_07-40-22 Episode 981: New best reward 22.70, training model saved.
2026-08-06_07-40-35 Episode 1000: New best greedy reward 2.80, model saved.
2026-08-06_07-41-07 Episode 1042: New best reward 23.00, training model saved.
2026-08-06_07-41-30 Episode 1071: New best reward 24.60, training model saved.
2026-08-06_07-43-13 Episode 1203: New best reward 27.50, training model saved.
2026-08-06_07-44-33 Episode 1294: New best reward 31.90, training model saved.
2026-08-06_07-45-50 Episode 1363: New best reward 57.40, training model saved.
2026-08-06_07-47-04 Episode 1426: New best reward 62.80, training model saved.
2026-08-06_07-50-00 Episode 1567: New best reward 64.40, training model saved.
2026-08-06_07-50-53 Episode 1597: New best reward 85.50, training model saved.
2026-08-06_07-52-33 Episode 1662: New best reward 111.50, training model saved.
2026-08-06_07-59-52 Episode 2000: New best greedy reward 93.20, model saved.
2026-08-06_08-16-17: Training starting...
Device: cuda
2026-08-06_08-16-18 Episode 0: New best reward -8.10, training model saved.
2026-08-06_08-16-18 Episode 0: New best greedy reward 2.00, model saved.
2026-08-06_08-16-18 Episode 1: New best reward -5.70, training model saved.
2026-08-06_08-16-46 Episode 62: New best reward -5.10, training model saved.
2026-08-06_08-16-46 Episode 63: New best reward -1.50, training model saved.
2026-08-06_08-16-50 Episode 73: New best reward 0.90, training model saved.
2026-08-06_08-16-56 Episode 85: New best reward 3.90, training model saved.
2026-08-06_08-17-08 Episode 113: New best reward 4.00, training model saved.
2026-08-06_08-17-09 Episode 116: New best reward 4.10, training model saved.
2026-08-06_08-17-14 Episode 123: New best reward 6.20, training model saved.
2026-08-06_08-17-29 Episode 159: New best reward 6.30, training model saved.
2026-08-06_08-17-33 Episode 164: New best reward 6.70, training model saved.
2026-08-06_08-17-34 Episode 166: New best reward 8.40, training model saved.
2026-08-06_08-18-10 Episode 245: New best reward 8.70, training model saved.
2026-08-06_08-19-27 Episode 395: New best reward 11.00, training model saved.
2026-08-06_08-19-42 Episode 420: New best reward 12.90, training model saved.
2026-08-06_08-19-54 Episode 441: New best reward 13.60, training model saved.
2026-08-06_08-20-12 Episode 471: New best reward 15.80, training model saved.
2026-08-06_08-22-34 Episode 720: New best reward 19.00, training model saved.
2026-08-06_08-24-14 Episode 878: New best reward 20.50, training model saved.
2026-08-06_08-25-29 Episode 1000: New best greedy reward 4.60, model saved.
2026-08-06_08-26-13 Episode 1061: New best reward 20.60, training model saved.
2026-08-06_08-26-20 Episode 1071: New best reward 25.30, training model saved.
2026-08-06_08-28-28 Episode 1237: New best reward 27.60, training model saved.
2026-08-06_08-28-50 Episode 1255: New best reward 48.80, training model saved.
2026-08-06_08-29-36 Episode 1296: New best reward 65.60, training model saved.
2026-08-06_08-37-25 Episode 2000: New best greedy reward 24.70, model saved.
2026-08-06_08-46-41 Episode 2521: New best reward 71.70, training model saved.
2026-08-06_08-47-10 Episode 2537: New best reward 113.80, training model saved.
2026-08-06_08-58-39 Episode 3114: New best reward 152.90, training model saved.
2026-08-06_09-01-26: Training starting...
Device: cuda
2026-08-06_09-01-26 Episode 0: New best reward -8.10, training model saved.
2026-08-06_09-01-26 Episode 0: New best greedy reward 2.00, model saved.
2026-08-06_09-01-27 Episode 1: New best reward -5.70, training model saved.
2026-08-06_09-01-54 Episode 63: New best reward -5.10, training model saved.
2026-08-06_09-02-02 Episode 81: New best reward -1.50, training model saved.
2026-08-06_09-02-04 Episode 85: New best reward 0.30, training model saved.
2026-08-06_09-02-06 Episode 89: New best reward 2.70, training model saved.
2026-08-06_09-02-21 Episode 123: New best reward 4.40, training model saved.
2026-08-06_09-02-23 Episode 127: New best reward 4.70, training model saved.
2026-08-06_09-02-37 Episode 162: New best reward 6.00, training model saved.
2026-08-06_09-02-44 Episode 175: New best reward 8.40, training model saved.
2026-08-06_09-03-12 Episode 237: New best reward 8.80, training model saved.
2026-08-06_09-04-20 Episode 390: New best reward 9.50, training model saved.
2026-08-06_09-05-48 Episode 582: New best reward 10.50, training model saved.
2026-08-06_09-07-26 Episode 788: New best reward 10.70, training model saved.
2026-08-06_09-12-23 Episode 1378: New best reward 10.80, training model saved.
2026-08-06_09-12-51 Episode 1433: New best reward 11.10, training model saved.
2026-08-06_09-14-21 Episode 1600: New best reward 11.20, training model saved.
2026-08-06_09-17-29 Episode 1930: New best reward 17.90, training model saved.
2026-08-06_09-18-12 Episode 2000: New best greedy reward 6.00, model saved.
2026-08-06_09-19-43 Episode 2146: New best reward 22.40, training model saved.
2026-08-06_09-28-58 Episode 3000: New best greedy reward 6.70, model saved.
2026-08-06_09-30-18 Episode 3120: New best reward 22.70, training model saved.
2026-08-06_09-36-20 Episode 3613: New best reward 27.10, training model saved.
2026-08-06_09-41-22 Episode 4000: New best greedy reward 13.30, model saved.
2026-08-06_09-42-08 Episode 4056: New best reward 27.60, training model saved.
2026-08-06_09-45-49: Training starting...
Device: cuda
2026-08-06_09-45-49 Episode 0: New best reward -8.10, training model saved.
2026-08-06_09-45-50 Episode 0: New best greedy reward 2.00, model saved.
2026-08-06_09-45-50 Episode 1: New best reward -5.70, training model saved.
2026-08-06_09-46-20 Episode 73: New best reward -5.10, training model saved.
2026-08-06_09-46-24 Episode 81: New best reward -1.50, training model saved.
2026-08-06_09-46-26 Episode 85: New best reward 0.30, training model saved.
2026-08-06_09-46-27 Episode 89: New best reward 2.70, training model saved.
2026-08-06_09-46-30 Episode 96: New best reward 3.90, training model saved.
2026-08-06_09-46-57 Episode 162: New best reward 4.10, training model saved.
2026-08-06_09-47-17 Episode 208: New best reward 11.20, training model saved.
2026-08-06_09-49-34 Episode 514: New best reward 12.90, training model saved.
2026-08-06_09-50-00 Episode 564: New best reward 17.90, training model saved.
2026-08-06_09-53-22 Episode 943: New best reward 19.00, training model saved.
2026-08-06_09-53-37 Episode 961: New best reward 40.90, training model saved.
2026-08-06_09-54-09 Episode 1000: New best greedy reward 6.60, model saved.
2026-08-06_09-54-45 Episode 1032: New best reward 52.70, training model saved.
2026-08-06_09-55-15 Episode 1060: New best reward 62.40, training model saved.
2026-08-06_09-57-28 Episode 1192: New best reward 116.70, training model saved.
2026-08-06_09-59-06 Episode 1229: New best reward 166.90, training model saved.
2026-08-06_10-01-31 Episode 1268: New best reward 417.30, training model saved.
2026-08-06_10-21-52 Episode 1647: New best reward 1224.80, training model saved.
2026-08-06_10-27-55: Training starting...
Device: cuda
2026-08-06_10-27-55 Episode 0: New best reward -8.10, training model saved.
2026-08-06_10-27-55 Episode 0: New best greedy reward 2.00, model saved.
2026-08-06_10-27-56 Episode 1: New best reward -5.70, training model saved.
2026-08-06_10-28-28 Episode 81: New best reward -2.10, training model saved.
2026-08-06_10-29-20 Episode 211: New best reward 2.70, training model saved.
2026-08-06_10-30-21 Episode 360: New best reward 3.90, training model saved.
2026-08-06_10-30-30 Episode 382: New best reward 5.00, training model saved.
2026-08-06_10-33-09 Episode 772: New best reward 6.20, training model saved.
2026-08-06_10-33-36 Episode 836: New best reward 6.60, training model saved.
2026-08-06_10-34-38 Episode 987: New best reward 6.70, training model saved.
2026-08-06_10-34-53 Episode 1024: New best reward 8.40, training model saved.
2026-08-06_10-35-30 Episode 1111: New best reward 8.70, training model saved.
2026-08-06_10-38-09 Episode 1489: New best reward 10.70, training model saved.
2026-08-06_10-38-44 Episode 1565: New best reward 17.90, training model saved.
2026-08-06_10-42-24: Training starting...
Device: cuda
2026-08-06_10-42-25 Episode 0: New best reward -8.10, training model saved.
2026-08-06_10-42-25 Episode 0: New best greedy reward 2.00, model saved.
2026-08-06_10-42-25 Episode 1: New best reward -5.70, training model saved.
2026-08-06_10-42-58 Episode 81: New best reward -2.10, training model saved.
2026-08-06_10-43-01 Episode 89: New best reward -1.50, training model saved.
2026-08-06_10-43-04 Episode 96: New best reward 3.90, training model saved.
2026-08-06_10-44-08 Episode 250: New best reward 4.40, training model saved.
2026-08-06_10-44-41 Episode 330: New best reward 6.10, training model saved.
2026-08-06_10-45-28 Episode 445: New best reward 6.40, training model saved.
2026-08-06_10-46-23 Episode 575: New best reward 8.40, training model saved.
2026-08-06_10-48-02: Training starting...
Device: cuda
2026-08-06_10-48-02 Episode 0: New best reward -8.10, training model saved.
2026-08-06_10-48-02 Episode 0: New best greedy reward 2.00, model saved.
2026-08-06_10-48-03 Episode 1: New best reward -5.70, training model saved.
2026-08-06_10-48-25 Episode 54: New best reward -5.10, training model saved.
2026-08-06_10-48-32 Episode 73: New best reward -0.30, training model saved.
2026-08-06_10-48-38 Episode 85: New best reward 0.30, training model saved.
2026-08-06_10-48-40 Episode 89: New best reward 2.10, training model saved.
2026-08-06_10-48-42 Episode 96: New best reward 3.90, training model saved.
2026-08-06_10-49-31 Episode 211: New best reward 6.80, training model saved.
2026-08-06_10-52-30 Episode 636: New best reward 8.40, training model saved.
2026-08-06_10-52-38 Episode 652: New best reward 11.20, training model saved.
2026-08-06_10-53-09: Training starting...
Device: cuda
2026-08-06_10-53-10 Episode 0: New best reward -8.10, training model saved.
2026-08-06_10-53-10 Episode 0: New best greedy reward 2.00, model saved.
2026-08-06_10-53-10 Episode 1: New best reward -5.70, training model saved.
2026-08-06_10-53-40 Episode 73: New best reward -5.10, training model saved.
2026-08-06_10-53-44 Episode 81: New best reward -1.50, training model saved.
2026-08-06_10-53-46 Episode 85: New best reward 0.30, training model saved.
2026-08-06_10-53-47 Episode 89: New best reward 2.10, training model saved.
2026-08-06_10-53-50 Episode 96: New best reward 3.90, training model saved.
2026-08-06_10-54-19 Episode 164: New best reward 4.70, training model saved.
2026-08-06_10-54-27 Episode 183: New best reward 4.90, training model saved.
2026-08-06_10-54-31 Episode 193: New best reward 5.00, training model saved.
2026-08-06_10-54-40 Episode 214: New best reward 6.60, training model saved.
2026-08-06_10-55-17 Episode 302: New best reward 8.40, training model saved.
2026-08-06_10-56-34 Episode 475: New best reward 8.60, training model saved.
2026-08-06_10-57-02 Episode 533: New best reward 9.30, training model saved.
2026-08-06_10-57-27 Episode 576: New best reward 11.00, training model saved.
2026-08-06_10-57-29 Episode 579: New best reward 11.30, training model saved.
2026-08-06_10-57-37 Episode 591: New best reward 13.60, training model saved.
2026-08-06_10-58-05 Episode 642: New best reward 13.70, training model saved.
2026-08-06_10-59-35 Episode 793: New best reward 22.40, training model saved.
2026-08-06_10-59-43 Episode 802: New best reward 24.70, training model saved.
2026-08-06_10-59-49 Episode 806: New best reward 46.00, training model saved.
2026-08-06_11-00-07 Episode 821: New best reward 69.10, training model saved.
2026-08-06_11-03-53 Episode 1000: New best greedy reward 27.80, model saved.
2026-08-06_11-04-25 Episode 1021: New best reward 79.20, training model saved.
2026-08-06_11-05-09 Episode 1058: New best reward 103.10, training model saved.
2026-08-06_11-06-00 Episode 1078: New best reward 146.10, training model saved.
2026-08-06_11-06-12 Episode 1080: New best reward 163.50, training model saved.
2026-08-06_11-17-11 Episode 1465: New best reward 167.70, training model saved.
2026-08-06_11-19-24 Episode 1522: New best reward 191.10, training model saved.
2026-08-06_11-20-51 Episode 1557: New best reward 290.90, training model saved.
2026-08-06_11-22-19 Episode 1573: New best reward 295.80, training model saved.
2026-08-06_11-27-01 Episode 1612: New best reward 457.10, training model saved.
2026-08-06_11-27-39 Episode 1613: New best reward 559.80, training model saved.
2026-08-06_11-29-06 Episode 1618: New best reward 740.90, training model saved.
2026-08-06_11-30-57 Episode 1624: New best reward 1059.20, training model saved.
2026-08-06_11-35-43: Training starting...
Device: cuda
2026-08-06_11-35-43 Episode 0: New best reward -8.10, training model saved.
2026-08-06_11-35-44 Episode 0: New best greedy reward 2.00, model saved.
2026-08-06_11-35-44 Episode 1: New best reward -5.70, training model saved.
2026-08-06_11-36-17 Episode 81: New best reward -2.70, training model saved.
2026-08-06_11-36-19 Episode 85: New best reward 0.30, training model saved.
2026-08-06_11-36-21 Episode 89: New best reward 2.10, training model saved.
2026-08-06_11-36-23 Episode 96: New best reward 3.90, training model saved.
2026-08-06_11-36-35 Episode 123: New best reward 4.40, training model saved.
2026-08-06_11-36-39 Episode 133: New best reward 6.70, training model saved.
2026-08-06_11-37-05 Episode 195: New best reward 8.40, training model saved.
2026-08-06_11-38-35 Episode 398: New best reward 10.80, training model saved.
2026-08-06_11-38-51 Episode 432: New best reward 10.90, training model saved.
2026-08-06_11-38-56 Episode 441: New best reward 12.90, training model saved.
2026-08-06_11-39-58 Episode 556: New best reward 25.20, training model saved.
2026-08-06_11-40-20 Episode 585: New best reward 27.20, training model saved.
2026-08-06_11-40-40 Episode 611: New best reward 43.80, training model saved.
2026-08-06_11-41-11 Episode 645: New best reward 46.60, training model saved.
2026-08-06_11-41-49 Episode 680: New best reward 57.10, training model saved.
2026-08-06_11-43-50 Episode 816: New best reward 71.50, training model saved.
2026-08-06_11-44-28 Episode 842: New best reward 79.00, training model saved.
2026-08-06_11-46-24 Episode 926: New best reward 90.50, training model saved.
2026-08-06_11-47-24 Episode 948: New best reward 117.00, training model saved.
2026-08-06_11-48-49 Episode 1000: New best greedy reward 4.00, model saved.
2026-08-06_11-49-24 Episode 1010: New best reward 145.00, training model saved.
2026-08-06_11-51-03 Episode 1037: New best reward 152.90, training model saved.
2026-08-06_11-51-20 Episode 1039: New best reward 225.10, training model saved.
2026-08-06_11-52-38 Episode 1055: New best reward 225.80, training model saved.
2026-08-06_11-53-10 Episode 1057: New best reward 456.40, training model saved.
2026-08-06_12-12-03 Episode 1855: New best reward 845.10, training model saved.
2026-08-06_12-18-31: Training starting...
Device: cuda
2026-08-06_12-18-32 Episode 0: New best reward -8.10, training model saved.
2026-08-06_12-18-32 Episode 0: New best greedy reward 2.00, model saved.
2026-08-06_12-18-32 Episode 1: New best reward -5.70, training model saved.
2026-08-06_12-19-05 Episode 81: New best reward -2.10, training model saved.
2026-08-06_12-19-37 Episode 162: New best reward -0.30, training model saved.
2026-08-06_12-19-48 Episode 187: New best reward 0.30, training model saved.
2026-08-06_12-19-51 Episode 195: New best reward 2.10, training model saved.
2026-08-06_12-19-57 Episode 211: New best reward 2.70, training model saved.
2026-08-06_12-20-07 Episode 235: New best reward 3.90, training model saved.
2026-08-06_12-20-15 Episode 254: New best reward 4.20, training model saved.
2026-08-06_12-20-46 Episode 330: New best reward 4.40, training model saved.
2026-08-06_12-21-07 Episode 385: New best reward 4.60, training model saved.
2026-08-06_12-21-22 Episode 419: New best reward 4.80, training model saved.
2026-08-06_12-21-24 Episode 424: New best reward 8.60, training model saved.
2026-08-06_12-21-33 Episode 447: New best reward 8.80, training model saved.
2026-08-06_12-22-11 Episode 537: New best reward 12.90, training model saved.
2026-08-06_12-26-07 Episode 1056: New best reward 13.00, training model saved.
2026-08-06_12-26-21 Episode 1082: New best reward 17.90, training model saved.
2026-08-06_12-26-39 Episode 1111: New best reward 19.10, training model saved.
2026-08-06_12-27-22 Episode 1172: New best reward 22.70, training model saved.
2026-08-06_12-27-38 Episode 1192: New best reward 26.90, training model saved.
2026-08-06_12-28-04 Episode 1228: New best reward 37.20, training model saved.
2026-08-06_12-30-33 Episode 1403: New best reward 41.70, training model saved.
2026-08-06_12-30-51 Episode 1416: New best reward 41.90, training model saved.
2026-08-06_12-31-02 Episode 1426: New best reward 57.30, training model saved.
2026-08-06_12-31-16 Episode 1435: New best reward 57.50, training model saved.
2026-08-06_12-31-21 Episode 1436: New best reward 76.80, training model saved.
2026-08-06_12-36-02 Episode 1653: New best reward 117.10, training model saved.
2026-08-06_12-36-27 Episode 1660: New best reward 127.80, training model saved.
2026-08-06_12-39-22 Episode 1726: New best reward 244.60, training model saved.
2026-08-06_12-48-36 Episode 2000: New best greedy reward 9.50, model saved.
2026-08-06_12-52-40 Episode 2079: New best reward 463.60, training model saved.
2026-08-06_12-54-23 Episode 2102: New best reward 608.80, training model saved.
2026-08-06_12-59-49: Training starting...
Device: cuda
2026-08-06_12-59-49 Episode 0: New best reward -8.10, training model saved.
2026-08-06_12-59-49 Episode 0: New best greedy reward 2.00, model saved.
2026-08-06_12-59-50 Episode 1: New best reward -5.70, training model saved.
2026-08-06_13-00-22 Episode 81: New best reward -2.10, training model saved.
2026-08-06_13-01-50 Episode 299: New best reward -0.30, training model saved.
2026-08-06_13-02-14 Episode 358: New best reward 0.90, training model saved.
2026-08-06_13-02-32 Episode 405: New best reward 2.10, training model saved.
2026-08-06_13-02-53 Episode 456: New best reward 3.90, training model saved.
2026-08-06_13-03-39 Episode 569: New best reward 4.00, training model saved.
2026-08-06_13-03-58 Episode 617: New best reward 4.10, training model saved.
2026-08-06_13-04-16 Episode 660: New best reward 4.20, training model saved.
2026-08-06_13-04-22 Episode 675: New best reward 4.50, training model saved.
2026-08-06_13-04-45 Episode 734: New best reward 6.70, training model saved.
2026-08-06_13-07-40 Episode 1153: New best reward 7.80, training model saved.
2026-08-06_13-07-51 Episode 1181: New best reward 8.40, training model saved.
2026-08-06_13-09-31 Episode 1407: New best reward 8.60, training model saved.
2026-08-06_13-10-23 Episode 1507: New best reward 10.70, training model saved.
2026-08-06_13-10-52 Episode 1562: New best reward 10.90, training model saved.
2026-08-06_13-12-21 Episode 1722: New best reward 15.50, training model saved.
2026-08-06_13-13-12 Episode 1813: New best reward 18.00, training model saved.
2026-08-06_13-13-45 Episode 1865: New best reward 23.30, training model saved.
2026-08-06_13-15-16 Episode 1993: New best reward 34.80, training model saved.
2026-08-06_13-15-25 Episode 2000: New best greedy reward 18.70, model saved.
2026-08-06_13-16-20 Episode 2069: New best reward 47.00, training model saved.
2026-08-06_13-19-03 Episode 2243: New best reward 53.30, training model saved.
2026-08-06_13-19-09 Episode 2246: New best reward 55.70, training model saved.
2026-08-06_13-19-54 Episode 2280: New best reward 60.50, training model saved.
2026-08-06_13-20-38 Episode 2303: New best reward 166.90, training model saved.
2026-08-06_13-23-21 Episode 2354: New best reward 194.90, training model saved.
2026-08-06_13-25-13 Episode 2380: New best reward 363.60, training model saved.
2026-08-06_13-30-02 Episode 2429: New best reward 390.90, training model saved.
2026-08-06_13-36-39 Episode 2487: New best reward 1084.80, training model saved.
2026-08-06_13-41-42: Training starting...
Device: cuda
2026-08-06_13-41-42 Episode 0: New best reward -8.10, training model saved.
2026-08-06_13-41-42 Episode 0: New best greedy reward 2.00, model saved.
2026-08-06_13-41-43 Episode 1: New best reward -5.70, training model saved.
2026-08-06_13-42-18 Episode 81: New best reward -2.70, training model saved.
2026-08-06_13-42-19 Episode 85: New best reward 0.30, training model saved.
2026-08-06_13-42-21 Episode 89: New best reward 2.10, training model saved.
2026-08-06_13-42-36 Episode 123: New best reward 4.10, training model saved.
2026-08-06_13-42-45 Episode 144: New best reward 6.60, training model saved.
2026-08-06_13-42-58 Episode 175: New best reward 8.40, training model saved.
2026-08-06_13-43-18 Episode 219: New best reward 8.60, training model saved.
2026-08-06_13-44-14 Episode 343: New best reward 9.10, training model saved.
2026-08-06_13-44-35 Episode 389: New best reward 11.20, training model saved.
2026-08-06_13-46-15 Episode 606: New best reward 23.60, training model saved.
2026-08-06_13-46-52: Training starting...
Device: cuda
2026-08-06_13-46-52 Episode 0: New best reward -8.10, training model saved.
2026-08-06_13-46-53 Episode 0: New best greedy reward 2.00, model saved.
2026-08-06_13-46-53 Episode 1: New best reward -5.70, training model saved.
2026-08-06_13-47-26 Episode 81: New best reward -2.70, training model saved.
2026-08-06_13-47-27 Episode 85: New best reward -0.90, training model saved.
2026-08-06_13-47-44 Episode 123: New best reward 0.90, training model saved.
2026-08-06_13-47-45 Episode 127: New best reward 2.70, training model saved.
2026-08-06_13-47-52 Episode 144: New best reward 3.90, training model saved.
2026-08-06_13-48-16 Episode 199: New best reward 4.10, training model saved.
2026-08-06_13-48-21 Episode 211: New best reward 4.40, training model saved.
2026-08-06_13-48-29 Episode 230: New best reward 4.50, training model saved.
2026-08-06_13-48-47 Episode 272: New best reward 4.80, training model saved.
2026-08-06_13-48-58 Episode 298: New best reward 6.80, training model saved.
2026-08-06_13-49-00 Episode 301: New best reward 8.40, training model saved.
2026-08-06_13-50-38 Episode 505: New best reward 11.20, training model saved.
2026-08-06_13-52-08 Episode 665: New best reward 11.30, training model saved.
2026-08-06_13-53-13 Episode 780: New best reward 13.90, training model saved.
2026-08-06_13-53-20 Episode 791: New best reward 17.90, training model saved.
2026-08-06_13-53-29 Episode 802: New best reward 32.80, training model saved.
2026-08-06_13-56-04 Episode 990: New best reward 37.10, training model saved.
2026-08-06_13-56-12 Episode 1000: New best greedy reward 3.90, model saved.
2026-08-06_13-57-27 Episode 1076: New best reward 53.20, training model saved.
2026-08-06_14-00-35 Episode 1254: New best reward 59.90, training model saved.
2026-08-06_14-01-40 Episode 1294: New best reward 65.30, training model saved.
2026-08-06_14-02-01 Episode 1308: New best reward 65.40, training model saved.
2026-08-06_14-02-21 Episode 1318: New best reward 69.90, training model saved.
2026-08-06_14-02-42 Episode 1326: New best reward 87.90, training model saved.
2026-08-06_14-05-45 Episode 1434: New best reward 167.80, training model saved.
2026-08-06_14-06-38 Episode 1449: New best reward 316.40, training model saved.
2026-08-06_14-26-41 Episode 1836: New best reward 470.40, training model saved.
2026-08-06_14-28-59: Training starting...
Device: cuda
2026-08-06_14-29-00 Episode 0: New best reward -8.10, training model saved.
2026-08-06_14-29-00 Episode 0: New best greedy reward 2.00, model saved.
2026-08-06_14-29-00 Episode 1: New best reward -5.70, training model saved.
2026-08-06_14-29-34 Episode 81: New best reward -2.10, training model saved.
2026-08-06_14-29-35 Episode 85: New best reward 0.30, training model saved.
2026-08-06_14-29-37 Episode 89: New best reward 1.50, training model saved.
2026-08-06_14-29-51 Episode 123: New best reward 3.90, training model saved.
2026-08-06_14-30-28 Episode 211: New best reward 6.80, training model saved.
2026-08-06_14-30-43 Episode 246: New best reward 8.40, training model saved.
2026-08-06_14-33-19 Episode 609: New best reward 8.50, training model saved.
2026-08-06_14-34-15 Episode 732: New best reward 11.00, training model saved.
2026-08-06_14-36-45 Episode 998: New best reward 12.90, training model saved.
2026-08-06_14-36-47 Episode 1000: New best greedy reward 8.60, model saved.
2026-08-06_14-39-31 Episode 1249: New best reward 13.60, training model saved.
2026-08-06_14-40-31 Episode 1330: New best reward 17.90, training model saved.
2026-08-06_14-40-35 Episode 1334: New best reward 22.40, training model saved.
2026-08-06_14-41-06 Episode 1370: New best reward 27.20, training model saved.
2026-08-06_14-41-49 Episode 1414: New best reward 27.90, training model saved.
2026-08-06_14-42-20 Episode 1442: New best reward 34.10, training model saved.
2026-08-06_14-42-23 Episode 1443: New best reward 38.70, training model saved.
2026-08-06_14-43-05 Episode 1480: New best reward 41.40, training model saved.
2026-08-06_14-43-27 Episode 1495: New best reward 55.80, training model saved.
2026-08-06_14-44-58 Episode 1560: New best reward 93.10, training model saved.
2026-08-06_14-51-23 Episode 1867: New best reward 102.50, training model saved.
2026-08-06_14-54-52 Episode 1976: New best reward 183.40, training model saved.
2026-08-06_14-55-14 Episode 1982: New best reward 202.80, training model saved.
2026-08-06_14-56-15 Episode 2000: New best greedy reward 47.10, model saved.
2026-08-06_15-11-02: Training starting...
Device: cuda
2026-08-06_15-11-02 Episode 0: New best reward -8.10, training model saved.
2026-08-06_15-11-02 Episode 0: New best greedy reward 2.00, model saved.
2026-08-06_15-11-03 Episode 1: New best reward -5.70, training model saved.
2026-08-06_15-11-35 Episode 81: New best reward -2.10, training model saved.
2026-08-06_15-12-07 Episode 162: New best reward -0.30, training model saved.
2026-08-06_15-12-18 Episode 187: New best reward 0.30, training model saved.
2026-08-06_15-12-21 Episode 195: New best reward 2.10, training model saved.
2026-08-06_15-12-27 Episode 211: New best reward 3.30, training model saved.
2026-08-06_15-12-36 Episode 235: New best reward 3.90, training model saved.
2026-08-06_15-12-43 Episode 250: New best reward 6.30, training model saved.
2026-08-06_15-13-19 Episode 337: New best reward 6.80, training model saved.
2026-08-06_15-13-20 Episode 338: New best reward 8.40, training model saved.
2026-08-06_15-13-59 Episode 434: New best reward 11.30, training model saved.
2026-08-06_15-21-20 Episode 1376: New best reward 12.90, training model saved.
2026-08-06_15-21-39 Episode 1408: New best reward 17.90, training model saved.
2026-08-06_15-25-02 Episode 1736: New best reward 23.20, training model saved.
2026-08-06_15-28-02 Episode 2000: New best greedy reward 8.70, model saved.
2026-08-06_15-29-21 Episode 2110: New best reward 28.00, training model saved.
2026-08-06_15-30-50 Episode 2230: New best reward 41.60, training model saved.
2026-08-06_15-31-48 Episode 2287: New best reward 51.00, training model saved.
2026-08-06_15-32-54 Episode 2352: New best reward 69.80, training model saved.
2026-08-06_15-35-39 Episode 2477: New best reward 69.90, training model saved.
2026-08-06_15-36-41 Episode 2516: New best reward 79.50, training model saved.
2026-08-06_15-37-12 Episode 2529: New best reward 99.30, training model saved.
2026-08-06_15-38-50 Episode 2576: New best reward 149.50, training model saved.
2026-08-06_15-39-16 Episode 2586: New best reward 154.00, training model saved.
2026-08-06_15-42-26 Episode 2658: New best reward 158.90, training model saved.
2026-08-06_15-44-35 Episode 2693: New best reward 484.40, training model saved.
2026-08-06_15-52-22: Training starting...
Device: cuda
2026-08-06_15-52-23 Episode 0: New best reward -8.10, training model saved.
2026-08-06_15-52-23 Episode 0: New best greedy reward 2.00, model saved.
2026-08-06_15-52-23 Episode 1: New best reward -5.70, training model saved.
2026-08-06_15-52-56 Episode 81: New best reward -2.10, training model saved.
2026-08-06_15-53-47 Episode 211: New best reward 2.70, training model saved.
2026-08-06_15-53-57 Episode 235: New best reward 3.90, training model saved.
2026-08-06_15-55-05 Episode 405: New best reward 4.30, training model saved.
2026-08-06_15-55-06 Episode 406: New best reward 4.40, training model saved.
2026-08-06_15-55-33 Episode 472: New best reward 4.80, training model saved.
2026-08-06_15-56-34 Episode 623: New best reward 8.40, training model saved.
2026-08-06_15-57-34 Episode 765: New best reward 8.60, training model saved.
2026-08-06_15-58-05 Episode 836: New best reward 8.70, training model saved.
2026-08-06_15-58-57 Episode 951: New best reward 10.70, training model saved.
2026-08-06_15-59-34 Episode 1023: New best reward 12.90, training model saved.
2026-08-06_15-59-43 Episode 1038: New best reward 13.20, training model saved.
2026-08-06_16-01-40 Episode 1268: New best reward 14.00, training model saved.
2026-08-06_16-02-52 Episode 1394: New best reward 20.30, training model saved.
2026-08-06_16-03-49 Episode 1488: New best reward 24.70, training model saved.
2026-08-06_16-04-10 Episode 1517: New best reward 24.90, training model saved.
2026-08-06_16-04-14 Episode 1521: New best reward 29.50, training model saved.
2026-08-06_16-05-04 Episode 1585: New best reward 37.50, training model saved.
2026-08-06_16-05-43 Episode 1634: New best reward 40.90, training model saved.
2026-08-06_16-06-37 Episode 1689: New best reward 50.80, training model saved.
2026-08-06_16-08-05 Episode 1761: New best reward 57.40, training model saved.
2026-08-06_16-09-34 Episode 1825: New best reward 111.70, training model saved.
2026-08-06_16-14-50 Episode 2000: New best greedy reward 65.30, model saved.
2026-08-06_16-18-59 Episode 2156: New best reward 111.90, training model saved.
2026-08-06_16-19-28 Episode 2165: New best reward 180.90, training model saved.
2026-08-06_16-22-31 Episode 2228: New best reward 209.10, training model saved.
2026-08-06_16-24-08 Episode 2250: New best reward 300.80, training model saved.
2026-08-06_16-25-31 Episode 2269: New best reward 314.60, training model saved.
2026-08-06_16-28-11 Episode 2296: New best reward 443.20, training model saved.
2026-08-06_16-33-49: Training starting...
Device: cuda
2026-08-06_16-33-50 Episode 0: New best reward -8.10, training model saved.
2026-08-06_16-33-50 Episode 0: New best greedy reward 2.00, model saved.
2026-08-06_16-33-50 Episode 1: New best reward -5.70, training model saved.
2026-08-06_16-34-23 Episode 81: New best reward -2.10, training model saved.
2026-08-06_16-34-25 Episode 85: New best reward 0.30, training model saved.
2026-08-06_16-34-55 Episode 162: New best reward 2.10, training model saved.
2026-08-06_16-35-06 Episode 187: New best reward 3.30, training model saved.
2026-08-06_16-35-11 Episode 200: New best reward 3.90, training model saved.
2026-08-06_16-35-32 Episode 250: New best reward 6.30, training model saved.
2026-08-06_16-35-56 Episode 310: New best reward 8.40, training model saved.
2026-08-06_16-36-58 Episode 455: New best reward 9.00, training model saved.
2026-08-06_16-38-50: Training starting...
Device: cuda
2026-08-06_16-38-51 Episode 0: New best reward -8.10, training model saved.
2026-08-06_16-38-51 Episode 0: New best greedy reward 2.00, model saved.
2026-08-06_16-38-51 Episode 1: New best reward -5.70, training model saved.
2026-08-06_16-39-20 Episode 73: New best reward -0.90, training model saved.
2026-08-06_16-39-26 Episode 85: New best reward 0.30, training model saved.
2026-08-06_16-39-28 Episode 89: New best reward 1.50, training model saved.
2026-08-06_16-39-42 Episode 123: New best reward 3.90, training model saved.
2026-08-06_16-40-18 Episode 211: New best reward 6.80, training model saved.
2026-08-06_16-40-37 Episode 255: New best reward 8.40, training model saved.
2026-08-06_16-43-36 Episode 653: New best reward 8.50, training model saved.
2026-08-06_16-43-56: Training starting...
Device: cuda
2026-08-06_16-43-57 Episode 0: New best reward -8.10, training model saved.
2026-08-06_16-43-57 Episode 0: New best greedy reward 2.00, model saved.
2026-08-06_16-43-58 Episode 1: New best reward -5.70, training model saved.
2026-08-06_16-44-30 Episode 81: New best reward -2.10, training model saved.
2026-08-06_16-45-12 Episode 187: New best reward -0.30, training model saved.
2026-08-06_16-45-15 Episode 195: New best reward 0.30, training model saved.
2026-08-06_16-45-17 Episode 200: New best reward 3.90, training model saved.
2026-08-06_16-46-11 Episode 331: New best reward 4.50, training model saved.
2026-08-06_16-46-19 Episode 351: New best reward 4.80, training model saved.
2026-08-06_16-46-45 Episode 412: New best reward 8.70, training model saved.
2026-08-06_16-49-30: Training starting...
Device: cuda
2026-08-06_16-49-30 Episode 0: New best reward -8.10, training model saved.
2026-08-06_16-49-30 Episode 0: New best greedy reward 2.00, model saved.
2026-08-06_16-49-31 Episode 1: New best reward -5.70, training model saved.
2026-08-06_16-50-04 Episode 81: New best reward -2.70, training model saved.
2026-08-06_16-50-05 Episode 85: New best reward 0.30, training model saved.
2026-08-06_16-50-07 Episode 89: New best reward 2.10, training model saved.
2026-08-06_16-50-21 Episode 123: New best reward 4.40, training model saved.
2026-08-06_16-51-14 Episode 254: New best reward 8.50, training model saved.
2026-08-06_16-51-39 Episode 310: New best reward 10.80, training model saved.
2026-08-06_16-53-49 Episode 603: New best reward 11.30, training model saved.
2026-08-06_16-54-23: Training starting...
Device: cuda
2026-08-06_16-54-24 Episode 0: New best reward -8.10, training model saved.
2026-08-06_16-54-24 Episode 0: New best greedy reward 2.00, model saved.
2026-08-06_16-54-24 Episode 1: New best reward -5.70, training model saved.
2026-08-06_16-54-49 Episode 63: New best reward -5.10, training model saved.
2026-08-06_16-54-57 Episode 81: New best reward -1.50, training model saved.
2026-08-06_16-54-58 Episode 85: New best reward 0.30, training model saved.
2026-08-06_16-55-00 Episode 89: New best reward 2.10, training model saved.
2026-08-06_16-55-14 Episode 123: New best reward 3.90, training model saved.
2026-08-06_16-55-29 Episode 162: New best reward 4.80, training model saved.
2026-08-06_16-55-51 Episode 213: New best reward 8.40, training model saved.
2026-08-06_17-00-14 Episode 780: New best reward 12.90, training model saved.
2026-08-06_17-02-21 Episode 1000: New best greedy reward 3.90, model saved.
2026-08-06_17-04-01 Episode 1185: New best reward 13.10, training model saved.
2026-08-06_17-04-35 Episode 1243: New best reward 15.60, training model saved.
2026-08-06_17-04-49 Episode 1265: New best reward 15.80, training model saved.
2026-08-06_17-06-12 Episode 1400: New best reward 20.50, training model saved.
2026-08-06_17-08-31: Training starting...
Device: cuda
2026-08-06_17-08-31 Episode 0: New best reward -8.10, training model saved.
2026-08-06_17-08-31 Episode 0: New best greedy reward 2.00, model saved.
2026-08-06_17-08-32 Episode 1: New best reward -5.70, training model saved.
2026-08-06_17-09-04 Episode 81: New best reward -2.70, training model saved.
2026-08-06_17-09-06 Episode 85: New best reward 0.30, training model saved.
2026-08-06_17-09-21 Episode 123: New best reward 3.90, training model saved.
2026-08-06_17-09-47 Episode 185: New best reward 4.30, training model saved.
2026-08-06_17-09-49 Episode 192: New best reward 4.40, training model saved.
2026-08-06_17-09-51 Episode 195: New best reward 4.90, training model saved.
2026-08-06_17-09-52 Episode 197: New best reward 6.80, training model saved.
2026-08-06_17-09-59 Episode 215: New best reward 8.40, training model saved.
2026-08-06_17-10-37 Episode 306: New best reward 11.10, training model saved.
2026-08-06_17-13-20 Episode 652: New best reward 11.30, training model saved.
2026-08-06_17-13-36 Episode 681: New best reward 13.30, training model saved.
2026-08-06_17-14-16 Episode 755: New best reward 13.60, training model saved.
2026-08-06_17-16-38 Episode 1000: New best greedy reward 3.90, model saved.
2026-08-06_17-17-56 Episode 1126: New best reward 18.70, training model saved.
2026-08-06_17-18-19 Episode 1160: New best reward 20.50, training model saved.
2026-08-06_17-18-32 Episode 1175: New best reward 32.70, training model saved.
2026-08-06_17-19-37 Episode 1250: New best reward 42.10, training model saved.
2026-08-06_17-20-44 Episode 1308: New best reward 43.30, training model saved.
2026-08-06_17-22-13 Episode 1396: New best reward 47.00, training model saved.
2026-08-06_17-22-26: Training starting...
Device: cuda
2026-08-06_17-22-26 Episode 0: New best reward -8.10, training model saved.
2026-08-06_17-22-27 Episode 0: New best greedy reward 2.00, model saved.
2026-08-06_17-22-27 Episode 1: New best reward -5.70, training model saved.
2026-08-06_17-22-54 Episode 66: New best reward -5.10, training model saved.
2026-08-06_17-22-57 Episode 73: New best reward -2.10, training model saved.
2026-08-06_17-23-02 Episode 81: New best reward -1.50, training model saved.
2026-08-06_17-23-03 Episode 85: New best reward -0.90, training model saved.
2026-08-06_17-23-05 Episode 89: New best reward 0.30, training model saved.
2026-08-06_17-23-19 Episode 123: New best reward 3.90, training model saved.
2026-08-06_17-24-32 Episode 295: New best reward 4.00, training model saved.
2026-08-06_17-25-36 Episode 449: New best reward 4.10, training model saved.
2026-08-06_17-25-40 Episode 457: New best reward 4.40, training model saved.
2026-08-06_17-25-44 Episode 466: New best reward 4.60, training model saved.
2026-08-06_17-26-55 Episode 634: New best reward 4.80, training model saved.
2026-08-06_17-27-22 Episode 695: New best reward 5.00, training model saved.
2026-08-06_17-28-06 Episode 797: New best reward 6.20, training model saved.
2026-08-06_17-28-29 Episode 849: New best reward 6.80, training model saved.
2026-08-06_17-29-35 Episode 1000: New best greedy reward 3.90, model saved.
2026-08-06_17-36-45 Episode 2000: New best greedy reward 5.00, model saved.
2026-08-06_17-36-48 Episode 2007: New best reward 8.40, training model saved.
2026-08-06_18-05-22: Training starting...
Device: cuda
2026-08-06_18-05-23 Episode 0: New best reward -8.10, training model saved.
2026-08-06_18-05-23 Episode 0: New best greedy reward 2.00, model saved.
2026-08-06_18-05-23 Episode 1: New best reward -5.70, training model saved.
2026-08-06_18-05-58 Episode 81: New best reward -2.10, training model saved.
2026-08-06_18-06-42 Episode 187: New best reward -0.90, training model saved.
2026-08-06_18-06-53 Episode 211: New best reward 1.50, training model saved.
2026-08-06_18-07-26 Episode 286: New best reward 3.90, training model saved.
2026-08-06_18-08-07 Episode 382: New best reward 4.50, training model saved.
2026-08-06_18-08-27 Episode 429: New best reward 4.60, training model saved.
2026-08-06_18-08-37 Episode 449: New best reward 6.60, training model saved.
2026-08-06_18-09-17 Episode 543: New best reward 6.80, training model saved.
2026-08-06_18-09-43 Episode 603: New best reward 7.80, training model saved.
2026-08-06_18-11-40 Episode 867: New best reward 8.40, training model saved.
2026-08-06_18-12-39 Episode 1000: New best greedy reward 4.00, model saved.
2026-08-06_18-14-52 Episode 1288: New best reward 9.50, training model saved.
2026-08-06_18-15-09 Episode 1323: New best reward 12.30, training model saved.
2026-08-06_18-19-08 Episode 1837: New best reward 12.90, training model saved.
2026-08-06_18-19-17 Episode 1852: New best reward 13.70, training model saved.
2026-08-06_18-20-20: Training starting...
Device: cuda
2026-08-06_18-20-21 Episode 0: New best reward -8.10, training model saved.
2026-08-06_18-20-21 Episode 0: New best greedy reward 2.00, model saved.
2026-08-06_18-20-21 Episode 1: New best reward -5.70, training model saved.
2026-08-06_18-20-54 Episode 81: New best reward -2.10, training model saved.
2026-08-06_18-21-26 Episode 162: New best reward 1.50, training model saved.
2026-08-06_18-21-40 Episode 195: New best reward 2.10, training model saved.
2026-08-06_18-21-42 Episode 200: New best reward 3.90, training model saved.
2026-08-06_18-22-04 Episode 254: New best reward 4.20, training model saved.
2026-08-06_18-22-36 Episode 330: New best reward 4.50, training model saved.
2026-08-06_18-22-43 Episode 348: New best reward 4.70, training model saved.
2026-08-06_18-22-44 Episode 352: New best reward 4.90, training model saved.
2026-08-06_18-22-55 Episode 378: New best reward 6.80, training model saved.
2026-08-06_18-23-19 Episode 435: New best reward 8.40, training model saved.
2026-08-06_18-25-55: Training starting...
Device: cuda
2026-08-06_18-25-55 Episode 0: New best reward -8.10, training model saved.
2026-08-06_18-25-56 Episode 0: New best greedy reward 2.00, model saved.
2026-08-06_18-25-56 Episode 1: New best reward -5.70, training model saved.
2026-08-06_18-26-29 Episode 81: New best reward -2.70, training model saved.
2026-08-06_18-26-30 Episode 85: New best reward 0.30, training model saved.
2026-08-06_18-26-32 Episode 89: New best reward 2.10, training model saved.
2026-08-06_18-26-46 Episode 123: New best reward 3.90, training model saved.
2026-08-06_18-27-13 Episode 190: New best reward 4.10, training model saved.
2026-08-06_18-27-22 Episode 211: New best reward 4.70, training model saved.
2026-08-06_18-27-35 Episode 242: New best reward 8.40, training model saved.
2026-08-06_18-28-30 Episode 367: New best reward 12.90, training model saved.
2026-08-06_18-30-01 Episode 546: New best reward 15.60, training model saved.
2026-08-06_18-30-15 Episode 567: New best reward 17.90, training model saved.
2026-08-06_18-30-21 Episode 575: New best reward 23.10, training model saved.
2026-08-06_18-30-46 Episode 614: New best reward 25.30, training model saved.
2026-08-06_18-31-11 Episode 648: New best reward 27.30, training model saved.
2026-08-06_18-31-37 Episode 679: New best reward 32.90, training model saved.
2026-08-06_18-32-09 Episode 707: New best reward 34.20, training model saved.
2026-08-06_18-32-13 Episode 708: New best reward 46.90, training model saved.
2026-08-06_18-32-22 Episode 713: New best reward 74.60, training model saved.
2026-08-06_18-32-57 Episode 735: New best reward 76.70, training model saved.
2026-08-06_18-33-57 Episode 772: New best reward 127.40, training model saved.
2026-08-06_18-34-31 Episode 783: New best reward 137.20, training model saved.
2026-08-06_18-35-21 Episode 814: New best reward 149.30, training model saved.
2026-08-06_18-40-06 Episode 1000: New best greedy reward 6.20, model saved.
2026-08-06_18-40-43 Episode 1011: New best reward 160.70, training model saved.
2026-08-06_18-41-06 Episode 1016: New best reward 286.70, training model saved.
2026-08-06_18-46-17 Episode 1123: New best reward 361.30, training model saved.
2026-08-06_18-51-27 Episode 1265: New best reward 379.70, training model saved.
2026-08-06_18-53-43 Episode 1301: New best reward 432.90, training model saved.
2026-08-06_18-54-51 Episode 1314: New best reward 524.80, training model saved.
2026-08-06_19-00-55 Episode 1396: New best reward 652.40, training model saved.
2026-08-06_19-08-57: Training starting...
Device: cuda
2026-08-06_19-08-58 Episode 0: New best reward -8.10, training model saved.
2026-08-06_19-08-58 Episode 0: New best greedy reward 2.00, model saved.
2026-08-06_19-08-58 Episode 1: New best reward -5.70, training model saved.
2026-08-06_19-09-28 Episode 66: New best reward -5.10, training model saved.
2026-08-06_19-09-30 Episode 73: New best reward -0.30, training model saved.
2026-08-06_19-09-37 Episode 85: New best reward 0.30, training model saved.
2026-08-06_19-09-41 Episode 96: New best reward 3.90, training model saved.
2026-08-06_19-09-56 Episode 127: New best reward 4.40, training model saved.
2026-08-06_19-10-10 Episode 162: New best reward 4.50, training model saved.
2026-08-06_19-10-23 Episode 185: New best reward 5.00, training model saved.
2026-08-06_19-10-25 Episode 191: New best reward 8.40, training model saved.
2026-08-06_19-11-17 Episode 297: New best reward 10.90, training model saved.
2026-08-06_19-16-48 Episode 1000: New best greedy reward 4.90, model saved.
2026-08-06_19-54-55: Training starting...
Device: cuda
2026-08-06_19-54-56 Episode 0: New best reward -8.10, training model saved.
2026-08-06_19-54-56 Episode 0: New best greedy reward 2.00, model saved.
2026-08-06_19-54-57 Episode 1: New best reward -5.70, training model saved.
2026-08-06_19-55-22 Episode 63: New best reward -3.30, training model saved.
2026-08-06_19-55-26 Episode 73: New best reward -0.30, training model saved.
2026-08-06_19-55-31 Episode 85: New best reward 0.30, training model saved.
2026-08-06_19-55-33 Episode 89: New best reward 0.90, training model saved.
2026-08-06_19-55-40 Episode 106: New best reward 1.50, training model saved.
2026-08-06_19-55-42 Episode 110: New best reward 3.90, training model saved.
2026-08-06_19-55-50 Episode 130: New best reward 6.60, training model saved.
2026-08-06_19-57-24 Episode 347: New best reward 6.70, training model saved.
2026-08-06_19-57-26 Episode 351: New best reward 8.40, training model saved.
2026-08-06_19-59-48 Episode 615: New best reward 9.10, training model saved.
2026-08-06_20-03-19 Episode 1000: New best greedy reward 8.40, model saved.
2026-08-06_20-04-28 Episode 1136: New best reward 9.20, training model saved.
2026-08-06_20-05-05 Episode 1202: New best reward 11.00, training model saved.
2026-08-06_20-05-44 Episode 1288: New best reward 12.90, training model saved.
2026-08-06_20-06-18 Episode 1356: New best reward 13.40, training model saved.
[worker] done. total trials in study: 400
2026-08-06_06-46-24: Training starting...
Device: cuda
2026-08-06_06-46-32 Episode 0: New best reward -8.10, training model saved.
2026-08-06_06-46-32 Episode 0: New best greedy reward 2.00, model saved.
2026-08-06_06-46-32 Episode 1: New best reward -5.70, training model saved.
2026-08-06_06-47-07 Episode 81: New best reward -2.10, training model saved.
2026-08-06_06-47-59 Episode 211: New best reward 2.70, training model saved.
2026-08-06_06-49-02 Episode 360: New best reward 3.90, training model saved.
2026-08-06_06-50-27 Episode 569: New best reward 4.50, training model saved.
2026-08-06_06-51-23 Episode 699: New best reward 4.60, training model saved.
2026-08-06_06-51-25 Episode 703: New best reward 6.20, training model saved.
2026-08-06_06-51-46 Episode 752: New best reward 6.40, training model saved.
2026-08-06_06-51-51 Episode 766: New best reward 6.60, training model saved.
2026-08-06_06-52-17 Episode 826: New best reward 6.70, training model saved.
2026-08-06_06-52-49 Episode 902: New best reward 8.40, training model saved.
2026-08-06_06-53-25 Episode 989: New best reward 8.60, training model saved.
2026-08-06_06-54-58 Episode 1202: New best reward 8.70, training model saved.
2026-08-06_06-56-55 Episode 1451: New best reward 9.10, training model saved.
2026-08-06_06-57-06 Episode 1475: New best reward 10.60, training model saved.
2026-08-06_06-57-14 Episode 1490: New best reward 10.90, training model saved.
2026-08-06_06-58-24 Episode 1637: New best reward 12.90, training model saved.
2026-08-06_07-00-10 Episode 1854: New best reward 13.70, training model saved.
2026-08-06_07-01-55 Episode 2051: New best reward 15.80, training model saved.
2026-08-06_07-05-28 Episode 2430: New best reward 17.90, training model saved.
2026-08-06_07-09-16 Episode 2799: New best reward 18.20, training model saved.
2026-08-06_07-10-28 Episode 2904: New best reward 26.90, training model saved.
2026-08-06_07-11-38 Episode 3000: New best greedy reward 9.00, model saved.
2026-08-06_07-12-17 Episode 3048: New best reward 27.20, training model saved.
2026-08-06_07-13-43 Episode 3157: New best reward 32.10, training model saved.
2026-08-06_07-14-13 Episode 3196: New best reward 41.70, training model saved.
2026-08-06_07-19-33 Episode 3566: New best reward 71.10, training model saved.
2026-08-06_07-23-01 Episode 3755: New best reward 81.10, training model saved.
2026-08-06_07-26-46 Episode 3918: New best reward 120.90, training model saved.
2026-08-06_07-28-50 Episode 4000: New best greedy reward 51.20, model saved.
2026-08-06_07-31-11: Training starting...
Device: cuda
2026-08-06_07-31-11 Episode 0: New best reward -8.10, training model saved.
2026-08-06_07-31-12 Episode 0: New best greedy reward 2.00, model saved.
2026-08-06_07-31-12 Episode 1: New best reward -5.70, training model saved.
2026-08-06_07-31-46 Episode 81: New best reward -2.10, training model saved.
2026-08-06_07-32-38 Episode 211: New best reward 2.70, training model saved.
2026-08-06_07-33-41 Episode 360: New best reward 3.90, training model saved.
2026-08-06_07-35-05 Episode 569: New best reward 6.00, training model saved.
2026-08-06_07-35-33 Episode 634: New best reward 6.40, training model saved.
2026-08-06_07-36-14 Episode 734: New best reward 6.70, training model saved.
2026-08-06_07-36-45 Episode 810: New best reward 8.40, training model saved.
2026-08-06_07-37-33 Episode 920: New best reward 10.60, training model saved.
2026-08-06_07-40-02 Episode 1270: New best reward 11.30, training model saved.
2026-08-06_07-40-23 Episode 1313: New best reward 12.90, training model saved.
2026-08-06_07-40-25 Episode 1318: New best reward 13.10, training model saved.
2026-08-06_07-45-55 Episode 2022: New best reward 15.60, training model saved.
2026-08-06_07-47-31 Episode 2214: New best reward 17.90, training model saved.
2026-08-06_07-52-35 Episode 2769: New best reward 20.80, training model saved.
2026-08-06_07-54-49 Episode 3000: New best greedy reward 6.40, model saved.
2026-08-06_07-58-47 Episode 3371: New best reward 22.60, training model saved.
2026-08-06_08-00-52 Episode 3554: New best reward 27.60, training model saved.
2026-08-06_08-06-06 Episode 4000: New best greedy reward 13.20, model saved.
2026-08-06_08-10-57 Episode 4352: New best reward 27.70, training model saved.
2026-08-06_08-12-44 Episode 4476: New best reward 50.40, training model saved.
2026-08-06_08-13-10: Training starting...
Device: cuda
2026-08-06_08-13-10 Episode 0: New best reward -8.10, training model saved.
2026-08-06_08-13-10 Episode 0: New best greedy reward 2.00, model saved.
2026-08-06_08-13-11 Episode 1: New best reward -5.70, training model saved.
2026-08-06_08-13-38 Episode 63: New best reward -2.10, training model saved.
2026-08-06_08-13-42 Episode 73: New best reward -0.30, training model saved.
2026-08-06_08-13-47 Episode 85: New best reward 0.30, training model saved.
2026-08-06_08-13-49 Episode 89: New best reward 3.30, training model saved.
2026-08-06_08-13-52 Episode 96: New best reward 3.90, training model saved.
2026-08-06_08-14-04 Episode 123: New best reward 4.40, training model saved.
2026-08-06_08-14-07 Episode 133: New best reward 4.50, training model saved.
2026-08-06_08-14-32 Episode 189: New best reward 6.50, training model saved.
2026-08-06_08-14-40 Episode 208: New best reward 8.40, training model saved.
2026-08-06_08-14-56 Episode 243: New best reward 10.80, training model saved.
2026-08-06_08-16-41 Episode 469: New best reward 11.10, training model saved.
2026-08-06_08-18-10 Episode 639: New best reward 12.90, training model saved.
2026-08-06_08-19-43 Episode 793: New best reward 13.60, training model saved.
2026-08-06_08-19-46 Episode 796: New best reward 15.80, training model saved.
2026-08-06_08-21-52 Episode 989: New best reward 20.60, training model saved.
2026-08-06_08-22-02 Episode 1000: New best greedy reward 20.40, model saved.
2026-08-06_08-22-36 Episode 1047: New best reward 22.40, training model saved.
2026-08-06_08-24-22 Episode 1184: New best reward 40.90, training model saved.
2026-08-06_08-25-48 Episode 1279: New best reward 46.10, training model saved.
2026-08-06_08-28-18 Episode 1433: New best reward 51.10, training model saved.
2026-08-06_08-30-07 Episode 1522: New best reward 84.00, training model saved.
2026-08-06_08-34-09 Episode 1684: New best reward 122.60, training model saved.
2026-08-06_08-35-05 Episode 1706: New best reward 135.40, training model saved.
2026-08-06_08-37-49 Episode 1791: New best reward 137.30, training model saved.
2026-08-06_08-43-27 Episode 1964: New best reward 166.90, training model saved.
2026-08-06_08-44-35 Episode 2000: New best greedy reward 101.90, model saved.
2026-08-06_08-54-19 Episode 2174: New best reward 585.30, training model saved.
2026-08-06_08-57-45: Training starting...
Device: cuda
2026-08-06_08-57-45 Episode 0: New best reward -8.10, training model saved.
2026-08-06_08-57-46 Episode 0: New best greedy reward 2.00, model saved.
2026-08-06_08-57-46 Episode 1: New best reward -5.70, training model saved.
2026-08-06_08-58-12 Episode 63: New best reward -5.10, training model saved.
2026-08-06_08-58-20 Episode 81: New best reward -1.50, training model saved.
2026-08-06_08-58-21 Episode 85: New best reward 0.30, training model saved.
2026-08-06_08-58-23 Episode 89: New best reward 2.70, training model saved.
2026-08-06_08-58-26 Episode 96: New best reward 3.90, training model saved.
2026-08-06_08-58-37 Episode 123: New best reward 4.40, training model saved.
2026-08-06_08-58-39 Episode 127: New best reward 4.70, training model saved.
2026-08-06_08-58-53 Episode 162: New best reward 5.00, training model saved.
2026-08-06_08-59-00 Episode 179: New best reward 6.10, training model saved.
2026-08-06_08-59-31 Episode 254: New best reward 6.50, training model saved.
2026-08-06_08-59-48 Episode 295: New best reward 6.80, training model saved.
2026-08-06_08-59-51 Episode 304: New best reward 8.70, training model saved.
2026-08-06_09-01-06 Episode 478: New best reward 11.00, training model saved.
2026-08-06_09-04-09 Episode 860: New best reward 11.10, training model saved.
2026-08-06_09-05-19 Episode 992: New best reward 13.10, training model saved.
2026-08-06_09-05-24 Episode 1000: New best greedy reward 6.70, model saved.
2026-08-06_09-05-59 Episode 1064: New best reward 13.20, training model saved.
2026-08-06_09-07-51 Episode 1247: New best reward 13.60, training model saved.
2026-08-06_09-08-27 Episode 1303: New best reward 13.70, training model saved.
2026-08-06_09-09-38 Episode 1408: New best reward 15.70, training model saved.
2026-08-06_09-10-54 Episode 1513: New best reward 22.80, training model saved.
2026-08-06_09-13-11 Episode 1702: New best reward 23.00, training model saved.
2026-08-06_09-13-40 Episode 1736: New best reward 23.20, training model saved.
2026-08-06_09-13-55 Episode 1753: New best reward 26.90, training model saved.
2026-08-06_09-13-59 Episode 1756: New best reward 36.80, training model saved.
2026-08-06_09-17-15 Episode 1979: New best reward 41.60, training model saved.
2026-08-06_09-17-38 Episode 2000: New best greedy reward 15.60, model saved.
2026-08-06_09-18-39 Episode 2053: New best reward 41.70, training model saved.
2026-08-06_09-20-03 Episode 2133: New best reward 82.90, training model saved.
2026-08-06_09-23-38 Episode 2282: New best reward 83.30, training model saved.
2026-08-06_09-25-02 Episode 2331: New best reward 134.40, training model saved.
2026-08-06_09-36-08 Episode 2707: New best reward 246.70, training model saved.
2026-08-06_09-39-48: Training starting...
Device: cuda
2026-08-06_09-39-49 Episode 0: New best reward -8.10, training model saved.
2026-08-06_09-39-49 Episode 0: New best greedy reward 2.00, model saved.
2026-08-06_09-39-49 Episode 1: New best reward -5.70, training model saved.
2026-08-06_09-40-15 Episode 63: New best reward -3.30, training model saved.
2026-08-06_09-40-23 Episode 81: New best reward -1.50, training model saved.
2026-08-06_09-40-25 Episode 85: New best reward 0.30, training model saved.
2026-08-06_09-40-26 Episode 89: New best reward 2.10, training model saved.
2026-08-06_09-40-41 Episode 123: New best reward 3.90, training model saved.
2026-08-06_09-41-35 Episode 254: New best reward 4.40, training model saved.
2026-08-06_09-41-46 Episode 282: New best reward 4.50, training model saved.
2026-08-06_09-41-51 Episode 293: New best reward 4.60, training model saved.
2026-08-06_09-41-52 Episode 294: New best reward 4.80, training model saved.
2026-08-06_09-41-54 Episode 299: New best reward 5.00, training model saved.
2026-08-06_09-41-56 Episode 304: New best reward 6.30, training model saved.
2026-08-06_09-42-10 Episode 337: New best reward 8.40, training model saved.
2026-08-06_09-42-51 Episode 434: New best reward 12.90, training model saved.
2026-08-06_09-44-47: Training starting...
Device: cuda
2026-08-06_09-44-48 Episode 0: New best reward -8.10, training model saved.
2026-08-06_09-44-48 Episode 0: New best greedy reward 2.00, model saved.
2026-08-06_09-44-48 Episode 1: New best reward -5.70, training model saved.
2026-08-06_09-45-15 Episode 63: New best reward -4.50, training model saved.
2026-08-06_09-45-19 Episode 73: New best reward -0.30, training model saved.
2026-08-06_09-45-24 Episode 85: New best reward 0.30, training model saved.
2026-08-06_09-45-26 Episode 89: New best reward 3.30, training model saved.
2026-08-06_09-45-29 Episode 96: New best reward 3.90, training model saved.
2026-08-06_09-45-41 Episode 123: New best reward 4.40, training model saved.
2026-08-06_09-45-45 Episode 133: New best reward 6.40, training model saved.
2026-08-06_09-45-50 Episode 144: New best reward 8.40, training model saved.
2026-08-06_09-46-32 Episode 240: New best reward 11.20, training model saved.
2026-08-06_09-49-01 Episode 548: New best reward 12.90, training model saved.
2026-08-06_09-51-05 Episode 760: New best reward 13.30, training model saved.
2026-08-06_09-52-54 Episode 932: New best reward 13.50, training model saved.
2026-08-06_09-53-40 Episode 1000: New best greedy reward 8.40, model saved.
2026-08-06_09-55-09 Episode 1129: New best reward 20.60, training model saved.
2026-08-06_09-55-15 Episode 1136: New best reward 20.80, training model saved.
2026-08-06_09-55-24 Episode 1146: New best reward 27.00, training model saved.
2026-08-06_09-57-56 Episode 1350: New best reward 29.80, training model saved.
2026-08-06_09-59-29: Training starting...
Device: cuda
2026-08-06_09-59-29 Episode 0: New best reward -8.10, training model saved.
2026-08-06_09-59-29 Episode 0: New best greedy reward 2.00, model saved.
2026-08-06_09-59-30 Episode 1: New best reward -5.70, training model saved.
2026-08-06_10-00-03 Episode 81: New best reward -2.10, training model saved.
2026-08-06_10-00-05 Episode 85: New best reward 0.30, training model saved.
2026-08-06_10-00-06 Episode 89: New best reward 0.90, training model saved.
2026-08-06_10-00-35 Episode 162: New best reward 1.50, training model saved.
2026-08-06_10-00-38 Episode 164: New best reward 3.30, training model saved.
2026-08-06_10-00-47 Episode 187: New best reward 3.90, training model saved.
2026-08-06_10-01-15 Episode 254: New best reward 4.40, training model saved.
2026-08-06_10-01-28 Episode 288: New best reward 6.10, training model saved.
2026-08-06_10-01-32 Episode 297: New best reward 6.20, training model saved.
2026-08-06_10-01-50 Episode 336: New best reward 6.40, training model saved.
2026-08-06_10-02-14 Episode 400: New best reward 8.40, training model saved.
2026-08-06_10-04-14 Episode 686: New best reward 10.50, training model saved.
2026-08-06_10-05-35 Episode 850: New best reward 13.30, training model saved.
2026-08-06_10-06-24 Episode 938: New best reward 15.60, training model saved.
2026-08-06_10-08-45 Episode 1170: New best reward 15.70, training model saved.
2026-08-06_10-09-02 Episode 1196: New best reward 17.90, training model saved.
2026-08-06_10-09-18 Episode 1215: New best reward 25.30, training model saved.
2026-08-06_10-10-03 Episode 1276: New best reward 32.60, training model saved.
2026-08-06_10-10-26 Episode 1300: New best reward 41.20, training model saved.
2026-08-06_10-10-30 Episode 1303: New best reward 41.70, training model saved.
2026-08-06_10-11-20 Episode 1353: New best reward 55.90, training model saved.
2026-08-06_10-12-18 Episode 1396: New best reward 65.50, training model saved.
2026-08-06_10-13-19 Episode 1439: New best reward 83.50, training model saved.
2026-08-06_10-16-01 Episode 1560: New best reward 85.10, training model saved.
2026-08-06_10-18-31 Episode 1666: New best reward 88.60, training model saved.
2026-08-06_10-20-03 Episode 1712: New best reward 92.50, training model saved.
2026-08-06_10-20-13 Episode 1714: New best reward 98.10, training model saved.
2026-08-06_10-21-31 Episode 1746: New best reward 120.40, training model saved.
2026-08-06_10-22-04 Episode 1757: New best reward 120.80, training model saved.
2026-08-06_10-24-28 Episode 1806: New best reward 158.50, training model saved.
2026-08-06_10-26-01 Episode 1828: New best reward 197.60, training model saved.
2026-08-06_10-33-55 Episode 1953: New best reward 347.30, training model saved.
2026-08-06_10-36-27 Episode 2000: New best greedy reward 36.40, model saved.
2026-08-06_10-42-02: Training starting...
Device: cuda
2026-08-06_10-42-02 Episode 0: New best reward -8.10, training model saved.
2026-08-06_10-42-02 Episode 0: New best greedy reward 2.00, model saved.
2026-08-06_10-42-03 Episode 1: New best reward -5.70, training model saved.
2026-08-06_10-42-35 Episode 81: New best reward -2.70, training model saved.
2026-08-06_10-42-53 Episode 123: New best reward -1.50, training model saved.
2026-08-06_10-43-08 Episode 162: New best reward 3.90, training model saved.
2026-08-06_10-43-29 Episode 211: New best reward 4.10, training model saved.
2026-08-06_10-43-36 Episode 230: New best reward 4.20, training model saved.
2026-08-06_10-44-06 Episode 302: New best reward 8.40, training model saved.
2026-08-06_10-46-14 Episode 600: New best reward 12.90, training model saved.
2026-08-06_10-46-55: Training starting...
Device: cuda
2026-08-06_10-46-55 Episode 0: New best reward -8.10, training model saved.
2026-08-06_10-46-56 Episode 0: New best greedy reward 2.00, model saved.
2026-08-06_10-46-56 Episode 1: New best reward -5.70, training model saved.
2026-08-06_10-47-29 Episode 81: New best reward -2.10, training model saved.
2026-08-06_10-47-30 Episode 85: New best reward 0.30, training model saved.
2026-08-06_10-47-46 Episode 123: New best reward 3.90, training model saved.
2026-08-06_10-48-01 Episode 162: New best reward 4.90, training model saved.
2026-08-06_10-48-27 Episode 224: New best reward 5.00, training model saved.
2026-08-06_10-48-51 Episode 282: New best reward 8.40, training model saved.
2026-08-06_10-50-29 Episode 505: New best reward 8.70, training model saved.
2026-08-06_10-51-15 Episode 598: New best reward 13.60, training model saved.
2026-08-06_10-51-54 Episode 666: New best reward 17.90, training model saved.
2026-08-06_10-52-06 Episode 684: New best reward 18.30, training model saved.
2026-08-06_10-52-13 Episode 692: New best reward 22.40, training model saved.
2026-08-06_10-53-16 Episode 782: New best reward 25.00, training model saved.
2026-08-06_10-53-34 Episode 803: New best reward 28.00, training model saved.
2026-08-06_10-54-09 Episode 846: New best reward 29.80, training model saved.
2026-08-06_10-54-23 Episode 862: New best reward 36.50, training model saved.
2026-08-06_10-55-00 Episode 904: New best reward 36.80, training model saved.
2026-08-06_10-55-29 Episode 931: New best reward 37.30, training model saved.
2026-08-06_10-55-58 Episode 961: New best reward 46.80, training model saved.
2026-08-06_10-56-34 Episode 990: New best reward 65.10, training model saved.
2026-08-06_10-56-53 Episode 1000: New best greedy reward 90.70, model saved.
2026-08-06_10-58-22 Episode 1068: New best reward 113.80, training model saved.
2026-08-06_11-02-05 Episode 1180: New best reward 129.90, training model saved.
2026-08-06_11-04-34 Episode 1289: New best reward 146.70, training model saved.
2026-08-06_11-04-45 Episode 1290: New best reward 153.60, training model saved.
2026-08-06_11-04-58 Episode 1291: New best reward 199.90, training model saved.
2026-08-06_11-05-35 Episode 1301: New best reward 216.80, training model saved.
2026-08-06_11-09-46 Episode 1377: New best reward 261.20, training model saved.
2026-08-06_11-10-15 Episode 1381: New best reward 288.90, training model saved.
2026-08-06_11-15-56 Episode 1487: New best reward 512.40, training model saved.
2026-08-06_11-25-38 Episode 1678: New best reward 1264.20, training model saved.
2026-08-06_11-28-53: Training starting...
Device: cuda
2026-08-06_11-28-53 Episode 0: New best reward -8.10, training model saved.
2026-08-06_11-28-53 Episode 0: New best greedy reward 2.00, model saved.
2026-08-06_11-28-54 Episode 1: New best reward -5.70, training model saved.
2026-08-06_11-29-27 Episode 81: New best reward -2.70, training model saved.
2026-08-06_11-29-44 Episode 123: New best reward 3.90, training model saved.
2026-08-06_11-30-01 Episode 166: New best reward 4.50, training model saved.
2026-08-06_11-30-08 Episode 183: New best reward 6.30, training model saved.
2026-08-06_11-30-25 Episode 222: New best reward 8.40, training model saved.
2026-08-06_11-31-01 Episode 308: New best reward 13.30, training model saved.
2026-08-06_11-35-41 Episode 879: New best reward 14.00, training model saved.
2026-08-06_11-36-55 Episode 1000: New best greedy reward 11.20, model saved.
2026-08-06_11-37-01 Episode 1008: New best reward 15.70, training model saved.
2026-08-06_11-38-05 Episode 1104: New best reward 25.20, training model saved.
2026-08-06_11-38-46 Episode 1163: New best reward 25.30, training model saved.
2026-08-06_11-39-48 Episode 1252: New best reward 32.30, training model saved.
2026-08-06_11-40-17 Episode 1286: New best reward 36.40, training model saved.
2026-08-06_11-40-28 Episode 1297: New best reward 37.60, training model saved.
2026-08-06_11-41-30 Episode 1366: New best reward 50.70, training model saved.
2026-08-06_11-42-47 Episode 1438: New best reward 75.00, training model saved.
2026-08-06_11-42-50: Training starting...
Device: cuda
2026-08-06_11-42-50 Episode 0: New best reward -8.10, training model saved.
2026-08-06_11-42-50 Episode 0: New best greedy reward 2.00, model saved.
2026-08-06_11-42-51 Episode 1: New best reward -5.70, training model saved.
2026-08-06_11-43-23 Episode 81: New best reward -1.50, training model saved.
2026-08-06_11-43-25 Episode 85: New best reward 0.30, training model saved.
2026-08-06_11-43-26 Episode 89: New best reward 2.70, training model saved.
2026-08-06_11-43-29 Episode 96: New best reward 3.90, training model saved.
2026-08-06_11-44-15 Episode 208: New best reward 4.30, training model saved.
2026-08-06_11-44-16 Episode 211: New best reward 4.70, training model saved.
2026-08-06_11-44-18 Episode 213: New best reward 8.40, training model saved.
2026-08-06_11-44-55 Episode 303: New best reward 8.90, training model saved.
2026-08-06_11-45-27 Episode 378: New best reward 12.90, training model saved.
2026-08-06_11-48-33 Episode 749: New best reward 13.60, training model saved.
2026-08-06_11-48-49 Episode 774: New best reward 23.40, training model saved.
2026-08-06_11-49-55 Episode 859: New best reward 37.30, training model saved.
2026-08-06_11-52-00 Episode 1000: New best greedy reward 12.90, model saved.
2026-08-06_11-53-03 Episode 1077: New best reward 41.60, training model saved.
2026-08-06_11-53-19 Episode 1092: New best reward 41.90, training model saved.
2026-08-06_11-53-30 Episode 1098: New best reward 62.80, training model saved.
2026-08-06_11-54-36 Episode 1148: New best reward 66.60, training model saved.
2026-08-06_11-55-11 Episode 1162: New best reward 83.40, training model saved.
2026-08-06_11-55-36 Episode 1174: New best reward 93.30, training model saved.
2026-08-06_11-56-21 Episode 1194: New best reward 143.90, training model saved.
2026-08-06_12-00-34 Episode 1329: New best reward 153.40, training model saved.
2026-08-06_12-01-33 Episode 1351: New best reward 249.30, training model saved.
2026-08-06_12-04-50 Episode 1391: New best reward 339.90, training model saved.
2026-08-06_12-18-13 Episode 1568: New best reward 433.40, training model saved.
2026-08-06_12-21-56 Episode 1595: New best reward 589.80, training model saved.
2026-08-06_12-24-02: Training starting...
Device: cuda
2026-08-06_12-24-03 Episode 0: New best reward -8.10, training model saved.
2026-08-06_12-24-03 Episode 0: New best greedy reward 2.00, model saved.
2026-08-06_12-24-03 Episode 1: New best reward -5.70, training model saved.
2026-08-06_12-24-37 Episode 81: New best reward -2.10, training model saved.
2026-08-06_12-24-38 Episode 85: New best reward 0.30, training model saved.
2026-08-06_12-24-54 Episode 123: New best reward 3.90, training model saved.
2026-08-06_12-25-10 Episode 162: New best reward 4.90, training model saved.
2026-08-06_12-25-31 Episode 213: New best reward 8.40, training model saved.
2026-08-06_12-27-50 Episode 526: New best reward 8.50, training model saved.
2026-08-06_12-29-28 Episode 710: New best reward 12.90, training model saved.
2026-08-06_12-29-34 Episode 721: New best reward 17.90, training model saved.
2026-08-06_12-31-03 Episode 865: New best reward 18.00, training model saved.
2026-08-06_12-31-58 Episode 955: New best reward 18.20, training model saved.
2026-08-06_12-32-23 Episode 1000: New best greedy reward 3.90, model saved.
2026-08-06_12-32-32 Episode 1013: New best reward 22.40, training model saved.
2026-08-06_12-32-34 Episode 1014: New best reward 26.90, training model saved.
2026-08-06_12-33-02 Episode 1052: New best reward 29.80, training model saved.
2026-08-06_12-35-16 Episode 1255: New best reward 39.00, training model saved.
2026-08-06_12-36-47 Episode 1356: New best reward 42.10, training model saved.
2026-08-06_12-36-52 Episode 1358: New best reward 56.10, training model saved.
2026-08-06_12-38-36 Episode 1435: New best reward 110.90, training model saved.
2026-08-06_12-39-19 Episode 1450: New best reward 160.80, training model saved.
2026-08-06_12-40-52 Episode 1498: New best reward 166.90, training model saved.
2026-08-06_12-44-03 Episode 1578: New best reward 204.50, training model saved.
2026-08-06_12-51-04 Episode 1731: New best reward 219.10, training model saved.
2026-08-06_12-55-55 Episode 1867: New best reward 344.40, training model saved.
2026-08-06_13-03-27 Episode 2000: New best greedy reward 404.90, model saved.
2026-08-06_13-26-09: Training starting...
Device: cuda
2026-08-06_13-26-09 Episode 0: New best reward -8.10, training model saved.
2026-08-06_13-26-10 Episode 0: New best greedy reward 2.00, model saved.
2026-08-06_13-26-10 Episode 1: New best reward -5.70, training model saved.
2026-08-06_13-26-41 Episode 73: New best reward -5.10, training model saved.
2026-08-06_13-26-46 Episode 81: New best reward -1.50, training model saved.
2026-08-06_13-26-47 Episode 85: New best reward 0.30, training model saved.
2026-08-06_13-26-51 Episode 96: New best reward 3.90, training model saved.
2026-08-06_13-27-20 Episode 162: New best reward 4.90, training model saved.
2026-08-06_13-30-48 Episode 637: New best reward 5.00, training model saved.
2026-08-06_13-31-36 Episode 747: New best reward 6.30, training model saved.
2026-08-06_13-31-46 Episode 769: New best reward 6.70, training model saved.
2026-08-06_13-32-48 Episode 904: New best reward 8.40, training model saved.
2026-08-06_13-33-32 Episode 1000: New best greedy reward 3.90, model saved.
2026-08-06_14-09-58: Training starting...
Device: cuda
2026-08-06_14-09-58 Episode 0: New best reward -8.10, training model saved.
2026-08-06_14-09-58 Episode 0: New best greedy reward 2.00, model saved.
2026-08-06_14-09-59 Episode 1: New best reward -5.70, training model saved.
2026-08-06_14-10-25 Episode 66: New best reward -5.10, training model saved.
2026-08-06_14-10-28 Episode 73: New best reward -3.90, training model saved.
2026-08-06_14-10-32 Episode 81: New best reward -0.30, training model saved.
2026-08-06_14-10-33 Episode 85: New best reward 0.30, training model saved.
2026-08-06_14-10-35 Episode 89: New best reward 2.10, training model saved.
2026-08-06_14-10-37 Episode 96: New best reward 3.90, training model saved.
2026-08-06_14-11-04 Episode 162: New best reward 4.00, training model saved.
2026-08-06_14-11-12 Episode 179: New best reward 4.50, training model saved.
2026-08-06_14-11-19 Episode 195: New best reward 8.40, training model saved.
2026-08-06_14-13-30 Episode 475: New best reward 9.30, training model saved.
2026-08-06_14-14-23 Episode 567: New best reward 11.30, training model saved.
2026-08-06_14-15-02 Episode 635: New best reward 12.90, training model saved.
2026-08-06_14-15-27 Episode 676: New best reward 13.60, training model saved.
2026-08-06_14-15-30 Episode 680: New best reward 15.60, training model saved.
2026-08-06_14-15-41 Episode 695: New best reward 17.90, training model saved.
2026-08-06_14-16-30 Episode 760: New best reward 34.30, training model saved.
2026-08-06_14-17-22 Episode 827: New best reward 36.40, training model saved.
2026-08-06_14-17-52 Episode 858: New best reward 48.60, training model saved.
2026-08-06_14-17-57 Episode 861: New best reward 50.40, training model saved.
2026-08-06_14-18-31 Episode 891: New best reward 55.80, training model saved.
2026-08-06_14-19-36 Episode 940: New best reward 64.50, training model saved.
2026-08-06_14-20-50 Episode 1000: New best greedy reward 4.90, model saved.
2026-08-06_14-22-48 Episode 1095: New best reward 83.60, training model saved.
2026-08-06_14-23-57 Episode 1142: New best reward 90.80, training model saved.
2026-08-06_14-24-45 Episode 1166: New best reward 176.70, training model saved.
2026-08-06_14-29-26 Episode 1292: New best reward 306.90, training model saved.
2026-08-06_14-35-42 Episode 1391: New best reward 363.30, training model saved.
2026-08-06_14-52-12: Training starting...
Device: cuda
2026-08-06_14-52-13 Episode 0: New best reward -8.10, training model saved.
2026-08-06_14-52-13 Episode 0: New best greedy reward 2.00, model saved.
2026-08-06_14-52-13 Episode 1: New best reward -5.70, training model saved.
2026-08-06_14-52-45 Episode 81: New best reward -2.10, training model saved.
2026-08-06_14-53-16 Episode 162: New best reward 0.30, training model saved.
2026-08-06_14-53-30 Episode 195: New best reward 0.90, training model saved.
2026-08-06_14-53-36 Episode 211: New best reward 2.70, training model saved.
2026-08-06_14-53-53 Episode 250: New best reward 3.90, training model saved.
2026-08-06_14-54-07 Episode 287: New best reward 4.10, training model saved.
2026-08-06_14-54-25 Episode 330: New best reward 4.30, training model saved.
2026-08-06_14-54-28 Episode 337: New best reward 4.90, training model saved.
2026-08-06_14-54-38 Episode 362: New best reward 6.30, training model saved.
2026-08-06_14-54-58 Episode 408: New best reward 6.80, training model saved.
2026-08-06_14-55-21 Episode 465: New best reward 8.40, training model saved.
2026-08-06_14-56-32 Episode 635: New best reward 9.30, training model saved.
2026-08-06_14-57-42: Training starting...
Device: cuda
2026-08-06_14-57-43 Episode 0: New best reward -8.10, training model saved.
2026-08-06_14-57-43 Episode 0: New best greedy reward 2.00, model saved.
2026-08-06_14-57-43 Episode 1: New best reward -5.70, training model saved.
2026-08-06_14-58-16 Episode 81: New best reward -2.70, training model saved.
2026-08-06_14-58-35 Episode 127: New best reward -0.90, training model saved.
2026-08-06_14-58-42 Episode 144: New best reward -0.30, training model saved.
2026-08-06_14-58-44 Episode 151: New best reward 3.90, training model saved.
2026-08-06_14-59-16 Episode 226: New best reward 8.40, training model saved.
2026-08-06_15-01-08 Episode 495: New best reward 12.90, training model saved.
2026-08-06_15-11-45: Training starting...
Device: cuda
2026-08-06_15-11-45 Episode 0: New best reward -8.10, training model saved.
2026-08-06_15-11-45 Episode 0: New best greedy reward 2.00, model saved.
2026-08-06_15-11-46 Episode 1: New best reward -5.70, training model saved.
2026-08-06_15-12-18 Episode 81: New best reward -2.70, training model saved.
2026-08-06_15-12-19 Episode 85: New best reward 0.30, training model saved.
2026-08-06_15-12-35 Episode 123: New best reward 3.90, training model saved.
2026-08-06_15-12-50 Episode 162: New best reward 4.00, training model saved.
2026-08-06_15-13-09 Episode 208: New best reward 4.20, training model saved.
2026-08-06_15-13-10 Episode 211: New best reward 4.70, training model saved.
2026-08-06_15-13-13 Episode 218: New best reward 5.00, training model saved.
2026-08-06_15-13-18 Episode 230: New best reward 6.70, training model saved.
2026-08-06_15-13-28 Episode 254: New best reward 6.80, training model saved.
2026-08-06_15-13-53 Episode 313: New best reward 8.40, training model saved.
2026-08-06_15-15-23 Episode 506: New best reward 12.90, training model saved.
2026-08-06_15-17-26 Episode 732: New best reward 13.30, training model saved.
2026-08-06_15-17-51 Episode 772: New best reward 13.40, training model saved.
2026-08-06_15-19-58 Episode 983: New best reward 18.30, training model saved.
2026-08-06_15-20-00 Episode 986: New best reward 18.60, training model saved.
2026-08-06_15-20-08 Episode 996: New best reward 28.10, training model saved.
2026-08-06_15-20-11 Episode 1000: New best greedy reward 3.90, model saved.
2026-08-06_15-21-10 Episode 1082: New best reward 39.30, training model saved.
2026-08-06_15-21-49 Episode 1124: New best reward 41.80, training model saved.
2026-08-06_15-25-38: Training starting...
Device: cuda
2026-08-06_15-25-39 Episode 0: New best reward -8.10, training model saved.
2026-08-06_15-25-39 Episode 0: New best greedy reward 2.00, model saved.
2026-08-06_15-25-40 Episode 1: New best reward -5.70, training model saved.
2026-08-06_15-26-13 Episode 81: New best reward -2.10, training model saved.
2026-08-06_15-27-05 Episode 211: New best reward 2.70, training model saved.
2026-08-06_15-28-08 Episode 360: New best reward 3.90, training model saved.
2026-08-06_15-29-34 Episode 569: New best reward 6.00, training model saved.
2026-08-06_15-31-00 Episode 772: New best reward 9.20, training model saved.
2026-08-06_15-34-42 Episode 1299: New best reward 10.90, training model saved.
2026-08-06_15-35-40 Episode 1434: New best reward 11.20, training model saved.
2026-08-06_15-35-59 Episode 1474: New best reward 12.90, training model saved.
2026-08-06_15-40-27: Training starting...
Device: cuda
2026-08-06_15-40-28 Episode 0: New best reward -8.10, training model saved.
2026-08-06_15-40-28 Episode 0: New best greedy reward 2.00, model saved.
2026-08-06_15-40-28 Episode 1: New best reward -5.70, training model saved.
2026-08-06_15-40-47 Episode 43: New best reward -3.30, training model saved.
2026-08-06_15-40-56 Episode 63: New best reward 0.30, training model saved.
2026-08-06_15-41-00 Episode 73: New best reward 1.50, training model saved.
2026-08-06_15-41-07 Episode 85: New best reward 2.10, training model saved.
2026-08-06_15-41-10 Episode 92: New best reward 3.90, training model saved.
2026-08-06_15-41-30 Episode 138: New best reward 4.10, training model saved.
2026-08-06_15-41-36 Episode 149: New best reward 4.80, training model saved.
2026-08-06_15-45-55: Training starting...
Device: cuda
2026-08-06_15-45-56 Episode 0: New best reward -8.10, training model saved.
2026-08-06_15-45-56 Episode 0: New best greedy reward 2.00, model saved.
2026-08-06_15-45-56 Episode 1: New best reward -5.70, training model saved.
2026-08-06_15-46-30 Episode 81: New best reward -2.10, training model saved.
2026-08-06_15-47-23 Episode 211: New best reward 2.70, training model saved.
2026-08-06_15-48-26 Episode 360: New best reward 3.90, training model saved.
2026-08-06_15-49-52 Episode 569: New best reward 4.50, training model saved.
2026-08-06_15-51-17 Episode 768: New best reward 5.00, training model saved.
2026-08-06_15-51-34 Episode 810: New best reward 8.40, training model saved.
2026-08-06_15-51-39: Training starting...
Device: cuda
2026-08-06_15-51-40 Episode 0: New best reward -8.10, training model saved.
2026-08-06_15-51-40 Episode 0: New best greedy reward 2.00, model saved.
2026-08-06_15-51-40 Episode 1: New best reward -5.70, training model saved.
2026-08-06_15-52-13 Episode 81: New best reward -2.10, training model saved.
2026-08-06_15-52-15 Episode 85: New best reward 0.30, training model saved.
2026-08-06_15-53-00 Episode 195: New best reward 2.10, training model saved.
2026-08-06_15-53-07 Episode 211: New best reward 2.70, training model saved.
2026-08-06_15-53-17 Episode 235: New best reward 3.30, training model saved.
2026-08-06_15-53-25 Episode 254: New best reward 3.90, training model saved.
2026-08-06_15-53-56 Episode 329: New best reward 4.00, training model saved.
2026-08-06_15-54-00 Episode 338: New best reward 8.40, training model saved.
2026-08-06_15-57-44 Episode 878: New best reward 8.70, training model saved.
2026-08-06_15-58-16 Episode 946: New best reward 9.10, training model saved.
2026-08-06_15-58-17 Episode 948: New best reward 10.90, training model saved.
2026-08-06_15-58-42 Episode 1000: New best greedy reward 4.20, model saved.
2026-08-06_15-59-50 Episode 1134: New best reward 11.30, training model saved.
2026-08-06_16-01-00 Episode 1258: New best reward 12.90, training model saved.
2026-08-06_16-01-37 Episode 1324: New best reward 13.80, training model saved.
2026-08-06_16-02-24 Episode 1400: New best reward 22.40, training model saved.
2026-08-06_16-05-59: Training starting...
Device: cuda
2026-08-06_16-05-59 Episode 0: New best reward -8.10, training model saved.
2026-08-06_16-05-59 Episode 0: New best greedy reward 2.00, model saved.
2026-08-06_16-06-00 Episode 1: New best reward -5.70, training model saved.
2026-08-06_16-06-22 Episode 56: New best reward -3.90, training model saved.
2026-08-06_16-06-26 Episode 63: New best reward -1.50, training model saved.
2026-08-06_16-06-34 Episode 81: New best reward -0.30, training model saved.
2026-08-06_16-06-35 Episode 85: New best reward 2.70, training model saved.
2026-08-06_16-06-38 Episode 92: New best reward 3.90, training model saved.
2026-08-06_16-06-54 Episode 127: New best reward 4.10, training model saved.
2026-08-06_16-07-11 Episode 167: New best reward 4.20, training model saved.
2026-08-06_16-07-14 Episode 173: New best reward 8.40, training model saved.
2026-08-06_16-08-32 Episode 347: New best reward 9.20, training model saved.
2026-08-06_16-11-08: Training starting...
Device: cuda
2026-08-06_16-11-08 Episode 0: New best reward -8.10, training model saved.
2026-08-06_16-11-08 Episode 0: New best greedy reward 2.00, model saved.
2026-08-06_16-11-09 Episode 1: New best reward -5.70, training model saved.
2026-08-06_16-11-42 Episode 81: New best reward -2.10, training model saved.
2026-08-06_16-11-43 Episode 85: New best reward 0.30, training model saved.
2026-08-06_16-12-28 Episode 195: New best reward 2.10, training model saved.
2026-08-06_16-12-36 Episode 211: New best reward 2.70, training model saved.
2026-08-06_16-12-37 Episode 214: New best reward 3.90, training model saved.
2026-08-06_16-13-07 Episode 287: New best reward 4.40, training model saved.
2026-08-06_16-13-37 Episode 358: New best reward 4.80, training model saved.
2026-08-06_16-13-56 Episode 404: New best reward 6.30, training model saved.
2026-08-06_16-14-57 Episode 547: New best reward 8.40, training model saved.
2026-08-06_16-18-19 Episode 1000: New best greedy reward 6.10, model saved.
2026-08-06_16-19-25 Episode 1127: New best reward 8.70, training model saved.
2026-08-06_16-20-30 Episode 1250: New best reward 11.20, training model saved.
2026-08-06_16-20-59 Episode 1298: New best reward 12.90, training model saved.
2026-08-06_16-21-45 Episode 1372: New best reward 15.40, training model saved.
2026-08-06_16-22-32 Episode 1447: New best reward 15.70, training model saved.
2026-08-06_16-22-55 Episode 1478: New best reward 32.40, training model saved.
2026-08-06_16-25-38: Training starting...
Device: cuda
2026-08-06_16-25-38 Episode 0: New best reward -8.10, training model saved.
2026-08-06_16-25-38 Episode 0: New best greedy reward 2.00, model saved.
2026-08-06_16-25-39 Episode 1: New best reward -5.70, training model saved.
2026-08-06_16-26-11 Episode 81: New best reward -2.10, training model saved.
2026-08-06_16-26-54 Episode 187: New best reward -0.30, training model saved.
2026-08-06_16-26-57 Episode 195: New best reward 0.90, training model saved.
2026-08-06_16-26-59 Episode 200: New best reward 3.90, training model saved.
2026-08-06_16-27-32 Episode 281: New best reward 4.10, training model saved.
2026-08-06_16-27-52 Episode 330: New best reward 4.40, training model saved.
2026-08-06_16-27-56 Episode 339: New best reward 6.40, training model saved.
2026-08-06_16-28-15 Episode 385: New best reward 8.70, training model saved.
2026-08-06_16-28-25 Episode 408: New best reward 8.80, training model saved.
2026-08-06_16-30-10 Episode 652: New best reward 9.20, training model saved.
2026-08-06_16-31-15 Episode 806: New best reward 9.30, training model saved.
2026-08-06_16-32-34 Episode 980: New best reward 12.90, training model saved.
2026-08-06_16-32-43 Episode 1000: New best greedy reward 3.00, model saved.
2026-08-06_16-32-47 Episode 1007: New best reward 13.30, training model saved.
2026-08-06_16-32-50 Episode 1013: New best reward 13.80, training model saved.
2026-08-06_16-36-16 Episode 1376: New best reward 23.00, training model saved.
2026-08-06_16-37-58 Episode 1528: New best reward 25.30, training model saved.
2026-08-06_16-39-01 Episode 1603: New best reward 37.10, training model saved.
2026-08-06_16-39-11 Episode 1614: New best reward 43.50, training model saved.
2026-08-06_16-39-15 Episode 1615: New best reward 51.60, training model saved.
2026-08-06_16-39-40 Episode 1636: New best reward 83.70, training model saved.
2026-08-06_16-42-12 Episode 1756: New best reward 102.20, training model saved.
2026-08-06_16-43-26 Episode 1791: New best reward 118.80, training model saved.
2026-08-06_16-43-49 Episode 1798: New best reward 134.80, training model saved.
2026-08-06_16-48-06 Episode 1915: New best reward 188.80, training model saved.
2026-08-06_16-48-34 Episode 1918: New best reward 275.10, training model saved.
2026-08-06_16-53-18 Episode 2000: New best greedy reward 41.90, model saved.
2026-08-06_16-59-14 Episode 2132: New best reward 291.30, training model saved.
2026-08-06_17-06-54: Training starting...
Device: cuda
2026-08-06_17-06-55 Episode 0: New best reward -8.10, training model saved.
2026-08-06_17-06-55 Episode 0: New best greedy reward 2.00, model saved.
2026-08-06_17-06-55 Episode 1: New best reward -5.70, training model saved.
2026-08-06_17-07-21 Episode 63: New best reward -3.90, training model saved.
2026-08-06_17-07-25 Episode 73: New best reward -0.30, training model saved.
2026-08-06_17-07-30 Episode 85: New best reward 0.30, training model saved.
2026-08-06_17-07-31 Episode 89: New best reward 2.10, training model saved.
2026-08-06_17-07-34 Episode 96: New best reward 3.90, training model saved.
2026-08-06_17-07-48 Episode 129: New best reward 5.00, training model saved.
2026-08-06_17-07-52 Episode 138: New best reward 6.30, training model saved.
2026-08-06_17-08-17 Episode 199: New best reward 6.60, training model saved.
2026-08-06_17-08-59 Episode 301: New best reward 6.80, training model saved.
2026-08-06_17-09-52 Episode 422: New best reward 8.40, training model saved.
2026-08-06_17-10-08 Episode 454: New best reward 13.30, training model saved.
2026-08-06_17-13-43 Episode 872: New best reward 17.90, training model saved.
2026-08-06_17-14-02 Episode 897: New best reward 24.90, training model saved.
2026-08-06_17-15-08 Episode 1000: New best greedy reward 6.00, model saved.
2026-08-06_17-15-56 Episode 1069: New best reward 40.90, training model saved.
2026-08-06_17-19-22 Episode 1356: New best reward 42.00, training model saved.
2026-08-06_17-22-30 Episode 1569: New best reward 45.90, training model saved.
2026-08-06_17-22-45 Episode 1579: New best reward 48.10, training model saved.
2026-08-06_17-23-12 Episode 1594: New best reward 51.20, training model saved.
2026-08-06_17-23-21 Episode 1597: New best reward 83.90, training model saved.
2026-08-06_17-23-41 Episode 1607: New best reward 99.80, training model saved.
2026-08-06_17-31-27 Episode 1905: New best reward 174.10, training model saved.
2026-08-06_17-33-14 Episode 1942: New best reward 306.90, training model saved.
2026-08-06_17-35-36 Episode 1966: New best reward 351.60, training model saved.
2026-08-06_17-37-20 Episode 1999: New best reward 358.40, training model saved.
2026-08-06_17-37-35 Episode 2000: New best greedy reward 265.90, model saved.
2026-08-06_17-44-53 Episode 2118: New best reward 375.30, training model saved.
2026-08-06_17-45-54 Episode 2129: New best reward 419.00, training model saved.
2026-08-06_17-46-36 Episode 2133: New best reward 488.90, training model saved.
2026-08-06_17-47-55 Episode 2144: New best reward 572.90, training model saved.
2026-08-06_18-00-52: Training starting...
Device: cuda
2026-08-06_18-00-52 Episode 0: New best reward -8.10, training model saved.
2026-08-06_18-00-52 Episode 0: New best greedy reward 2.00, model saved.
2026-08-06_18-00-53 Episode 1: New best reward -5.70, training model saved.
2026-08-06_18-01-23 Episode 73: New best reward -5.10, training model saved.
2026-08-06_18-01-27 Episode 81: New best reward -1.50, training model saved.
2026-08-06_18-01-28 Episode 85: New best reward 0.30, training model saved.
2026-08-06_18-01-45 Episode 123: New best reward 3.90, training model saved.
2026-08-06_18-02-31 Episode 235: New best reward 4.70, training model saved.
2026-08-06_18-02-38 Episode 250: New best reward 8.40, training model saved.
2026-08-06_18-04-59 Episode 547: New best reward 8.50, training model saved.
2026-08-06_18-05-53: Training starting...
Device: cuda
2026-08-06_18-05-54 Episode 0: New best reward -8.10, training model saved.
2026-08-06_18-05-54 Episode 0: New best greedy reward 2.00, model saved.
2026-08-06_18-05-55 Episode 1: New best reward -5.70, training model saved.
2026-08-06_18-06-27 Episode 81: New best reward -2.70, training model saved.
2026-08-06_18-06-29 Episode 85: New best reward 0.30, training model saved.
2026-08-06_18-06-59 Episode 162: New best reward 3.90, training model saved.
2026-08-06_18-07-37 Episode 254: New best reward 4.40, training model saved.
2026-08-06_18-07-48 Episode 282: New best reward 6.20, training model saved.
2026-08-06_18-08-19 Episode 356: New best reward 12.90, training model saved.
2026-08-06_18-09-34 Episode 527: New best reward 20.60, training model saved.
2026-08-06_18-10-45: Training starting...
Device: cuda
2026-08-06_18-10-46 Episode 0: New best reward -8.10, training model saved.
2026-08-06_18-10-46 Episode 0: New best greedy reward 2.00, model saved.
2026-08-06_18-10-46 Episode 1: New best reward -5.70, training model saved.
2026-08-06_18-11-19 Episode 81: New best reward -1.50, training model saved.
2026-08-06_18-11-20 Episode 85: New best reward 0.30, training model saved.
2026-08-06_18-11-22 Episode 89: New best reward 0.90, training model saved.
2026-08-06_18-11-25 Episode 96: New best reward 3.90, training model saved.
2026-08-06_18-11-38 Episode 127: New best reward 4.10, training model saved.
2026-08-06_18-11-58 Episode 175: New best reward 6.80, training model saved.
2026-08-06_18-13-39 Episode 414: New best reward 8.50, training model saved.
2026-08-06_18-14-06 Episode 471: New best reward 11.00, training model saved.
2026-08-06_18-14-45 Episode 547: New best reward 13.40, training model saved.
2026-08-06_18-17-38 Episode 888: New best reward 15.10, training model saved.
2026-08-06_18-18-02 Episode 929: New best reward 15.80, training model saved.
2026-08-06_18-18-41 Episode 1000: New best greedy reward 4.20, model saved.
2026-08-06_18-18-53 Episode 1020: New best reward 20.80, training model saved.
2026-08-06_18-19-13 Episode 1051: New best reward 22.40, training model saved.
2026-08-06_18-20-24 Episode 1151: New best reward 60.10, training model saved.
2026-08-06_18-22-00 Episode 1232: New best reward 82.90, training model saved.
2026-08-06_18-24-56 Episode 1331: New best reward 92.40, training model saved.
2026-08-06_18-25-25 Episode 1347: New best reward 107.50, training model saved.
2026-08-06_18-26-16 Episode 1364: New best reward 125.10, training model saved.
2026-08-06_18-29-19 Episode 1436: New best reward 153.00, training model saved.
2026-08-06_18-29-31 Episode 1437: New best reward 172.30, training model saved.
2026-08-06_18-35-14 Episode 1634: New best reward 204.60, training model saved.
2026-08-06_18-36-06 Episode 1652: New best reward 205.20, training model saved.
2026-08-06_18-36-55 Episode 1658: New best reward 372.50, training model saved.
2026-08-06_18-40-21 Episode 1718: New best reward 447.40, training model saved.
2026-08-06_18-47-04 Episode 1768: New best reward 638.40, training model saved.
2026-08-06_18-52-11: Training starting...
Device: cuda
2026-08-06_18-52-12 Episode 0: New best reward -8.10, training model saved.
2026-08-06_18-52-12 Episode 0: New best greedy reward 2.00, model saved.
2026-08-06_18-52-12 Episode 1: New best reward -5.70, training model saved.
2026-08-06_18-52-45 Episode 81: New best reward -2.70, training model saved.
2026-08-06_18-52-46 Episode 85: New best reward 0.30, training model saved.
2026-08-06_18-52-48 Episode 89: New best reward 2.10, training model saved.
2026-08-06_18-53-02 Episode 123: New best reward 3.90, training model saved.
2026-08-06_18-53-28 Episode 187: New best reward 4.00, training model saved.
2026-08-06_18-53-29 Episode 190: New best reward 5.00, training model saved.
2026-08-06_18-53-37 Episode 208: New best reward 8.40, training model saved.
2026-08-06_18-54-55 Episode 388: New best reward 9.40, training model saved.
2026-08-06_18-55-26 Episode 454: New best reward 10.80, training model saved.
2026-08-06_18-56-31 Episode 590: New best reward 13.00, training model saved.
2026-08-06_18-56-46 Episode 618: New best reward 20.80, training model saved.
2026-08-06_18-56-57 Episode 635: New best reward 22.40, training model saved.
2026-08-06_18-57-19 Episode 668: New best reward 24.70, training model saved.
2026-08-06_18-57-41 Episode 695: New best reward 25.00, training model saved.
2026-08-06_18-57-59 Episode 711: New best reward 25.10, training model saved.
2026-08-06_18-58-04 Episode 716: New best reward 29.80, training model saved.
2026-08-06_18-58-22 Episode 732: New best reward 34.70, training model saved.
2026-08-06_18-58-44 Episode 751: New best reward 56.00, training model saved.
2026-08-06_18-59-52 Episode 815: New best reward 57.70, training model saved.
2026-08-06_19-01-01 Episode 889: New best reward 67.10, training model saved.
2026-08-06_19-03-21 Episode 1000: New best greedy reward 6.50, model saved.
2026-08-06_19-03-37 Episode 1010: New best reward 74.70, training model saved.
2026-08-06_19-03-58 Episode 1019: New best reward 130.60, training model saved.
2026-08-06_19-14-21 Episode 1486: New best reward 169.60, training model saved.
2026-08-06_19-14-34 Episode 1488: New best reward 180.90, training model saved.
2026-08-06_19-15-19 Episode 1494: New best reward 279.80, training model saved.
2026-08-06_19-19-26 Episode 1572: New best reward 512.40, training model saved.
2026-08-06_19-27-47 Episode 1726: New best reward 1044.40, training model saved.
2026-08-06_19-34-08: Training starting...
Device: cuda
2026-08-06_19-34-09 Episode 0: New best reward -8.10, training model saved.
2026-08-06_19-34-09 Episode 0: New best greedy reward 2.00, model saved.
2026-08-06_19-34-09 Episode 1: New best reward -5.70, training model saved.
2026-08-06_19-34-35 Episode 63: New best reward -3.90, training model saved.
2026-08-06_19-34-39 Episode 73: New best reward -0.30, training model saved.
2026-08-06_19-34-44 Episode 85: New best reward 0.30, training model saved.
2026-08-06_19-34-46 Episode 89: New best reward 1.50, training model saved.
2026-08-06_19-34-49 Episode 96: New best reward 3.90, training model saved.
2026-08-06_19-35-15 Episode 160: New best reward 5.00, training model saved.
2026-08-06_19-35-28 Episode 190: New best reward 6.20, training model saved.
2026-08-06_19-35-47 Episode 234: New best reward 8.40, training model saved.
2026-08-06_19-36-54 Episode 390: New best reward 9.30, training model saved.
2026-08-06_19-41-54 Episode 1051: New best reward 11.30, training model saved.
2026-08-06_19-45-08 Episode 1487: New best reward 12.90, training model saved.
2026-08-06_19-46-09 Episode 1609: New best reward 13.30, training model saved.
2026-08-06_19-49-03 Episode 2000: New best greedy reward 6.70, model saved.
2026-08-06_19-57-02 Episode 2981: New best reward 13.80, training model saved.
2026-08-06_19-57-14 Episode 3000: New best greedy reward 10.70, model saved.
2026-08-06_20-00-01 Episode 3282: New best reward 15.20, training model saved.
2026-08-06_20-01-09 Episode 3384: New best reward 17.90, training model saved.
2026-08-06_20-01-16 Episode 3393: New best reward 18.10, training model saved.
2026-08-06_20-01-44 Episode 3431: New best reward 18.80, training model saved.
2026-08-06_20-04-49 Episode 3803: New best reward 22.80, training model saved.
[worker] done. total trials in study: 400
2026-08-06_06-46-24: Training starting...
Device: cuda
2026-08-06_06-46-32 Episode 0: New best reward -8.10, training model saved.
2026-08-06_06-46-32 Episode 0: New best greedy reward 2.00, model saved.
2026-08-06_06-46-32 Episode 1: New best reward -5.70, training model saved.
2026-08-06_06-47-10 Episode 81: New best reward -2.70, training model saved.
2026-08-06_06-47-12 Episode 85: New best reward -0.30, training model saved.
2026-08-06_06-47-13 Episode 89: New best reward 0.90, training model saved.
2026-08-06_06-47-29 Episode 123: New best reward 3.90, training model saved.
2026-08-06_06-47-55 Episode 183: New best reward 4.00, training model saved.
2026-08-06_06-48-00 Episode 194: New best reward 4.10, training model saved.
2026-08-06_06-48-00 Episode 195: New best reward 4.50, training model saved.
2026-08-06_06-48-45 Episode 287: New best reward 6.50, training model saved.
2026-08-06_06-49-10 Episode 342: New best reward 8.40, training model saved.
2026-08-06_06-52-11: Training starting...
Device: cuda
2026-08-06_06-52-11 Episode 0: New best reward -8.10, training model saved.
2026-08-06_06-52-11 Episode 0: New best greedy reward 2.00, model saved.
2026-08-06_06-52-12 Episode 1: New best reward -5.70, training model saved.
2026-08-06_06-52-46 Episode 81: New best reward -2.10, training model saved.
2026-08-06_06-52-48 Episode 85: New best reward 0.30, training model saved.
2026-08-06_06-52-49 Episode 89: New best reward 0.90, training model saved.
2026-08-06_06-53-18 Episode 162: New best reward 1.50, training model saved.
2026-08-06_06-53-34 Episode 195: New best reward 2.10, training model saved.
2026-08-06_06-53-36 Episode 200: New best reward 3.90, training model saved.
2026-08-06_06-53-58 Episode 250: New best reward 6.30, training model saved.
2026-08-06_06-54-32 Episode 326: New best reward 8.40, training model saved.
2026-08-06_06-55-13 Episode 422: New best reward 15.20, training model saved.
2026-08-06_06-58-02: Training starting...
Device: cuda
2026-08-06_06-58-03 Episode 0: New best reward -8.10, training model saved.
2026-08-06_06-58-03 Episode 0: New best greedy reward 2.00, model saved.
2026-08-06_06-58-03 Episode 1: New best reward -5.70, training model saved.
2026-08-06_06-58-38 Episode 81: New best reward -1.50, training model saved.
2026-08-06_06-58-39 Episode 85: New best reward 0.30, training model saved.
2026-08-06_06-58-41 Episode 89: New best reward 0.90, training model saved.
2026-08-06_06-58-44 Episode 96: New best reward 3.90, training model saved.
2026-08-06_06-59-28 Episode 201: New best reward 4.40, training model saved.
2026-08-06_06-59-32 Episode 206: New best reward 4.80, training model saved.
2026-08-06_07-00-00 Episode 272: New best reward 6.00, training model saved.
2026-08-06_07-00-11 Episode 295: New best reward 6.70, training model saved.
2026-08-06_07-01-40 Episode 496: New best reward 6.80, training model saved.
2026-08-06_07-01-41 Episode 497: New best reward 8.40, training model saved.
2026-08-06_07-03-22: Training starting...
Device: cuda
2026-08-06_07-03-22 Episode 0: New best reward -8.10, training model saved.
2026-08-06_07-03-22 Episode 0: New best greedy reward 2.00, model saved.
2026-08-06_07-03-23 Episode 1: New best reward -5.70, training model saved.
2026-08-06_07-03-56 Episode 81: New best reward -2.10, training model saved.
2026-08-06_07-03-57 Episode 85: New best reward 0.30, training model saved.
2026-08-06_07-03-59 Episode 89: New best reward 0.90, training model saved.
2026-08-06_07-04-39 Episode 187: New best reward 3.90, training model saved.
2026-08-06_07-05-07 Episode 254: New best reward 4.20, training model saved.
2026-08-06_07-05-15 Episode 273: New best reward 4.90, training model saved.
2026-08-06_07-05-22 Episode 293: New best reward 6.50, training model saved.
2026-08-06_07-05-23 Episode 294: New best reward 8.40, training model saved.
2026-08-06_07-06-05 Episode 387: New best reward 15.20, training model saved.
2026-08-06_07-11-05 Episode 1000: New best greedy reward 8.50, model saved.
2026-08-06_07-15-16 Episode 1389: New best reward 18.30, training model saved.
2026-08-06_07-15-53 Episode 1445: New best reward 20.80, training model saved.
2026-08-06_07-16-07 Episode 1464: New best reward 24.70, training model saved.
2026-08-06_07-16-46 Episode 1515: New best reward 32.20, training model saved.
2026-08-06_07-17-07 Episode 1538: New best reward 34.10, training model saved.
2026-08-06_07-17-19 Episode 1548: New best reward 36.60, training model saved.
2026-08-06_07-17-45 Episode 1572: New best reward 65.40, training model saved.
2026-08-06_07-18-03: Training starting...
Device: cuda
2026-08-06_07-18-04 Episode 0: New best reward -8.10, training model saved.
2026-08-06_07-18-04 Episode 0: New best greedy reward 2.00, model saved.
2026-08-06_07-18-04 Episode 1: New best reward -5.70, training model saved.
2026-08-06_07-18-39 Episode 81: New best reward -2.10, training model saved.
2026-08-06_07-19-12 Episode 162: New best reward -0.30, training model saved.
2026-08-06_07-19-23 Episode 187: New best reward 0.30, training model saved.
2026-08-06_07-19-26 Episode 195: New best reward 2.10, training model saved.
2026-08-06_07-19-32 Episode 208: New best reward 2.70, training model saved.
2026-08-06_07-19-33 Episode 211: New best reward 3.30, training model saved.
2026-08-06_07-19-35 Episode 214: New best reward 3.90, training model saved.
2026-08-06_07-19-51 Episode 254: New best reward 4.50, training model saved.
2026-08-06_07-20-09 Episode 297: New best reward 5.00, training model saved.
2026-08-06_07-20-17 Episode 317: New best reward 6.00, training model saved.
2026-08-06_07-20-35 Episode 359: New best reward 6.40, training model saved.
2026-08-06_07-20-42 Episode 373: New best reward 8.40, training model saved.
2026-08-06_07-21-03 Episode 421: New best reward 11.00, training model saved.
2026-08-06_07-25-03 Episode 970: New best reward 11.20, training model saved.
2026-08-06_07-31-18 Episode 1756: New best reward 12.90, training model saved.
2026-08-06_07-32-42: Training starting...
Device: cuda
2026-08-06_07-32-42 Episode 0: New best reward -8.10, training model saved.
2026-08-06_07-32-43 Episode 0: New best greedy reward 2.00, model saved.
2026-08-06_07-32-43 Episode 1: New best reward -5.70, training model saved.
2026-08-06_07-33-16 Episode 81: New best reward -2.10, training model saved.
2026-08-06_07-33-18 Episode 85: New best reward 0.30, training model saved.
2026-08-06_07-33-19 Episode 89: New best reward 2.10, training model saved.
2026-08-06_07-33-48 Episode 162: New best reward 3.90, training model saved.
2026-08-06_07-34-27 Episode 254: New best reward 4.40, training model saved.
2026-08-06_07-34-29 Episode 260: New best reward 6.00, training model saved.
2026-08-06_07-34-32 Episode 266: New best reward 6.40, training model saved.
2026-08-06_07-34-44 Episode 296: New best reward 6.50, training model saved.
2026-08-06_07-34-58 Episode 328: New best reward 8.40, training model saved.
2026-08-06_07-36-44 Episode 590: New best reward 8.60, training model saved.
2026-08-06_07-37-00 Episode 628: New best reward 8.70, training model saved.
2026-08-06_07-37-09 Episode 649: New best reward 9.00, training model saved.
2026-08-06_07-37-26 Episode 688: New best reward 10.60, training model saved.
2026-08-06_07-37-55 Episode 757: New best reward 12.90, training model saved.
2026-08-06_07-47-18: Training starting...
Device: cuda
2026-08-06_07-47-19 Episode 0: New best reward -8.10, training model saved.
2026-08-06_07-47-19 Episode 0: New best greedy reward 2.00, model saved.
2026-08-06_07-47-19 Episode 1: New best reward -5.70, training model saved.
2026-08-06_07-47-52 Episode 81: New best reward -2.10, training model saved.
2026-08-06_07-47-54 Episode 85: New best reward 0.30, training model saved.
2026-08-06_07-47-56 Episode 89: New best reward 2.70, training model saved.
2026-08-06_07-47-58 Episode 96: New best reward 3.90, training model saved.
2026-08-06_07-48-46 Episode 211: New best reward 6.00, training model saved.
2026-08-06_07-48-48 Episode 213: New best reward 8.40, training model saved.
2026-08-06_07-49-03 Episode 249: New best reward 8.70, training model saved.
2026-08-06_07-50-27 Episode 447: New best reward 9.30, training model saved.
2026-08-06_07-52-59 Episode 743: New best reward 11.20, training model saved.
2026-08-06_07-53-02 Episode 747: New best reward 22.40, training model saved.
2026-08-06_07-55-08 Episode 939: New best reward 22.90, training model saved.
2026-08-06_07-55-53 Episode 1000: New best greedy reward 13.90, model saved.
2026-08-06_07-56-05 Episode 1016: New best reward 23.40, training model saved.
2026-08-06_07-57-34 Episode 1127: New best reward 27.90, training model saved.
2026-08-06_07-57-37 Episode 1129: New best reward 28.10, training model saved.
2026-08-06_07-57-39 Episode 1130: New best reward 29.40, training model saved.
2026-08-06_07-57-41 Episode 1131: New best reward 37.10, training model saved.
2026-08-06_07-58-06 Episode 1148: New best reward 51.60, training model saved.
2026-08-06_07-58-12 Episode 1150: New best reward 55.90, training model saved.
2026-08-06_07-59-13 Episode 1192: New best reward 69.70, training model saved.
2026-08-06_08-02-04 Episode 1295: New best reward 79.40, training model saved.
2026-08-06_08-02-38 Episode 1312: New best reward 83.90, training model saved.
2026-08-06_08-04-53 Episode 1383: New best reward 88.00, training model saved.
2026-08-06_08-05-22 Episode 1394: New best reward 97.80, training model saved.
2026-08-06_08-06-50 Episode 1433: New best reward 132.70, training model saved.
2026-08-06_08-07-25 Episode 1445: New best reward 134.40, training model saved.
2026-08-06_08-08-17 Episode 1456: New best reward 209.00, training model saved.
2026-08-06_08-09-35 Episode 1480: New best reward 213.90, training model saved.
2026-08-06_08-10-47 Episode 1496: New best reward 260.40, training model saved.
2026-08-06_08-15-32 Episode 1600: New best reward 265.60, training model saved.
2026-08-06_08-29-09: Training starting...
Device: cuda
2026-08-06_08-29-09 Episode 0: New best reward -8.10, training model saved.
2026-08-06_08-29-09 Episode 0: New best greedy reward 2.00, model saved.
2026-08-06_08-29-10 Episode 1: New best reward -5.70, training model saved.
2026-08-06_08-29-36 Episode 63: New best reward -4.50, training model saved.
2026-08-06_08-29-40 Episode 73: New best reward -3.90, training model saved.
2026-08-06_08-29-44 Episode 81: New best reward -1.50, training model saved.
2026-08-06_08-29-45 Episode 85: New best reward 0.30, training model saved.
2026-08-06_08-29-47 Episode 89: New best reward 2.10, training model saved.
2026-08-06_08-29-50 Episode 96: New best reward 3.90, training model saved.
2026-08-06_08-30-02 Episode 123: New best reward 4.10, training model saved.
2026-08-06_08-30-06 Episode 133: New best reward 6.30, training model saved.
2026-08-06_08-30-25 Episode 178: New best reward 8.40, training model saved.
2026-08-06_08-31-22 Episode 307: New best reward 8.80, training model saved.
2026-08-06_08-32-25 Episode 433: New best reward 10.60, training model saved.
2026-08-06_08-33-51 Episode 585: New best reward 11.10, training model saved.
2026-08-06_08-34-00 Episode 600: New best reward 12.90, training model saved.
2026-08-06_08-34-02 Episode 603: New best reward 13.20, training model saved.
2026-08-06_08-34-43 Episode 674: New best reward 13.50, training model saved.
2026-08-06_08-34-54 Episode 691: New best reward 17.90, training model saved.
2026-08-06_08-37-38 Episode 945: New best reward 18.50, training model saved.
2026-08-06_08-37-57 Episode 975: New best reward 20.50, training model saved.
2026-08-06_08-38-16 Episode 1000: New best greedy reward 4.00, model saved.
2026-08-06_08-38-18 Episode 1001: New best reward 22.40, training model saved.
2026-08-06_08-38-36 Episode 1024: New best reward 22.70, training model saved.
2026-08-06_08-38-56 Episode 1048: New best reward 27.60, training model saved.
2026-08-06_08-39-45 Episode 1105: New best reward 27.90, training model saved.
2026-08-06_08-40-05 Episode 1127: New best reward 29.30, training model saved.
2026-08-06_08-40-27 Episode 1150: New best reward 29.40, training model saved.
2026-08-06_08-40-54 Episode 1181: New best reward 29.80, training model saved.
2026-08-06_08-41-35 Episode 1224: New best reward 37.40, training model saved.
2026-08-06_08-41-38 Episode 1225: New best reward 41.80, training model saved.
2026-08-06_08-42-14 Episode 1254: New best reward 42.00, training model saved.
2026-08-06_08-42-51 Episode 1283: New best reward 46.00, training model saved.
2026-08-06_08-46-04 Episode 1467: New best reward 52.80, training model saved.
2026-08-06_08-47-33 Episode 1543: New best reward 55.10, training model saved.
2026-08-06_08-48-14 Episode 1572: New best reward 88.40, training model saved.
2026-08-06_08-50-15 Episode 1639: New best reward 90.80, training model saved.
2026-08-06_08-54-16 Episode 1816: New best reward 97.60, training model saved.
2026-08-06_08-57-52 Episode 2000: New best greedy reward 13.20, model saved.
2026-08-06_09-09-40 Episode 2641: New best reward 109.30, training model saved.
2026-08-06_09-10-29 Episode 2657: New best reward 125.10, training model saved.
2026-08-06_09-10-56 Episode 2664: New best reward 136.80, training model saved.
2026-08-06_09-12-00: Training starting...
Device: cuda
2026-08-06_09-12-01 Episode 0: New best reward -8.10, training model saved.
2026-08-06_09-12-01 Episode 0: New best greedy reward 2.00, model saved.
2026-08-06_09-12-01 Episode 1: New best reward -5.70, training model saved.
2026-08-06_09-12-32 Episode 73: New best reward -5.10, training model saved.
2026-08-06_09-12-36 Episode 81: New best reward -1.50, training model saved.
2026-08-06_09-12-38 Episode 85: New best reward 0.30, training model saved.
2026-08-06_09-12-39 Episode 89: New best reward 2.10, training model saved.
2026-08-06_09-12-54 Episode 123: New best reward 3.90, training model saved.
2026-08-06_09-13-12 Episode 164: New best reward 4.80, training model saved.
2026-08-06_09-13-24 Episode 193: New best reward 4.90, training model saved.
2026-08-06_09-13-26 Episode 197: New best reward 8.40, training model saved.
2026-08-06_09-15-20 Episode 441: New best reward 9.00, training model saved.
2026-08-06_09-15-40 Episode 478: New best reward 10.80, training model saved.
2026-08-06_09-16-13 Episode 541: New best reward 11.10, training model saved.
2026-08-06_09-16-43 Episode 592: New best reward 12.90, training model saved.
2026-08-06_09-19-54 Episode 911: New best reward 13.30, training model saved.
2026-08-06_09-19-56 Episode 913: New best reward 22.60, training model saved.
2026-08-06_09-20-54 Episode 1000: New best greedy reward 13.30, model saved.
2026-08-06_09-23-03 Episode 1189: New best reward 27.30, training model saved.
2026-08-06_09-24-51 Episode 1322: New best reward 50.60, training model saved.
2026-08-06_09-26-47: Training starting...
Device: cuda
2026-08-06_09-26-47 Episode 0: New best reward -8.10, training model saved.
2026-08-06_09-26-48 Episode 0: New best greedy reward 2.00, model saved.
2026-08-06_09-26-48 Episode 1: New best reward -5.70, training model saved.
2026-08-06_09-27-14 Episode 63: New best reward -5.10, training model saved.
2026-08-06_09-27-22 Episode 81: New best reward -1.50, training model saved.
2026-08-06_09-27-24 Episode 85: New best reward 0.30, training model saved.
2026-08-06_09-27-25 Episode 89: New best reward 2.10, training model saved.
2026-08-06_09-27-40 Episode 123: New best reward 3.90, training model saved.
2026-08-06_09-28-16 Episode 208: New best reward 4.20, training model saved.
2026-08-06_09-28-19 Episode 216: New best reward 4.30, training model saved.
2026-08-06_09-28-25 Episode 230: New best reward 4.40, training model saved.
2026-08-06_09-28-38 Episode 260: New best reward 4.90, training model saved.
2026-08-06_09-28-54 Episode 297: New best reward 6.10, training model saved.
2026-08-06_09-28-56 Episode 301: New best reward 8.40, training model saved.
2026-08-06_09-29-30 Episode 377: New best reward 8.80, training model saved.
2026-08-06_09-29-33 Episode 382: New best reward 8.90, training model saved.
2026-08-06_09-30-11 Episode 463: New best reward 12.90, training model saved.
2026-08-06_09-32-39 Episode 748: New best reward 13.10, training model saved.
2026-08-06_09-32-47 Episode 761: New best reward 20.50, training model saved.
2026-08-06_09-41-16: Training starting...
Device: cuda
2026-08-06_09-41-16 Episode 0: New best reward -8.10, training model saved.
2026-08-06_09-41-17 Episode 0: New best greedy reward 2.00, model saved.
2026-08-06_09-41-17 Episode 1: New best reward -5.70, training model saved.
2026-08-06_09-41-50 Episode 81: New best reward -2.10, training model saved.
2026-08-06_09-41-53 Episode 89: New best reward -1.50, training model saved.
2026-08-06_09-42-22 Episode 162: New best reward -0.90, training model saved.
2026-08-06_09-42-33 Episode 187: New best reward 2.70, training model saved.
2026-08-06_09-42-38 Episode 200: New best reward 3.90, training model saved.
2026-08-06_09-42-59 Episode 250: New best reward 4.50, training model saved.
2026-08-06_09-43-33 Episode 330: New best reward 5.00, training model saved.
2026-08-06_09-43-39 Episode 344: New best reward 6.30, training model saved.
2026-08-06_09-44-14 Episode 429: New best reward 8.40, training model saved.
2026-08-06_09-47-22 Episode 868: New best reward 9.00, training model saved.
2026-08-06_09-48-14 Episode 970: New best reward 12.90, training model saved.
2026-08-06_09-48-29 Episode 1000: New best greedy reward 4.30, model saved.
2026-08-06_09-49-15 Episode 1082: New best reward 17.30, training model saved.
2026-08-06_09-49-49 Episode 1141: New best reward 17.90, training model saved.
2026-08-06_09-50-07 Episode 1169: New best reward 31.90, training model saved.
2026-08-06_09-50-10 Episode 1172: New best reward 32.10, training model saved.
2026-08-06_09-55-53: Training starting...
Device: cuda
2026-08-06_09-55-53 Episode 0: New best reward -8.10, training model saved.
2026-08-06_09-55-54 Episode 0: New best greedy reward 2.00, model saved.
2026-08-06_09-55-54 Episode 1: New best reward -5.70, training model saved.
2026-08-06_09-56-20 Episode 63: New best reward -2.10, training model saved.
2026-08-06_09-56-24 Episode 73: New best reward -0.30, training model saved.
2026-08-06_09-56-30 Episode 85: New best reward 0.90, training model saved.
2026-08-06_09-56-32 Episode 89: New best reward 3.90, training model saved.
2026-08-06_09-56-43 Episode 116: New best reward 4.30, training model saved.
2026-08-06_09-56-46 Episode 123: New best reward 4.80, training model saved.
2026-08-06_09-56-57 Episode 148: New best reward 8.40, training model saved.
2026-08-06_09-57-09 Episode 171: New best reward 12.90, training model saved.
2026-08-06_10-03-34 Episode 855: New best reward 13.50, training model saved.
2026-08-06_10-03-59 Episode 886: New best reward 22.40, training model saved.
2026-08-06_10-05-23 Episode 1000: New best greedy reward 9.00, model saved.
2026-08-06_10-07-03 Episode 1134: New best reward 27.40, training model saved.
2026-08-06_10-10-09 Episode 1358: New best reward 36.40, training model saved.
2026-08-06_10-10-21 Episode 1368: New best reward 55.70, training model saved.
2026-08-06_10-20-37 Episode 2000: New best greedy reward 23.50, model saved.
2026-08-06_10-22-02 Episode 2078: New best reward 55.80, training model saved.
2026-08-06_10-23-14 Episode 2129: New best reward 65.30, training model saved.
2026-08-06_10-23-39 Episode 2145: New best reward 81.30, training model saved.
2026-08-06_10-24-29 Episode 2180: New best reward 111.90, training model saved.
2026-08-06_10-24-39 Episode 2181: New best reward 140.00, training model saved.
2026-08-06_10-24-53 Episode 2184: New best reward 144.10, training model saved.
2026-08-06_10-26-24 Episode 2216: New best reward 194.90, training model saved.
2026-08-06_10-30-36 Episode 2288: New best reward 247.10, training model saved.
2026-08-06_10-39-42: Training starting...
Device: cuda
2026-08-06_10-39-43 Episode 0: New best reward -8.10, training model saved.
2026-08-06_10-39-43 Episode 0: New best greedy reward 2.00, model saved.
2026-08-06_10-39-44 Episode 1: New best reward -5.70, training model saved.
2026-08-06_10-40-16 Episode 81: New best reward -2.70, training model saved.
2026-08-06_10-41-09 Episode 211: New best reward -0.30, training model saved.
2026-08-06_10-41-17 Episode 230: New best reward 0.30, training model saved.
2026-08-06_10-41-32 Episode 266: New best reward 2.70, training model saved.
2026-08-06_10-41-40 Episode 287: New best reward 3.90, training model saved.
2026-08-06_10-42-05 Episode 348: New best reward 4.00, training model saved.
2026-08-06_10-42-07 Episode 355: New best reward 4.10, training model saved.
2026-08-06_10-42-34 Episode 420: New best reward 4.20, training model saved.
2026-08-06_10-42-37 Episode 427: New best reward 4.30, training model saved.
2026-08-06_10-42-42 Episode 439: New best reward 6.50, training model saved.
2026-08-06_10-43-01 Episode 485: New best reward 8.40, training model saved.
2026-08-06_10-43-40 Episode 579: New best reward 8.70, training model saved.
2026-08-06_10-46-02 Episode 863: New best reward 10.90, training model saved.
2026-08-06_10-47-20 Episode 1000: New best greedy reward 8.40, model saved.
2026-08-06_10-49-08 Episode 1176: New best reward 12.90, training model saved.
2026-08-06_10-49-25 Episode 1202: New best reward 15.80, training model saved.
2026-08-06_10-50-28 Episode 1294: New best reward 25.00, training model saved.
2026-08-06_10-51-38 Episode 1376: New best reward 42.00, training model saved.
2026-08-06_10-52-13 Episode 1416: New best reward 43.30, training model saved.
2026-08-06_10-53-23 Episode 1493: New best reward 54.90, training model saved.
2026-08-06_10-54-25 Episode 1538: New best reward 64.40, training model saved.
2026-08-06_10-54-37 Episode 1546: New best reward 68.90, training model saved.
2026-08-06_10-55-03 Episode 1561: New best reward 69.50, training model saved.
2026-08-06_10-56-47 Episode 1625: New best reward 95.30, training model saved.
2026-08-06_10-57-14 Episode 1636: New best reward 183.80, training model saved.
2026-08-06_10-58-51 Episode 1666: New best reward 211.70, training model saved.
2026-08-06_11-00-29 Episode 1714: New best reward 239.30, training model saved.
2026-08-06_11-02-07 Episode 1736: New best reward 270.00, training model saved.
2026-08-06_11-05-27 Episode 1792: New best reward 363.90, training model saved.
2026-08-06_11-20-40 Episode 2000: New best greedy reward 477.80, model saved.
2026-08-06_11-33-28: Training starting...
Device: cuda
2026-08-06_11-33-29 Episode 0: New best reward -8.10, training model saved.
2026-08-06_11-33-29 Episode 0: New best greedy reward 2.00, model saved.
2026-08-06_11-33-29 Episode 1: New best reward -5.70, training model saved.
2026-08-06_11-33-48 Episode 46: New best reward -3.90, training model saved.
2026-08-06_11-33-58 Episode 73: New best reward -0.30, training model saved.
2026-08-06_11-34-03 Episode 85: New best reward 0.30, training model saved.
2026-08-06_11-34-05 Episode 89: New best reward 0.90, training model saved.
2026-08-06_11-34-08 Episode 96: New best reward 3.90, training model saved.
2026-08-06_11-34-36 Episode 164: New best reward 4.80, training model saved.
2026-08-06_11-35-10 Episode 249: New best reward 6.20, training model saved.
2026-08-06_11-35-11 Episode 250: New best reward 6.40, training model saved.
2026-08-06_11-35-12 Episode 253: New best reward 8.40, training model saved.
2026-08-06_11-38-30 Episode 665: New best reward 8.70, training model saved.
2026-08-06_11-38-34 Episode 672: New best reward 8.90, training model saved.
2026-08-06_11-38-48 Episode 697: New best reward 9.10, training model saved.
2026-08-06_11-39-09 Episode 737: New best reward 10.70, training model saved.
2026-08-06_11-39-10 Episode 738: New best reward 19.10, training model saved.
2026-08-06_11-41-36 Episode 1000: New best greedy reward 20.80, model saved.
2026-08-06_11-42-49 Episode 1128: New best reward 20.20, training model saved.
2026-08-06_11-43-04 Episode 1149: New best reward 34.30, training model saved.
2026-08-06_11-44-17 Episode 1238: New best reward 36.50, training model saved.
2026-08-06_11-46-01 Episode 1356: New best reward 41.70, training model saved.
2026-08-06_11-46-06 Episode 1358: New best reward 60.80, training model saved.
2026-08-06_11-46-44 Episode 1382: New best reward 66.70, training model saved.
2026-08-06_11-47-04 Episode 1391: New best reward 81.20, training model saved.
2026-08-06_11-48-32 Episode 1438: New best reward 123.30, training model saved.
2026-08-06_11-52-32 Episode 1557: New best reward 197.60, training model saved.
2026-08-06_11-53-13 Episode 1568: New best reward 211.60, training model saved.
2026-08-06_11-54-46 Episode 1591: New best reward 223.10, training model saved.
2026-08-06_11-55-48 Episode 1611: New best reward 289.10, training model saved.
2026-08-06_11-57-43 Episode 1635: New best reward 599.10, training model saved.
2026-08-06_12-15-05: Training starting...
Device: cuda
2026-08-06_12-15-05 Episode 0: New best reward -8.10, training model saved.
2026-08-06_12-15-05 Episode 0: New best greedy reward 2.00, model saved.
2026-08-06_12-15-06 Episode 1: New best reward -5.70, training model saved.
2026-08-06_12-15-38 Episode 81: New best reward -2.10, training model saved.
2026-08-06_12-16-31 Episode 211: New best reward 2.70, training model saved.
2026-08-06_12-17-21 Episode 331: New best reward 3.90, training model saved.
2026-08-06_12-17-41 Episode 382: New best reward 4.80, training model saved.
2026-08-06_12-17-57 Episode 420: New best reward 6.40, training model saved.
2026-08-06_12-17-59 Episode 425: New best reward 8.40, training model saved.
2026-08-06_12-22-26 Episode 1070: New best reward 11.30, training model saved.
2026-08-06_12-24-24 Episode 1302: New best reward 17.90, training model saved.
2026-08-06_12-25-43 Episode 1428: New best reward 23.50, training model saved.
2026-08-06_12-26-27 Episode 1503: New best reward 25.10, training model saved.
2026-08-06_12-27-01 Episode 1548: New best reward 25.30, training model saved.
2026-08-06_12-27-44 Episode 1604: New best reward 26.90, training model saved.
2026-08-06_12-27-55 Episode 1615: New best reward 34.80, training model saved.
2026-08-06_12-28-12 Episode 1632: New best reward 51.50, training model saved.
2026-08-06_12-29-18 Episode 1698: New best reward 64.40, training model saved.
2026-08-06_12-29-46 Episode 1717: New best reward 65.20, training model saved.
2026-08-06_12-30-03 Episode 1732: New best reward 84.10, training model saved.
2026-08-06_12-32-11 Episode 1802: New best reward 120.40, training model saved.
2026-08-06_12-35-00 Episode 1874: New best reward 151.30, training model saved.
2026-08-06_12-37-11 Episode 1914: New best reward 162.40, training model saved.
2026-08-06_12-37-43 Episode 1918: New best reward 210.10, training model saved.
2026-08-06_12-38-54 Episode 1935: New best reward 218.40, training model saved.
2026-08-06_12-40-04 Episode 1952: New best reward 260.40, training model saved.
2026-08-06_12-42-05 Episode 2000: New best greedy reward 81.30, model saved.
2026-08-06_12-44-45 Episode 2040: New best reward 519.60, training model saved.
2026-08-06_12-56-38: Training starting...
Device: cuda
2026-08-06_12-56-39 Episode 0: New best reward -8.10, training model saved.
2026-08-06_12-56-39 Episode 0: New best greedy reward 2.00, model saved.
2026-08-06_12-56-39 Episode 1: New best reward -5.70, training model saved.
2026-08-06_12-57-10 Episode 73: New best reward -5.10, training model saved.
2026-08-06_12-57-14 Episode 81: New best reward -1.50, training model saved.
2026-08-06_12-57-16 Episode 85: New best reward 0.30, training model saved.
2026-08-06_12-57-17 Episode 89: New best reward 1.50, training model saved.
2026-08-06_12-57-32 Episode 123: New best reward 3.90, training model saved.
2026-08-06_12-57-48 Episode 162: New best reward 4.00, training model saved.
2026-08-06_12-58-05 Episode 198: New best reward 4.20, training model saved.
2026-08-06_12-58-08 Episode 204: New best reward 4.50, training model saved.
2026-08-06_12-58-09 Episode 206: New best reward 4.60, training model saved.
2026-08-06_12-58-49 Episode 296: New best reward 6.30, training model saved.
2026-08-06_12-59-03 Episode 325: New best reward 6.50, training model saved.
2026-08-06_12-59-10 Episode 342: New best reward 6.60, training model saved.
2026-08-06_12-59-15 Episode 353: New best reward 8.40, training model saved.
2026-08-06_13-00-31 Episode 514: New best reward 9.00, training model saved.
2026-08-06_13-00-58 Episode 562: New best reward 11.00, training model saved.
2026-08-06_13-01-26 Episode 615: New best reward 11.10, training model saved.
2026-08-06_13-01-29 Episode 621: New best reward 11.30, training model saved.
2026-08-06_13-01-50 Episode 659: New best reward 18.30, training model saved.
2026-08-06_13-04-33 Episode 1000: New best greedy reward 9.40, model saved.
2026-08-06_13-05-53 Episode 1163: New best reward 22.40, training model saved.
2026-08-06_13-11-31: Training starting...
Device: cuda
2026-08-06_13-11-31 Episode 0: New best reward -8.10, training model saved.
2026-08-06_13-11-31 Episode 0: New best greedy reward 2.00, model saved.
2026-08-06_13-11-32 Episode 1: New best reward -5.70, training model saved.
2026-08-06_13-12-05 Episode 81: New best reward -2.10, training model saved.
2026-08-06_13-12-37 Episode 162: New best reward -0.30, training model saved.
2026-08-06_13-12-49 Episode 187: New best reward 0.30, training model saved.
2026-08-06_13-12-59 Episode 211: New best reward 2.70, training model saved.
2026-08-06_13-13-08 Episode 235: New best reward 3.90, training model saved.
2026-08-06_13-13-31 Episode 287: New best reward 4.10, training model saved.
2026-08-06_13-13-51 Episode 334: New best reward 4.80, training model saved.
2026-08-06_13-14-01 Episode 360: New best reward 8.40, training model saved.
2026-08-06_13-18-02 Episode 929: New best reward 8.90, training model saved.
2026-08-06_13-18-34 Episode 1000: New best greedy reward 3.90, model saved.
2026-08-06_13-19-19 Episode 1099: New best reward 9.00, training model saved.
2026-08-06_13-20-46 Episode 1285: New best reward 10.50, training model saved.
2026-08-06_13-22-07 Episode 1454: New best reward 15.70, training model saved.
2026-08-06_13-23-04 Episode 1561: New best reward 18.10, training model saved.
2026-08-06_13-25-55 Episode 1867: New best reward 23.10, training model saved.
2026-08-06_13-27-12 Episode 2000: New best greedy reward 6.50, model saved.
2026-08-06_13-30-18 Episode 2297: New best reward 27.20, training model saved.
2026-08-06_13-31-36 Episode 2401: New best reward 27.90, training model saved.
2026-08-06_13-32-01 Episode 2430: New best reward 29.30, training model saved.
2026-08-06_13-32-25 Episode 2456: New best reward 43.80, training model saved.
2026-08-06_13-33-04 Episode 2486: New best reward 62.80, training model saved.
2026-08-06_13-33-12 Episode 2490: New best reward 65.20, training model saved.
2026-08-06_13-35-35 Episode 2605: New best reward 68.90, training model saved.
2026-08-06_13-35-44 Episode 2611: New best reward 87.90, training model saved.
2026-08-06_13-36-57 Episode 2662: New best reward 157.90, training model saved.
2026-08-06_13-43-47 Episode 2880: New best reward 265.70, training model saved.
2026-08-06_13-48-58 Episode 2972: New best reward 387.30, training model saved.
2026-08-06_13-50-40 Episode 3000: New best greedy reward 6.70, model saved.
2026-08-06_13-53-27: Training starting...
Device: cuda
2026-08-06_13-53-28 Episode 0: New best reward -8.10, training model saved.
2026-08-06_13-53-28 Episode 0: New best greedy reward 2.00, model saved.
2026-08-06_13-53-28 Episode 1: New best reward -5.70, training model saved.
2026-08-06_13-53-54 Episode 63: New best reward -3.90, training model saved.
2026-08-06_13-53-57 Episode 73: New best reward -0.30, training model saved.
2026-08-06_13-54-03 Episode 85: New best reward 2.70, training model saved.
2026-08-06_13-54-04 Episode 89: New best reward 3.30, training model saved.
2026-08-06_13-54-07 Episode 96: New best reward 3.90, training model saved.
2026-08-06_13-54-36 Episode 166: New best reward 12.90, training model saved.
2026-08-06_14-02-09 Episode 1000: New best greedy reward 4.80, model saved.
2026-08-06_14-05-13 Episode 1387: New best reward 13.70, training model saved.
2026-08-06_14-05-28 Episode 1411: New best reward 13.80, training model saved.
2026-08-06_14-05-43 Episode 1437: New best reward 15.10, training model saved.
2026-08-06_14-06-02 Episode 1467: New best reward 23.60, training model saved.
2026-08-06_14-06-44 Episode 1531: New best reward 32.50, training model saved.
2026-08-06_14-07-16 Episode 1565: New best reward 46.30, training model saved.
2026-08-06_14-09-14 Episode 1661: New best reward 53.30, training model saved.
2026-08-06_14-09-39 Episode 1680: New best reward 83.10, training model saved.
2026-08-06_14-10-30 Episode 1712: New best reward 106.50, training model saved.
2026-08-06_14-11-31 Episode 1745: New best reward 111.10, training model saved.
2026-08-06_14-12-25 Episode 1786: New best reward 113.70, training model saved.
2026-08-06_14-15-31 Episode 1883: New best reward 151.30, training model saved.
2026-08-06_14-18-13 Episode 2000: New best greedy reward 6.10, model saved.
2026-08-06_14-23-04 Episode 2232: New best reward 207.30, training model saved.
2026-08-06_14-24-15 Episode 2245: New best reward 208.90, training model saved.
2026-08-06_14-24-34 Episode 2246: New best reward 265.10, training model saved.
2026-08-06_14-25-52 Episode 2260: New best reward 404.90, training model saved.
2026-08-06_14-35-34: Training starting...
Device: cuda
2026-08-06_14-35-35 Episode 0: New best reward -8.10, training model saved.
2026-08-06_14-35-35 Episode 0: New best greedy reward 2.00, model saved.
2026-08-06_14-35-35 Episode 1: New best reward -5.70, training model saved.
2026-08-06_14-36-08 Episode 81: New best reward -1.50, training model saved.
2026-08-06_14-36-10 Episode 85: New best reward 0.30, training model saved.
2026-08-06_14-36-11 Episode 89: New best reward 0.90, training model saved.
2026-08-06_14-36-25 Episode 123: New best reward 3.90, training model saved.
2026-08-06_14-37-04 Episode 218: New best reward 4.30, training model saved.
2026-08-06_14-37-11 Episode 235: New best reward 4.70, training model saved.
2026-08-06_14-37-28 Episode 277: New best reward 4.80, training model saved.
2026-08-06_14-37-42 Episode 310: New best reward 6.10, training model saved.
2026-08-06_14-38-01 Episode 356: New best reward 8.40, training model saved.
2026-08-06_14-41-52 Episode 818: New best reward 11.30, training model saved.
2026-08-06_14-43-36 Episode 1000: New best greedy reward 4.60, model saved.
2026-08-06_14-44-21 Episode 1083: New best reward 13.80, training model saved.
2026-08-06_14-44-53 Episode 1134: New best reward 15.00, training model saved.
2026-08-06_14-45-20 Episode 1175: New best reward 22.40, training model saved.
2026-08-06_14-45-46 Episode 1207: New best reward 22.80, training model saved.
2026-08-06_14-46-27 Episode 1258: New best reward 41.10, training model saved.
2026-08-06_14-47-10 Episode 1302: New best reward 41.50, training model saved.
2026-08-06_14-47-13 Episode 1304: New best reward 43.10, training model saved.
2026-08-06_14-48-01 Episode 1347: New best reward 43.70, training model saved.
2026-08-06_14-48-13 Episode 1356: New best reward 50.40, training model saved.
2026-08-06_14-48-24 Episode 1361: New best reward 69.60, training model saved.
2026-08-06_14-49-55: Training starting...
Device: cuda
2026-08-06_14-49-56 Episode 0: New best reward -8.10, training model saved.
2026-08-06_14-49-56 Episode 0: New best greedy reward 2.00, model saved.
2026-08-06_14-49-56 Episode 1: New best reward -5.70, training model saved.
2026-08-06_14-50-29 Episode 81: New best reward -2.10, training model saved.
2026-08-06_14-51-02 Episode 162: New best reward 0.30, training model saved.
2026-08-06_14-51-22 Episode 211: New best reward 1.50, training model saved.
2026-08-06_14-52-11 Episode 329: New best reward 3.90, training model saved.
2026-08-06_14-52-41 Episode 405: New best reward 4.10, training model saved.
2026-08-06_14-52-42 Episode 406: New best reward 4.20, training model saved.
2026-08-06_14-53-07 Episode 466: New best reward 5.00, training model saved.
2026-08-06_14-55-55 Episode 872: New best reward 8.40, training model saved.
2026-08-06_14-56-33 Episode 959: New best reward 9.00, training model saved.
2026-08-06_14-56-53 Episode 1000: New best greedy reward 4.80, model saved.
2026-08-06_14-57-04 Episode 1023: New best reward 9.10, training model saved.
2026-08-06_14-57-37 Episode 1090: New best reward 9.30, training model saved.
2026-08-06_14-57-50 Episode 1115: New best reward 13.50, training model saved.
2026-08-06_14-58-15 Episode 1159: New best reward 13.80, training model saved.
2026-08-06_14-58-52 Episode 1227: New best reward 22.40, training model saved.
2026-08-06_15-05-16 Episode 1780: New best reward 26.90, training model saved.
2026-08-06_15-05-47 Episode 1808: New best reward 34.70, training model saved.
2026-08-06_15-05-56 Episode 1816: New best reward 41.60, training model saved.
2026-08-06_15-06-12 Episode 1831: New best reward 41.80, training model saved.
2026-08-06_15-06-24 Episode 1839: New best reward 78.40, training model saved.
2026-08-06_15-08-36 Episode 1932: New best reward 98.00, training model saved.
2026-08-06_15-10-20 Episode 1991: New best reward 104.80, training model saved.
2026-08-06_15-10-42 Episode 2000: New best greedy reward 23.30, model saved.
2026-08-06_15-11-51 Episode 2028: New best reward 194.90, training model saved.
2026-08-06_15-19-25 Episode 2190: New best reward 222.90, training model saved.
2026-08-06_15-21-15 Episode 2224: New best reward 238.00, training model saved.
2026-08-06_15-23-31 Episode 2256: New best reward 451.90, training model saved.
2026-08-06_15-34-07: Training starting...
Device: cuda
2026-08-06_15-34-07 Episode 0: New best reward -8.10, training model saved.
2026-08-06_15-34-07 Episode 0: New best greedy reward 2.00, model saved.
2026-08-06_15-34-08 Episode 1: New best reward -5.70, training model saved.
2026-08-06_15-34-40 Episode 81: New best reward -2.10, training model saved.
2026-08-06_15-34-41 Episode 85: New best reward 0.30, training model saved.
2026-08-06_15-35-12 Episode 162: New best reward 1.50, training model saved.
2026-08-06_15-35-26 Episode 195: New best reward 2.10, training model saved.
2026-08-06_15-35-33 Episode 211: New best reward 3.30, training model saved.
2026-08-06_15-35-35 Episode 218: New best reward 3.90, training model saved.
2026-08-06_15-35-48 Episode 250: New best reward 4.50, training model saved.
2026-08-06_15-36-04 Episode 287: New best reward 8.40, training model saved.
2026-08-06_15-36-13 Episode 308: New best reward 9.00, training model saved.
2026-08-06_15-38-38 Episode 644: New best reward 12.90, training model saved.
2026-08-06_15-39-36 Episode 761: New best reward 13.20, training model saved.
2026-08-06_15-40-15 Episode 834: New best reward 13.70, training model saved.
2026-08-06_15-41-40 Episode 1000: New best greedy reward 6.30, model saved.
2026-08-06_15-42-02 Episode 1045: New best reward 17.90, training model saved.
2026-08-06_15-42-18 Episode 1074: New best reward 19.00, training model saved.
2026-08-06_15-43-00 Episode 1139: New best reward 25.10, training model saved.
2026-08-06_15-44-27 Episode 1266: New best reward 25.30, training model saved.
2026-08-06_15-44-56 Episode 1299: New best reward 26.90, training model saved.
2026-08-06_15-45-04 Episode 1308: New best reward 39.10, training model saved.
2026-08-06_15-45-27 Episode 1334: New best reward 48.80, training model saved.
2026-08-06_15-47-56 Episode 1483: New best reward 65.40, training model saved.
2026-08-06_15-48-42 Episode 1521: New best reward 88.70, training model saved.
2026-08-06_15-51-01 Episode 1594: New best reward 124.90, training model saved.
2026-08-06_15-56-27 Episode 1737: New best reward 131.10, training model saved.
2026-08-06_16-00-27 Episode 1856: New best reward 190.40, training model saved.
2026-08-06_16-07-15 Episode 1997: New best reward 306.90, training model saved.
2026-08-06_16-07-34 Episode 2000: New best greedy reward 20.80, model saved.
2026-08-06_16-09-08 Episode 2018: New best reward 403.30, training model saved.
2026-08-06_16-13-09 Episode 2051: New best reward 556.70, training model saved.
2026-08-06_16-26-42: Training starting...
Device: cuda
2026-08-06_16-26-42 Episode 0: New best reward -8.10, training model saved.
2026-08-06_16-26-43 Episode 0: New best greedy reward 2.00, model saved.
2026-08-06_16-26-43 Episode 1: New best reward -5.70, training model saved.
2026-08-06_16-27-16 Episode 81: New best reward -2.10, training model saved.
2026-08-06_16-27-46 Episode 155: New best reward -0.90, training model saved.
2026-08-06_16-27-49 Episode 162: New best reward -0.30, training model saved.
2026-08-06_16-28-00 Episode 187: New best reward 0.30, training model saved.
2026-08-06_16-28-03 Episode 195: New best reward 2.10, training model saved.
2026-08-06_16-28-10 Episode 211: New best reward 3.30, training model saved.
2026-08-06_16-28-11 Episode 214: New best reward 3.90, training model saved.
2026-08-06_16-28-27 Episode 254: New best reward 4.50, training model saved.
2026-08-06_16-28-38 Episode 281: New best reward 4.90, training model saved.
2026-08-06_16-28-54 Episode 321: New best reward 6.30, training model saved.
2026-08-06_16-29-22 Episode 387: New best reward 6.50, training model saved.
2026-08-06_16-29-32 Episode 411: New best reward 8.40, training model saved.
2026-08-06_16-29-53 Episode 460: New best reward 10.90, training model saved.
2026-08-06_16-33-46 Episode 1000: New best greedy reward 2.80, model saved.
2026-08-06_16-34-24 Episode 1081: New best reward 13.20, training model saved.
2026-08-06_16-38-03 Episode 1482: New best reward 15.80, training model saved.
2026-08-06_16-38-10 Episode 1491: New best reward 17.90, training model saved.
2026-08-06_16-40-50 Episode 1767: New best reward 22.70, training model saved.
2026-08-06_16-40-54: Training starting...
Device: cuda
2026-08-06_16-40-54 Episode 0: New best reward -8.10, training model saved.
2026-08-06_16-40-54 Episode 0: New best greedy reward 2.00, model saved.
2026-08-06_16-40-55 Episode 1: New best reward -5.70, training model saved.
2026-08-06_16-41-27 Episode 81: New best reward -2.10, training model saved.
2026-08-06_16-41-29 Episode 85: New best reward 0.30, training model saved.
2026-08-06_16-41-45 Episode 123: New best reward 3.90, training model saved.
2026-08-06_16-42-20 Episode 211: New best reward 4.20, training model saved.
2026-08-06_16-42-30 Episode 235: New best reward 4.80, training model saved.
2026-08-06_16-42-36 Episode 250: New best reward 6.10, training model saved.
2026-08-06_16-42-54 Episode 292: New best reward 8.40, training model saved.
2026-08-06_16-45-48 Episode 662: New best reward 8.60, training model saved.
2026-08-06_16-49-20 Episode 1000: New best greedy reward 8.40, model saved.
2026-08-06_16-55-04: Training starting...
Device: cuda
2026-08-06_16-55-04 Episode 0: New best reward -8.10, training model saved.
2026-08-06_16-55-04 Episode 0: New best greedy reward 2.00, model saved.
2026-08-06_16-55-05 Episode 1: New best reward -5.70, training model saved.
2026-08-06_16-55-34 Episode 73: New best reward -5.10, training model saved.
2026-08-06_16-55-38 Episode 81: New best reward -1.50, training model saved.
2026-08-06_16-55-39 Episode 85: New best reward 0.30, training model saved.
2026-08-06_16-55-44 Episode 96: New best reward 3.90, training model saved.
2026-08-06_16-56-11 Episode 162: New best reward 4.80, training model saved.
2026-08-06_16-56-26 Episode 195: New best reward 4.90, training model saved.
2026-08-06_16-57-02 Episode 280: New best reward 8.40, training model saved.
2026-08-06_16-57-44 Episode 375: New best reward 8.70, training model saved.
2026-08-06_16-57-48 Episode 382: New best reward 10.80, training model saved.
2026-08-06_16-59-02 Episode 537: New best reward 11.10, training model saved.
2026-08-06_16-59-38 Episode 605: New best reward 11.30, training model saved.
2026-08-06_17-00-03 Episode 648: New best reward 12.90, training model saved.
2026-08-06_17-01-00 Episode 749: New best reward 15.70, training model saved.
2026-08-06_17-01-48 Episode 825: New best reward 17.90, training model saved.
2026-08-06_17-03-29 Episode 1000: New best greedy reward 12.90, model saved.
2026-08-06_17-05-28 Episode 1184: New best reward 18.00, training model saved.
2026-08-06_17-06-46 Episode 1301: New best reward 28.00, training model saved.
2026-08-06_17-09-46 Episode 1566: New best reward 48.40, training model saved.
2026-08-06_17-13-36 Episode 1800: New best reward 57.70, training model saved.
2026-08-06_17-23-29 Episode 2419: New best reward 118.60, training model saved.
2026-08-06_17-37-27: Training starting...
Device: cuda
2026-08-06_17-37-28 Episode 0: New best reward -8.10, training model saved.
2026-08-06_17-37-28 Episode 0: New best greedy reward 2.00, model saved.
2026-08-06_17-37-28 Episode 1: New best reward -5.70, training model saved.
2026-08-06_17-37-50 Episode 54: New best reward -5.10, training model saved.
2026-08-06_17-37-54 Episode 63: New best reward -1.50, training model saved.
2026-08-06_17-37-58 Episode 73: New best reward 1.50, training model saved.
2026-08-06_17-38-04 Episode 85: New best reward 3.90, training model saved.
2026-08-06_17-38-13 Episode 108: New best reward 4.40, training model saved.
2026-08-06_17-38-14 Episode 110: New best reward 6.00, training model saved.
2026-08-06_17-38-43 Episode 179: New best reward 6.70, training model saved.
2026-08-06_17-38-44 Episode 181: New best reward 9.10, training model saved.
2026-08-06_17-39-51 Episode 328: New best reward 12.90, training model saved.
2026-08-06_17-40-22 Episode 388: New best reward 20.80, training model saved.
2026-08-06_17-40-29 Episode 401: New best reward 22.40, training model saved.
2026-08-06_17-43-16 Episode 703: New best reward 37.40, training model saved.
2026-08-06_17-44-16 Episode 780: New best reward 39.30, training model saved.
2026-08-06_17-45-17 Episode 857: New best reward 43.80, training model saved.
2026-08-06_17-47-07 Episode 990: New best reward 57.60, training model saved.
2026-08-06_17-47-19 Episode 1000: New best greedy reward 32.90, model saved.
2026-08-06_17-51-56: Training starting...
Device: cuda
2026-08-06_17-51-56 Episode 0: New best reward -8.10, training model saved.
2026-08-06_17-51-56 Episode 0: New best greedy reward 2.00, model saved.
2026-08-06_17-51-57 Episode 1: New best reward -5.70, training model saved.
2026-08-06_17-52-31 Episode 81: New best reward -2.10, training model saved.
2026-08-06_17-54-02 Episode 299: New best reward 0.30, training model saved.
2026-08-06_17-54-28 Episode 358: New best reward 1.50, training model saved.
2026-08-06_17-54-29 Episode 360: New best reward 3.90, training model saved.
2026-08-06_17-54-38 Episode 382: New best reward 5.00, training model saved.
2026-08-06_17-56-56 Episode 703: New best reward 6.00, training model saved.
2026-08-06_17-57-06 Episode 726: New best reward 6.20, training model saved.
2026-08-06_17-57-31 Episode 781: New best reward 10.50, training model saved.
2026-08-06_17-57-48: Training starting...
Device: cuda
2026-08-06_17-57-49 Episode 0: New best reward -8.10, training model saved.
2026-08-06_17-57-49 Episode 0: New best greedy reward 2.00, model saved.
2026-08-06_17-57-49 Episode 1: New best reward -5.70, training model saved.
2026-08-06_17-58-22 Episode 81: New best reward -2.10, training model saved.
2026-08-06_17-58-24 Episode 85: New best reward 0.30, training model saved.
2026-08-06_17-58-25 Episode 89: New best reward 2.70, training model saved.
2026-08-06_17-58-28 Episode 96: New best reward 3.90, training model saved.
2026-08-06_17-58-54 Episode 162: New best reward 4.30, training model saved.
2026-08-06_17-59-16 Episode 213: New best reward 4.90, training model saved.
2026-08-06_17-59-32 Episode 253: New best reward 6.80, training model saved.
2026-08-06_17-59-37 Episode 265: New best reward 8.40, training model saved.
2026-08-06_17-59-55 Episode 307: New best reward 9.30, training model saved.
2026-08-06_18-02-18 Episode 632: New best reward 10.70, training model saved.
2026-08-06_18-02-49: Training starting...
Device: cuda
2026-08-06_18-02-50 Episode 0: New best reward -8.10, training model saved.
2026-08-06_18-02-50 Episode 0: New best greedy reward 2.00, model saved.
2026-08-06_18-02-50 Episode 1: New best reward -5.70, training model saved.
2026-08-06_18-03-19 Episode 73: New best reward -3.90, training model saved.
2026-08-06_18-03-23 Episode 81: New best reward -0.30, training model saved.
2026-08-06_18-03-25 Episode 85: New best reward 0.30, training model saved.
2026-08-06_18-03-26 Episode 89: New best reward 2.10, training model saved.
2026-08-06_18-03-29 Episode 96: New best reward 3.90, training model saved.
2026-08-06_18-04-01 Episode 173: New best reward 4.20, training model saved.
2026-08-06_18-04-06 Episode 185: New best reward 8.40, training model saved.
2026-08-06_18-08-03 Episode 668: New best reward 12.90, training model saved.
2026-08-06_18-09-36 Episode 822: New best reward 17.90, training model saved.
2026-08-06_18-10-11 Episode 875: New best reward 18.40, training model saved.
2026-08-06_18-10-17 Episode 880: New best reward 41.30, training model saved.
2026-08-06_18-11-19 Episode 948: New best reward 41.80, training model saved.
2026-08-06_18-11-50 Episode 976: New best reward 43.10, training model saved.
2026-08-06_18-12-11 Episode 1000: New best greedy reward 6.40, model saved.
2026-08-06_18-12-55 Episode 1036: New best reward 43.40, training model saved.
2026-08-06_18-13-21 Episode 1052: New best reward 82.90, training model saved.
2026-08-06_18-14-09 Episode 1073: New best reward 121.40, training model saved.
2026-08-06_18-15-00 Episode 1092: New best reward 181.40, training model saved.
2026-08-06_18-17-05 Episode 1134: New best reward 225.70, training model saved.
2026-08-06_18-17-24 Episode 1135: New best reward 281.80, training model saved.
2026-08-06_18-18-46 Episode 1153: New best reward 346.70, training model saved.
2026-08-06_18-26-18 Episode 1278: New best reward 396.80, training model saved.
2026-08-06_18-40-07 Episode 1553: New best reward 418.90, training model saved.
2026-08-06_18-44-38: Training starting...
Device: cuda
2026-08-06_18-44-39 Episode 0: New best reward -8.10, training model saved.
2026-08-06_18-44-39 Episode 0: New best greedy reward 2.00, model saved.
2026-08-06_18-44-40 Episode 1: New best reward -5.70, training model saved.
2026-08-06_18-45-12 Episode 81: New best reward -2.10, training model saved.
2026-08-06_18-45-44 Episode 162: New best reward -0.30, training model saved.
2026-08-06_18-45-54 Episode 187: New best reward 0.30, training model saved.
2026-08-06_18-46-04 Episode 211: New best reward 2.70, training model saved.
2026-08-06_18-46-13 Episode 235: New best reward 3.90, training model saved.
2026-08-06_18-46-34 Episode 287: New best reward 4.10, training model saved.
2026-08-06_18-46-59 Episode 348: New best reward 4.80, training model saved.
2026-08-06_18-47-31 Episode 426: New best reward 8.40, training model saved.
2026-08-06_18-48-13 Episode 523: New best reward 8.70, training model saved.
2026-08-06_18-48-21 Episode 542: New best reward 8.90, training model saved.
2026-08-06_18-48-33 Episode 569: New best reward 9.30, training model saved.
2026-08-06_18-50-10: Training starting...
Device: cuda
2026-08-06_18-50-10 Episode 0: New best reward -8.10, training model saved.
2026-08-06_18-50-10 Episode 0: New best greedy reward 2.00, model saved.
2026-08-06_18-50-11 Episode 1: New best reward -5.70, training model saved.
2026-08-06_18-50-29 Episode 46: New best reward -3.90, training model saved.
2026-08-06_18-50-33 Episode 56: New best reward -3.30, training model saved.
2026-08-06_18-50-36 Episode 63: New best reward -2.10, training model saved.
2026-08-06_18-50-40 Episode 73: New best reward -0.30, training model saved.
2026-08-06_18-50-45 Episode 85: New best reward 0.30, training model saved.
2026-08-06_18-50-47 Episode 89: New best reward 3.30, training model saved.
2026-08-06_18-50-50 Episode 96: New best reward 3.90, training model saved.
2026-08-06_18-51-01 Episode 123: New best reward 4.10, training model saved.
2026-08-06_18-51-16 Episode 162: New best reward 4.20, training model saved.
2026-08-06_18-51-18 Episode 164: New best reward 8.40, training model saved.
2026-08-06_18-54-09 Episode 552: New best reward 8.60, training model saved.
2026-08-06_18-54-15 Episode 564: New best reward 10.90, training model saved.
2026-08-06_18-54-34 Episode 599: New best reward 11.20, training model saved.
2026-08-06_18-57-16 Episode 925: New best reward 15.80, training model saved.
2026-08-06_18-58-05 Episode 1000: New best greedy reward 15.10, model saved.
2026-08-06_18-58-19 Episode 1026: New best reward 17.90, training model saved.
2026-08-06_18-58-41 Episode 1056: New best reward 26.90, training model saved.
2026-08-06_19-00-07 Episode 1169: New best reward 31.90, training model saved.
2026-08-06_19-00-51 Episode 1217: New best reward 41.40, training model saved.
2026-08-06_19-01-34 Episode 1255: New best reward 67.00, training model saved.
2026-08-06_19-02-06 Episode 1282: New best reward 69.20, training model saved.
2026-08-06_19-11-04 Episode 1813: New best reward 106.40, training model saved.
2026-08-06_19-16-19 Episode 2078: New best reward 120.40, training model saved.
2026-08-06_19-17-08 Episode 2099: New best reward 144.40, training model saved.
2026-08-06_19-17-28 Episode 2103: New best reward 144.90, training model saved.
2026-08-06_19-18-19 Episode 2118: New best reward 167.00, training model saved.
2026-08-06_19-19-06 Episode 2127: New best reward 274.40, training model saved.
2026-08-06_19-22-17 Episode 2177: New best reward 411.10, training model saved.
2026-08-06_19-29-44 Episode 2275: New best reward 796.90, training model saved.
2026-08-06_19-31-52: Training starting...
Device: cuda
2026-08-06_19-31-53 Episode 0: New best reward -8.10, training model saved.
2026-08-06_19-31-53 Episode 0: New best greedy reward 2.00, model saved.
2026-08-06_19-31-53 Episode 1: New best reward -5.70, training model saved.
2026-08-06_19-32-24 Episode 73: New best reward -4.50, training model saved.
2026-08-06_19-32-28 Episode 81: New best reward -1.50, training model saved.
2026-08-06_19-32-29 Episode 85: New best reward 0.30, training model saved.
2026-08-06_19-32-45 Episode 123: New best reward 3.90, training model saved.
2026-08-06_19-33-01 Episode 162: New best reward 4.00, training model saved.
2026-08-06_19-33-16 Episode 199: New best reward 8.40, training model saved.
2026-08-06_19-35-59 Episode 542: New best reward 8.50, training model saved.
2026-08-06_19-39-24 Episode 871: New best reward 9.20, training model saved.
2026-08-06_19-40-33 Episode 978: New best reward 12.90, training model saved.
2026-08-06_19-40-49 Episode 1000: New best greedy reward 13.70, model saved.
2026-08-06_19-41-40 Episode 1074: New best reward 18.80, training model saved.
2026-08-06_19-43-14 Episode 1210: New best reward 23.30, training model saved.
2026-08-06_19-43-26 Episode 1223: New best reward 36.70, training model saved.
2026-08-06_19-43-33 Episode 1228: New best reward 45.90, training model saved.
2026-08-06_19-46-03: Training starting...
Device: cuda
2026-08-06_19-46-04 Episode 0: New best reward -8.10, training model saved.
2026-08-06_19-46-04 Episode 0: New best greedy reward 2.00, model saved.
2026-08-06_19-46-04 Episode 1: New best reward -5.70, training model saved.
2026-08-06_19-46-36 Episode 81: New best reward -2.10, training model saved.
2026-08-06_19-46-38 Episode 85: New best reward 0.30, training model saved.
2026-08-06_19-47-22 Episode 195: New best reward 2.10, training model saved.
2026-08-06_19-47-24 Episode 200: New best reward 3.90, training model saved.
2026-08-06_19-47-51 Episode 266: New best reward 4.20, training model saved.
2026-08-06_19-48-00 Episode 287: New best reward 4.80, training model saved.
2026-08-06_19-48-50 Episode 409: New best reward 8.40, training model saved.
2026-08-06_19-49-08 Episode 452: New best reward 8.50, training model saved.
2026-08-06_19-52-42 Episode 940: New best reward 10.90, training model saved.
2026-08-06_19-53-12 Episode 1000: New best greedy reward 3.90, model saved.
2026-08-06_19-53-16 Episode 1006: New best reward 12.90, training model saved.
2026-08-06_19-54-12 Episode 1102: New best reward 16.70, training model saved.
2026-08-06_19-54-49 Episode 1159: New best reward 25.20, training model saved.
2026-08-06_19-55-31 Episode 1216: New best reward 32.30, training model saved.
2026-08-06_19-56-57 Episode 1325: New best reward 39.20, training model saved.
2026-08-06_19-57-16 Episode 1337: New best reward 41.70, training model saved.
2026-08-06_19-57-50 Episode 1368: New best reward 50.50, training model saved.
2026-08-06_19-58-40 Episode 1405: New best reward 55.60, training model saved.
2026-08-06_19-59-15 Episode 1426: New best reward 78.50, training model saved.
2026-08-06_20-00-08 Episode 1455: New best reward 107.10, training model saved.
2026-08-06_20-01-24 Episode 1490: New best reward 152.90, training model saved.
2026-08-06_20-06-13 Episode 1598: New best reward 272.80, training model saved.
2026-08-06_20-13-09 Episode 1770: New best reward 356.70, training model saved.
2026-08-06_20-26-24 Episode 1924: New best reward 722.80, training model saved.
[worker] done. total trials in study: 400
2026-08-06_06-46-24: Training starting...
Device: cuda
2026-08-06_06-46-32 Episode 0: New best reward -8.10, training model saved.
2026-08-06_06-46-32 Episode 0: New best greedy reward 2.00, model saved.
2026-08-06_06-46-32 Episode 1: New best reward -5.70, training model saved.
2026-08-06_06-47-10 Episode 81: New best reward -2.10, training model saved.
2026-08-06_06-48-45 Episode 299: New best reward 0.90, training model saved.
2026-08-06_06-49-13 Episode 358: New best reward 1.50, training model saved.
2026-08-06_06-49-14 Episode 360: New best reward 3.90, training model saved.
2026-08-06_06-49-22 Episode 382: New best reward 4.50, training model saved.
2026-08-06_06-50-16 Episode 494: New best reward 4.60, training model saved.
2026-08-06_06-51-09 Episode 617: New best reward 6.30, training model saved.
2026-08-06_06-51-16 Episode 634: New best reward 6.40, training model saved.
2026-08-06_06-51-47 Episode 701: New best reward 6.60, training model saved.
2026-08-06_06-52-10 Episode 746: New best reward 7.20, training model saved.
2026-08-06_06-52-43: Training starting...
Device: cuda
2026-08-06_06-52-43 Episode 0: New best reward -8.10, training model saved.
2026-08-06_06-52-43 Episode 0: New best greedy reward 2.00, model saved.
2026-08-06_06-52-44 Episode 1: New best reward -5.70, training model saved.
2026-08-06_06-53-17 Episode 81: New best reward -2.10, training model saved.
2026-08-06_06-54-10 Episode 211: New best reward 2.70, training model saved.
2026-08-06_06-54-27 Episode 250: New best reward 3.90, training model saved.
2026-08-06_06-55-20 Episode 382: New best reward 4.40, training model saved.
2026-08-06_06-55-37 Episode 420: New best reward 6.40, training model saved.
2026-08-06_06-56-08 Episode 494: New best reward 7.80, training model saved.
2026-08-06_06-56-47 Episode 584: New best reward 8.40, training model saved.
2026-08-06_06-57-18 Episode 654: New best reward 8.90, training model saved.
2026-08-06_06-58-24: Training starting...
Device: cuda
2026-08-06_06-58-24 Episode 0: New best reward -8.10, training model saved.
2026-08-06_06-58-24 Episode 0: New best greedy reward 2.00, model saved.
2026-08-06_06-58-25 Episode 1: New best reward -5.70, training model saved.
2026-08-06_06-58-52 Episode 63: New best reward -3.90, training model saved.
2026-08-06_06-58-56 Episode 73: New best reward -0.90, training model saved.
2026-08-06_06-59-00 Episode 81: New best reward -0.30, training model saved.
2026-08-06_06-59-02 Episode 85: New best reward 0.30, training model saved.
2026-08-06_06-59-03 Episode 89: New best reward 2.10, training model saved.
2026-08-06_06-59-06 Episode 96: New best reward 3.90, training model saved.
2026-08-06_06-59-35 Episode 162: New best reward 4.10, training model saved.
2026-08-06_06-59-38 Episode 167: New best reward 4.50, training model saved.
2026-08-06_06-59-40 Episode 173: New best reward 8.40, training model saved.
2026-08-06_06-59-59 Episode 215: New best reward 8.70, training model saved.
2026-08-06_07-03-43 Episode 629: New best reward 9.00, training model saved.
2026-08-06_07-04-56 Episode 747: New best reward 9.10, training model saved.
2026-08-06_07-05-03 Episode 757: New best reward 9.30, training model saved.
2026-08-06_07-05-23 Episode 787: New best reward 15.00, training model saved.
2026-08-06_07-07-32 Episode 1000: New best greedy reward 9.30, model saved.
2026-08-06_07-11-49 Episode 1400: New best reward 17.90, training model saved.
2026-08-06_07-12-03 Episode 1417: New best reward 22.40, training model saved.
2026-08-06_07-12-58 Episode 1487: New best reward 23.20, training model saved.
2026-08-06_07-13-07 Episode 1495: New best reward 23.50, training model saved.
2026-08-06_07-13-14 Episode 1503: New best reward 29.70, training model saved.
2026-08-06_07-13-23: Training starting...
Device: cuda
2026-08-06_07-13-24 Episode 0: New best reward -8.10, training model saved.
2026-08-06_07-13-24 Episode 0: New best greedy reward 2.00, model saved.
2026-08-06_07-13-24 Episode 1: New best reward -5.70, training model saved.
2026-08-06_07-13-57 Episode 81: New best reward -2.10, training model saved.
2026-08-06_07-14-41 Episode 187: New best reward 0.30, training model saved.
2026-08-06_07-14-44 Episode 195: New best reward 2.10, training model saved.
2026-08-06_07-14-50 Episode 211: New best reward 3.30, training model saved.
2026-08-06_07-15-00 Episode 235: New best reward 3.90, training model saved.
2026-08-06_07-15-09 Episode 254: New best reward 4.20, training model saved.
2026-08-06_07-15-22 Episode 287: New best reward 4.70, training model saved.
2026-08-06_07-15-40 Episode 329: New best reward 4.80, training model saved.
2026-08-06_07-15-48 Episode 348: New best reward 6.70, training model saved.
2026-08-06_07-16-06 Episode 392: New best reward 8.40, training model saved.
2026-08-06_07-18-43 Episode 759: New best reward 8.50, training model saved.
2026-08-06_07-19-35 Episode 887: New best reward 9.20, training model saved.
2026-08-06_07-19-48 Episode 915: New best reward 9.50, training model saved.
2026-08-06_07-22-29 Episode 1271: New best reward 10.90, training model saved.
2026-08-06_07-22-45 Episode 1304: New best reward 13.00, training model saved.
2026-08-06_07-23-36 Episode 1404: New best reward 15.30, training model saved.
2026-08-06_07-25-10 Episode 1589: New best reward 15.80, training model saved.
2026-08-06_07-28-07: Training starting...
Device: cuda
2026-08-06_07-28-07 Episode 0: New best reward -8.10, training model saved.
2026-08-06_07-28-07 Episode 0: New best greedy reward 2.00, model saved.
2026-08-06_07-28-08 Episode 1: New best reward -5.70, training model saved.
2026-08-06_07-28-41 Episode 81: New best reward -2.70, training model saved.
2026-08-06_07-28-42 Episode 85: New best reward 0.30, training model saved.
2026-08-06_07-28-44 Episode 89: New best reward 2.10, training model saved.
2026-08-06_07-28-58 Episode 123: New best reward 6.10, training model saved.
2026-08-06_07-29-23 Episode 185: New best reward 6.30, training model saved.
2026-08-06_07-29-29 Episode 199: New best reward 6.80, training model saved.
2026-08-06_07-29-43 Episode 231: New best reward 8.40, training model saved.
2026-08-06_07-31-41 Episode 499: New best reward 10.90, training model saved.
2026-08-06_07-32-15 Episode 569: New best reward 11.20, training model saved.
2026-08-06_07-32-26 Episode 589: New best reward 13.90, training model saved.
2026-08-06_07-34-30 Episode 807: New best reward 18.50, training model saved.
2026-08-06_07-34-40 Episode 819: New best reward 27.90, training model saved.
2026-08-06_07-35-17 Episode 865: New best reward 43.50, training model saved.
2026-08-06_07-36-27 Episode 939: New best reward 50.60, training model saved.
2026-08-06_07-37-33 Episode 1000: New best greedy reward 13.70, model saved.
2026-08-06_07-38-07 Episode 1024: New best reward 62.80, training model saved.
2026-08-06_07-40-47 Episode 1142: New best reward 69.00, training model saved.
2026-08-06_07-41-56 Episode 1180: New best reward 109.10, training model saved.
2026-08-06_07-46-55 Episode 1350: New best reward 129.90, training model saved.
2026-08-06_07-48-59 Episode 1397: New best reward 152.90, training model saved.
2026-08-06_07-49-54 Episode 1413: New best reward 246.40, training model saved.
2026-08-06_07-56-06 Episode 1535: New best reward 558.90, training model saved.
2026-08-06_08-10-19: Training starting...
Device: cuda
2026-08-06_08-10-20 Episode 0: New best reward -8.10, training model saved.
2026-08-06_08-10-20 Episode 0: New best greedy reward 2.00, model saved.
2026-08-06_08-10-20 Episode 1: New best reward -5.70, training model saved.
2026-08-06_08-10-53 Episode 81: New best reward -2.70, training model saved.
2026-08-06_08-10-55 Episode 85: New best reward 0.30, training model saved.
2026-08-06_08-11-11 Episode 123: New best reward 4.50, training model saved.
2026-08-06_08-11-13 Episode 129: New best reward 6.50, training model saved.
2026-08-06_08-11-52 Episode 222: New best reward 8.40, training model saved.
2026-08-06_08-12-47 Episode 353: New best reward 8.90, training model saved.
2026-08-06_08-14-26 Episode 582: New best reward 11.00, training model saved.
2026-08-06_08-17-07 Episode 913: New best reward 11.30, training model saved.
2026-08-06_08-17-52 Episode 1000: New best greedy reward 3.20, model saved.
2026-08-06_08-18-15 Episode 1041: New best reward 12.90, training model saved.
2026-08-06_08-19-21 Episode 1157: New best reward 17.90, training model saved.
2026-08-06_08-22-22 Episode 1463: New best reward 18.70, training model saved.
2026-08-06_08-22-38 Episode 1487: New best reward 20.60, training model saved.
2026-08-06_08-23-26 Episode 1560: New best reward 20.70, training model saved.
2026-08-06_08-23-40 Episode 1579: New best reward 22.90, training model saved.
2026-08-06_08-24-30 Episode 1657: New best reward 23.20, training model saved.
2026-08-06_08-25-10 Episode 1712: New best reward 27.80, training model saved.
2026-08-06_08-25-56 Episode 1774: New best reward 27.90, training model saved.
2026-08-06_08-26-11 Episode 1792: New best reward 32.70, training model saved.
2026-08-06_08-27-10 Episode 1865: New best reward 40.90, training model saved.
2026-08-06_08-27-23 Episode 1878: New best reward 41.30, training model saved.
2026-08-06_08-27-55 Episode 1907: New best reward 42.10, training model saved.
2026-08-06_08-28-10 Episode 1917: New best reward 60.90, training model saved.
2026-08-06_08-29-23 Episode 1982: New best reward 67.10, training model saved.
2026-08-06_08-29-42 Episode 2000: New best greedy reward 15.70, model saved.
2026-08-06_08-33-02 Episode 2147: New best reward 69.90, training model saved.
2026-08-06_08-33-24 Episode 2155: New best reward 140.00, training model saved.
2026-08-06_08-37-26 Episode 2275: New best reward 149.00, training model saved.
2026-08-06_08-41-56 Episode 2388: New best reward 183.60, training model saved.
2026-08-06_08-44-09 Episode 2428: New best reward 216.80, training model saved.
2026-08-06_08-52-11: Training starting...
Device: cuda
2026-08-06_08-52-11 Episode 0: New best reward -8.10, training model saved.
2026-08-06_08-52-11 Episode 0: New best greedy reward 2.00, model saved.
2026-08-06_08-52-12 Episode 1: New best reward -5.70, training model saved.
2026-08-06_08-52-39 Episode 66: New best reward -5.10, training model saved.
2026-08-06_08-52-41 Episode 73: New best reward -4.50, training model saved.
2026-08-06_08-52-45 Episode 81: New best reward -1.50, training model saved.
2026-08-06_08-52-47 Episode 85: New best reward -0.90, training model saved.
2026-08-06_08-52-48 Episode 89: New best reward 0.90, training model saved.
2026-08-06_08-52-55 Episode 106: New best reward 1.50, training model saved.
2026-08-06_08-52-57 Episode 110: New best reward 3.90, training model saved.
2026-08-06_08-53-16 Episode 156: New best reward 4.10, training model saved.
2026-08-06_08-53-21 Episode 166: New best reward 4.40, training model saved.
2026-08-06_08-53-24 Episode 173: New best reward 6.50, training model saved.
2026-08-06_08-53-48 Episode 230: New best reward 7.80, training model saved.
2026-08-06_08-53-49 Episode 232: New best reward 8.40, training model saved.
2026-08-06_08-56-16 Episode 516: New best reward 10.80, training model saved.
2026-08-06_08-56-20 Episode 524: New best reward 11.10, training model saved.
2026-08-06_08-56-54 Episode 581: New best reward 12.90, training model saved.
2026-08-06_08-57-25 Episode 629: New best reward 22.40, training model saved.
2026-08-06_08-58-06 Episode 683: New best reward 27.80, training model saved.
2026-08-06_09-01-23 Episode 1000: New best greedy reward 6.70, model saved.
2026-08-06_09-01-47 Episode 1024: New best reward 42.00, training model saved.
2026-08-06_09-02-26 Episode 1061: New best reward 43.80, training model saved.
2026-08-06_09-04-47 Episode 1195: New best reward 55.70, training model saved.
2026-08-06_09-08-46 Episode 1431: New best reward 85.60, training model saved.
2026-08-06_09-09-41 Episode 1463: New best reward 110.90, training model saved.
2026-08-06_09-19-09 Episode 1863: New best reward 118.70, training model saved.
2026-08-06_09-22-09 Episode 2000: New best greedy reward 9.00, model saved.
2026-08-06_09-26-01 Episode 2106: New best reward 297.90, training model saved.
2026-08-06_09-34-23: Training starting...
Device: cuda
2026-08-06_09-34-23 Episode 0: New best reward -8.10, training model saved.
2026-08-06_09-34-23 Episode 0: New best greedy reward 2.00, model saved.
2026-08-06_09-34-24 Episode 1: New best reward -5.70, training model saved.
2026-08-06_09-34-43 Episode 46: New best reward -3.90, training model saved.
2026-08-06_09-34-51 Episode 63: New best reward -0.90, training model saved.
2026-08-06_09-34-51 Episode 64: New best reward 0.30, training model saved.
2026-08-06_09-34-55 Episode 73: New best reward 1.50, training model saved.
2026-08-06_09-35-01 Episode 84: New best reward 2.70, training model saved.
2026-08-06_09-35-01 Episode 85: New best reward 3.90, training model saved.
2026-08-06_09-35-13 Episode 113: New best reward 4.50, training model saved.
2026-08-06_09-35-14 Episode 116: New best reward 6.00, training model saved.
2026-08-06_09-35-22 Episode 131: New best reward 8.40, training model saved.
2026-08-06_09-36-07 Episode 225: New best reward 8.70, training model saved.
2026-08-06_09-37-13 Episode 363: New best reward 8.80, training model saved.
2026-08-06_09-37-35 Episode 408: New best reward 10.70, training model saved.
2026-08-06_09-38-34 Episode 518: New best reward 10.80, training model saved.
2026-08-06_09-40-02 Episode 674: New best reward 11.00, training model saved.
2026-08-06_09-40-10 Episode 688: New best reward 11.20, training model saved.
2026-08-06_09-40-25 Episode 709: New best reward 12.90, training model saved.
2026-08-06_09-40-47 Episode 745: New best reward 13.40, training model saved.
2026-08-06_09-42-44 Episode 942: New best reward 15.60, training model saved.
2026-08-06_09-43-26 Episode 1000: New best greedy reward 13.40, model saved.
2026-08-06_09-43-37 Episode 1012: New best reward 18.50, training model saved.
2026-08-06_09-44-08 Episode 1052: New best reward 23.10, training model saved.
2026-08-06_09-44-11 Episode 1054: New best reward 23.20, training model saved.
2026-08-06_09-44-23 Episode 1069: New best reward 27.80, training model saved.
2026-08-06_09-44-38 Episode 1089: New best reward 32.40, training model saved.
2026-08-06_09-46-07 Episode 1196: New best reward 34.80, training model saved.
2026-08-06_09-47-25 Episode 1282: New best reward 41.70, training model saved.
2026-08-06_09-47-37 Episode 1290: New best reward 51.60, training model saved.
2026-08-06_09-47-48 Episode 1295: New best reward 69.80, training model saved.
2026-08-06_09-49-44: Training starting...
Device: cuda
2026-08-06_09-49-44 Episode 0: New best reward -8.10, training model saved.
2026-08-06_09-49-44 Episode 0: New best greedy reward 2.00, model saved.
2026-08-06_09-49-45 Episode 1: New best reward -5.70, training model saved.
2026-08-06_09-50-18 Episode 81: New best reward -2.10, training model saved.
2026-08-06_09-50-19 Episode 85: New best reward 0.30, training model saved.
2026-08-06_09-51-02 Episode 187: New best reward 0.90, training model saved.
2026-08-06_09-51-11 Episode 211: New best reward 3.30, training model saved.
2026-08-06_09-51-20 Episode 235: New best reward 3.90, training model saved.
2026-08-06_09-51-43 Episode 287: New best reward 4.20, training model saved.
2026-08-06_09-52-38 Episode 421: New best reward 6.20, training model saved.
2026-08-06_09-52-46 Episode 440: New best reward 8.40, training model saved.
2026-08-06_09-53-01 Episode 476: New best reward 8.90, training model saved.
2026-08-06_09-54-01 Episode 619: New best reward 9.00, training model saved.
2026-08-06_09-54-05 Episode 628: New best reward 10.80, training model saved.
2026-08-06_09-55-22: Training starting...
Device: cuda
2026-08-06_09-55-22 Episode 0: New best reward -8.10, training model saved.
2026-08-06_09-55-23 Episode 0: New best greedy reward 2.00, model saved.
2026-08-06_09-55-23 Episode 1: New best reward -5.70, training model saved.
2026-08-06_09-55-49 Episode 63: New best reward -3.90, training model saved.
2026-08-06_09-55-53 Episode 73: New best reward -0.30, training model saved.
2026-08-06_09-55-59 Episode 85: New best reward 0.30, training model saved.
2026-08-06_09-56-00 Episode 89: New best reward 2.10, training model saved.
2026-08-06_09-56-03 Episode 96: New best reward 3.90, training model saved.
2026-08-06_09-56-46 Episode 197: New best reward 8.40, training model saved.
2026-08-06_09-59-16 Episode 514: New best reward 9.00, training model saved.
2026-08-06_09-59-49 Episode 572: New best reward 11.30, training model saved.
2026-08-06_09-59-57 Episode 586: New best reward 13.10, training model saved.
2026-08-06_10-00-41 Episode 649: New best reward 13.50, training model saved.
2026-08-06_10-02-34 Episode 818: New best reward 22.40, training model saved.
2026-08-06_10-04-34 Episode 1000: New best greedy reward 4.60, model saved.
2026-08-06_10-05-18 Episode 1065: New best reward 23.40, training model saved.
2026-08-06_10-05-57 Episode 1109: New best reward 37.50, training model saved.
2026-08-06_10-10-02: Training starting...
Device: cuda
2026-08-06_10-10-03 Episode 0: New best reward -8.10, training model saved.
2026-08-06_10-10-03 Episode 0: New best greedy reward 2.00, model saved.
2026-08-06_10-10-03 Episode 1: New best reward -5.70, training model saved.
2026-08-06_10-10-37 Episode 81: New best reward -2.10, training model saved.
2026-08-06_10-12-07 Episode 299: New best reward -0.30, training model saved.
2026-08-06_10-12-32 Episode 358: New best reward 1.50, training model saved.
2026-08-06_10-12-33 Episode 360: New best reward 3.90, training model saved.
2026-08-06_10-13-58 Episode 569: New best reward 4.10, training model saved.
2026-08-06_10-14-15 Episode 605: New best reward 4.80, training model saved.
2026-08-06_10-14-19 Episode 617: New best reward 6.40, training model saved.
2026-08-06_10-15-39 Episode 809: New best reward 6.60, training model saved.
2026-08-06_10-15-58 Episode 850: New best reward 6.80, training model saved.
2026-08-06_10-16-04 Episode 866: New best reward 8.40, training model saved.
2026-08-06_10-17-02 Episode 1000: New best greedy reward 3.90, model saved.
2026-08-06_10-18-06 Episode 1143: New best reward 8.70, training model saved.
2026-08-06_10-19-31 Episode 1315: New best reward 12.90, training model saved.
2026-08-06_10-23-15 Episode 1719: New best reward 15.60, training model saved.
2026-08-06_10-23-33 Episode 1747: New best reward 25.30, training model saved.
2026-08-06_10-24-48 Episode 1860: New best reward 31.90, training model saved.
2026-08-06_10-24-56: Training starting...
Device: cuda
2026-08-06_10-24-57 Episode 0: New best reward -8.10, training model saved.
2026-08-06_10-24-57 Episode 0: New best greedy reward 2.00, model saved.
2026-08-06_10-24-57 Episode 1: New best reward -5.70, training model saved.
2026-08-06_10-25-30 Episode 81: New best reward -2.10, training model saved.
2026-08-06_10-26-23 Episode 211: New best reward 2.70, training model saved.
2026-08-06_10-27-12 Episode 329: New best reward 3.90, training model saved.
2026-08-06_10-27-33 Episode 382: New best reward 4.20, training model saved.
2026-08-06_10-27-43 Episode 406: New best reward 4.30, training model saved.
2026-08-06_10-27-50 Episode 420: New best reward 6.40, training model saved.
2026-08-06_10-30-34: Training starting...
Device: cuda
2026-08-06_10-30-35 Episode 0: New best reward -8.10, training model saved.
2026-08-06_10-30-35 Episode 0: New best greedy reward 2.00, model saved.
2026-08-06_10-30-35 Episode 1: New best reward -5.70, training model saved.
2026-08-06_10-31-08 Episode 81: New best reward -2.10, training model saved.
2026-08-06_10-31-42 Episode 164: New best reward -1.50, training model saved.
2026-08-06_10-31-51 Episode 187: New best reward 0.30, training model saved.
2026-08-06_10-31-54 Episode 195: New best reward 2.10, training model saved.
2026-08-06_10-31-56 Episode 200: New best reward 3.90, training model saved.
2026-08-06_10-32-18 Episode 254: New best reward 4.10, training model saved.
2026-08-06_10-32-33 Episode 290: New best reward 4.40, training model saved.
2026-08-06_10-32-50 Episode 330: New best reward 6.10, training model saved.
2026-08-06_10-33-01 Episode 358: New best reward 6.80, training model saved.
2026-08-06_10-33-04 Episode 364: New best reward 8.40, training model saved.
2026-08-06_10-33-52 Episode 482: New best reward 9.20, training model saved.
2026-08-06_10-36-09: Training starting...
Device: cuda
2026-08-06_10-36-09 Episode 0: New best reward -8.10, training model saved.
2026-08-06_10-36-09 Episode 0: New best greedy reward 2.00, model saved.
2026-08-06_10-36-10 Episode 1: New best reward -5.70, training model saved.
2026-08-06_10-36-44 Episode 81: New best reward -2.70, training model saved.
2026-08-06_10-36-45 Episode 85: New best reward 0.30, training model saved.
2026-08-06_10-37-17 Episode 162: New best reward 0.90, training model saved.
2026-08-06_10-37-31 Episode 195: New best reward 1.50, training model saved.
2026-08-06_10-37-33 Episode 200: New best reward 3.90, training model saved.
2026-08-06_10-37-48 Episode 235: New best reward 4.70, training model saved.
2026-08-06_10-38-11 Episode 287: New best reward 6.60, training model saved.
2026-08-06_10-38-20 Episode 309: New best reward 6.70, training model saved.
2026-08-06_10-38-48 Episode 375: New best reward 8.40, training model saved.
2026-08-06_10-43-04 Episode 917: New best reward 11.30, training model saved.
2026-08-06_10-43-52 Episode 1000: New best greedy reward 6.20, model saved.
2026-08-06_10-44-11 Episode 1034: New best reward 12.90, training model saved.
2026-08-06_10-45-34 Episode 1172: New best reward 13.80, training model saved.
2026-08-06_10-45-59 Episode 1209: New best reward 23.30, training model saved.
2026-08-06_10-46-32 Episode 1262: New best reward 36.40, training model saved.
2026-08-06_10-50-24: Training starting...
Device: cuda
2026-08-06_10-50-24 Episode 0: New best reward -8.10, training model saved.
2026-08-06_10-50-24 Episode 0: New best greedy reward 2.00, model saved.
2026-08-06_10-50-25 Episode 1: New best reward -5.70, training model saved.
2026-08-06_10-50-54 Episode 73: New best reward -5.10, training model saved.
2026-08-06_10-50-58 Episode 81: New best reward -1.50, training model saved.
2026-08-06_10-50-59 Episode 85: New best reward 0.30, training model saved.
2026-08-06_10-51-45 Episode 195: New best reward 1.50, training model saved.
2026-08-06_10-51-51 Episode 211: New best reward 2.70, training model saved.
2026-08-06_10-52-05 Episode 243: New best reward 3.90, training model saved.
2026-08-06_10-52-08 Episode 250: New best reward 4.00, training model saved.
2026-08-06_10-52-24 Episode 287: New best reward 8.40, training model saved.
2026-08-06_10-58-23 Episode 1000: New best greedy reward 6.50, model saved.
2026-08-06_10-59-34 Episode 1123: New best reward 8.50, training model saved.
2026-08-06_11-01-26 Episode 1293: New best reward 8.90, training model saved.
2026-08-06_11-02-18 Episode 1370: New best reward 10.60, training model saved.
2026-08-06_11-03-14 Episode 1453: New best reward 12.90, training model saved.
2026-08-06_11-03-56 Episode 1515: New best reward 13.60, training model saved.
2026-08-06_11-04-08 Episode 1532: New best reward 13.70, training model saved.
2026-08-06_11-04-14 Episode 1537: New best reward 23.10, training model saved.
2026-08-06_11-04-20 Episode 1543: New best reward 40.90, training model saved.
2026-08-06_11-07-51 Episode 1767: New best reward 46.80, training model saved.
2026-08-06_11-07-59 Episode 1772: New best reward 56.10, training model saved.
2026-08-06_11-08-22 Episode 1787: New best reward 60.70, training model saved.
2026-08-06_11-08-29 Episode 1789: New best reward 87.90, training model saved.
2026-08-06_11-08-40 Episode 1794: New best reward 101.90, training model saved.
2026-08-06_11-10-09 Episode 1839: New best reward 120.50, training model saved.
2026-08-06_11-10-50 Episode 1853: New best reward 143.90, training model saved.
2026-08-06_11-11-10 Episode 1860: New best reward 174.50, training model saved.
2026-08-06_11-12-50 Episode 1897: New best reward 183.80, training model saved.
2026-08-06_11-13-25 Episode 1904: New best reward 195.90, training model saved.
2026-08-06_11-14-48 Episode 1932: New best reward 389.30, training model saved.
2026-08-06_11-16-03 Episode 1937: New best reward 599.30, training model saved.
2026-08-06_11-21-04 Episode 2000: New best greedy reward 60.60, model saved.
2026-08-06_11-34-54: Training starting...
Device: cuda
2026-08-06_11-34-55 Episode 0: New best reward -8.10, training model saved.
2026-08-06_11-34-55 Episode 0: New best greedy reward 2.00, model saved.
2026-08-06_11-34-55 Episode 1: New best reward -5.70, training model saved.
2026-08-06_11-35-13 Episode 46: New best reward -3.90, training model saved.
2026-08-06_11-35-20 Episode 63: New best reward -3.30, training model saved.
2026-08-06_11-35-24 Episode 73: New best reward -0.30, training model saved.
2026-08-06_11-35-29 Episode 85: New best reward 0.30, training model saved.
2026-08-06_11-35-31 Episode 89: New best reward 2.10, training model saved.
2026-08-06_11-35-34 Episode 96: New best reward 3.90, training model saved.
2026-08-06_11-36-20 Episode 208: New best reward 4.40, training model saved.
2026-08-06_11-36-24 Episode 218: New best reward 4.70, training model saved.
2026-08-06_11-36-28 Episode 230: New best reward 6.30, training model saved.
2026-08-06_11-36-47 Episode 276: New best reward 8.40, training model saved.
2026-08-06_11-38-46 Episode 526: New best reward 9.30, training model saved.
2026-08-06_11-40-49 Episode 776: New best reward 11.20, training model saved.
2026-08-06_11-42-28 Episode 941: New best reward 12.90, training model saved.
2026-08-06_11-43-06 Episode 995: New best reward 13.10, training model saved.
2026-08-06_11-43-08 Episode 997: New best reward 20.80, training model saved.
2026-08-06_11-43-11 Episode 1000: New best reward 22.40, training model saved.
2026-08-06_11-43-11 Episode 1000: New best greedy reward 13.60, model saved.
2026-08-06_11-43-29 Episode 1021: New best reward 32.60, training model saved.
2026-08-06_11-43-56 Episode 1051: New best reward 34.80, training model saved.
2026-08-06_11-44-09 Episode 1058: New best reward 76.10, training model saved.
2026-08-06_11-46-45 Episode 1206: New best reward 93.50, training model saved.
2026-08-06_11-48-07 Episode 1254: New best reward 99.70, training model saved.
2026-08-06_11-48-19 Episode 1258: New best reward 103.00, training model saved.
2026-08-06_11-48-35 Episode 1265: New best reward 127.70, training model saved.
2026-08-06_11-52-47 Episode 1407: New best reward 138.90, training model saved.
2026-08-06_11-53-29 Episode 1415: New best reward 190.50, training model saved.
2026-08-06_11-54-12 Episode 1420: New best reward 355.00, training model saved.
2026-08-06_11-56-03 Episode 1441: New best reward 785.20, training model saved.
2026-08-06_12-16-10: Training starting...
Device: cuda
2026-08-06_12-16-10 Episode 0: New best reward -8.10, training model saved.
2026-08-06_12-16-10 Episode 0: New best greedy reward 2.00, model saved.
2026-08-06_12-16-11 Episode 1: New best reward -5.70, training model saved.
2026-08-06_12-16-43 Episode 81: New best reward -2.10, training model saved.
2026-08-06_12-18-06 Episode 287: New best reward 2.10, training model saved.
2026-08-06_12-18-27 Episode 338: New best reward 3.30, training model saved.
2026-08-06_12-18-35 Episode 360: New best reward 3.90, training model saved.
2026-08-06_12-18-44 Episode 382: New best reward 4.50, training model saved.
2026-08-06_12-19-30 Episode 494: New best reward 4.70, training model saved.
2026-08-06_12-19-39 Episode 515: New best reward 4.90, training model saved.
2026-08-06_12-20-25 Episode 630: New best reward 5.00, training model saved.
2026-08-06_12-21-03 Episode 723: New best reward 8.40, training model saved.
2026-08-06_12-21-41: Training starting...
Device: cuda
2026-08-06_12-21-42 Episode 0: New best reward -8.10, training model saved.
2026-08-06_12-21-42 Episode 0: New best greedy reward 2.00, model saved.
2026-08-06_12-21-42 Episode 1: New best reward -5.70, training model saved.
2026-08-06_12-22-15 Episode 81: New best reward -2.70, training model saved.
2026-08-06_12-22-17 Episode 85: New best reward -0.90, training model saved.
2026-08-06_12-22-32 Episode 123: New best reward 3.90, training model saved.
2026-08-06_12-22-47 Episode 162: New best reward 4.00, training model saved.
2026-08-06_12-23-04 Episode 201: New best reward 4.40, training model saved.
2026-08-06_12-23-04 Episode 203: New best reward 4.50, training model saved.
2026-08-06_12-23-07 Episode 206: New best reward 6.80, training model saved.
2026-08-06_12-23-12 Episode 218: New best reward 8.40, training model saved.
2026-08-06_12-24-52 Episode 438: New best reward 8.90, training model saved.
2026-08-06_12-24-58 Episode 449: New best reward 9.20, training model saved.
2026-08-06_12-25-05 Episode 462: New best reward 10.90, training model saved.
2026-08-06_12-26-00 Episode 571: New best reward 13.60, training model saved.
2026-08-06_12-26-55 Episode 671: New best reward 15.40, training model saved.
2026-08-06_12-28-03 Episode 808: New best reward 15.50, training model saved.
2026-08-06_12-28-23 Episode 841: New best reward 17.90, training model saved.
2026-08-06_12-28-34 Episode 857: New best reward 20.50, training model saved.
2026-08-06_12-28-54 Episode 883: New best reward 22.50, training model saved.
2026-08-06_12-29-00 Episode 890: New best reward 25.00, training model saved.
2026-08-06_12-29-03 Episode 891: New best reward 36.40, training model saved.
2026-08-06_12-29-08 Episode 892: New best reward 78.60, training model saved.
2026-08-06_12-31-18 Episode 1000: New best greedy reward 11.30, model saved.
2026-08-06_12-32-59 Episode 1072: New best reward 88.10, training model saved.
2026-08-06_12-33-42 Episode 1095: New best reward 89.10, training model saved.
2026-08-06_12-35-41 Episode 1146: New best reward 123.20, training model saved.
2026-08-06_12-53-02 Episode 2091: New best reward 144.00, training model saved.
2026-08-06_12-57-04 Episode 2283: New best reward 194.90, training model saved.
2026-08-06_12-57-41 Episode 2288: New best reward 284.10, training model saved.
2026-08-06_13-03-34: Training starting...
Device: cuda
2026-08-06_13-03-35 Episode 0: New best reward -8.10, training model saved.
2026-08-06_13-03-35 Episode 0: New best greedy reward 2.00, model saved.
2026-08-06_13-03-35 Episode 1: New best reward -5.70, training model saved.
2026-08-06_13-04-08 Episode 81: New best reward -1.50, training model saved.
2026-08-06_13-04-10 Episode 85: New best reward -0.90, training model saved.
2026-08-06_13-04-26 Episode 123: New best reward 3.90, training model saved.
2026-08-06_13-04-42 Episode 162: New best reward 4.30, training model saved.
2026-08-06_13-04-43 Episode 164: New best reward 6.50, training model saved.
2026-08-06_13-04-48 Episode 176: New best reward 6.80, training model saved.
2026-08-06_13-04-57 Episode 197: New best reward 8.40, training model saved.
2026-08-06_13-07-28 Episode 525: New best reward 8.50, training model saved.
2026-08-06_13-07-29 Episode 526: New best reward 17.90, training model saved.
2026-08-06_13-08-33 Episode 635: New best reward 22.40, training model saved.
2026-08-06_13-09-36 Episode 736: New best reward 23.00, training model saved.
2026-08-06_13-11-04 Episode 866: New best reward 55.10, training model saved.
2026-08-06_13-11-41 Episode 898: New best reward 74.60, training model saved.
2026-08-06_13-13-50 Episode 1000: New best greedy reward 74.50, model saved.
2026-08-06_13-15-42 Episode 1057: New best reward 111.00, training model saved.
2026-08-06_13-19-06 Episode 1172: New best reward 134.40, training model saved.
2026-08-06_13-30-21 Episode 1536: New best reward 180.90, training model saved.
2026-08-06_13-34-14 Episode 1606: New best reward 531.60, training model saved.
2026-08-06_13-35-35 Episode 1623: New best reward 571.30, training model saved.
2026-08-06_13-41-53 Episode 1734: New best reward 596.40, training model saved.
2026-08-06_13-45-25: Training starting...
Device: cuda
2026-08-06_13-45-26 Episode 0: New best reward -8.10, training model saved.
2026-08-06_13-45-26 Episode 0: New best greedy reward 2.00, model saved.
2026-08-06_13-45-26 Episode 1: New best reward -5.70, training model saved.
2026-08-06_13-46-00 Episode 81: New best reward -2.70, training model saved.
2026-08-06_13-46-01 Episode 85: New best reward 0.30, training model saved.
2026-08-06_13-46-30 Episode 155: New best reward 3.90, training model saved.
2026-08-06_13-46-53 Episode 211: New best reward 4.50, training model saved.
2026-08-06_13-47-10 Episode 253: New best reward 8.70, training model saved.
2026-08-06_13-52-58 Episode 911: New best reward 9.10, training model saved.
2026-08-06_13-53-54 Episode 1000: New best greedy reward 8.60, model saved.
2026-08-06_13-54-56 Episode 1095: New best reward 12.90, training model saved.
2026-08-06_13-55-02 Episode 1101: New best reward 13.60, training model saved.
2026-08-06_13-55-22 Episode 1128: New best reward 23.30, training model saved.
2026-08-06_13-55-28 Episode 1134: New best reward 29.40, training model saved.
2026-08-06_13-56-37 Episode 1210: New best reward 32.90, training model saved.
2026-08-06_13-56-40 Episode 1211: New best reward 37.10, training model saved.
2026-08-06_13-57-07 Episode 1234: New best reward 43.30, training model saved.
2026-08-06_13-57-11 Episode 1235: New best reward 50.70, training model saved.
2026-08-06_13-59-14 Episode 1332: New best reward 69.80, training model saved.
2026-08-06_13-59-28: Training starting...
Device: cuda
2026-08-06_13-59-28 Episode 0: New best reward -8.10, training model saved.
2026-08-06_13-59-29 Episode 0: New best greedy reward 2.00, model saved.
2026-08-06_13-59-29 Episode 1: New best reward -5.70, training model saved.
2026-08-06_14-00-02 Episode 81: New best reward -1.50, training model saved.
2026-08-06_14-00-04 Episode 85: New best reward 0.30, training model saved.
2026-08-06_14-00-20 Episode 123: New best reward 3.90, training model saved.
2026-08-06_14-00-35 Episode 162: New best reward 4.00, training model saved.
2026-08-06_14-00-51 Episode 199: New best reward 8.40, training model saved.
2026-08-06_14-04-18 Episode 669: New best reward 9.40, training model saved.
2026-08-06_14-05-15 Episode 780: New best reward 12.90, training model saved.
2026-08-06_14-07-21 Episode 1000: New best greedy reward 13.70, model saved.
2026-08-06_14-07-53 Episode 1052: New best reward 13.70, training model saved.
2026-08-06_14-08-36 Episode 1120: New best reward 17.90, training model saved.
2026-08-06_14-08-42 Episode 1125: New best reward 25.30, training model saved.
2026-08-06_14-09-48 Episode 1223: New best reward 32.10, training model saved.
2026-08-06_14-10-38 Episode 1282: New best reward 40.90, training model saved.
2026-08-06_14-11-22 Episode 1326: New best reward 41.70, training model saved.
2026-08-06_14-11-34 Episode 1335: New best reward 60.50, training model saved.
2026-08-06_14-13-41: Training starting...
Device: cuda
2026-08-06_14-13-41 Episode 0: New best reward -8.10, training model saved.
2026-08-06_14-13-41 Episode 0: New best greedy reward 2.00, model saved.
2026-08-06_14-13-42 Episode 1: New best reward -5.70, training model saved.
2026-08-06_14-14-14 Episode 81: New best reward -2.10, training model saved.
2026-08-06_14-15-06 Episode 211: New best reward 1.50, training model saved.
2026-08-06_14-15-57 Episode 331: New best reward 3.90, training model saved.
2026-08-06_14-16-17 Episode 382: New best reward 6.00, training model saved.
2026-08-06_14-16-35 Episode 425: New best reward 8.40, training model saved.
2026-08-06_14-20-42 Episode 1000: New best greedy reward 4.50, model saved.
2026-08-06_14-21-05 Episode 1046: New best reward 12.90, training model saved.
2026-08-06_14-23-01 Episode 1265: New best reward 15.50, training model saved.
2026-08-06_14-23-30 Episode 1315: New best reward 17.90, training model saved.
2026-08-06_14-24-57 Episode 1464: New best reward 26.90, training model saved.
2026-08-06_14-28-13: Training starting...
Device: cuda
2026-08-06_14-28-14 Episode 0: New best reward -8.10, training model saved.
2026-08-06_14-28-14 Episode 0: New best greedy reward 2.00, model saved.
2026-08-06_14-28-14 Episode 1: New best reward -5.70, training model saved.
2026-08-06_14-28-40 Episode 63: New best reward -2.10, training model saved.
2026-08-06_14-28-44 Episode 73: New best reward -0.30, training model saved.
2026-08-06_14-28-49 Episode 85: New best reward 0.30, training model saved.
2026-08-06_14-28-51 Episode 89: New best reward 3.90, training model saved.
2026-08-06_14-29-02 Episode 116: New best reward 4.10, training model saved.
2026-08-06_14-29-06 Episode 123: New best reward 4.50, training model saved.
2026-08-06_14-29-20 Episode 159: New best reward 6.40, training model saved.
2026-08-06_14-30-13 Episode 285: New best reward 6.60, training model saved.
2026-08-06_14-30-37 Episode 341: New best reward 6.80, training model saved.
2026-08-06_14-33-14: Training starting...
Device: cuda
2026-08-06_14-33-14 Episode 0: New best reward -8.10, training model saved.
2026-08-06_14-33-14 Episode 0: New best greedy reward 2.00, model saved.
2026-08-06_14-33-15 Episode 1: New best reward -5.70, training model saved.
2026-08-06_14-33-41 Episode 63: New best reward -2.10, training model saved.
2026-08-06_14-33-45 Episode 73: New best reward -0.30, training model saved.
2026-08-06_14-33-51 Episode 85: New best reward 0.30, training model saved.
2026-08-06_14-33-52 Episode 89: New best reward 3.30, training model saved.
2026-08-06_14-33-55 Episode 96: New best reward 3.90, training model saved.
2026-08-06_14-34-10 Episode 129: New best reward 4.00, training model saved.
2026-08-06_14-34-16 Episode 144: New best reward 4.10, training model saved.
2026-08-06_14-34-23 Episode 161: New best reward 4.50, training model saved.
2026-08-06_14-34-26 Episode 166: New best reward 4.60, training model saved.
2026-08-06_14-34-34 Episode 185: New best reward 8.40, training model saved.
2026-08-06_14-38-21: Training starting...
Device: cuda
2026-08-06_14-38-22 Episode 0: New best reward -8.10, training model saved.
2026-08-06_14-38-22 Episode 0: New best greedy reward 2.00, model saved.
2026-08-06_14-38-22 Episode 1: New best reward -5.70, training model saved.
2026-08-06_14-38-48 Episode 63: New best reward -4.50, training model saved.
2026-08-06_14-38-52 Episode 73: New best reward -3.90, training model saved.
2026-08-06_14-38-56 Episode 81: New best reward -0.30, training model saved.
2026-08-06_14-38-57 Episode 85: New best reward 0.30, training model saved.
2026-08-06_14-38-59 Episode 89: New best reward 2.10, training model saved.
2026-08-06_14-39-02 Episode 96: New best reward 3.90, training model saved.
2026-08-06_14-39-39 Episode 187: New best reward 4.00, training model saved.
2026-08-06_14-39-44 Episode 199: New best reward 8.40, training model saved.
2026-08-06_14-40-02 Episode 240: New best reward 8.90, training model saved.
2026-08-06_14-41-37 Episode 452: New best reward 9.00, training model saved.
2026-08-06_14-42-15 Episode 531: New best reward 10.80, training model saved.
2026-08-06_14-42-56 Episode 609: New best reward 12.90, training model saved.
2026-08-06_14-43-15 Episode 644: New best reward 13.30, training model saved.
2026-08-06_14-43-16 Episode 645: New best reward 13.70, training model saved.
2026-08-06_14-43-44 Episode 695: New best reward 15.70, training model saved.
2026-08-06_14-44-02 Episode 727: New best reward 18.30, training model saved.
2026-08-06_14-46-07 Episode 928: New best reward 23.40, training model saved.
2026-08-06_14-47-02 Episode 1000: New best greedy reward 3.90, model saved.
2026-08-06_14-47-05 Episode 1003: New best reward 29.10, training model saved.
2026-08-06_14-47-36 Episode 1037: New best reward 37.50, training model saved.
2026-08-06_14-48-54 Episode 1111: New best reward 51.10, training model saved.
2026-08-06_14-49-19 Episode 1134: New best reward 62.70, training model saved.
2026-08-06_14-51-41 Episode 1234: New best reward 81.10, training model saved.
2026-08-06_14-51-55 Episode 1241: New best reward 104.50, training model saved.
2026-08-06_14-57-38 Episode 1424: New best reward 141.70, training model saved.
2026-08-06_15-01-37 Episode 1552: New best reward 169.30, training model saved.
2026-08-06_15-01-57 Episode 1555: New best reward 169.80, training model saved.
2026-08-06_15-15-04 Episode 2000: New best greedy reward 10.90, model saved.
2026-08-06_15-20-59: Training starting...
Device: cuda
2026-08-06_15-21-00 Episode 0: New best reward -8.10, training model saved.
2026-08-06_15-21-00 Episode 0: New best greedy reward 2.00, model saved.
2026-08-06_15-21-00 Episode 1: New best reward -5.70, training model saved.
2026-08-06_15-21-33 Episode 81: New best reward -2.10, training model saved.
2026-08-06_15-23-01 Episode 299: New best reward -0.30, training model saved.
2026-08-06_15-23-26 Episode 358: New best reward 1.50, training model saved.
2026-08-06_15-23-26 Episode 360: New best reward 2.10, training model saved.
2026-08-06_15-24-05 Episode 456: New best reward 3.90, training model saved.
2026-08-06_15-24-51 Episode 569: New best reward 4.00, training model saved.
2026-08-06_15-25-24 Episode 647: New best reward 4.20, training model saved.
2026-08-06_15-25-38 Episode 677: New best reward 4.80, training model saved.
2026-08-06_15-25-41 Episode 685: New best reward 6.20, training model saved.
2026-08-06_15-29-05 Episode 1182: New best reward 6.40, training model saved.
2026-08-06_15-30-02 Episode 1317: New best reward 6.80, training model saved.
2026-08-06_15-30-58 Episode 1451: New best reward 8.40, training model saved.
2026-08-06_15-32-35 Episode 1664: New best reward 9.40, training model saved.
2026-08-06_15-34-36 Episode 1907: New best reward 10.60, training model saved.
2026-08-06_15-35-08 Episode 1965: New best reward 15.20, training model saved.
2026-08-06_15-35-26 Episode 2000: New best greedy reward 11.00, model saved.
2026-08-06_15-35-33: Training starting...
Device: cuda
2026-08-06_15-35-34 Episode 0: New best reward -8.10, training model saved.
2026-08-06_15-35-34 Episode 0: New best greedy reward 2.00, model saved.
2026-08-06_15-35-34 Episode 1: New best reward -5.70, training model saved.
2026-08-06_15-36-07 Episode 81: New best reward -2.10, training model saved.
2026-08-06_15-36-38 Episode 162: New best reward -1.50, training model saved.
2026-08-06_15-36-59 Episode 211: New best reward 2.70, training model saved.
2026-08-06_15-37-30 Episode 287: New best reward 3.90, training model saved.
2026-08-06_15-38-35 Episode 445: New best reward 4.10, training model saved.
2026-08-06_15-38-38 Episode 451: New best reward 4.30, training model saved.
2026-08-06_15-38-44 Episode 467: New best reward 6.60, training model saved.
2026-08-06_15-39-16 Episode 544: New best reward 7.80, training model saved.
2026-08-06_15-39-17 Episode 546: New best reward 8.40, training model saved.
2026-08-06_15-40-04 Episode 658: New best reward 10.60, training model saved.
2026-08-06_15-40-33: Training starting...
Device: cuda
2026-08-06_15-40-34 Episode 0: New best reward -8.10, training model saved.
2026-08-06_15-40-34 Episode 0: New best greedy reward 2.00, model saved.
2026-08-06_15-40-34 Episode 1: New best reward -5.70, training model saved.
2026-08-06_15-41-08 Episode 81: New best reward -2.10, training model saved.
2026-08-06_15-41-40 Episode 162: New best reward 0.30, training model saved.
2026-08-06_15-42-01 Episode 211: New best reward 1.50, training model saved.
2026-08-06_15-42-19 Episode 254: New best reward 2.10, training model saved.
2026-08-06_15-42-33 Episode 287: New best reward 3.90, training model saved.
2026-08-06_15-43-12 Episode 382: New best reward 6.60, training model saved.
2026-08-06_15-43-27 Episode 419: New best reward 6.70, training model saved.
2026-08-06_15-45-08 Episode 660: New best reward 6.80, training model saved.
2026-08-06_15-45-40 Episode 734: New best reward 8.40, training model saved.
2026-08-06_15-47-02 Episode 919: New best reward 8.60, training model saved.
2026-08-06_15-47-07 Episode 927: New best reward 11.30, training model saved.
2026-08-06_15-48-07 Episode 1046: New best reward 12.90, training model saved.
2026-08-06_15-52-30 Episode 1474: New best reward 15.20, training model saved.
2026-08-06_15-53-00 Episode 1517: New best reward 18.70, training model saved.
2026-08-06_15-53-04 Episode 1519: New best reward 31.90, training model saved.
2026-08-06_15-55-02: Training starting...
Device: cuda
2026-08-06_15-55-03 Episode 0: New best reward -8.10, training model saved.
2026-08-06_15-55-03 Episode 0: New best greedy reward 2.00, model saved.
2026-08-06_15-55-04 Episode 1: New best reward -5.70, training model saved.
2026-08-06_15-55-38 Episode 81: New best reward -2.10, training model saved.
2026-08-06_15-56-09 Episode 162: New best reward -1.50, training model saved.
2026-08-06_15-56-15 Episode 169: New best reward -0.30, training model saved.
2026-08-06_15-56-22 Episode 187: New best reward 1.50, training model saved.
2026-08-06_15-56-27 Episode 200: New best reward 3.30, training model saved.
2026-08-06_15-56-44 Episode 243: New best reward 3.90, training model saved.
2026-08-06_15-56-58 Episode 271: New best reward 8.40, training model saved.
2026-08-06_16-00-35 Episode 766: New best reward 11.30, training model saved.
2026-08-06_16-02-23 Episode 1000: New best greedy reward 4.30, model saved.
2026-08-06_16-09-20 Episode 1893: New best reward 13.80, training model saved.
2026-08-06_16-10-39 Episode 2053: New best reward 15.70, training model saved.
2026-08-06_16-11-24 Episode 2142: New best reward 15.80, training model saved.
2026-08-06_16-12-07 Episode 2227: New best reward 17.90, training model saved.
2026-08-06_16-12-40 Episode 2278: New best reward 19.10, training model saved.
2026-08-06_16-25-58 Episode 4000: New best greedy reward 6.00, model saved.
2026-08-06_16-37-55: Training starting...
Device: cuda
2026-08-06_16-37-56 Episode 0: New best reward -8.10, training model saved.
2026-08-06_16-37-56 Episode 0: New best greedy reward 2.00, model saved.
2026-08-06_16-37-56 Episode 1: New best reward -5.70, training model saved.
2026-08-06_16-38-29 Episode 81: New best reward -2.10, training model saved.
2026-08-06_16-38-31 Episode 85: New best reward 0.30, training model saved.
2026-08-06_16-39-02 Episode 162: New best reward 2.10, training model saved.
2026-08-06_16-39-12 Episode 187: New best reward 3.30, training model saved.
2026-08-06_16-39-17 Episode 200: New best reward 3.90, training model saved.
2026-08-06_16-39-38 Episode 250: New best reward 6.30, training model saved.
2026-08-06_16-40-06 Episode 319: New best reward 6.40, training model saved.
2026-08-06_16-40-20 Episode 352: New best reward 6.50, training model saved.
2026-08-06_16-40-22 Episode 358: New best reward 6.70, training model saved.
2026-08-06_16-40-35 Episode 388: New best reward 8.40, training model saved.
2026-08-06_16-40-47 Episode 415: New best reward 8.80, training model saved.
2026-08-06_16-40-48 Episode 417: New best reward 9.40, training model saved.
2026-08-06_16-40-51 Episode 425: New best reward 11.00, training model saved.
2026-08-06_16-41-45 Episode 551: New best reward 11.20, training model saved.
2026-08-06_16-42-03 Episode 588: New best reward 11.30, training model saved.
2026-08-06_16-42-34 Episode 653: New best reward 12.90, training model saved.
2026-08-06_16-42-48 Episode 678: New best reward 15.50, training model saved.
2026-08-06_16-42-55: Training starting...
Device: cuda
2026-08-06_16-42-56 Episode 0: New best reward -8.10, training model saved.
2026-08-06_16-42-56 Episode 0: New best greedy reward 2.00, model saved.
2026-08-06_16-42-56 Episode 1: New best reward -5.70, training model saved.
2026-08-06_16-43-28 Episode 81: New best reward -2.70, training model saved.
2026-08-06_16-43-30 Episode 85: New best reward 0.30, training model saved.
2026-08-06_16-43-45 Episode 123: New best reward 4.10, training model saved.
2026-08-06_16-44-08 Episode 179: New best reward 6.00, training model saved.
2026-08-06_16-45-05 Episode 320: New best reward 6.40, training model saved.
2026-08-06_16-45-10 Episode 332: New best reward 8.40, training model saved.
2026-08-06_16-46-55 Episode 575: New best reward 9.40, training model saved.
2026-08-06_16-47-11 Episode 610: New best reward 10.50, training model saved.
2026-08-06_16-47-46: Training starting...
Device: cuda
2026-08-06_16-47-47 Episode 0: New best reward -8.10, training model saved.
2026-08-06_16-47-47 Episode 0: New best greedy reward 2.00, model saved.
2026-08-06_16-47-48 Episode 1: New best reward -5.70, training model saved.
2026-08-06_16-48-13 Episode 63: New best reward -2.10, training model saved.
2026-08-06_16-48-17 Episode 73: New best reward -0.30, training model saved.
2026-08-06_16-48-22 Episode 85: New best reward 0.30, training model saved.
2026-08-06_16-48-24 Episode 89: New best reward 3.30, training model saved.
2026-08-06_16-48-26 Episode 96: New best reward 3.90, training model saved.
2026-08-06_16-48-41 Episode 129: New best reward 4.40, training model saved.
2026-08-06_16-48-42 Episode 132: New best reward 4.70, training model saved.
2026-08-06_16-48-57 Episode 167: New best reward 8.40, training model saved.
2026-08-06_16-52-45: Training starting...
Device: cuda
2026-08-06_16-52-45 Episode 0: New best reward -8.10, training model saved.
2026-08-06_16-52-45 Episode 0: New best greedy reward 2.00, model saved.
2026-08-06_16-52-46 Episode 1: New best reward -5.70, training model saved.
2026-08-06_16-53-18 Episode 81: New best reward -2.70, training model saved.
2026-08-06_16-53-20 Episode 85: New best reward 0.30, training model saved.
2026-08-06_16-53-21 Episode 89: New best reward 2.10, training model saved.
2026-08-06_16-53-24 Episode 96: New best reward 3.90, training model saved.
2026-08-06_16-53-51 Episode 162: New best reward 4.00, training model saved.
2026-08-06_16-54-12 Episode 211: New best reward 4.60, training model saved.
2026-08-06_16-54-19 Episode 228: New best reward 6.10, training model saved.
2026-08-06_16-54-29 Episode 253: New best reward 6.30, training model saved.
2026-08-06_16-54-37 Episode 272: New best reward 6.80, training model saved.
2026-08-06_16-55-06 Episode 339: New best reward 7.80, training model saved.
2026-08-06_16-55-11 Episode 351: New best reward 8.40, training model saved.
2026-08-06_16-57-21 Episode 612: New best reward 8.70, training model saved.
2026-08-06_16-57-43 Episode 650: New best reward 11.30, training model saved.
2026-08-06_16-58-16 Episode 707: New best reward 12.90, training model saved.
2026-08-06_16-59-53 Episode 881: New best reward 15.20, training model saved.
2026-08-06_17-00-01 Episode 892: New best reward 20.80, training model saved.
2026-08-06_17-01-08 Episode 1000: New best greedy reward 9.30, model saved.
2026-08-06_17-01-54 Episode 1063: New best reward 22.40, training model saved.
2026-08-06_17-02-08 Episode 1081: New best reward 32.60, training model saved.
2026-08-06_17-02-50 Episode 1128: New best reward 37.40, training model saved.
2026-08-06_17-02-58 Episode 1134: New best reward 48.10, training model saved.
2026-08-06_17-04-46 Episode 1229: New best reward 67.00, training model saved.
2026-08-06_17-04-57 Episode 1234: New best reward 110.90, training model saved.
2026-08-06_17-09-19 Episode 1449: New best reward 113.80, training model saved.
2026-08-06_17-13-20 Episode 1583: New best reward 118.10, training model saved.
2026-08-06_17-14-11 Episode 1600: New best reward 195.70, training model saved.
2026-08-06_17-15-07 Episode 1618: New best reward 236.90, training model saved.
2026-08-06_17-18-06 Episode 1665: New best reward 260.40, training model saved.
2026-08-06_17-20-32 Episode 1701: New best reward 262.90, training model saved.
2026-08-06_17-26-19 Episode 1795: New best reward 334.90, training model saved.
2026-08-06_17-29-45 Episode 1840: New best reward 335.10, training model saved.
2026-08-06_17-31-16 Episode 1852: New best reward 381.90, training model saved.
2026-08-06_17-34-42: Training starting...
Device: cuda
2026-08-06_17-34-43 Episode 0: New best reward -8.10, training model saved.
2026-08-06_17-34-43 Episode 0: New best greedy reward 2.00, model saved.
2026-08-06_17-34-43 Episode 1: New best reward -5.70, training model saved.
2026-08-06_17-35-15 Episode 81: New best reward -2.10, training model saved.
2026-08-06_17-36-43 Episode 299: New best reward -0.30, training model saved.
2026-08-06_17-37-07 Episode 358: New best reward 0.90, training model saved.
2026-08-06_17-37-26 Episode 405: New best reward 1.50, training model saved.
2026-08-06_17-37-47 Episode 456: New best reward 3.90, training model saved.
2026-08-06_17-38-32 Episode 569: New best reward 4.00, training model saved.
2026-08-06_17-38-52 Episode 617: New best reward 4.10, training model saved.
2026-08-06_17-39-26 Episode 703: New best reward 6.60, training model saved.
2026-08-06_17-40-26 Episode 849: New best reward 9.00, training model saved.
2026-08-06_17-48-18 Episode 1847: New best reward 9.20, training model saved.
2026-08-06_17-48-43 Episode 1889: New best reward 12.90, training model saved.
2026-08-06_17-49-04: Training starting...
Device: cuda
2026-08-06_17-49-04 Episode 0: New best reward -8.10, training model saved.
2026-08-06_17-49-04 Episode 0: New best greedy reward 2.00, model saved.
2026-08-06_17-49-05 Episode 1: New best reward -5.70, training model saved.
2026-08-06_17-49-30 Episode 63: New best reward -2.10, training model saved.
2026-08-06_17-49-34 Episode 73: New best reward -0.30, training model saved.
2026-08-06_17-49-40 Episode 85: New best reward 3.30, training model saved.
2026-08-06_17-49-41 Episode 89: New best reward 3.90, training model saved.
2026-08-06_17-49-52 Episode 116: New best reward 4.20, training model saved.
2026-08-06_17-49-56 Episode 123: New best reward 4.70, training model saved.
2026-08-06_17-49-59 Episode 130: New best reward 8.40, training model saved.
2026-08-06_17-51-11 Episode 296: New best reward 9.10, training model saved.
2026-08-06_17-51-52 Episode 388: New best reward 13.90, training model saved.
2026-08-06_17-52-32 Episode 466: New best reward 15.20, training model saved.
2026-08-06_17-53-48 Episode 603: New best reward 15.30, training model saved.
2026-08-06_17-54-39 Episode 683: New best reward 18.90, training model saved.
2026-08-06_17-55-14 Episode 733: New best reward 27.70, training model saved.
2026-08-06_17-56-20 Episode 813: New best reward 33.00, training model saved.
2026-08-06_17-56-37 Episode 828: New best reward 50.40, training model saved.
2026-08-06_17-57-41 Episode 885: New best reward 59.90, training model saved.
2026-08-06_17-57-55 Episode 896: New best reward 60.50, training model saved.
2026-08-06_17-58-23 Episode 914: New best reward 78.40, training model saved.
2026-08-06_18-00-07 Episode 1000: New best greedy reward 6.30, model saved.
2026-08-06_18-01-22 Episode 1057: New best reward 82.90, training model saved.
2026-08-06_18-02-18 Episode 1096: New best reward 134.40, training model saved.
2026-08-06_18-04-36 Episode 1169: New best reward 141.20, training model saved.
2026-08-06_18-06-25 Episode 1221: New best reward 208.90, training model saved.
2026-08-06_18-17-55 Episode 1618: New best reward 228.30, training model saved.
2026-08-06_18-23-08 Episode 1716: New best reward 393.20, training model saved.
2026-08-06_18-31-28: Training starting...
Device: cuda
2026-08-06_18-31-29 Episode 0: New best reward -8.10, training model saved.
2026-08-06_18-31-29 Episode 0: New best greedy reward 2.00, model saved.
2026-08-06_18-31-29 Episode 1: New best reward -5.70, training model saved.
2026-08-06_18-31-56 Episode 66: New best reward -5.10, training model saved.
2026-08-06_18-31-58 Episode 73: New best reward -3.90, training model saved.
2026-08-06_18-32-02 Episode 81: New best reward -0.30, training model saved.
2026-08-06_18-32-05 Episode 89: New best reward 0.90, training model saved.
2026-08-06_18-32-08 Episode 96: New best reward 3.90, training model saved.
2026-08-06_18-32-47 Episode 190: New best reward 4.00, training model saved.
2026-08-06_18-32-49 Episode 197: New best reward 4.30, training model saved.
2026-08-06_18-33-05 Episode 235: New best reward 4.70, training model saved.
2026-08-06_18-33-38 Episode 312: New best reward 8.40, training model saved.
2026-08-06_18-34-36 Episode 444: New best reward 9.40, training model saved.
2026-08-06_18-34-42 Episode 457: New best reward 11.00, training model saved.
2026-08-06_18-35-03 Episode 499: New best reward 11.30, training model saved.
2026-08-06_18-35-07 Episode 506: New best reward 13.00, training model saved.
2026-08-06_18-35-15 Episode 519: New best reward 18.40, training model saved.
2026-08-06_18-37-08 Episode 703: New best reward 22.80, training model saved.
2026-08-06_18-38-37 Episode 829: New best reward 23.60, training model saved.
2026-08-06_18-38-51 Episode 845: New best reward 32.80, training model saved.
2026-08-06_18-38-55 Episode 849: New best reward 34.70, training model saved.
2026-08-06_18-40-54 Episode 1000: New best greedy reward 9.20, model saved.
2026-08-06_18-42-14 Episode 1087: New best reward 39.30, training model saved.
2026-08-06_18-44-16 Episode 1211: New best reward 78.90, training model saved.
2026-08-06_18-45-35: Training starting...
Device: cuda
2026-08-06_18-45-36 Episode 0: New best reward -8.10, training model saved.
2026-08-06_18-45-36 Episode 0: New best greedy reward 2.00, model saved.
2026-08-06_18-45-36 Episode 1: New best reward -5.70, training model saved.
2026-08-06_18-46-11 Episode 81: New best reward -2.10, training model saved.
2026-08-06_18-46-12 Episode 85: New best reward 0.30, training model saved.
2026-08-06_18-46-44 Episode 162: New best reward 2.10, training model saved.
2026-08-06_18-47-06 Episode 211: New best reward 3.30, training model saved.
2026-08-06_18-47-09 Episode 218: New best reward 3.90, training model saved.
2026-08-06_18-47-39 Episode 287: New best reward 4.20, training model saved.
2026-08-06_18-48-37 Episode 423: New best reward 5.00, training model saved.
2026-08-06_18-48-44 Episode 441: New best reward 6.00, training model saved.
2026-08-06_18-48-51 Episode 455: New best reward 6.60, training model saved.
2026-08-06_18-49-57 Episode 609: New best reward 8.80, training model saved.
2026-08-06_18-50-51: Training starting...
Device: cuda
2026-08-06_18-50-52 Episode 0: New best reward -8.10, training model saved.
2026-08-06_18-50-52 Episode 0: New best greedy reward 2.00, model saved.
2026-08-06_18-50-52 Episode 1: New best reward -5.70, training model saved.
2026-08-06_18-51-17 Episode 63: New best reward -2.10, training model saved.
2026-08-06_18-51-21 Episode 73: New best reward -0.30, training model saved.
2026-08-06_18-51-26 Episode 85: New best reward 0.30, training model saved.
2026-08-06_18-51-28 Episode 89: New best reward 3.90, training model saved.
2026-08-06_18-51-42 Episode 123: New best reward 4.50, training model saved.
2026-08-06_18-52-07 Episode 185: New best reward 4.60, training model saved.
2026-08-06_18-52-13 Episode 199: New best reward 4.80, training model saved.
2026-08-06_18-52-26 Episode 230: New best reward 6.50, training model saved.
2026-08-06_18-52-31 Episode 241: New best reward 11.00, training model saved.
2026-08-06_18-56-57 Episode 844: New best reward 11.10, training model saved.
2026-08-06_18-58-13 Episode 1000: New best greedy reward 3.50, model saved.
2026-08-06_18-58-19 Episode 1011: New best reward 12.90, training model saved.
2026-08-06_19-02-00 Episode 1403: New best reward 13.10, training model saved.
2026-08-06_19-02-32 Episode 1454: New best reward 13.30, training model saved.
2026-08-06_19-02-51 Episode 1484: New best reward 13.50, training model saved.
2026-08-06_19-04-51: Training starting...
Device: cuda
2026-08-06_19-04-51 Episode 0: New best reward -8.10, training model saved.
2026-08-06_19-04-51 Episode 0: New best greedy reward 2.00, model saved.
2026-08-06_19-04-52 Episode 1: New best reward -5.70, training model saved.
2026-08-06_19-05-21 Episode 73: New best reward -5.10, training model saved.
2026-08-06_19-05-24 Episode 81: New best reward -2.70, training model saved.
2026-08-06_19-05-26 Episode 85: New best reward 0.30, training model saved.
2026-08-06_19-05-57 Episode 162: New best reward 3.90, training model saved.
2026-08-06_19-06-27 Episode 235: New best reward 4.60, training model saved.
2026-08-06_19-06-33 Episode 250: New best reward 6.30, training model saved.
2026-08-06_19-06-58 Episode 308: New best reward 8.40, training model saved.
2026-08-06_19-08-31 Episode 528: New best reward 8.60, training model saved.
2026-08-06_19-08-41 Episode 548: New best reward 8.90, training model saved.
2026-08-06_19-09-04 Episode 595: New best reward 11.00, training model saved.
2026-08-06_19-09-16 Episode 617: New best reward 13.50, training model saved.
2026-08-06_19-10-48 Episode 789: New best reward 13.60, training model saved.
2026-08-06_19-11-35 Episode 863: New best reward 20.50, training model saved.
2026-08-06_19-11-58 Episode 898: New best reward 20.60, training model saved.
2026-08-06_19-12-11 Episode 913: New best reward 22.40, training model saved.
2026-08-06_19-12-20 Episode 922: New best reward 36.40, training model saved.
2026-08-06_19-13-28 Episode 1000: New best greedy reward 43.70, model saved.
2026-08-06_19-14-42 Episode 1087: New best reward 45.90, training model saved.
2026-08-06_19-16-48 Episode 1237: New best reward 55.80, training model saved.
2026-08-06_19-17-42 Episode 1279: New best reward 69.20, training model saved.
2026-08-06_19-19-50 Episode 1381: New best reward 90.30, training model saved.
2026-08-06_19-21-27 Episode 1431: New best reward 181.60, training model saved.
2026-08-06_19-23-30 Episode 1464: New best reward 186.00, training model saved.
2026-08-06_19-26-04 Episode 1551: New best reward 187.10, training model saved.
2026-08-06_19-31-12 Episode 1666: New best reward 197.80, training model saved.
2026-08-06_19-34-49 Episode 1727: New best reward 232.40, training model saved.
2026-08-06_19-35-14 Episode 1729: New best reward 342.80, training model saved.
2026-08-06_19-46-42: Training starting...
Device: cuda
2026-08-06_19-46-42 Episode 0: New best reward -8.10, training model saved.
2026-08-06_19-46-42 Episode 0: New best greedy reward 2.00, model saved.
2026-08-06_19-46-43 Episode 1: New best reward -5.70, training model saved.
2026-08-06_19-47-15 Episode 81: New best reward -2.10, training model saved.
2026-08-06_19-47-17 Episode 85: New best reward 0.30, training model saved.
2026-08-06_19-47-58 Episode 187: New best reward 2.10, training model saved.
2026-08-06_19-48-04 Episode 200: New best reward 3.90, training model saved.
2026-08-06_19-48-36 Episode 281: New best reward 4.00, training model saved.
2026-08-06_19-48-38 Episode 286: New best reward 4.40, training model saved.
2026-08-06_19-48-39 Episode 287: New best reward 4.50, training model saved.
2026-08-06_19-49-02 Episode 343: New best reward 4.90, training model saved.
2026-08-06_19-49-19 Episode 386: New best reward 6.20, training model saved.
2026-08-06_19-49-36 Episode 423: New best reward 8.50, training model saved.
2026-08-06_19-49-41 Episode 436: New best reward 8.60, training model saved.
2026-08-06_19-50-21 Episode 528: New best reward 11.30, training model saved.
2026-08-06_19-51-16 Episode 653: New best reward 12.90, training model saved.
2026-08-06_19-53-09 Episode 892: New best reward 13.40, training model saved.
2026-08-06_19-53-41 Episode 955: New best reward 15.20, training model saved.
2026-08-06_19-54-03 Episode 992: New best reward 23.40, training model saved.
2026-08-06_19-54-07 Episode 1000: New best greedy reward 4.70, model saved.
2026-08-06_19-55-56 Episode 1165: New best reward 29.60, training model saved.
2026-08-06_19-59-29 Episode 1468: New best reward 43.40, training model saved.
2026-08-06_20-04-27 Episode 1799: New best reward 69.80, training model saved.
2026-08-06_20-04-53 Episode 1817: New best reward 79.50, training model saved.
2026-08-06_20-06-01 Episode 1854: New best reward 104.30, training model saved.
2026-08-06_20-09-13 Episode 1996: New best reward 125.00, training model saved.
2026-08-06_20-09-29 Episode 2000: New best greedy reward 8.40, model saved.
2026-08-06_20-14-22 Episode 2196: New best reward 149.20, training model saved.
2026-08-06_20-16-06 Episode 2237: New best reward 163.60, training model saved.
2026-08-06_20-17-31 Episode 2256: New best reward 208.90, training model saved.
2026-08-06_20-17-51 Episode 2258: New best reward 270.70, training model saved.
[worker] done. total trials in study: 400
2026-08-06_06-46-24: Training starting...
Device: cuda
2026-08-06_06-46-32 Episode 0: New best reward -8.10, training model saved.
2026-08-06_06-46-32 Episode 0: New best greedy reward 2.00, model saved.
2026-08-06_06-46-32 Episode 1: New best reward -5.70, training model saved.
2026-08-06_06-47-05 Episode 81: New best reward -2.10, training model saved.
2026-08-06_06-47-07 Episode 85: New best reward 0.30, training model saved.
2026-08-06_06-47-58 Episode 211: New best reward 3.30, training model saved.
2026-08-06_06-48-10 Episode 243: New best reward 3.90, training model saved.
2026-08-06_06-48-46 Episode 329: New best reward 4.20, training model saved.
2026-08-06_06-48-57 Episode 355: New best reward 4.70, training model saved.
2026-08-06_06-49-24 Episode 419: New best reward 8.40, training model saved.
2026-08-06_06-51-13 Episode 679: New best reward 8.60, training model saved.
2026-08-06_06-52-06: Training starting...
Device: cuda
2026-08-06_06-52-07 Episode 0: New best reward -8.10, training model saved.
2026-08-06_06-52-07 Episode 0: New best greedy reward 2.00, model saved.
2026-08-06_06-52-07 Episode 1: New best reward -5.70, training model saved.
2026-08-06_06-52-37 Episode 73: New best reward -4.50, training model saved.
2026-08-06_06-52-41 Episode 81: New best reward -1.50, training model saved.
2026-08-06_06-52-42 Episode 85: New best reward 0.30, training model saved.
2026-08-06_06-52-44 Episode 89: New best reward 2.70, training model saved.
2026-08-06_06-52-47 Episode 96: New best reward 3.90, training model saved.
2026-08-06_06-52-58 Episode 123: New best reward 4.10, training model saved.
2026-08-06_06-53-13 Episode 162: New best reward 4.30, training model saved.
2026-08-06_06-53-35 Episode 213: New best reward 4.80, training model saved.
2026-08-06_06-53-37 Episode 218: New best reward 5.00, training model saved.
2026-08-06_06-53-39 Episode 222: New best reward 8.40, training model saved.
2026-08-06_06-54-06 Episode 285: New best reward 9.00, training model saved.
2026-08-06_06-55-36 Episode 496: New best reward 10.70, training model saved.
2026-08-06_06-56-52 Episode 657: New best reward 12.90, training model saved.
2026-08-06_07-00-42 Episode 1076: New best reward 17.90, training model saved.
2026-08-06_07-00-53 Episode 1093: New best reward 20.40, training model saved.
2026-08-06_07-01-54 Episode 1181: New best reward 34.70, training model saved.
2026-08-06_07-02-34 Episode 1226: New best reward 48.50, training model saved.
2026-08-06_07-03-12 Episode 1265: New best reward 57.60, training model saved.
2026-08-06_07-03-26 Episode 1269: New best reward 113.30, training model saved.
2026-08-06_07-04-55 Episode 1306: New best reward 146.60, training model saved.
2026-08-06_07-06-07 Episode 1320: New best reward 195.70, training model saved.
2026-08-06_07-19-42 Episode 2000: New best greedy reward 9.50, model saved.
2026-08-06_07-34-33: Training starting...
Device: cuda
2026-08-06_07-34-33 Episode 0: New best reward -8.10, training model saved.
2026-08-06_07-34-34 Episode 0: New best greedy reward 2.00, model saved.
2026-08-06_07-34-34 Episode 1: New best reward -5.70, training model saved.
2026-08-06_07-35-07 Episode 81: New best reward -2.10, training model saved.
2026-08-06_07-35-59 Episode 211: New best reward 2.70, training model saved.
2026-08-06_07-36-09 Episode 235: New best reward 3.90, training model saved.
2026-08-06_07-36-31 Episode 287: New best reward 4.70, training model saved.
2026-08-06_07-36-52 Episode 338: New best reward 8.40, training model saved.
2026-08-06_07-38-21 Episode 549: New best reward 9.10, training model saved.
2026-08-06_07-39-45 Episode 753: New best reward 10.70, training model saved.
2026-08-06_07-40-51 Episode 915: New best reward 10.90, training model saved.
2026-08-06_07-41-51 Episode 1053: New best reward 12.90, training model saved.
2026-08-06_07-49-03: Training starting...
Device: cuda
2026-08-06_07-49-04 Episode 0: New best reward -8.10, training model saved.
2026-08-06_07-49-04 Episode 0: New best greedy reward 2.00, model saved.
2026-08-06_07-49-04 Episode 1: New best reward -5.70, training model saved.
2026-08-06_07-49-34 Episode 73: New best reward -4.50, training model saved.
2026-08-06_07-49-38 Episode 81: New best reward -1.50, training model saved.
2026-08-06_07-49-39 Episode 85: New best reward 0.30, training model saved.
2026-08-06_07-49-41 Episode 89: New best reward 2.70, training model saved.
2026-08-06_07-49-44 Episode 96: New best reward 3.90, training model saved.
2026-08-06_07-50-30 Episode 208: New best reward 4.10, training model saved.
2026-08-06_07-50-33 Episode 216: New best reward 4.90, training model saved.
2026-08-06_07-50-49 Episode 253: New best reward 6.40, training model saved.
2026-08-06_07-50-53 Episode 264: New best reward 8.40, training model saved.
2026-08-06_07-53-51 Episode 658: New best reward 8.70, training model saved.
2026-08-06_07-55-56 Episode 890: New best reward 19.00, training model saved.
2026-08-06_07-57-07 Episode 996: New best reward 22.40, training model saved.
2026-08-06_07-57-10 Episode 1000: New best greedy reward 11.30, model saved.
2026-08-06_08-01-55 Episode 1476: New best reward 29.30, training model saved.
2026-08-06_08-03-36: Training starting...
Device: cuda
2026-08-06_08-03-36 Episode 0: New best reward -8.10, training model saved.
2026-08-06_08-03-36 Episode 0: New best greedy reward 2.00, model saved.
2026-08-06_08-03-37 Episode 1: New best reward -5.70, training model saved.
2026-08-06_08-04-12 Episode 81: New best reward -2.10, training model saved.
2026-08-06_08-05-05 Episode 211: New best reward 2.70, training model saved.
2026-08-06_08-06-10 Episode 360: New best reward 3.90, training model saved.
2026-08-06_08-06-18 Episode 382: New best reward 5.00, training model saved.
2026-08-06_08-08-18 Episode 659: New best reward 6.50, training model saved.
2026-08-06_08-08-57 Episode 751: New best reward 6.60, training model saved.
2026-08-06_08-09-51 Episode 880: New best reward 8.40, training model saved.
2026-08-06_08-10-56 Episode 1028: New best reward 9.40, training model saved.
2026-08-06_08-14-21 Episode 1497: New best reward 12.90, training model saved.
2026-08-06_08-14-52 Episode 1564: New best reward 13.40, training model saved.
2026-08-06_08-18-39: Training starting...
Device: cuda
2026-08-06_08-18-39 Episode 0: New best reward -8.10, training model saved.
2026-08-06_08-18-40 Episode 0: New best greedy reward 2.00, model saved.
2026-08-06_08-18-40 Episode 1: New best reward -5.70, training model saved.
2026-08-06_08-19-15 Episode 81: New best reward -2.10, training model saved.
2026-08-06_08-19-17 Episode 85: New best reward 0.30, training model saved.
2026-08-06_08-19-33 Episode 123: New best reward 3.90, training model saved.
2026-08-06_08-20-14 Episode 218: New best reward 4.30, training model saved.
2026-08-06_08-20-19 Episode 229: New best reward 4.50, training model saved.
2026-08-06_08-20-30 Episode 254: New best reward 4.60, training model saved.
2026-08-06_08-20-39 Episode 273: New best reward 5.00, training model saved.
2026-08-06_08-20-46 Episode 289: New best reward 6.30, training model saved.
2026-08-06_08-21-01 Episode 325: New best reward 6.40, training model saved.
2026-08-06_08-21-15 Episode 356: New best reward 6.80, training model saved.
2026-08-06_08-21-28 Episode 385: New best reward 8.40, training model saved.
2026-08-06_08-22-00 Episode 452: New best reward 8.50, training model saved.
2026-08-06_08-22-28 Episode 513: New best reward 10.60, training model saved.
2026-08-06_08-24-26 Episode 744: New best reward 10.70, training model saved.
2026-08-06_08-24-30 Episode 751: New best reward 11.10, training model saved.
2026-08-06_08-25-08 Episode 819: New best reward 11.20, training model saved.
2026-08-06_08-27-23 Episode 1065: New best reward 13.00, training model saved.
2026-08-06_08-29-33 Episode 1272: New best reward 18.40, training model saved.
2026-08-06_08-30-41 Episode 1369: New best reward 24.80, training model saved.
2026-08-06_08-33-38: Training starting...
Device: cuda
2026-08-06_08-33-38 Episode 0: New best reward -8.10, training model saved.
2026-08-06_08-33-38 Episode 0: New best greedy reward 2.00, model saved.
2026-08-06_08-33-39 Episode 1: New best reward -5.70, training model saved.
2026-08-06_08-34-14 Episode 81: New best reward -2.10, training model saved.
2026-08-06_08-35-47 Episode 299: New best reward 0.90, training model saved.
2026-08-06_08-36-14 Episode 358: New best reward 1.50, training model saved.
2026-08-06_08-36-15 Episode 360: New best reward 3.90, training model saved.
2026-08-06_08-36-23 Episode 382: New best reward 4.80, training model saved.
2026-08-06_08-38-10 Episode 623: New best reward 6.10, training model saved.
2026-08-06_08-39-31 Episode 810: New best reward 8.40, training model saved.
2026-08-06_08-42-10 Episode 1162: New best reward 8.50, training model saved.
2026-08-06_08-44-11 Episode 1422: New best reward 9.00, training model saved.
2026-08-06_08-44-46 Episode 1494: New best reward 10.90, training model saved.
2026-08-06_08-45-35 Episode 1594: New best reward 11.10, training model saved.
2026-08-06_08-46-16 Episode 1662: New best reward 12.90, training model saved.
2026-08-06_08-47-07 Episode 1758: New best reward 15.00, training model saved.
2026-08-06_08-47-38 Episode 1809: New best reward 20.50, training model saved.
2026-08-06_08-48-12 Episode 1865: New best reward 20.70, training model saved.
2026-08-06_08-49-37 Episode 2000: New best greedy reward 6.30, model saved.
2026-08-06_08-51-22 Episode 2158: New best reward 24.90, training model saved.
2026-08-06_08-53-33 Episode 2330: New best reward 43.80, training model saved.
2026-08-06_08-54-34 Episode 2399: New best reward 56.00, training model saved.
2026-08-06_08-59-14 Episode 2644: New best reward 104.50, training model saved.
2026-08-06_09-06-44 Episode 2848: New best reward 115.90, training model saved.
2026-08-06_09-08-04 Episode 2875: New best reward 257.00, training model saved.
2026-08-06_09-13-39 Episode 3000: New best greedy reward 446.90, model saved.
2026-08-06_09-15-39 Episode 3030: New best reward 291.30, training model saved.
2026-08-06_09-18-25: Training starting...
Device: cuda
2026-08-06_09-18-26 Episode 0: New best reward -8.10, training model saved.
2026-08-06_09-18-26 Episode 0: New best greedy reward 2.00, model saved.
2026-08-06_09-18-27 Episode 1: New best reward -5.70, training model saved.
2026-08-06_09-19-01 Episode 81: New best reward -2.10, training model saved.
2026-08-06_09-19-46 Episode 187: New best reward 0.30, training model saved.
2026-08-06_09-19-49 Episode 195: New best reward 2.10, training model saved.
2026-08-06_09-19-55 Episode 211: New best reward 3.30, training model saved.
2026-08-06_09-20-05 Episode 235: New best reward 3.90, training model saved.
2026-08-06_09-20-28 Episode 287: New best reward 4.30, training model saved.
2026-08-06_09-20-52 Episode 338: New best reward 8.40, training model saved.
2026-08-06_09-22-01 Episode 496: New best reward 8.50, training model saved.
2026-08-06_09-22-24 Episode 549: New best reward 8.70, training model saved.
2026-08-06_09-23-12 Episode 654: New best reward 12.90, training model saved.
2026-08-06_09-24-18: Training starting...
Device: cuda
2026-08-06_09-24-19 Episode 0: New best reward -8.10, training model saved.
2026-08-06_09-24-19 Episode 0: New best greedy reward 2.00, model saved.
2026-08-06_09-24-20 Episode 1: New best reward -5.70, training model saved.
2026-08-06_09-24-46 Episode 63: New best reward -4.50, training model saved.
2026-08-06_09-24-50 Episode 73: New best reward -0.90, training model saved.
2026-08-06_09-24-54 Episode 81: New best reward -0.30, training model saved.
2026-08-06_09-24-58 Episode 89: New best reward 0.90, training model saved.
2026-08-06_09-25-00 Episode 96: New best reward 3.90, training model saved.
2026-08-06_09-25-15 Episode 127: New best reward 5.00, training model saved.
2026-08-06_09-26-08 Episode 249: New best reward 8.40, training model saved.
2026-08-06_09-28-17 Episode 537: New best reward 9.00, training model saved.
2026-08-06_09-28-30 Episode 564: New best reward 9.20, training model saved.
2026-08-06_09-28-38 Episode 579: New best reward 12.90, training model saved.
2026-08-06_09-32-03 Episode 1000: New best greedy reward 4.80, model saved.
2026-08-06_09-38-05 Episode 1734: New best reward 14.00, training model saved.
2026-08-06_09-38-06 Episode 1736: New best reward 15.20, training model saved.
2026-08-06_09-38-29 Episode 1769: New best reward 20.10, training model saved.
2026-08-06_09-45-46 Episode 2638: New best reward 22.40, training model saved.
2026-08-06_09-48-40 Episode 3000: New best greedy reward 6.10, model saved.
2026-08-06_10-06-00 Episode 5059: New best reward 26.90, training model saved.
2026-08-06_10-06-20 Episode 5086: New best reward 29.80, training model saved.
2026-08-06_10-06-59 Episode 5144: New best reward 31.90, training model saved.
2026-08-06_10-07-41 Episode 5197: New best reward 43.80, training model saved.
2026-08-06_10-07-57: Training starting...
Device: cuda
2026-08-06_10-07-57 Episode 0: New best reward -8.10, training model saved.
2026-08-06_10-07-57 Episode 0: New best greedy reward 2.00, model saved.
2026-08-06_10-07-58 Episode 1: New best reward -5.70, training model saved.
2026-08-06_10-08-32 Episode 81: New best reward -2.10, training model saved.
2026-08-06_10-10-02 Episode 299: New best reward 1.50, training model saved.
2026-08-06_10-10-29 Episode 360: New best reward 3.90, training model saved.
2026-08-06_10-10-37 Episode 382: New best reward 4.50, training model saved.
2026-08-06_10-11-55 Episode 569: New best reward 4.70, training model saved.
2026-08-06_10-12-23 Episode 634: New best reward 5.00, training model saved.
2026-08-06_10-12-59 Episode 718: New best reward 8.40, training model saved.
2026-08-06_10-13-42: Training starting...
Device: cuda
2026-08-06_10-13-42 Episode 0: New best reward -8.10, training model saved.
2026-08-06_10-13-43 Episode 0: New best greedy reward 2.00, model saved.
2026-08-06_10-13-43 Episode 1: New best reward -5.70, training model saved.
2026-08-06_10-14-12 Episode 73: New best reward -5.10, training model saved.
2026-08-06_10-14-16 Episode 81: New best reward -1.50, training model saved.
2026-08-06_10-14-17 Episode 85: New best reward 0.30, training model saved.
2026-08-06_10-14-48 Episode 162: New best reward 2.10, training model saved.
2026-08-06_10-14-59 Episode 187: New best reward 3.30, training model saved.
2026-08-06_10-15-04 Episode 200: New best reward 3.90, training model saved.
2026-08-06_10-15-24 Episode 248: New best reward 4.30, training model saved.
2026-08-06_10-15-25 Episode 250: New best reward 4.50, training model saved.
2026-08-06_10-15-33 Episode 270: New best reward 8.40, training model saved.
2026-08-06_10-16-24 Episode 384: New best reward 9.00, training model saved.
2026-08-06_10-17-13 Episode 486: New best reward 12.90, training model saved.
2026-08-06_10-18-10 Episode 591: New best reward 13.60, training model saved.
2026-08-06_10-19-21 Episode 712: New best reward 18.40, training model saved.
2026-08-06_10-20-00 Episode 770: New best reward 20.20, training model saved.
2026-08-06_10-20-04 Episode 777: New best reward 20.50, training model saved.
2026-08-06_10-20-06 Episode 778: New best reward 25.20, training model saved.
2026-08-06_10-20-10 Episode 781: New best reward 28.00, training model saved.
2026-08-06_10-20-28 Episode 802: New best reward 39.00, training model saved.
2026-08-06_10-21-07 Episode 845: New best reward 50.40, training model saved.
2026-08-06_10-21-14 Episode 849: New best reward 65.40, training model saved.
2026-08-06_10-22-57 Episode 921: New best reward 69.60, training model saved.
2026-08-06_10-23-23 Episode 936: New best reward 93.00, training model saved.
2026-08-06_10-25-07 Episode 976: New best reward 302.40, training model saved.
2026-08-06_10-26-08 Episode 1000: New best greedy reward 17.90, model saved.
2026-08-06_10-34-59 Episode 1199: New best reward 307.00, training model saved.
2026-08-06_10-35-51 Episode 1203: New best reward 365.80, training model saved.
2026-08-06_10-44-11 Episode 1576: New best reward 410.60, training model saved.
2026-08-06_10-55-55: Training starting...
Device: cuda
2026-08-06_10-55-56 Episode 0: New best reward -8.10, training model saved.
2026-08-06_10-55-56 Episode 0: New best greedy reward 2.00, model saved.
2026-08-06_10-55-56 Episode 1: New best reward -5.70, training model saved.
2026-08-06_10-56-26 Episode 73: New best reward -5.10, training model saved.
2026-08-06_10-56-30 Episode 81: New best reward -1.50, training model saved.
2026-08-06_10-56-32 Episode 85: New best reward 0.30, training model saved.
2026-08-06_10-56-33 Episode 89: New best reward 2.10, training model saved.
2026-08-06_10-56-36 Episode 96: New best reward 3.90, training model saved.
2026-08-06_10-57-03 Episode 162: New best reward 4.80, training model saved.
2026-08-06_10-58-04 Episode 304: New best reward 6.50, training model saved.
2026-08-06_10-58-14 Episode 324: New best reward 8.40, training model saved.
2026-08-06_11-00-09 Episode 567: New best reward 9.40, training model saved.
2026-08-06_11-00-19 Episode 586: New best reward 10.80, training model saved.
2026-08-06_11-00-41 Episode 626: New best reward 11.30, training model saved.
2026-08-06_11-00-51 Episode 644: New best reward 12.90, training model saved.
2026-08-06_11-02-01 Episode 765: New best reward 15.60, training model saved.
2026-08-06_11-02-07 Episode 774: New best reward 18.60, training model saved.
2026-08-06_11-02-11 Episode 779: New best reward 25.10, training model saved.
2026-08-06_11-03-30 Episode 892: New best reward 26.90, training model saved.
2026-08-06_11-03-44 Episode 906: New best reward 48.60, training model saved.
2026-08-06_11-05-04 Episode 1000: New best greedy reward 3.90, model saved.
2026-08-06_11-07-06 Episode 1118: New best reward 95.30, training model saved.
2026-08-06_11-08-02 Episode 1148: New best reward 101.90, training model saved.
2026-08-06_11-08-20 Episode 1154: New best reward 115.90, training model saved.
2026-08-06_11-10-19 Episode 1212: New best reward 174.80, training model saved.
2026-08-06_11-25-28 Episode 2000: New best greedy reward 22.40, model saved.
2026-08-06_11-29-31 Episode 2124: New best reward 269.90, training model saved.
2026-08-06_11-40-09: Training starting...
Device: cuda
2026-08-06_11-40-09 Episode 0: New best reward -8.10, training model saved.
2026-08-06_11-40-09 Episode 0: New best greedy reward 2.00, model saved.
2026-08-06_11-40-10 Episode 1: New best reward -5.70, training model saved.
2026-08-06_11-40-43 Episode 81: New best reward -2.70, training model saved.
2026-08-06_11-40-44 Episode 85: New best reward 0.30, training model saved.
2026-08-06_11-41-15 Episode 162: New best reward 1.50, training model saved.
2026-08-06_11-41-26 Episode 187: New best reward 3.30, training model saved.
2026-08-06_11-41-31 Episode 199: New best reward 3.90, training model saved.
2026-08-06_11-41-53 Episode 254: New best reward 4.40, training model saved.
2026-08-06_11-42-07 Episode 287: New best reward 6.50, training model saved.
2026-08-06_11-42-28 Episode 337: New best reward 8.40, training model saved.
2026-08-06_11-44-05 Episode 562: New best reward 9.10, training model saved.
2026-08-06_11-44-29 Episode 616: New best reward 9.40, training model saved.
2026-08-06_11-45-04: Training starting...
Device: cuda
2026-08-06_11-45-04 Episode 0: New best reward -8.10, training model saved.
2026-08-06_11-45-05 Episode 0: New best greedy reward 2.00, model saved.
2026-08-06_11-45-05 Episode 1: New best reward -5.70, training model saved.
2026-08-06_11-45-37 Episode 81: New best reward -2.10, training model saved.
2026-08-06_11-45-39 Episode 85: New best reward 0.30, training model saved.
2026-08-06_11-45-41 Episode 89: New best reward 0.90, training model saved.
2026-08-06_11-45-43 Episode 96: New best reward 3.90, training model saved.
2026-08-06_11-46-34 Episode 218: New best reward 4.60, training model saved.
2026-08-06_11-46-38 Episode 229: New best reward 8.40, training model saved.
2026-08-06_11-50-08: Training starting...
Device: cuda
2026-08-06_11-50-09 Episode 0: New best reward -8.10, training model saved.
2026-08-06_11-50-09 Episode 0: New best greedy reward 2.00, model saved.
2026-08-06_11-50-09 Episode 1: New best reward -5.70, training model saved.
2026-08-06_11-50-42 Episode 81: New best reward -2.70, training model saved.
2026-08-06_11-50-59 Episode 123: New best reward -1.50, training model saved.
2026-08-06_11-51-12 Episode 155: New best reward -0.30, training model saved.
2026-08-06_11-51-15 Episode 162: New best reward 0.30, training model saved.
2026-08-06_11-51-25 Episode 187: New best reward 2.70, training model saved.
2026-08-06_11-51-31 Episode 200: New best reward 3.90, training model saved.
2026-08-06_11-51-51 Episode 250: New best reward 4.10, training model saved.
2026-08-06_11-52-08 Episode 290: New best reward 4.40, training model saved.
2026-08-06_11-52-10 Episode 296: New best reward 5.00, training model saved.
2026-08-06_11-52-25 Episode 330: New best reward 6.00, training model saved.
2026-08-06_11-53-20 Episode 464: New best reward 8.40, training model saved.
2026-08-06_11-53-34 Episode 496: New best reward 8.60, training model saved.
2026-08-06_11-53-56 Episode 544: New best reward 10.50, training model saved.
2026-08-06_11-55-04: Training starting...
Device: cuda
2026-08-06_11-55-04 Episode 0: New best reward -8.10, training model saved.
2026-08-06_11-55-05 Episode 0: New best greedy reward 2.00, model saved.
2026-08-06_11-55-05 Episode 1: New best reward -5.70, training model saved.
2026-08-06_11-55-31 Episode 63: New best reward -2.10, training model saved.
2026-08-06_11-55-34 Episode 73: New best reward -0.30, training model saved.
2026-08-06_11-55-40 Episode 85: New best reward 3.30, training model saved.
2026-08-06_11-55-42 Episode 89: New best reward 3.90, training model saved.
2026-08-06_11-55-56 Episode 123: New best reward 4.40, training model saved.
2026-08-06_11-56-00 Episode 132: New best reward 6.10, training model saved.
2026-08-06_11-56-28 Episode 199: New best reward 8.40, training model saved.
2026-08-06_11-57-13 Episode 302: New best reward 8.50, training model saved.
2026-08-06_11-58-22 Episode 437: New best reward 13.10, training model saved.
2026-08-06_12-01-01 Episode 710: New best reward 20.80, training model saved.
2026-08-06_12-01-36 Episode 760: New best reward 23.30, training model saved.
2026-08-06_12-02-01 Episode 793: New best reward 25.30, training model saved.
2026-08-06_12-02-48 Episode 846: New best reward 46.60, training model saved.
2026-08-06_12-05-12 Episode 1000: New best greedy reward 3.90, model saved.
2026-08-06_12-06-42 Episode 1079: New best reward 85.30, training model saved.
2026-08-06_12-12-39 Episode 1325: New best reward 87.90, training model saved.
2026-08-06_12-14-04 Episode 1373: New best reward 171.90, training model saved.
2026-08-06_12-19-11 Episode 1486: New best reward 176.40, training model saved.
2026-08-06_12-31-14 Episode 1886: New best reward 176.80, training model saved.
2026-08-06_12-34-50 Episode 1964: New best reward 278.90, training model saved.
2026-08-06_12-37-14: Training starting...
Device: cuda
2026-08-06_12-37-15 Episode 0: New best reward -8.10, training model saved.
2026-08-06_12-37-15 Episode 0: New best greedy reward 2.00, model saved.
2026-08-06_12-37-15 Episode 1: New best reward -5.70, training model saved.
2026-08-06_12-37-48 Episode 81: New best reward -2.10, training model saved.
2026-08-06_12-37-50 Episode 85: New best reward 0.30, training model saved.
2026-08-06_12-38-31 Episode 187: New best reward 2.70, training model saved.
2026-08-06_12-38-37 Episode 200: New best reward 3.90, training model saved.
2026-08-06_12-39-04 Episode 266: New best reward 4.20, training model saved.
2026-08-06_12-39-30 Episode 330: New best reward 6.60, training model saved.
2026-08-06_12-39-39 Episode 351: New best reward 8.60, training model saved.
2026-08-06_12-44-30 Episode 1000: New best greedy reward 4.20, model saved.
2026-08-06_12-44-39 Episode 1013: New best reward 9.00, training model saved.
2026-08-06_12-44-45 Episode 1024: New best reward 12.90, training model saved.
2026-08-06_12-48-34 Episode 1395: New best reward 15.80, training model saved.
2026-08-06_12-48-59 Episode 1428: New best reward 24.70, training model saved.
2026-08-06_12-49-10 Episode 1441: New best reward 37.20, training model saved.
2026-08-06_12-49-49 Episode 1485: New best reward 39.30, training model saved.
2026-08-06_12-50-25 Episode 1521: New best reward 40.90, training model saved.
2026-08-06_12-50-41 Episode 1534: New best reward 55.50, training model saved.
2026-08-06_12-51-20 Episode 1559: New best reward 73.90, training model saved.
2026-08-06_12-54-35 Episode 1752: New best reward 94.80, training model saved.
2026-08-06_12-56-24 Episode 1813: New best reward 139.20, training model saved.
2026-08-06_12-57-10 Episode 1831: New best reward 246.50, training model saved.
2026-08-06_13-03-23 Episode 1943: New best reward 307.80, training model saved.
2026-08-06_13-05-04 Episode 1968: New best reward 321.90, training model saved.
2026-08-06_13-10-40 Episode 2085: New best reward 533.30, training model saved.
2026-08-06_13-12-35 Episode 2094: New best reward 741.40, training model saved.
2026-08-06_13-15-56 Episode 2111: New best reward 922.90, training model saved.
2026-08-06_13-18-35: Training starting...
Device: cuda
2026-08-06_13-18-36 Episode 0: New best reward -8.10, training model saved.
2026-08-06_13-18-36 Episode 0: New best greedy reward 2.00, model saved.
2026-08-06_13-18-37 Episode 1: New best reward -5.70, training model saved.
2026-08-06_13-19-09 Episode 81: New best reward -2.70, training model saved.
2026-08-06_13-19-11 Episode 85: New best reward 0.30, training model saved.
2026-08-06_13-19-42 Episode 162: New best reward 3.30, training model saved.
2026-08-06_13-20-14 Episode 243: New best reward 3.90, training model saved.
2026-08-06_13-20-18 Episode 250: New best reward 4.30, training model saved.
2026-08-06_13-20-36 Episode 296: New best reward 4.70, training model saved.
2026-08-06_13-20-42 Episode 310: New best reward 4.90, training model saved.
2026-08-06_13-20-43 Episode 311: New best reward 6.10, training model saved.
2026-08-06_13-21-02 Episode 359: New best reward 6.50, training model saved.
2026-08-06_13-21-35 Episode 440: New best reward 6.80, training model saved.
2026-08-06_13-22-15 Episode 534: New best reward 8.40, training model saved.
2026-08-06_13-22-48 Episode 607: New best reward 9.20, training model saved.
2026-08-06_13-23-07 Episode 649: New best reward 11.30, training model saved.
2026-08-06_13-23-16 Episode 668: New best reward 12.90, training model saved.
2026-08-06_13-23-29: Training starting...
Device: cuda
2026-08-06_13-23-29 Episode 0: New best reward -8.10, training model saved.
2026-08-06_13-23-30 Episode 0: New best greedy reward 2.00, model saved.
2026-08-06_13-23-30 Episode 1: New best reward -5.70, training model saved.
2026-08-06_13-24-03 Episode 81: New best reward -2.10, training model saved.
2026-08-06_13-24-04 Episode 85: New best reward 0.30, training model saved.
2026-08-06_13-24-46 Episode 187: New best reward 0.90, training model saved.
2026-08-06_13-24-49 Episode 195: New best reward 2.10, training model saved.
2026-08-06_13-24-55 Episode 211: New best reward 3.30, training model saved.
2026-08-06_13-25-05 Episode 235: New best reward 3.90, training model saved.
2026-08-06_13-25-47 Episode 338: New best reward 4.00, training model saved.
2026-08-06_13-25-48 Episode 339: New best reward 4.90, training model saved.
2026-08-06_13-26-05 Episode 382: New best reward 6.50, training model saved.
2026-08-06_13-26-35 Episode 455: New best reward 6.60, training model saved.
2026-08-06_13-27-24 Episode 569: New best reward 8.40, training model saved.
2026-08-06_13-27-55 Episode 645: New best reward 9.30, training model saved.
2026-08-06_13-28-17 Episode 694: New best reward 12.90, training model saved.
2026-08-06_13-38-05: Training starting...
Device: cuda
2026-08-06_13-38-06 Episode 0: New best reward -8.10, training model saved.
2026-08-06_13-38-06 Episode 0: New best greedy reward 2.00, model saved.
2026-08-06_13-38-06 Episode 1: New best reward -5.70, training model saved.
2026-08-06_13-38-32 Episode 63: New best reward -2.10, training model saved.
2026-08-06_13-38-36 Episode 73: New best reward -0.30, training model saved.
2026-08-06_13-38-41 Episode 85: New best reward 0.30, training model saved.
2026-08-06_13-38-43 Episode 89: New best reward 3.30, training model saved.
2026-08-06_13-38-46 Episode 96: New best reward 3.90, training model saved.
2026-08-06_13-38-58 Episode 123: New best reward 4.00, training model saved.
2026-08-06_13-39-01 Episode 131: New best reward 6.10, training model saved.
2026-08-06_13-39-19 Episode 176: New best reward 8.40, training model saved.
2026-08-06_13-41-21 Episode 454: New best reward 8.90, training model saved.
2026-08-06_13-43-01 Episode 649: New best reward 9.00, training model saved.
2026-08-06_13-43-07 Episode 662: New best reward 10.60, training model saved.
2026-08-06_13-44-02 Episode 763: New best reward 10.70, training model saved.
2026-08-06_13-44-11 Episode 779: New best reward 10.90, training model saved.
2026-08-06_13-44-13 Episode 782: New best reward 11.70, training model saved.
2026-08-06_13-45-33 Episode 930: New best reward 12.90, training model saved.
2026-08-06_13-46-16 Episode 1000: New best greedy reward 8.80, model saved.
2026-08-06_13-46-25 Episode 1013: New best reward 23.10, training model saved.
2026-08-06_13-47-30 Episode 1110: New best reward 25.10, training model saved.
2026-08-06_13-48-27 Episode 1185: New best reward 32.30, training model saved.
2026-08-06_13-49-23 Episode 1260: New best reward 42.10, training model saved.
2026-08-06_13-51-08 Episode 1383: New best reward 64.40, training model saved.
2026-08-06_13-52-11: Training starting...
Device: cuda
2026-08-06_13-52-11 Episode 0: New best reward -8.10, training model saved.
2026-08-06_13-52-11 Episode 0: New best greedy reward 2.00, model saved.
2026-08-06_13-52-12 Episode 1: New best reward -5.70, training model saved.
2026-08-06_13-52-45 Episode 81: New best reward -2.70, training model saved.
2026-08-06_13-52-46 Episode 85: New best reward 0.30, training model saved.
2026-08-06_13-53-02 Episode 123: New best reward 3.90, training model saved.
2026-08-06_13-53-18 Episode 162: New best reward 4.00, training model saved.
2026-08-06_13-53-45 Episode 225: New best reward 4.50, training model saved.
2026-08-06_13-53-55 Episode 249: New best reward 8.40, training model saved.
2026-08-06_13-55-38 Episode 474: New best reward 8.60, training model saved.
2026-08-06_13-57-12 Episode 640: New best reward 12.90, training model saved.
2026-08-06_13-59-15 Episode 830: New best reward 22.40, training model saved.
2026-08-06_13-59-38 Episode 861: New best reward 23.20, training model saved.
2026-08-06_13-59-44 Episode 866: New best reward 40.90, training model saved.
2026-08-06_14-01-45 Episode 1000: New best greedy reward 2.20, model saved.
2026-08-06_14-02-14 Episode 1026: New best reward 41.80, training model saved.
2026-08-06_14-02-18 Episode 1028: New best reward 43.30, training model saved.
2026-08-06_14-02-44 Episode 1048: New best reward 74.30, training model saved.
2026-08-06_14-03-38 Episode 1075: New best reward 102.70, training model saved.
2026-08-06_14-04-14 Episode 1099: New best reward 123.10, training model saved.
2026-08-06_14-05-16 Episode 1116: New best reward 289.50, training model saved.
2026-08-06_14-17-08 Episode 1388: New best reward 312.00, training model saved.
2026-08-06_14-21-12 Episode 1451: New best reward 572.90, training model saved.
2026-08-06_14-26-17 Episode 1496: New best reward 683.30, training model saved.
2026-08-06_14-34-22: Training starting...
Device: cuda
2026-08-06_14-34-22 Episode 0: New best reward -8.10, training model saved.
2026-08-06_14-34-22 Episode 0: New best greedy reward 2.00, model saved.
2026-08-06_14-34-23 Episode 1: New best reward -5.70, training model saved.
2026-08-06_14-34-47 Episode 62: New best reward -5.10, training model saved.
2026-08-06_14-34-48 Episode 63: New best reward -1.50, training model saved.
2026-08-06_14-34-52 Episode 73: New best reward -0.30, training model saved.
2026-08-06_14-34-56 Episode 81: New best reward 0.30, training model saved.
2026-08-06_14-34-57 Episode 85: New best reward 3.90, training model saved.
2026-08-06_14-35-13 Episode 123: New best reward 4.40, training model saved.
2026-08-06_14-35-39 Episode 189: New best reward 4.50, training model saved.
2026-08-06_14-35-40 Episode 190: New best reward 10.70, training model saved.
2026-08-06_14-35-45 Episode 200: New best reward 10.90, training model saved.
2026-08-06_14-37-35 Episode 441: New best reward 13.20, training model saved.
2026-08-06_14-41-05 Episode 867: New best reward 19.10, training model saved.
2026-08-06_14-41-21 Episode 892: New best reward 23.60, training model saved.
2026-08-06_14-42-30 Episode 1000: New best greedy reward 4.40, model saved.
2026-08-06_14-43-16 Episode 1071: New best reward 27.30, training model saved.
2026-08-06_14-44-00 Episode 1134: New best reward 29.20, training model saved.
2026-08-06_14-45-35 Episode 1265: New best reward 38.80, training model saved.
2026-08-06_14-48-21 Episode 1450: New best reward 55.90, training model saved.
2026-08-06_14-49-30 Episode 1505: New best reward 71.10, training model saved.
2026-08-06_14-55-27 Episode 1793: New best reward 162.40, training model saved.
2026-08-06_14-57-24 Episode 1820: New best reward 222.90, training model saved.
2026-08-06_14-58-17 Episode 1828: New best reward 297.90, training model saved.
2026-08-06_14-59-32 Episode 1842: New best reward 415.00, training model saved.
2026-08-06_15-02-11 Episode 1863: New best reward 435.80, training model saved.
2026-08-06_15-04-17 Episode 1874: New best reward 652.40, training model saved.
2026-08-06_15-09-31 Episode 1911: New best reward 770.10, training model saved.
2026-08-06_15-15-19 Episode 1988: New best reward 1050.00, training model saved.
2026-08-06_15-15-58: Training starting...
Device: cuda
2026-08-06_15-15-59 Episode 0: New best reward -8.10, training model saved.
2026-08-06_15-15-59 Episode 0: New best greedy reward 2.00, model saved.
2026-08-06_15-16-00 Episode 1: New best reward -5.70, training model saved.
2026-08-06_15-16-33 Episode 81: New best reward -2.70, training model saved.
2026-08-06_15-16-34 Episode 85: New best reward 0.30, training model saved.
2026-08-06_15-16-43 Episode 106: New best reward 2.10, training model saved.
2026-08-06_15-16-50 Episode 123: New best reward 4.50, training model saved.
2026-08-06_15-17-13 Episode 180: New best reward 8.40, training model saved.
2026-08-06_15-18-16 Episode 323: New best reward 13.80, training model saved.
2026-08-06_15-20-56: Training starting...
Device: cuda
2026-08-06_15-20-57 Episode 0: New best reward -8.10, training model saved.
2026-08-06_15-20-57 Episode 0: New best greedy reward 2.00, model saved.
2026-08-06_15-20-57 Episode 1: New best reward -5.70, training model saved.
2026-08-06_15-21-29 Episode 81: New best reward -2.10, training model saved.
2026-08-06_15-21-31 Episode 85: New best reward 0.30, training model saved.
2026-08-06_15-22-51 Episode 287: New best reward 2.10, training model saved.
2026-08-06_15-22-56 Episode 299: New best reward 3.90, training model saved.
2026-08-06_15-23-08 Episode 329: New best reward 4.20, training model saved.
2026-08-06_15-23-15 Episode 345: New best reward 4.70, training model saved.
2026-08-06_15-23-29 Episode 382: New best reward 4.90, training model saved.
2026-08-06_15-23-42 Episode 412: New best reward 6.80, training model saved.
2026-08-06_15-24-06 Episode 472: New best reward 8.40, training model saved.
2026-08-06_15-26-26: Training starting...
Device: cuda
2026-08-06_15-26-26 Episode 0: New best reward -8.10, training model saved.
2026-08-06_15-26-27 Episode 0: New best greedy reward 2.00, model saved.
2026-08-06_15-26-27 Episode 1: New best reward -5.70, training model saved.
2026-08-06_15-26-56 Episode 73: New best reward -5.10, training model saved.
2026-08-06_15-26-59 Episode 81: New best reward -2.10, training model saved.
2026-08-06_15-27-01 Episode 85: New best reward 0.30, training model saved.
2026-08-06_15-27-45 Episode 195: New best reward 2.10, training model saved.
2026-08-06_15-27-52 Episode 211: New best reward 2.70, training model saved.
2026-08-06_15-27-57 Episode 223: New best reward 3.90, training model saved.
2026-08-06_15-28-23 Episode 287: New best reward 4.30, training model saved.
2026-08-06_15-28-37 Episode 325: New best reward 4.40, training model saved.
2026-08-06_15-28-44 Episode 341: New best reward 4.60, training model saved.
2026-08-06_15-28-59 Episode 377: New best reward 6.80, training model saved.
2026-08-06_15-31-24 Episode 733: New best reward 8.40, training model saved.
2026-08-06_15-31-25: Training starting...
Device: cuda
2026-08-06_15-31-26 Episode 0: New best reward -8.10, training model saved.
2026-08-06_15-31-26 Episode 0: New best greedy reward 2.00, model saved.
2026-08-06_15-31-26 Episode 1: New best reward -5.70, training model saved.
2026-08-06_15-31-52 Episode 63: New best reward -5.10, training model saved.
2026-08-06_15-31-59 Episode 81: New best reward -1.50, training model saved.
2026-08-06_15-32-01 Episode 85: New best reward 0.30, training model saved.
2026-08-06_15-32-02 Episode 89: New best reward 2.70, training model saved.
2026-08-06_15-32-05 Episode 96: New best reward 3.90, training model saved.
2026-08-06_15-32-17 Episode 123: New best reward 4.40, training model saved.
2026-08-06_15-32-44 Episode 190: New best reward 4.50, training model saved.
2026-08-06_15-32-47 Episode 197: New best reward 8.40, training model saved.
2026-08-06_15-33-29 Episode 294: New best reward 8.60, training model saved.
2026-08-06_15-34-16 Episode 403: New best reward 10.50, training model saved.
2026-08-06_15-34-39 Episode 453: New best reward 12.90, training model saved.
2026-08-06_15-35-27 Episode 562: New best reward 15.30, training model saved.
2026-08-06_15-36-20: Training starting...
Device: cuda
2026-08-06_15-36-21 Episode 0: New best reward -8.10, training model saved.
2026-08-06_15-36-21 Episode 0: New best greedy reward 2.00, model saved.
2026-08-06_15-36-22 Episode 1: New best reward -5.70, training model saved.
2026-08-06_15-36-52 Episode 73: New best reward -5.10, training model saved.
2026-08-06_15-36-56 Episode 81: New best reward -1.50, training model saved.
2026-08-06_15-36-57 Episode 85: New best reward 0.30, training model saved.
2026-08-06_15-36-59 Episode 89: New best reward 2.10, training model saved.
2026-08-06_15-37-14 Episode 123: New best reward 3.90, training model saved.
2026-08-06_15-37-30 Episode 162: New best reward 4.00, training model saved.
2026-08-06_15-37-45 Episode 198: New best reward 4.30, training model saved.
2026-08-06_15-37-52 Episode 211: New best reward 4.50, training model saved.
2026-08-06_15-37-56 Episode 222: New best reward 6.40, training model saved.
2026-08-06_15-38-10 Episode 252: New best reward 6.80, training model saved.
2026-08-06_15-38-15 Episode 263: New best reward 8.40, training model saved.
2026-08-06_15-41-32: Training starting...
Device: cuda
2026-08-06_15-41-32 Episode 0: New best reward -8.10, training model saved.
2026-08-06_15-41-32 Episode 0: New best greedy reward 2.00, model saved.
2026-08-06_15-41-33 Episode 1: New best reward -5.70, training model saved.
2026-08-06_15-42-05 Episode 81: New best reward -2.10, training model saved.
2026-08-06_15-42-06 Episode 85: New best reward 0.30, training model saved.
2026-08-06_15-42-57 Episode 211: New best reward 1.50, training model saved.
2026-08-06_15-43-28 Episode 287: New best reward 2.10, training model saved.
2026-08-06_15-43-28 Episode 288: New best reward 3.90, training model saved.
2026-08-06_15-44-06 Episode 382: New best reward 4.30, training model saved.
2026-08-06_15-44-22 Episode 422: New best reward 6.40, training model saved.
2026-08-06_15-44-41 Episode 467: New best reward 8.80, training model saved.
2026-08-06_15-46-30: Training starting...
Device: cuda
2026-08-06_15-46-31 Episode 0: New best reward -8.10, training model saved.
2026-08-06_15-46-31 Episode 0: New best greedy reward 2.00, model saved.
2026-08-06_15-46-31 Episode 1: New best reward -5.70, training model saved.
2026-08-06_15-47-05 Episode 81: New best reward -2.10, training model saved.
2026-08-06_15-47-06 Episode 85: New best reward 0.30, training model saved.
2026-08-06_15-47-59 Episode 211: New best reward 1.50, training model saved.
2026-08-06_15-48-11 Episode 243: New best reward 3.90, training model saved.
2026-08-06_15-49-00 Episode 361: New best reward 4.20, training model saved.
2026-08-06_15-49-10 Episode 382: New best reward 5.00, training model saved.
2026-08-06_15-49-26 Episode 422: New best reward 6.40, training model saved.
2026-08-06_15-49-51 Episode 481: New best reward 8.40, training model saved.
2026-08-06_15-50-59 Episode 632: New best reward 9.50, training model saved.
2026-08-06_15-54-34 Episode 1000: New best greedy reward 8.40, model saved.
2026-08-06_15-55-30 Episode 1090: New best reward 12.90, training model saved.
2026-08-06_15-58-18 Episode 1346: New best reward 17.90, training model saved.
2026-08-06_15-58-42 Episode 1382: New best reward 22.40, training model saved.
2026-08-06_15-58-47 Episode 1385: New best reward 23.30, training model saved.
2026-08-06_15-59-36 Episode 1453: New best reward 23.50, training model saved.
2026-08-06_15-59-39 Episode 1455: New best reward 27.50, training model saved.
2026-08-06_15-59-55 Episode 1472: New best reward 34.60, training model saved.
2026-08-06_16-00-13 Episode 1486: New best reward 50.90, training model saved.
2026-08-06_16-01-23 Episode 1539: New best reward 64.90, training model saved.
2026-08-06_16-03-10 Episode 1608: New best reward 85.20, training model saved.
2026-08-06_16-05-10 Episode 1665: New best reward 104.70, training model saved.
2026-08-06_16-05-18 Episode 1666: New best reward 113.10, training model saved.
2026-08-06_16-11-13 Episode 1827: New best reward 135.40, training model saved.
2026-08-06_16-12-14 Episode 1843: New best reward 138.90, training model saved.
2026-08-06_16-13-20 Episode 1860: New best reward 277.30, training model saved.
2026-08-06_16-17-21 Episode 2000: New best greedy reward 15.30, model saved.
2026-08-06_16-20-41 Episode 2063: New best reward 298.80, training model saved.
2026-08-06_16-23-12 Episode 2110: New best reward 317.30, training model saved.
2026-08-06_16-28-21: Training starting...
Device: cuda
2026-08-06_16-28-21 Episode 0: New best reward -8.10, training model saved.
2026-08-06_16-28-22 Episode 0: New best greedy reward 2.00, model saved.
2026-08-06_16-28-22 Episode 1: New best reward -5.70, training model saved.
2026-08-06_16-28-51 Episode 73: New best reward -4.50, training model saved.
2026-08-06_16-28-55 Episode 81: New best reward -1.50, training model saved.
2026-08-06_16-28-57 Episode 85: New best reward 0.30, training model saved.
2026-08-06_16-28-58 Episode 89: New best reward 1.50, training model saved.
2026-08-06_16-29-13 Episode 123: New best reward 3.90, training model saved.
2026-08-06_16-29-48 Episode 211: New best reward 6.80, training model saved.
2026-08-06_16-29-50 Episode 215: New best reward 8.40, training model saved.
2026-08-06_16-31-21 Episode 432: New best reward 9.10, training model saved.
2026-08-06_16-33-11 Episode 656: New best reward 9.20, training model saved.
2026-08-06_16-33-16 Episode 666: New best reward 10.90, training model saved.
2026-08-06_16-33-24 Episode 678: New best reward 13.30, training model saved.
2026-08-06_16-33-51 Episode 727: New best reward 15.30, training model saved.
2026-08-06_16-34-21 Episode 774: New best reward 19.00, training model saved.
2026-08-06_16-34-24 Episode 778: New best reward 32.80, training model saved.
2026-08-06_16-35-26 Episode 861: New best reward 41.30, training model saved.
2026-08-06_16-37-25 Episode 1000: New best greedy reward 3.90, model saved.
2026-08-06_16-37-35 Episode 1008: New best reward 46.80, training model saved.
2026-08-06_16-39-21 Episode 1121: New best reward 54.90, training model saved.
2026-08-06_16-39-33 Episode 1128: New best reward 56.00, training model saved.
2026-08-06_16-40-32 Episode 1174: New best reward 80.70, training model saved.
2026-08-06_16-42-31: Training starting...
Device: cuda
2026-08-06_16-42-31 Episode 0: New best reward -8.10, training model saved.
2026-08-06_16-42-31 Episode 0: New best greedy reward 2.00, model saved.
2026-08-06_16-42-32 Episode 1: New best reward -5.70, training model saved.
2026-08-06_16-43-05 Episode 81: New best reward -1.50, training model saved.
2026-08-06_16-43-06 Episode 85: New best reward 0.30, training model saved.
2026-08-06_16-43-22 Episode 123: New best reward 3.90, training model saved.
2026-08-06_16-43-37 Episode 162: New best reward 4.00, training model saved.
2026-08-06_16-43-58 Episode 211: New best reward 4.50, training model saved.
2026-08-06_16-44-11 Episode 242: New best reward 4.60, training model saved.
2026-08-06_16-44-39 Episode 311: New best reward 4.70, training model saved.
2026-08-06_16-44-58 Episode 356: New best reward 6.80, training model saved.
2026-08-06_16-44-59 Episode 358: New best reward 8.40, training model saved.
2026-08-06_16-45-49 Episode 471: New best reward 10.90, training model saved.
2026-08-06_16-46-15 Episode 525: New best reward 11.30, training model saved.
2026-08-06_16-46-48 Episode 590: New best reward 13.00, training model saved.
2026-08-06_16-49-06 Episode 879: New best reward 13.20, training model saved.
2026-08-06_16-49-07 Episode 880: New best reward 14.00, training model saved.
2026-08-06_16-49-21 Episode 902: New best reward 22.70, training model saved.
2026-08-06_16-49-30 Episode 917: New best reward 27.60, training model saved.
2026-08-06_16-50-27 Episode 1000: New best greedy reward 13.90, model saved.
2026-08-06_16-51-23 Episode 1081: New best reward 36.40, training model saved.
2026-08-06_16-51-55 Episode 1119: New best reward 51.50, training model saved.
2026-08-06_16-55-21 Episode 1334: New best reward 55.80, training model saved.
2026-08-06_16-55-50 Episode 1352: New best reward 131.00, training model saved.
2026-08-06_16-56-53 Episode 1387: New best reward 134.40, training model saved.
2026-08-06_16-57-48 Episode 1408: New best reward 177.20, training model saved.
2026-08-06_17-04-36 Episode 1549: New best reward 265.20, training model saved.
2026-08-06_17-05-53 Episode 1567: New best reward 298.10, training model saved.
2026-08-06_17-11-02 Episode 1672: New best reward 308.10, training model saved.
2026-08-06_17-14-10 Episode 1711: New best reward 347.00, training model saved.
2026-08-06_17-14-55 Episode 1724: New best reward 376.90, training model saved.
2026-08-06_17-24-37: Training starting...
Device: cuda
2026-08-06_17-24-37 Episode 0: New best reward -8.10, training model saved.
2026-08-06_17-24-38 Episode 0: New best greedy reward 2.00, model saved.
2026-08-06_17-24-38 Episode 1: New best reward -5.70, training model saved.
2026-08-06_17-25-11 Episode 81: New best reward -2.10, training model saved.
2026-08-06_17-26-39 Episode 299: New best reward -0.30, training model saved.
2026-08-06_17-27-03 Episode 358: New best reward 1.50, training model saved.
2026-08-06_17-27-04 Episode 360: New best reward 2.10, training model saved.
2026-08-06_17-27-21 Episode 405: New best reward 3.90, training model saved.
2026-08-06_17-28-28 Episode 569: New best reward 4.00, training model saved.
2026-08-06_17-28-48 Episode 617: New best reward 4.10, training model saved.
2026-08-06_17-29-33 Episode 728: New best reward 8.40, training model saved.
2026-08-06_17-35-30 Episode 1577: New best reward 9.30, training model saved.
2026-08-06_17-37-02 Episode 1768: New best reward 10.60, training model saved.
2026-08-06_17-37-13 Episode 1789: New best reward 12.90, training model saved.
2026-08-06_17-38-33 Episode 1936: New best reward 17.90, training model saved.
2026-08-06_17-39-02: Training starting...
Device: cuda
2026-08-06_17-39-02 Episode 0: New best reward -8.10, training model saved.
2026-08-06_17-39-03 Episode 0: New best greedy reward 2.00, model saved.
2026-08-06_17-39-03 Episode 1: New best reward -5.70, training model saved.
2026-08-06_17-39-29 Episode 63: New best reward -2.10, training model saved.
2026-08-06_17-39-33 Episode 73: New best reward -0.30, training model saved.
2026-08-06_17-39-38 Episode 85: New best reward 0.30, training model saved.
2026-08-06_17-39-39 Episode 89: New best reward 2.70, training model saved.
2026-08-06_17-39-42 Episode 96: New best reward 3.90, training model saved.
2026-08-06_17-39-54 Episode 123: New best reward 4.00, training model saved.
2026-08-06_17-39-57 Episode 131: New best reward 8.40, training model saved.
2026-08-06_17-41-06 Episode 289: New best reward 8.90, training model saved.
2026-08-06_17-41-25 Episode 328: New best reward 9.00, training model saved.
2026-08-06_17-43-07 Episode 526: New best reward 9.20, training model saved.
2026-08-06_17-45-28 Episode 789: New best reward 11.30, training model saved.
2026-08-06_17-46-14 Episode 868: New best reward 23.40, training model saved.
2026-08-06_17-47-38 Episode 1000: New best greedy reward 6.30, model saved.
2026-08-06_17-48-06 Episode 1037: New best reward 23.60, training model saved.
2026-08-06_17-48-15 Episode 1046: New best reward 27.30, training model saved.
2026-08-06_17-49-53 Episode 1186: New best reward 34.50, training model saved.
2026-08-06_17-50-07 Episode 1199: New best reward 39.20, training model saved.
2026-08-06_17-50-36 Episode 1224: New best reward 71.10, training model saved.
2026-08-06_17-50-59 Episode 1234: New best reward 116.20, training model saved.
2026-08-06_17-53-15: Training starting...
Device: cuda
2026-08-06_17-53-15 Episode 0: New best reward -8.10, training model saved.
2026-08-06_17-53-16 Episode 0: New best greedy reward 2.00, model saved.
2026-08-06_17-53-16 Episode 1: New best reward -5.70, training model saved.
2026-08-06_17-53-48 Episode 81: New best reward -2.10, training model saved.
2026-08-06_17-55-17 Episode 299: New best reward 1.50, training model saved.
2026-08-06_17-55-41 Episode 358: New best reward 3.90, training model saved.
2026-08-06_17-55-51 Episode 382: New best reward 4.50, training model saved.
2026-08-06_17-56-08 Episode 421: New best reward 4.70, training model saved.
2026-08-06_17-56-41 Episode 502: New best reward 8.40, training model saved.
2026-08-06_17-57-17 Episode 584: New best reward 8.50, training model saved.
2026-08-06_17-58-51: Training starting...
Device: cuda
2026-08-06_17-58-52 Episode 0: New best reward -8.10, training model saved.
2026-08-06_17-58-52 Episode 0: New best greedy reward 2.00, model saved.
2026-08-06_17-58-52 Episode 1: New best reward -5.70, training model saved.
2026-08-06_17-59-25 Episode 81: New best reward -1.50, training model saved.
2026-08-06_17-59-27 Episode 85: New best reward 0.30, training model saved.
2026-08-06_17-59-29 Episode 89: New best reward 0.90, training model saved.
2026-08-06_17-59-31 Episode 96: New best reward 2.10, training model saved.
2026-08-06_17-59-43 Episode 123: New best reward 3.90, training model saved.
2026-08-06_18-00-13 Episode 199: New best reward 4.10, training model saved.
2026-08-06_18-00-20 Episode 213: New best reward 4.40, training model saved.
2026-08-06_18-00-25 Episode 227: New best reward 4.80, training model saved.
2026-08-06_18-00-32 Episode 244: New best reward 6.80, training model saved.
2026-08-06_18-02-55 Episode 576: New best reward 8.40, training model saved.
2026-08-06_18-03-08 Episode 603: New best reward 11.00, training model saved.
2026-08-06_18-03-15 Episode 617: New best reward 11.20, training model saved.
2026-08-06_18-03-57: Training starting...
Device: cuda
2026-08-06_18-03-57 Episode 0: New best reward -8.10, training model saved.
2026-08-06_18-03-57 Episode 0: New best greedy reward 2.00, model saved.
2026-08-06_18-03-58 Episode 1: New best reward -5.70, training model saved.
2026-08-06_18-04-32 Episode 81: New best reward -2.10, training model saved.
2026-08-06_18-05-02 Episode 155: New best reward -1.50, training model saved.
2026-08-06_18-05-27 Episode 211: New best reward 1.50, training model saved.
2026-08-06_18-05-40 Episode 243: New best reward 3.90, training model saved.
2026-08-06_18-06-40 Episode 382: New best reward 4.10, training model saved.
2026-08-06_18-06-58 Episode 423: New best reward 4.70, training model saved.
2026-08-06_18-07-08 Episode 449: New best reward 6.40, training model saved.
2026-08-06_18-08-52 Episode 689: New best reward 8.40, training model saved.
2026-08-06_18-11-09 Episode 1000: New best greedy reward 3.90, model saved.
2026-08-06_18-13-07 Episode 1255: New best reward 8.90, training model saved.
2026-08-06_18-15-39 Episode 1571: New best reward 12.90, training model saved.
2026-08-06_18-18-57: Training starting...
Device: cuda
2026-08-06_18-18-57 Episode 0: New best reward -8.10, training model saved.
2026-08-06_18-18-57 Episode 0: New best greedy reward 2.00, model saved.
2026-08-06_18-18-58 Episode 1: New best reward -5.70, training model saved.
2026-08-06_18-19-23 Episode 63: New best reward -3.90, training model saved.
2026-08-06_18-19-27 Episode 73: New best reward -0.30, training model saved.
2026-08-06_18-19-32 Episode 85: New best reward 0.30, training model saved.
2026-08-06_18-19-34 Episode 89: New best reward 1.50, training model saved.
2026-08-06_18-19-37 Episode 96: New best reward 3.90, training model saved.
2026-08-06_18-20-03 Episode 162: New best reward 4.00, training model saved.
2026-08-06_18-20-11 Episode 180: New best reward 4.20, training model saved.
2026-08-06_18-20-32 Episode 230: New best reward 6.50, training model saved.
2026-08-06_18-20-49 Episode 272: New best reward 6.60, training model saved.
2026-08-06_18-20-53 Episode 281: New best reward 8.40, training model saved.
2026-08-06_18-21-05 Episode 305: New best reward 9.20, training model saved.
2026-08-06_18-21-43 Episode 384: New best reward 9.40, training model saved.
2026-08-06_18-22-44 Episode 499: New best reward 12.90, training model saved.
2026-08-06_18-23-08 Episode 537: New best reward 15.70, training model saved.
2026-08-06_18-23-41 Episode 590: New best reward 22.40, training model saved.
2026-08-06_18-23-56 Episode 611: New best reward 25.20, training model saved.
2026-08-06_18-24-56 Episode 690: New best reward 34.20, training model saved.
2026-08-06_18-27-44 Episode 1000: New best greedy reward 6.60, model saved.
2026-08-06_18-29-55 Episode 1175: New best reward 41.00, training model saved.
2026-08-06_18-31-21 Episode 1255: New best reward 48.80, training model saved.
2026-08-06_18-31-41 Episode 1273: New best reward 71.40, training model saved.
2026-08-06_18-32-25 Episode 1296: New best reward 113.40, training model saved.
2026-08-06_18-33-30 Episode 1331: New best reward 121.00, training model saved.
2026-08-06_18-40-22 Episode 1877: New best reward 132.50, training model saved.
2026-08-06_18-40-31 Episode 1878: New best reward 140.10, training model saved.
2026-08-06_18-41-20 Episode 1893: New best reward 174.60, training model saved.
2026-08-06_18-44-12 Episode 1961: New best reward 265.20, training model saved.
2026-08-06_18-46-40 Episode 1986: New best reward 368.10, training model saved.
2026-08-06_18-48-10 Episode 2000: New best greedy reward 23.20, model saved.
2026-08-06_18-51-28 Episode 2053: New best reward 370.80, training model saved.
2026-08-06_18-52-35 Episode 2068: New best reward 387.00, training model saved.
2026-08-06_19-02-49: Training starting...
Device: cuda
2026-08-06_19-02-49 Episode 0: New best reward -8.10, training model saved.
2026-08-06_19-02-49 Episode 0: New best greedy reward 2.00, model saved.
2026-08-06_19-02-50 Episode 1: New best reward -5.70, training model saved.
2026-08-06_19-03-08 Episode 40: New best reward -1.50, training model saved.
2026-08-06_19-03-18 Episode 63: New best reward 1.50, training model saved.
2026-08-06_19-03-18 Episode 64: New best reward 3.90, training model saved.
2026-08-06_19-03-32 Episode 96: New best reward 4.70, training model saved.
2026-08-06_19-05-22 Episode 340: New best reward 6.10, training model saved.
2026-08-06_19-05-23 Episode 341: New best reward 6.40, training model saved.
2026-08-06_19-05-36 Episode 367: New best reward 8.40, training model saved.
2026-08-06_19-10-26 Episode 1000: New best greedy reward 3.90, model saved.
2026-08-06_19-18-03 Episode 2000: New best greedy reward 4.60, model saved.
2026-08-06_19-48-36: Training starting...
Device: cuda
2026-08-06_19-48-37 Episode 0: New best reward -8.10, training model saved.
2026-08-06_19-48-37 Episode 0: New best greedy reward 2.00, model saved.
2026-08-06_19-48-37 Episode 1: New best reward -5.70, training model saved.
2026-08-06_19-49-02 Episode 63: New best reward -3.30, training model saved.
2026-08-06_19-49-06 Episode 73: New best reward -0.90, training model saved.
2026-08-06_19-49-12 Episode 85: New best reward 0.90, training model saved.
2026-08-06_19-49-13 Episode 89: New best reward 2.70, training model saved.
2026-08-06_19-49-16 Episode 96: New best reward 3.90, training model saved.
2026-08-06_19-49-43 Episode 162: New best reward 4.20, training model saved.
2026-08-06_19-50-03 Episode 208: New best reward 9.40, training model saved.
2026-08-06_19-53-31 Episode 668: New best reward 11.30, training model saved.
2026-08-06_19-54-18 Episode 756: New best reward 15.20, training model saved.
2026-08-06_19-55-00 Episode 832: New best reward 19.10, training model saved.
2026-08-06_19-55-30 Episode 877: New best reward 20.40, training model saved.
2026-08-06_19-55-33 Episode 880: New best reward 22.40, training model saved.
2026-08-06_19-55-37 Episode 886: New best reward 27.90, training model saved.
2026-08-06_19-56-06 Episode 919: New best reward 29.30, training model saved.
2026-08-06_19-56-27 Episode 938: New best reward 34.60, training model saved.
2026-08-06_19-56-30 Episode 939: New best reward 38.60, training model saved.
2026-08-06_19-57-32 Episode 1000: New best greedy reward 29.70, model saved.
2026-08-06_19-57-54 Episode 1019: New best reward 43.10, training model saved.
2026-08-06_19-58-06 Episode 1027: New best reward 62.20, training model saved.
2026-08-06_19-58-44 Episode 1053: New best reward 94.90, training model saved.
2026-08-06_20-02-06 Episode 1206: New best reward 125.30, training model saved.
2026-08-06_20-06-14 Episode 1299: New best reward 177.50, training model saved.
2026-08-06_20-09-41 Episode 1352: New best reward 293.80, training model saved.
2026-08-06_20-15-16 Episode 1441: New best reward 344.40, training model saved.
2026-08-06_20-22-16 Episode 1566: New best reward 362.90, training model saved.
2026-08-06_20-24-56 Episode 1598: New best reward 381.90, training model saved.
2026-08-06_20-26-16 Episode 1607: New best reward 547.80, training model saved.
[worker] done. total trials in study: 400
2026-08-06_06-46-24: Training starting...
Device: cuda
2026-08-06_06-46-32 Episode 0: New best reward -8.10, training model saved.
2026-08-06_06-46-32 Episode 0: New best greedy reward 2.00, model saved.
2026-08-06_06-46-32 Episode 1: New best reward -5.70, training model saved.
2026-08-06_06-47-07 Episode 81: New best reward -2.10, training model saved.
2026-08-06_06-47-53 Episode 187: New best reward -0.30, training model saved.
2026-08-06_06-48-02 Episode 211: New best reward 2.70, training model saved.
2026-08-06_06-48-15 Episode 243: New best reward 3.90, training model saved.
2026-08-06_06-48-56 Episode 329: New best reward 4.00, training model saved.
2026-08-06_06-49-17 Episode 381: New best reward 6.00, training model saved.
2026-08-06_06-49-31 Episode 408: New best reward 6.30, training model saved.
2026-08-06_06-49-44 Episode 441: New best reward 8.40, training model saved.
2026-08-06_06-52-29: Training starting...
Device: cuda
2026-08-06_06-52-30 Episode 0: New best reward -8.10, training model saved.
2026-08-06_06-52-30 Episode 0: New best greedy reward 2.00, model saved.
2026-08-06_06-52-30 Episode 1: New best reward -5.70, training model saved.
2026-08-06_06-53-04 Episode 81: New best reward -2.10, training model saved.
2026-08-06_06-53-05 Episode 85: New best reward 0.30, training model saved.
2026-08-06_06-53-07 Episode 89: New best reward 2.70, training model saved.
2026-08-06_06-53-10 Episode 96: New best reward 3.90, training model saved.
2026-08-06_06-53-23 Episode 127: New best reward 4.20, training model saved.
2026-08-06_06-53-57 Episode 208: New best reward 4.30, training model saved.
2026-08-06_06-53-58 Episode 211: New best reward 4.70, training model saved.
2026-08-06_06-53-59 Episode 213: New best reward 6.70, training model saved.
2026-08-06_06-54-15 Episode 253: New best reward 8.80, training model saved.
2026-08-06_06-55-42 Episode 452: New best reward 10.50, training model saved.
2026-08-06_06-56-22 Episode 531: New best reward 10.80, training model saved.
2026-08-06_06-56-36 Episode 554: New best reward 12.90, training model saved.
2026-08-06_06-58-56 Episode 796: New best reward 13.50, training model saved.
2026-08-06_07-00-26 Episode 939: New best reward 13.70, training model saved.
2026-08-06_07-02-39 Episode 1118: New best reward 15.60, training model saved.
2026-08-06_07-03-15 Episode 1162: New best reward 15.70, training model saved.
2026-08-06_07-03-28 Episode 1180: New best reward 18.40, training model saved.
2026-08-06_07-03-39 Episode 1193: New best reward 25.00, training model saved.
2026-08-06_07-04-24 Episode 1245: New best reward 27.50, training model saved.
2026-08-06_07-05-48 Episode 1324: New best reward 69.50, training model saved.
2026-08-06_07-06-39 Episode 1353: New best reward 81.30, training model saved.
2026-08-06_07-09-26 Episode 1447: New best reward 90.40, training model saved.
2026-08-06_07-10-29 Episode 1474: New best reward 150.80, training model saved.
2026-08-06_07-20-44 Episode 1737: New best reward 213.90, training model saved.
2026-08-06_07-21-21 Episode 1741: New best reward 363.40, training model saved.
2026-08-06_07-34-31: Training starting...
Device: cuda
2026-08-06_07-34-32 Episode 0: New best reward -8.10, training model saved.
2026-08-06_07-34-32 Episode 0: New best greedy reward 2.00, model saved.
2026-08-06_07-34-33 Episode 1: New best reward -5.70, training model saved.
2026-08-06_07-35-06 Episode 81: New best reward -2.10, training model saved.
2026-08-06_07-35-59 Episode 211: New best reward 2.70, training model saved.
2026-08-06_07-37-02 Episode 360: New best reward 3.90, training model saved.
2026-08-06_07-38-30 Episode 569: New best reward 4.50, training model saved.
2026-08-06_07-39-27 Episode 703: New best reward 6.60, training model saved.
2026-08-06_07-41-15 Episode 960: New best reward 8.40, training model saved.
2026-08-06_07-45-50 Episode 1568: New best reward 10.70, training model saved.
2026-08-06_07-46-10 Episode 1607: New best reward 12.90, training model saved.
2026-08-06_07-46-40 Episode 1666: New best reward 13.60, training model saved.
2026-08-06_07-47-12 Episode 1724: New best reward 22.40, training model saved.
2026-08-06_07-51-54 Episode 2207: New best reward 22.90, training model saved.
2026-08-06_07-53-15 Episode 2329: New best reward 25.30, training model saved.
2026-08-06_07-53-49 Episode 2379: New best reward 26.90, training model saved.
2026-08-06_07-54-51 Episode 2465: New best reward 43.20, training model saved.
2026-08-06_07-55-13 Episode 2494: New best reward 43.30, training model saved.
2026-08-06_07-57-37 Episode 2654: New best reward 53.10, training model saved.
2026-08-06_07-59-12 Episode 2737: New best reward 64.90, training model saved.
2026-08-06_08-03-15 Episode 2932: New best reward 73.90, training model saved.
2026-08-06_08-04-33 Episode 2981: New best reward 93.10, training model saved.
2026-08-06_08-05-23 Episode 3000: New best greedy reward 361.30, model saved.
2026-08-06_08-07-12 Episode 3059: New best reward 93.50, training model saved.
2026-08-06_08-07-51 Episode 3077: New best reward 95.10, training model saved.
2026-08-06_08-08-01 Episode 3080: New best reward 97.60, training model saved.
2026-08-06_08-10-33 Episode 3145: New best reward 153.90, training model saved.
2026-08-06_08-12-54 Episode 3196: New best reward 233.20, training model saved.
2026-08-06_08-16-34 Episode 3254: New best reward 269.90, training model saved.
2026-08-06_08-21-02: Training starting...
Device: cuda
2026-08-06_08-21-02 Episode 0: New best reward -8.10, training model saved.
2026-08-06_08-21-03 Episode 0: New best greedy reward 2.00, model saved.
2026-08-06_08-21-03 Episode 1: New best reward -5.70, training model saved.
2026-08-06_08-21-37 Episode 81: New best reward -2.70, training model saved.
2026-08-06_08-22-02 Episode 144: New best reward -1.50, training model saved.
2026-08-06_08-22-07 Episode 155: New best reward -0.30, training model saved.
2026-08-06_08-22-09 Episode 162: New best reward 4.00, training model saved.
2026-08-06_08-22-48 Episode 254: New best reward 4.50, training model saved.
2026-08-06_08-22-59 Episode 282: New best reward 6.20, training model saved.
2026-08-06_08-23-02 Episode 288: New best reward 9.10, training model saved.
2026-08-06_08-25-07 Episode 583: New best reward 9.50, training model saved.
2026-08-06_08-25-58: Training starting...
Device: cuda
2026-08-06_08-25-59 Episode 0: New best reward -8.10, training model saved.
2026-08-06_08-25-59 Episode 0: New best greedy reward 2.00, model saved.
2026-08-06_08-25-59 Episode 1: New best reward -5.70, training model saved.
2026-08-06_08-26-29 Episode 73: New best reward -5.10, training model saved.
2026-08-06_08-26-33 Episode 81: New best reward -1.50, training model saved.
2026-08-06_08-26-34 Episode 85: New best reward 0.30, training model saved.
2026-08-06_08-26-36 Episode 89: New best reward 2.10, training model saved.
2026-08-06_08-26-39 Episode 96: New best reward 3.90, training model saved.
2026-08-06_08-26-50 Episode 123: New best reward 6.10, training model saved.
2026-08-06_08-27-12 Episode 174: New best reward 8.40, training model saved.
2026-08-06_08-28-08 Episode 303: New best reward 11.30, training model saved.
2026-08-06_08-29-58 Episode 540: New best reward 12.90, training model saved.
2026-08-06_08-31-17 Episode 698: New best reward 13.40, training model saved.
2026-08-06_08-31-20 Episode 703: New best reward 13.60, training model saved.
2026-08-06_08-32-01 Episode 774: New best reward 13.90, training model saved.
2026-08-06_08-32-23 Episode 813: New best reward 17.90, training model saved.
2026-08-06_08-32-35 Episode 830: New best reward 20.20, training model saved.
2026-08-06_08-33-04 Episode 867: New best reward 23.60, training model saved.
2026-08-06_08-33-26 Episode 892: New best reward 24.70, training model saved.
2026-08-06_08-33-54 Episode 923: New best reward 29.10, training model saved.
2026-08-06_08-34-11 Episode 943: New best reward 34.50, training model saved.
2026-08-06_08-34-29 Episode 958: New best reward 46.20, training model saved.
2026-08-06_08-35-01 Episode 983: New best reward 68.90, training model saved.
2026-08-06_08-35-25 Episode 1000: New best greedy reward 20.40, model saved.
2026-08-06_08-35-42 Episode 1007: New best reward 74.40, training model saved.
2026-08-06_08-38-12 Episode 1134: New best reward 75.10, training model saved.
2026-08-06_08-39-06 Episode 1174: New best reward 159.00, training model saved.
2026-08-06_08-46-36 Episode 1403: New best reward 320.90, training model saved.
2026-08-06_08-56-45 Episode 1578: New best reward 517.00, training model saved.
2026-08-06_09-08-50: Training starting...
Device: cuda
2026-08-06_09-08-50 Episode 0: New best reward -8.10, training model saved.
2026-08-06_09-08-50 Episode 0: New best greedy reward 2.00, model saved.
2026-08-06_09-08-51 Episode 1: New best reward -5.70, training model saved.
2026-08-06_09-09-25 Episode 81: New best reward -2.70, training model saved.
2026-08-06_09-09-42 Episode 123: New best reward -0.30, training model saved.
2026-08-06_09-09-54 Episode 151: New best reward 3.90, training model saved.
2026-08-06_09-10-26 Episode 226: New best reward 8.40, training model saved.
2026-08-06_09-12-46 Episode 556: New best reward 9.50, training model saved.
2026-08-06_09-12-55 Episode 574: New best reward 13.60, training model saved.
2026-08-06_09-23-17: Training starting...
Device: cuda
2026-08-06_09-23-17 Episode 0: New best reward -8.10, training model saved.
2026-08-06_09-23-17 Episode 0: New best greedy reward 2.00, model saved.
2026-08-06_09-23-18 Episode 1: New best reward -5.70, training model saved.
2026-08-06_09-23-48 Episode 73: New best reward -5.10, training model saved.
2026-08-06_09-23-53 Episode 81: New best reward -2.10, training model saved.
2026-08-06_09-23-54 Episode 85: New best reward 0.30, training model saved.
2026-08-06_09-23-56 Episode 89: New best reward 2.70, training model saved.
2026-08-06_09-23-59 Episode 96: New best reward 3.90, training model saved.
2026-08-06_09-24-27 Episode 162: New best reward 4.30, training model saved.
2026-08-06_09-24-50 Episode 211: New best reward 6.00, training model saved.
2026-08-06_09-24-56 Episode 226: New best reward 8.40, training model saved.
2026-08-06_09-26-39 Episode 455: New best reward 11.20, training model saved.
2026-08-06_09-30-22 Episode 877: New best reward 11.30, training model saved.
2026-08-06_09-31-27 Episode 980: New best reward 13.70, training model saved.
2026-08-06_09-31-41 Episode 1000: New best greedy reward 6.50, model saved.
2026-08-06_09-34-19 Episode 1227: New best reward 22.40, training model saved.
2026-08-06_09-35-54 Episode 1360: New best reward 22.60, training model saved.
2026-08-06_09-37-04 Episode 1453: New best reward 22.90, training model saved.
2026-08-06_09-37-27 Episode 1484: New best reward 23.10, training model saved.
2026-08-06_09-38-13 Episode 1537: New best reward 23.40, training model saved.
2026-08-06_09-38-26: Training starting...
Device: cuda
2026-08-06_09-38-26 Episode 0: New best reward -8.10, training model saved.
2026-08-06_09-38-26 Episode 0: New best greedy reward 2.00, model saved.
2026-08-06_09-38-27 Episode 1: New best reward -5.70, training model saved.
2026-08-06_09-39-01 Episode 81: New best reward -2.10, training model saved.
2026-08-06_09-39-03 Episode 85: New best reward 0.30, training model saved.
2026-08-06_09-39-34 Episode 162: New best reward 1.50, training model saved.
2026-08-06_09-39-48 Episode 195: New best reward 2.10, training model saved.
2026-08-06_09-39-55 Episode 211: New best reward 3.30, training model saved.
2026-08-06_09-39-56 Episode 214: New best reward 3.90, training model saved.
2026-08-06_09-40-18 Episode 266: New best reward 4.20, training model saved.
2026-08-06_09-40-27 Episode 287: New best reward 4.70, training model saved.
2026-08-06_09-40-56 Episode 358: New best reward 6.30, training model saved.
2026-08-06_09-41-24 Episode 423: New best reward 8.40, training model saved.
2026-08-06_09-42-57 Episode 637: New best reward 11.30, training model saved.
2026-08-06_09-43-35: Training starting...
Device: cuda
2026-08-06_09-43-35 Episode 0: New best reward -8.10, training model saved.
2026-08-06_09-43-35 Episode 0: New best greedy reward 2.00, model saved.
2026-08-06_09-43-36 Episode 1: New best reward -5.70, training model saved.
2026-08-06_09-44-03 Episode 63: New best reward -5.10, training model saved.
2026-08-06_09-44-11 Episode 81: New best reward -1.50, training model saved.
2026-08-06_09-44-13 Episode 85: New best reward 0.30, training model saved.
2026-08-06_09-44-14 Episode 89: New best reward 2.10, training model saved.
2026-08-06_09-44-29 Episode 123: New best reward 3.90, training model saved.
2026-08-06_09-44-46 Episode 162: New best reward 4.10, training model saved.
2026-08-06_09-45-08 Episode 211: New best reward 4.60, training model saved.
2026-08-06_09-45-25 Episode 248: New best reward 6.60, training model saved.
2026-08-06_09-45-38 Episode 279: New best reward 6.70, training model saved.
2026-08-06_09-45-44 Episode 292: New best reward 8.40, training model saved.
2026-08-06_09-45-52 Episode 307: New best reward 9.10, training model saved.
2026-08-06_09-46-00 Episode 322: New best reward 11.20, training model saved.
2026-08-06_09-48-51 Episode 650: New best reward 12.90, training model saved.
2026-08-06_09-52-29 Episode 1000: New best greedy reward 8.40, model saved.
2026-08-06_09-52-50 Episode 1030: New best reward 13.40, training model saved.
2026-08-06_09-53-59 Episode 1128: New best reward 15.60, training model saved.
2026-08-06_09-58-19 Episode 1476: New best reward 17.90, training model saved.
2026-08-06_09-58-34: Training starting...
Device: cuda
2026-08-06_09-58-34 Episode 0: New best reward -8.10, training model saved.
2026-08-06_09-58-35 Episode 0: New best greedy reward 2.00, model saved.
2026-08-06_09-58-35 Episode 1: New best reward -5.70, training model saved.
2026-08-06_09-59-08 Episode 81: New best reward -2.70, training model saved.
2026-08-06_09-59-10 Episode 85: New best reward 0.30, training model saved.
2026-08-06_09-59-41 Episode 162: New best reward 3.90, training model saved.
2026-08-06_10-00-20 Episode 254: New best reward 4.40, training model saved.
2026-08-06_10-00-30 Episode 277: New best reward 4.80, training model saved.
2026-08-06_10-00-41 Episode 302: New best reward 8.40, training model saved.
2026-08-06_10-01-32 Episode 422: New best reward 9.50, training model saved.
2026-08-06_10-02-35 Episode 562: New best reward 13.10, training model saved.
2026-08-06_10-03-32: Training starting...
Device: cuda
2026-08-06_10-03-32 Episode 0: New best reward -8.10, training model saved.
2026-08-06_10-03-32 Episode 0: New best greedy reward 2.00, model saved.
2026-08-06_10-03-33 Episode 1: New best reward -5.70, training model saved.
2026-08-06_10-04-06 Episode 81: New best reward -2.10, training model saved.
2026-08-06_10-04-39 Episode 162: New best reward -0.30, training model saved.
2026-08-06_10-05-00 Episode 211: New best reward 3.30, training model saved.
2026-08-06_10-05-09 Episode 235: New best reward 3.90, training model saved.
2026-08-06_10-05-16 Episode 250: New best reward 4.60, training model saved.
2026-08-06_10-05-32 Episode 287: New best reward 8.40, training model saved.
2026-08-06_10-06-33 Episode 434: New best reward 12.90, training model saved.
2026-08-06_10-07-18 Episode 537: New best reward 17.90, training model saved.
2026-08-06_10-08-38: Training starting...
Device: cuda
2026-08-06_10-08-38 Episode 0: New best reward -8.10, training model saved.
2026-08-06_10-08-38 Episode 0: New best greedy reward 2.00, model saved.
2026-08-06_10-08-39 Episode 1: New best reward -5.70, training model saved.
2026-08-06_10-09-12 Episode 81: New best reward -2.10, training model saved.
2026-08-06_10-09-14 Episode 85: New best reward 0.30, training model saved.
2026-08-06_10-09-46 Episode 162: New best reward 1.50, training model saved.
2026-08-06_10-10-07 Episode 211: New best reward 3.30, training model saved.
2026-08-06_10-10-16 Episode 235: New best reward 3.90, training model saved.
2026-08-06_10-10-39 Episode 286: New best reward 4.10, training model saved.
2026-08-06_10-10-39 Episode 287: New best reward 4.90, training model saved.
2026-08-06_10-11-08 Episode 358: New best reward 6.30, training model saved.
2026-08-06_10-11-19 Episode 381: New best reward 6.40, training model saved.
2026-08-06_10-11-36 Episode 419: New best reward 6.50, training model saved.
2026-08-06_10-11-38 Episode 425: New best reward 8.40, training model saved.
2026-08-06_10-12-48 Episode 582: New best reward 11.10, training model saved.
2026-08-06_10-13-28 Episode 674: New best reward 12.90, training model saved.
2026-08-06_10-13-50: Training starting...
Device: cuda
2026-08-06_10-13-50 Episode 0: New best reward -8.10, training model saved.
2026-08-06_10-13-50 Episode 0: New best greedy reward 2.00, model saved.
2026-08-06_10-13-51 Episode 1: New best reward -5.70, training model saved.
2026-08-06_10-14-20 Episode 73: New best reward -5.10, training model saved.
2026-08-06_10-14-24 Episode 81: New best reward -1.50, training model saved.
2026-08-06_10-14-25 Episode 85: New best reward 0.30, training model saved.
2026-08-06_10-14-27 Episode 89: New best reward 2.10, training model saved.
2026-08-06_10-14-30 Episode 96: New best reward 3.90, training model saved.
2026-08-06_10-14-41 Episode 123: New best reward 4.40, training model saved.
2026-08-06_10-15-04 Episode 179: New best reward 6.50, training model saved.
2026-08-06_10-15-07 Episode 185: New best reward 8.40, training model saved.
2026-08-06_10-16-17 Episode 334: New best reward 9.00, training model saved.
2026-08-06_10-18-10 Episode 545: New best reward 14.00, training model saved.
2026-08-06_10-18-50 Episode 607: New best reward 22.40, training model saved.
2026-08-06_10-19-25 Episode 656: New best reward 37.00, training model saved.
2026-08-06_10-19-41 Episode 673: New best reward 50.90, training model saved.
2026-08-06_10-20-27 Episode 730: New best reward 55.40, training model saved.
2026-08-06_10-21-47 Episode 791: New best reward 60.30, training model saved.
2026-08-06_10-22-46 Episode 867: New best reward 62.20, training model saved.
2026-08-06_10-23-56 Episode 926: New best reward 69.40, training model saved.
2026-08-06_10-24-10 Episode 930: New best reward 134.40, training model saved.
2026-08-06_10-24-32 Episode 939: New best reward 153.10, training model saved.
2026-08-06_10-26-03 Episode 972: New best reward 167.70, training model saved.
2026-08-06_10-26-37 Episode 987: New best reward 246.70, training model saved.
2026-08-06_10-27-23 Episode 1000: New best greedy reward 41.00, model saved.
2026-08-06_10-34-14 Episode 1269: New best reward 292.90, training model saved.
2026-08-06_10-48-06 Episode 1614: New best reward 312.00, training model saved.
2026-08-06_10-52-07 Episode 1661: New best reward 316.50, training model saved.
2026-08-06_10-52-53 Episode 1669: New best reward 499.60, training model saved.
2026-08-06_10-53-53 Episode 1671: New best reward 754.90, training model saved.
2026-08-06_10-57-25: Training starting...
Device: cuda
2026-08-06_10-57-25 Episode 0: New best reward -8.10, training model saved.
2026-08-06_10-57-25 Episode 0: New best greedy reward 2.00, model saved.
2026-08-06_10-57-26 Episode 1: New best reward -5.70, training model saved.
2026-08-06_10-57-51 Episode 63: New best reward -2.10, training model saved.
2026-08-06_10-57-55 Episode 73: New best reward -0.30, training model saved.
2026-08-06_10-58-00 Episode 85: New best reward 0.30, training model saved.
2026-08-06_10-58-02 Episode 89: New best reward 3.30, training model saved.
2026-08-06_10-58-05 Episode 96: New best reward 3.90, training model saved.
2026-08-06_10-58-16 Episode 123: New best reward 4.00, training model saved.
2026-08-06_10-58-20 Episode 133: New best reward 4.50, training model saved.
2026-08-06_10-58-21 Episode 135: New best reward 4.60, training model saved.
2026-08-06_10-58-35 Episode 172: New best reward 6.30, training model saved.
2026-08-06_10-58-39 Episode 180: New best reward 6.40, training model saved.
2026-08-06_10-58-49 Episode 203: New best reward 8.40, training model saved.
2026-08-06_10-58-51 Episode 206: New best reward 12.90, training model saved.
2026-08-06_11-00-26 Episode 409: New best reward 22.40, training model saved.
2026-08-06_11-02-39 Episode 642: New best reward 22.60, training model saved.
2026-08-06_11-02-56 Episode 661: New best reward 27.80, training model saved.
2026-08-06_11-03-54 Episode 740: New best reward 29.10, training model saved.
2026-08-06_11-03-56 Episode 741: New best reward 34.80, training model saved.
2026-08-06_11-07-07 Episode 1000: New best greedy reward 6.40, model saved.
2026-08-06_11-08-26 Episode 1118: New best reward 41.10, training model saved.
2026-08-06_11-08-54 Episode 1146: New best reward 48.80, training model saved.
2026-08-06_11-09-41 Episode 1196: New best reward 69.50, training model saved.
2026-08-06_11-11-14 Episode 1259: New best reward 111.30, training model saved.
2026-08-06_11-14-39 Episode 1372: New best reward 127.80, training model saved.
2026-08-06_11-15-17 Episode 1386: New best reward 186.10, training model saved.
2026-08-06_11-15-37 Episode 1388: New best reward 191.00, training model saved.
2026-08-06_11-16-45 Episode 1410: New best reward 253.10, training model saved.
2026-08-06_11-29-58 Episode 1746: New best reward 270.60, training model saved.
2026-08-06_11-30-43 Episode 1751: New best reward 425.10, training model saved.
2026-08-06_11-39-08: Training starting...
Device: cuda
2026-08-06_11-39-09 Episode 0: New best reward -8.10, training model saved.
2026-08-06_11-39-09 Episode 0: New best greedy reward 2.00, model saved.
2026-08-06_11-39-09 Episode 1: New best reward -5.70, training model saved.
2026-08-06_11-39-35 Episode 63: New best reward -2.10, training model saved.
2026-08-06_11-39-39 Episode 73: New best reward -0.30, training model saved.
2026-08-06_11-39-43 Episode 84: New best reward 0.90, training model saved.
2026-08-06_11-39-44 Episode 85: New best reward 3.90, training model saved.
2026-08-06_11-39-55 Episode 113: New best reward 4.00, training model saved.
2026-08-06_11-39-56 Episode 116: New best reward 4.40, training model saved.
2026-08-06_11-40-00 Episode 123: New best reward 4.90, training model saved.
2026-08-06_11-40-04 Episode 132: New best reward 9.20, training model saved.
2026-08-06_11-41-54 Episode 376: New best reward 10.60, training model saved.
2026-08-06_11-43-03 Episode 513: New best reward 11.20, training model saved.
2026-08-06_11-44-06 Episode 626: New best reward 11.30, training model saved.
2026-08-06_11-44-15 Episode 639: New best reward 17.90, training model saved.
2026-08-06_11-45-18 Episode 742: New best reward 22.40, training model saved.
2026-08-06_11-48-18 Episode 1000: New best greedy reward 22.40, model saved.
2026-08-06_11-48-57 Episode 1052: New best reward 24.70, training model saved.
2026-08-06_11-49-17 Episode 1076: New best reward 28.10, training model saved.
2026-08-06_11-49-45 Episode 1103: New best reward 29.60, training model saved.
2026-08-06_11-49-57 Episode 1110: New best reward 41.60, training model saved.
2026-08-06_11-51-21 Episode 1185: New best reward 83.60, training model saved.
2026-08-06_11-56-36 Episode 1376: New best reward 144.80, training model saved.
2026-08-06_11-59-58 Episode 1456: New best reward 177.00, training model saved.
2026-08-06_12-07-02 Episode 1654: New best reward 191.30, training model saved.
2026-08-06_12-20-53: Training starting...
Device: cuda
2026-08-06_12-20-54 Episode 0: New best reward -8.10, training model saved.
2026-08-06_12-20-54 Episode 0: New best greedy reward 2.00, model saved.
2026-08-06_12-20-54 Episode 1: New best reward -5.70, training model saved.
2026-08-06_12-21-26 Episode 81: New best reward -2.10, training model saved.
2026-08-06_12-22-18 Episode 211: New best reward 1.50, training model saved.
2026-08-06_12-22-49 Episode 287: New best reward 2.10, training model saved.
2026-08-06_12-22-53 Episode 299: New best reward 2.70, training model saved.
2026-08-06_12-23-06 Episode 329: New best reward 3.90, training model saved.
2026-08-06_12-23-27 Episode 382: New best reward 4.50, training model saved.
2026-08-06_12-24-04 Episode 472: New best reward 4.70, training model saved.
2026-08-06_12-24-09 Episode 485: New best reward 6.60, training model saved.
2026-08-06_12-24-53 Episode 590: New best reward 8.40, training model saved.
2026-08-06_12-27-10 Episode 907: New best reward 12.90, training model saved.
2026-08-06_12-30-24 Episode 1259: New best reward 13.30, training model saved.
2026-08-06_12-30-35 Episode 1275: New best reward 22.40, training model saved.
2026-08-06_12-32-00 Episode 1391: New best reward 23.50, training model saved.
2026-08-06_12-32-47 Episode 1454: New best reward 29.40, training model saved.
2026-08-06_12-33-11 Episode 1478: New best reward 50.40, training model saved.
2026-08-06_12-34-33 Episode 1543: New best reward 68.90, training model saved.
2026-08-06_12-38-23 Episode 1703: New best reward 93.60, training model saved.
2026-08-06_12-40-33 Episode 1768: New best reward 169.40, training model saved.
2026-08-06_12-44-35 Episode 1852: New best reward 235.30, training model saved.
2026-08-06_12-47-52 Episode 1924: New best reward 308.00, training model saved.
2026-08-06_12-51-10 Episode 2000: New best greedy reward 36.40, model saved.
2026-08-06_12-57-17 Episode 2075: New best reward 383.10, training model saved.
2026-08-06_12-58-16 Episode 2080: New best reward 407.70, training model saved.
2026-08-06_13-06-37: Training starting...
Device: cuda
2026-08-06_13-06-37 Episode 0: New best reward -8.10, training model saved.
2026-08-06_13-06-37 Episode 0: New best greedy reward 2.00, model saved.
2026-08-06_13-06-38 Episode 1: New best reward -5.70, training model saved.
2026-08-06_13-07-10 Episode 81: New best reward -2.10, training model saved.
2026-08-06_13-08-01 Episode 211: New best reward 1.50, training model saved.
2026-08-06_13-08-32 Episode 287: New best reward 2.10, training model saved.
2026-08-06_13-08-36 Episode 299: New best reward 2.70, training model saved.
2026-08-06_13-08-39 Episode 305: New best reward 3.90, training model saved.
2026-08-06_13-09-10 Episode 382: New best reward 4.50, training model saved.
2026-08-06_13-09-51 Episode 485: New best reward 4.70, training model saved.
2026-08-06_13-12-02 Episode 809: New best reward 6.50, training model saved.
2026-08-06_13-14-11 Episode 1122: New best reward 6.70, training model saved.
2026-08-06_13-14-49 Episode 1209: New best reward 7.80, training model saved.
2026-08-06_13-14-50 Episode 1211: New best reward 8.40, training model saved.
2026-08-06_13-14-57 Episode 1224: New best reward 11.00, training model saved.
2026-08-06_13-15-31 Episode 1296: New best reward 11.20, training model saved.
2026-08-06_13-17-12 Episode 1507: New best reward 12.90, training model saved.
2026-08-06_13-19-11 Episode 1732: New best reward 15.10, training model saved.
2026-08-06_13-19-54 Episode 1798: New best reward 22.40, training model saved.
2026-08-06_13-19-58 Episode 1805: New best reward 23.40, training model saved.
2026-08-06_13-20-04 Episode 1812: New best reward 26.90, training model saved.
2026-08-06_13-20-38 Episode 1851: New best reward 31.90, training model saved.
2026-08-06_13-20-59: Training starting...
Device: cuda
2026-08-06_13-20-59 Episode 0: New best reward -8.10, training model saved.
2026-08-06_13-20-59 Episode 0: New best greedy reward 2.00, model saved.
2026-08-06_13-21-00 Episode 1: New best reward -5.70, training model saved.
2026-08-06_13-21-18 Episode 46: New best reward -3.90, training model saved.
2026-08-06_13-21-22 Episode 56: New best reward -3.30, training model saved.
2026-08-06_13-21-25 Episode 63: New best reward -0.90, training model saved.
2026-08-06_13-21-29 Episode 73: New best reward 1.50, training model saved.
2026-08-06_13-21-35 Episode 85: New best reward 3.90, training model saved.
2026-08-06_13-21-50 Episode 123: New best reward 4.10, training model saved.
2026-08-06_13-21-51 Episode 124: New best reward 6.10, training model saved.
2026-08-06_13-21-56 Episode 136: New best reward 8.40, training model saved.
2026-08-06_13-23-13 Episode 309: New best reward 9.10, training model saved.
2026-08-06_13-25-57 Episode 614: New best reward 9.40, training model saved.
2026-08-06_13-26-17 Episode 648: New best reward 12.90, training model saved.
2026-08-06_13-26-46 Episode 693: New best reward 14.90, training model saved.
2026-08-06_13-26-49 Episode 697: New best reward 17.90, training model saved.
2026-08-06_13-27-01 Episode 713: New best reward 21.20, training model saved.
2026-08-06_13-28-23 Episode 841: New best reward 23.50, training model saved.
2026-08-06_13-29-22 Episode 923: New best reward 28.10, training model saved.
2026-08-06_13-30-10 Episode 974: New best reward 32.70, training model saved.
2026-08-06_13-30-15 Episode 980: New best reward 39.20, training model saved.
2026-08-06_13-30-40 Episode 1000: New best greedy reward 6.80, model saved.
2026-08-06_13-31-18 Episode 1050: New best reward 41.50, training model saved.
2026-08-06_13-31-56 Episode 1090: New best reward 47.00, training model saved.
2026-08-06_13-32-02 Episode 1092: New best reward 83.80, training model saved.
2026-08-06_13-34-01 Episode 1190: New best reward 108.90, training model saved.
2026-08-06_13-38-57 Episode 1390: New best reward 251.30, training model saved.
2026-08-06_13-41-37 Episode 1436: New best reward 277.30, training model saved.
2026-08-06_13-57-59 Episode 2000: New best greedy reward 15.50, model saved.
2026-08-06_14-03-04: Training starting...
Device: cuda
2026-08-06_14-03-05 Episode 0: New best reward -8.10, training model saved.
2026-08-06_14-03-05 Episode 0: New best greedy reward 2.00, model saved.
2026-08-06_14-03-05 Episode 1: New best reward -5.70, training model saved.
2026-08-06_14-03-31 Episode 63: New best reward -4.50, training model saved.
2026-08-06_14-03-35 Episode 73: New best reward -1.50, training model saved.
2026-08-06_14-03-41 Episode 85: New best reward 0.30, training model saved.
2026-08-06_14-03-56 Episode 123: New best reward 3.90, training model saved.
2026-08-06_14-04-12 Episode 162: New best reward 4.00, training model saved.
2026-08-06_14-04-33 Episode 211: New best reward 4.50, training model saved.
2026-08-06_14-04-42 Episode 234: New best reward 4.70, training model saved.
2026-08-06_14-04-46 Episode 243: New best reward 4.80, training model saved.
2026-08-06_14-04-51 Episode 253: New best reward 6.70, training model saved.
2026-08-06_14-05-00 Episode 276: New best reward 8.40, training model saved.
2026-08-06_14-06-54 Episode 508: New best reward 8.80, training model saved.
2026-08-06_14-07-53 Episode 613: New best reward 12.90, training model saved.
2026-08-06_14-08-33 Episode 675: New best reward 13.90, training model saved.
2026-08-06_14-08-35 Episode 678: New best reward 15.00, training model saved.
2026-08-06_14-09-04 Episode 723: New best reward 15.50, training model saved.
2026-08-06_14-09-17 Episode 740: New best reward 23.30, training model saved.
2026-08-06_14-10-10 Episode 819: New best reward 24.70, training model saved.
2026-08-06_14-11-21 Episode 923: New best reward 27.30, training model saved.
2026-08-06_14-11-44 Episode 953: New best reward 28.10, training model saved.
2026-08-06_14-11-52 Episode 961: New best reward 36.40, training model saved.
2026-08-06_14-12-01 Episode 967: New best reward 69.40, training model saved.
2026-08-06_14-12-37 Episode 992: New best reward 73.90, training model saved.
2026-08-06_14-12-51 Episode 1000: New best greedy reward 6.70, model saved.
2026-08-06_14-13-29 Episode 1018: New best reward 129.90, training model saved.
2026-08-06_14-15-56 Episode 1083: New best reward 132.70, training model saved.
2026-08-06_14-19-57 Episode 1181: New best reward 176.40, training model saved.
2026-08-06_14-28-43 Episode 1447: New best reward 195.40, training model saved.
2026-08-06_14-30-36 Episode 1485: New best reward 239.60, training model saved.
2026-08-06_14-46-12: Training starting...
Device: cuda
2026-08-06_14-46-12 Episode 0: New best reward -8.10, training model saved.
2026-08-06_14-46-13 Episode 0: New best greedy reward 2.00, model saved.
2026-08-06_14-46-13 Episode 1: New best reward -5.70, training model saved.
2026-08-06_14-46-46 Episode 81: New best reward -2.70, training model saved.
2026-08-06_14-46-48 Episode 85: New best reward 0.30, training model saved.
2026-08-06_14-46-49 Episode 89: New best reward 2.10, training model saved.
2026-08-06_14-46-52 Episode 96: New best reward 3.90, training model saved.
2026-08-06_14-47-20 Episode 164: New best reward 4.80, training model saved.
2026-08-06_14-47-28 Episode 183: New best reward 6.30, training model saved.
2026-08-06_14-48-09 Episode 282: New best reward 8.40, training model saved.
2026-08-06_14-49-55 Episode 506: New best reward 10.60, training model saved.
2026-08-06_14-50-04 Episode 521: New best reward 11.30, training model saved.
2026-08-06_14-50-21 Episode 552: New best reward 13.50, training model saved.
2026-08-06_14-50-47 Episode 596: New best reward 22.40, training model saved.
2026-08-06_14-51-11 Episode 632: New best reward 24.60, training model saved.
2026-08-06_14-53-09 Episode 798: New best reward 57.10, training model saved.
2026-08-06_14-54-42 Episode 890: New best reward 81.00, training model saved.
2026-08-06_14-56-42 Episode 1000: New best greedy reward 6.20, model saved.
2026-08-06_15-08-05 Episode 1623: New best reward 97.80, training model saved.
2026-08-06_15-09-28 Episode 1672: New best reward 185.90, training model saved.
2026-08-06_15-10-11 Episode 1680: New best reward 188.20, training model saved.
2026-08-06_15-16-53 Episode 1916: New best reward 308.10, training model saved.
2026-08-06_15-22-12 Episode 2000: New best greedy reward 48.30, model saved.
2026-08-06_15-27-11 Episode 2060: New best reward 330.40, training model saved.
2026-08-06_15-30-32: Training starting...
Device: cuda
2026-08-06_15-30-32 Episode 0: New best reward -8.10, training model saved.
2026-08-06_15-30-32 Episode 0: New best greedy reward 2.00, model saved.
2026-08-06_15-30-33 Episode 1: New best reward -5.70, training model saved.
2026-08-06_15-30-52 Episode 46: New best reward -3.90, training model saved.
2026-08-06_15-30-55 Episode 56: New best reward -2.70, training model saved.
2026-08-06_15-30-58 Episode 63: New best reward -1.50, training model saved.
2026-08-06_15-30-59 Episode 64: New best reward 0.30, training model saved.
2026-08-06_15-31-03 Episode 73: New best reward 0.90, training model saved.
2026-08-06_15-31-08 Episode 85: New best reward 3.90, training model saved.
2026-08-06_15-31-20 Episode 116: New best reward 4.20, training model saved.
2026-08-06_15-31-24 Episode 123: New best reward 4.70, training model saved.
2026-08-06_15-31-38 Episode 159: New best reward 5.00, training model saved.
2026-08-06_15-31-41 Episode 164: New best reward 6.70, training model saved.
2026-08-06_15-33-16 Episode 393: New best reward 11.30, training model saved.
2026-08-06_15-38-04 Episode 962: New best reward 15.40, training model saved.
2026-08-06_15-38-18 Episode 985: New best reward 15.70, training model saved.
2026-08-06_15-38-28 Episode 1000: New best greedy reward 8.40, model saved.
2026-08-06_15-38-32 Episode 1005: New best reward 18.80, training model saved.
2026-08-06_15-38-49 Episode 1026: New best reward 23.20, training model saved.
2026-08-06_15-39-48 Episode 1108: New best reward 23.60, training model saved.
2026-08-06_15-40-04 Episode 1126: New best reward 43.70, training model saved.
2026-08-06_15-40-11 Episode 1130: New best reward 60.80, training model saved.
2026-08-06_15-45-02 Episode 1462: New best reward 101.90, training model saved.
2026-08-06_15-47-38 Episode 1598: New best reward 123.20, training model saved.
2026-08-06_15-49-09 Episode 1654: New best reward 138.90, training model saved.
2026-08-06_15-49-31 Episode 1662: New best reward 179.30, training model saved.
2026-08-06_16-00-00 Episode 2000: New best greedy reward 25.30, model saved.
2026-08-06_16-09-28 Episode 2276: New best reward 216.80, training model saved.
2026-08-06_16-11-00 Episode 2311: New best reward 250.90, training model saved.
2026-08-06_16-13-26: Training starting...
Device: cuda
2026-08-06_16-13-26 Episode 0: New best reward -8.10, training model saved.
2026-08-06_16-13-26 Episode 0: New best greedy reward 2.00, model saved.
2026-08-06_16-13-27 Episode 1: New best reward -5.70, training model saved.
2026-08-06_16-14-01 Episode 81: New best reward -2.10, training model saved.
2026-08-06_16-14-02 Episode 85: New best reward 0.30, training model saved.
2026-08-06_16-14-33 Episode 162: New best reward 2.10, training model saved.
2026-08-06_16-14-49 Episode 200: New best reward 3.90, training model saved.
2026-08-06_16-15-24 Episode 281: New best reward 4.20, training model saved.
2026-08-06_16-15-27 Episode 287: New best reward 4.80, training model saved.
2026-08-06_16-15-58 Episode 360: New best reward 8.40, training model saved.
2026-08-06_16-17-51 Episode 615: New best reward 10.90, training model saved.
2026-08-06_16-20-43 Episode 1017: New best reward 11.10, training model saved.
2026-08-06_16-24-48 Episode 1549: New best reward 11.30, training model saved.
2026-08-06_16-26-07 Episode 1713: New best reward 15.80, training model saved.
2026-08-06_16-28-14: Training starting...
Device: cuda
2026-08-06_16-28-14 Episode 0: New best reward -8.10, training model saved.
2026-08-06_16-28-15 Episode 0: New best greedy reward 2.00, model saved.
2026-08-06_16-28-15 Episode 1: New best reward -5.70, training model saved.
2026-08-06_16-28-50 Episode 81: New best reward -2.10, training model saved.
2026-08-06_16-28-51 Episode 85: New best reward 0.30, training model saved.
2026-08-06_16-29-44 Episode 211: New best reward 2.70, training model saved.
2026-08-06_16-29-56 Episode 243: New best reward 3.90, training model saved.
2026-08-06_16-30-36 Episode 329: New best reward 6.70, training model saved.
2026-08-06_16-35-23 Episode 1000: New best greedy reward 3.90, model saved.
2026-08-06_16-36-20 Episode 1137: New best reward 8.40, training model saved.
2026-08-06_16-38-09 Episode 1374: New best reward 9.40, training model saved.
2026-08-06_16-39-02 Episode 1490: New best reward 12.90, training model saved.
2026-08-06_16-43-21: Training starting...
Device: cuda
2026-08-06_16-43-22 Episode 0: New best reward -8.10, training model saved.
2026-08-06_16-43-22 Episode 0: New best greedy reward 2.00, model saved.
2026-08-06_16-43-22 Episode 1: New best reward -5.70, training model saved.
2026-08-06_16-43-48 Episode 63: New best reward -1.50, training model saved.
2026-08-06_16-43-48 Episode 64: New best reward -0.90, training model saved.
2026-08-06_16-43-51 Episode 73: New best reward -0.30, training model saved.
2026-08-06_16-43-55 Episode 81: New best reward 3.30, training model saved.
2026-08-06_16-43-57 Episode 85: New best reward 3.90, training model saved.
2026-08-06_16-44-08 Episode 113: New best reward 4.00, training model saved.
2026-08-06_16-44-09 Episode 116: New best reward 4.40, training model saved.
2026-08-06_16-44-13 Episode 123: New best reward 8.40, training model saved.
2026-08-06_16-46-30 Episode 452: New best reward 9.00, training model saved.
2026-08-06_16-46-41 Episode 478: New best reward 10.50, training model saved.
2026-08-06_16-46-52 Episode 503: New best reward 11.10, training model saved.
2026-08-06_16-48-15: Training starting...
Device: cuda
2026-08-06_16-48-16 Episode 0: New best reward -8.10, training model saved.
2026-08-06_16-48-16 Episode 0: New best greedy reward 2.00, model saved.
2026-08-06_16-48-16 Episode 1: New best reward -5.70, training model saved.
2026-08-06_16-48-49 Episode 81: New best reward -2.10, training model saved.
2026-08-06_16-49-32 Episode 187: New best reward -0.30, training model saved.
2026-08-06_16-49-35 Episode 195: New best reward 0.90, training model saved.
2026-08-06_16-49-37 Episode 200: New best reward 3.90, training model saved.
2026-08-06_16-49-59 Episode 254: New best reward 4.10, training model saved.
2026-08-06_16-50-12 Episode 287: New best reward 4.80, training model saved.
2026-08-06_16-50-30 Episode 329: New best reward 4.90, training model saved.
2026-08-06_16-50-33 Episode 336: New best reward 8.40, training model saved.
2026-08-06_16-51-17 Episode 443: New best reward 9.20, training model saved.
2026-08-06_16-51-53 Episode 526: New best reward 11.10, training model saved.
2026-08-06_16-51-55 Episode 530: New best reward 11.30, training model saved.
2026-08-06_16-53-48: Training starting...
Device: cuda
2026-08-06_16-53-48 Episode 0: New best reward -8.10, training model saved.
2026-08-06_16-53-48 Episode 0: New best greedy reward 2.00, model saved.
2026-08-06_16-53-49 Episode 1: New best reward -5.70, training model saved.
2026-08-06_16-54-21 Episode 81: New best reward -2.70, training model saved.
2026-08-06_16-54-47 Episode 144: New best reward -0.30, training model saved.
2026-08-06_16-54-50 Episode 151: New best reward 3.90, training model saved.
2026-08-06_16-55-21 Episode 226: New best reward 8.40, training model saved.
2026-08-06_16-59-18 Episode 787: New best reward 9.00, training model saved.
2026-08-06_16-59-47 Episode 852: New best reward 9.10, training model saved.
2026-08-06_17-01-47 Episode 1113: New best reward 13.40, training model saved.
2026-08-06_17-04-44 Episode 1467: New best reward 15.60, training model saved.
2026-08-06_17-06-06 Episode 1611: New best reward 19.10, training model saved.
2026-08-06_17-06-08 Episode 1614: New best reward 23.30, training model saved.
2026-08-06_17-06-43 Episode 1668: New best reward 24.60, training model saved.
2026-08-06_17-07-50: Training starting...
Device: cuda
2026-08-06_17-07-50 Episode 0: New best reward -8.10, training model saved.
2026-08-06_17-07-50 Episode 0: New best greedy reward 2.00, model saved.
2026-08-06_17-07-51 Episode 1: New best reward -5.70, training model saved.
2026-08-06_17-08-24 Episode 81: New best reward -2.10, training model saved.
2026-08-06_17-08-25 Episode 85: New best reward 0.30, training model saved.
2026-08-06_17-09-07 Episode 187: New best reward 0.90, training model saved.
2026-08-06_17-09-11 Episode 195: New best reward 2.10, training model saved.
2026-08-06_17-09-17 Episode 211: New best reward 3.30, training model saved.
2026-08-06_17-09-26 Episode 235: New best reward 3.90, training model saved.
2026-08-06_17-10-07 Episode 330: New best reward 6.50, training model saved.
2026-08-06_17-10-10 Episode 339: New best reward 6.70, training model saved.
2026-08-06_17-11-19 Episode 501: New best reward 8.40, training model saved.
2026-08-06_17-12-26 Episode 660: New best reward 9.30, training model saved.
2026-08-06_17-14-08 Episode 887: New best reward 10.70, training model saved.
2026-08-06_17-15-00 Episode 993: New best reward 12.90, training model saved.
2026-08-06_17-15-20 Episode 1032: New best reward 13.10, training model saved.
2026-08-06_17-17-58 Episode 1341: New best reward 15.70, training model saved.
2026-08-06_17-22-02 Episode 1753: New best reward 15.80, training model saved.
2026-08-06_17-22-24 Episode 1786: New best reward 20.30, training model saved.
2026-08-06_17-22-35: Training starting...
Device: cuda
2026-08-06_17-22-36 Episode 0: New best reward -8.10, training model saved.
2026-08-06_17-22-36 Episode 0: New best greedy reward 2.00, model saved.
2026-08-06_17-22-36 Episode 1: New best reward -5.70, training model saved.
2026-08-06_17-23-09 Episode 81: New best reward -2.10, training model saved.
2026-08-06_17-24-38 Episode 299: New best reward -0.30, training model saved.
2026-08-06_17-25-03 Episode 358: New best reward 1.50, training model saved.
2026-08-06_17-25-03 Episode 360: New best reward 3.90, training model saved.
2026-08-06_17-26-28 Episode 569: New best reward 4.20, training model saved.
2026-08-06_17-26-55 Episode 631: New best reward 4.40, training model saved.
2026-08-06_17-26-56 Episode 635: New best reward 6.10, training model saved.
2026-08-06_17-29-01 Episode 933: New best reward 6.50, training model saved.
2026-08-06_17-29-07 Episode 946: New best reward 8.40, training model saved.
2026-08-06_17-31-26 Episode 1275: New best reward 8.60, training model saved.
2026-08-06_17-31-40 Episode 1301: New best reward 8.80, training model saved.
2026-08-06_17-31-58 Episode 1343: New best reward 9.10, training model saved.
2026-08-06_17-33-03 Episode 1473: New best reward 9.50, training model saved.
2026-08-06_17-33-07 Episode 1482: New best reward 10.60, training model saved.
2026-08-06_17-33-18 Episode 1503: New best reward 12.90, training model saved.
2026-08-06_17-34-01 Episode 1580: New best reward 13.40, training model saved.
2026-08-06_17-34-15 Episode 1605: New best reward 15.00, training model saved.
2026-08-06_17-35-48 Episode 1772: New best reward 18.70, training model saved.
2026-08-06_17-36-45 Episode 1861: New best reward 31.90, training model saved.
2026-08-06_17-37-14: Training starting...
Device: cuda
2026-08-06_17-37-14 Episode 0: New best reward -8.10, training model saved.
2026-08-06_17-37-14 Episode 0: New best greedy reward 2.00, model saved.
2026-08-06_17-37-15 Episode 1: New best reward -5.70, training model saved.
2026-08-06_17-37-48 Episode 81: New best reward -2.70, training model saved.
2026-08-06_17-37-50 Episode 85: New best reward 0.30, training model saved.
2026-08-06_17-38-06 Episode 123: New best reward 4.10, training model saved.
2026-08-06_17-38-29 Episode 179: New best reward 4.70, training model saved.
2026-08-06_17-38-32 Episode 185: New best reward 8.40, training model saved.
2026-08-06_17-38-54 Episode 237: New best reward 8.90, training model saved.
2026-08-06_17-39-02 Episode 254: New best reward 9.30, training model saved.
2026-08-06_17-40-06 Episode 408: New best reward 11.20, training model saved.
2026-08-06_17-41-38 Episode 612: New best reward 12.90, training model saved.
2026-08-06_17-42-13: Training starting...
Device: cuda
2026-08-06_17-42-13 Episode 0: New best reward -8.10, training model saved.
2026-08-06_17-42-13 Episode 0: New best greedy reward 2.00, model saved.
2026-08-06_17-42-14 Episode 1: New best reward -5.70, training model saved.
2026-08-06_17-42-47 Episode 81: New best reward -1.50, training model saved.
2026-08-06_17-42-49 Episode 85: New best reward 0.30, training model saved.
2026-08-06_17-43-20 Episode 162: New best reward 3.90, training model saved.
2026-08-06_17-43-40 Episode 206: New best reward 4.50, training model saved.
2026-08-06_17-43-51 Episode 234: New best reward 4.60, training model saved.
2026-08-06_17-44-14 Episode 287: New best reward 4.70, training model saved.
2026-08-06_17-44-23 Episode 309: New best reward 4.80, training model saved.
2026-08-06_17-44-43 Episode 356: New best reward 4.90, training model saved.
2026-08-06_17-45-03 Episode 403: New best reward 5.00, training model saved.
2026-08-06_17-45-12 Episode 425: New best reward 6.50, training model saved.
2026-08-06_17-45-23 Episode 449: New best reward 8.40, training model saved.
2026-08-06_17-47-13: Training starting...
Device: cuda
2026-08-06_17-47-14 Episode 0: New best reward -8.10, training model saved.
2026-08-06_17-47-14 Episode 0: New best greedy reward 2.00, model saved.
2026-08-06_17-47-14 Episode 1: New best reward -5.70, training model saved.
2026-08-06_17-47-43 Episode 73: New best reward -5.10, training model saved.
2026-08-06_17-47-47 Episode 81: New best reward -1.50, training model saved.
2026-08-06_17-47-49 Episode 85: New best reward 0.30, training model saved.
2026-08-06_17-47-50 Episode 89: New best reward 2.10, training model saved.
2026-08-06_17-47-53 Episode 96: New best reward 3.90, training model saved.
2026-08-06_17-48-05 Episode 123: New best reward 4.10, training model saved.
2026-08-06_17-48-34 Episode 194: New best reward 4.30, training model saved.
2026-08-06_17-48-35 Episode 197: New best reward 8.40, training model saved.
2026-08-06_17-49-52 Episode 375: New best reward 12.90, training model saved.
2026-08-06_17-50-39 Episode 473: New best reward 15.20, training model saved.
2026-08-06_17-52-06 Episode 632: New best reward 15.40, training model saved.
2026-08-06_17-52-10 Episode 639: New best reward 15.70, training model saved.
2026-08-06_17-52-35 Episode 684: New best reward 18.30, training model saved.
2026-08-06_17-52-55 Episode 716: New best reward 20.30, training model saved.
2026-08-06_17-54-56 Episode 908: New best reward 28.00, training model saved.
2026-08-06_17-56-09 Episode 1000: New best greedy reward 20.70, model saved.
2026-08-06_17-56-37 Episode 1027: New best reward 34.40, training model saved.
2026-08-06_17-56-46 Episode 1034: New best reward 43.50, training model saved.
2026-08-06_17-56-51 Episode 1038: New best reward 51.60, training model saved.
2026-08-06_17-58-34 Episode 1119: New best reward 67.00, training model saved.
2026-08-06_17-58-56 Episode 1130: New best reward 99.50, training model saved.
2026-08-06_18-02-59 Episode 1249: New best reward 116.90, training model saved.
2026-08-06_18-06-09 Episode 1336: New best reward 118.30, training model saved.
2026-08-06_18-07-11 Episode 1371: New best reward 141.50, training model saved.
2026-08-06_18-13-39 Episode 1507: New best reward 165.00, training model saved.
2026-08-06_18-14-40 Episode 1522: New best reward 235.00, training model saved.
2026-08-06_18-17-00 Episode 1559: New best reward 312.90, training model saved.
2026-08-06_18-22-09 Episode 1641: New best reward 389.30, training model saved.
2026-08-06_18-29-44: Training starting...
Device: cuda
2026-08-06_18-29-44 Episode 0: New best reward -8.10, training model saved.
2026-08-06_18-29-44 Episode 0: New best greedy reward 2.00, model saved.
2026-08-06_18-29-45 Episode 1: New best reward -5.70, training model saved.
2026-08-06_18-30-11 Episode 66: New best reward -5.10, training model saved.
2026-08-06_18-30-14 Episode 73: New best reward -3.90, training model saved.
2026-08-06_18-30-18 Episode 81: New best reward -0.30, training model saved.
2026-08-06_18-30-19 Episode 85: New best reward 2.70, training model saved.
2026-08-06_18-30-24 Episode 96: New best reward 3.90, training model saved.
2026-08-06_18-30-37 Episode 127: New best reward 4.00, training model saved.
2026-08-06_18-31-10 Episode 208: New best reward 4.20, training model saved.
2026-08-06_18-31-19 Episode 230: New best reward 6.20, training model saved.
2026-08-06_18-31-26 Episode 246: New best reward 6.40, training model saved.
2026-08-06_18-31-36 Episode 272: New best reward 8.40, training model saved.
2026-08-06_18-35-02 Episode 666: New best reward 10.80, training model saved.
2026-08-06_18-36-08 Episode 784: New best reward 12.90, training model saved.
2026-08-06_18-36-19 Episode 800: New best reward 18.40, training model saved.
2026-08-06_18-36-25 Episode 808: New best reward 22.80, training model saved.
2026-08-06_18-38-32 Episode 996: New best reward 26.90, training model saved.
2026-08-06_18-38-38 Episode 1000: New best greedy reward 32.40, model saved.
2026-08-06_18-38-46 Episode 1008: New best reward 29.50, training model saved.
2026-08-06_18-39-59 Episode 1103: New best reward 32.50, training model saved.
2026-08-06_18-40-31 Episode 1141: New best reward 33.00, training model saved.
2026-08-06_18-40-46 Episode 1151: New best reward 54.90, training model saved.
2026-08-06_18-43-56: Training starting...
Device: cuda
2026-08-06_18-43-56 Episode 0: New best reward -8.10, training model saved.
2026-08-06_18-43-56 Episode 0: New best greedy reward 2.00, model saved.
2026-08-06_18-43-57 Episode 1: New best reward -5.70, training model saved.
2026-08-06_18-44-16 Episode 46: New best reward -3.90, training model saved.
2026-08-06_18-44-20 Episode 56: New best reward -3.30, training model saved.
2026-08-06_18-44-23 Episode 63: New best reward -2.10, training model saved.
2026-08-06_18-44-27 Episode 73: New best reward -0.30, training model saved.
2026-08-06_18-44-32 Episode 85: New best reward 3.30, training model saved.
2026-08-06_18-44-37 Episode 96: New best reward 3.90, training model saved.
2026-08-06_18-44-45 Episode 116: New best reward 4.10, training model saved.
2026-08-06_18-44-52 Episode 131: New best reward 4.30, training model saved.
2026-08-06_18-44-52 Episode 132: New best reward 6.50, training model saved.
2026-08-06_18-44-53 Episode 133: New best reward 8.40, training model saved.
2026-08-06_18-45-11 Episode 172: New best reward 12.90, training model saved.
2026-08-06_18-51-47 Episode 947: New best reward 20.50, training model saved.
2026-08-06_18-52-17 Episode 1000: New best greedy reward 4.80, model saved.
2026-08-06_18-58-28: Training starting...
Device: cuda
2026-08-06_18-58-28 Episode 0: New best reward -8.10, training model saved.
2026-08-06_18-58-29 Episode 0: New best greedy reward 2.00, model saved.
2026-08-06_18-58-29 Episode 1: New best reward -5.70, training model saved.
2026-08-06_18-58-55 Episode 63: New best reward -3.90, training model saved.
2026-08-06_18-58-59 Episode 73: New best reward -0.30, training model saved.
2026-08-06_18-59-04 Episode 85: New best reward 2.70, training model saved.
2026-08-06_18-59-08 Episode 96: New best reward 3.90, training model saved.
2026-08-06_18-59-20 Episode 123: New best reward 4.20, training model saved.
2026-08-06_18-59-21 Episode 124: New best reward 4.80, training model saved.
2026-08-06_18-59-23 Episode 130: New best reward 6.40, training model saved.
2026-08-06_19-00-06 Episode 232: New best reward 6.80, training model saved.
2026-08-06_19-00-32 Episode 292: New best reward 8.40, training model saved.
2026-08-06_19-02-19 Episode 508: New best reward 10.80, training model saved.
2026-08-06_19-03-07 Episode 596: New best reward 20.10, training model saved.
2026-08-06_19-03-35 Episode 643: New best reward 24.90, training model saved.
2026-08-06_19-04-16 Episode 690: New best reward 27.90, training model saved.
2026-08-06_19-04-19 Episode 692: New best reward 28.10, training model saved.
2026-08-06_19-06-01 Episode 830: New best reward 32.80, training model saved.
2026-08-06_19-06-15 Episode 847: New best reward 34.70, training model saved.
2026-08-06_19-07-59 Episode 998: New best reward 57.60, training model saved.
2026-08-06_19-08-03 Episode 1000: New best greedy reward 3.90, model saved.
2026-08-06_19-11-39 Episode 1239: New best reward 64.40, training model saved.
2026-08-06_19-13-54 Episode 1364: New best reward 71.50, training model saved.
2026-08-06_19-14-09 Episode 1368: New best reward 149.60, training model saved.
2026-08-06_19-20-42 Episode 1656: New best reward 208.90, training model saved.
2026-08-06_19-28-33 Episode 2000: New best greedy reward 9.30, model saved.
2026-08-06_19-38-03 Episode 2610: New best reward 225.80, training model saved.
2026-08-06_19-39-46 Episode 2652: New best reward 461.80, training model saved.
2026-08-06_19-40-49: Training starting...
Device: cuda
2026-08-06_19-40-50 Episode 0: New best reward -8.10, training model saved.
2026-08-06_19-40-50 Episode 0: New best greedy reward 2.00, model saved.
2026-08-06_19-40-50 Episode 1: New best reward -5.70, training model saved.
2026-08-06_19-41-20 Episode 73: New best reward -2.10, training model saved.
2026-08-06_19-41-24 Episode 81: New best reward -1.50, training model saved.
2026-08-06_19-41-25 Episode 85: New best reward -0.30, training model saved.
2026-08-06_19-41-27 Episode 89: New best reward 0.90, training model saved.
2026-08-06_19-41-30 Episode 96: New best reward 3.90, training model saved.
2026-08-06_19-42-13 Episode 199: New best reward 4.50, training model saved.
2026-08-06_19-42-16 Episode 206: New best reward 4.90, training model saved.
2026-08-06_19-42-19 Episode 211: New best reward 5.00, training model saved.
2026-08-06_19-42-19 Episode 212: New best reward 6.60, training model saved.
2026-08-06_19-42-36 Episode 251: New best reward 8.40, training model saved.
2026-08-06_19-42-51 Episode 284: New best reward 10.50, training model saved.
2026-08-06_19-42-58 Episode 302: New best reward 11.00, training model saved.
2026-08-06_19-44-07 Episode 453: New best reward 11.10, training model saved.
2026-08-06_19-45-13 Episode 578: New best reward 13.50, training model saved.
2026-08-06_19-45-40 Episode 625: New best reward 14.00, training model saved.
2026-08-06_19-45-47 Episode 636: New best reward 20.40, training model saved.
2026-08-06_19-47-03 Episode 749: New best reward 20.80, training model saved.
2026-08-06_19-47-43 Episode 803: New best reward 25.20, training model saved.
2026-08-06_19-50-05 Episode 1000: New best greedy reward 11.20, model saved.
2026-08-06_19-51-24 Episode 1118: New best reward 27.40, training model saved.
2026-08-06_19-51-45 Episode 1142: New best reward 34.30, training model saved.
2026-08-06_19-53-32 Episode 1266: New best reward 60.90, training model saved.
2026-08-06_19-55-27: Training starting...
Device: cuda
2026-08-06_19-55-28 Episode 0: New best reward -8.10, training model saved.
2026-08-06_19-55-28 Episode 0: New best greedy reward 2.00, model saved.
2026-08-06_19-55-28 Episode 1: New best reward -5.70, training model saved.
2026-08-06_19-55-54 Episode 63: New best reward -3.90, training model saved.
2026-08-06_19-55-54 Episode 64: New best reward -3.30, training model saved.
2026-08-06_19-55-58 Episode 73: New best reward -0.30, training model saved.
2026-08-06_19-56-03 Episode 85: New best reward 0.30, training model saved.
2026-08-06_19-56-05 Episode 89: New best reward 3.30, training model saved.
2026-08-06_19-56-08 Episode 96: New best reward 3.90, training model saved.
2026-08-06_19-56-20 Episode 123: New best reward 4.20, training model saved.
2026-08-06_19-56-21 Episode 124: New best reward 6.60, training model saved.
2026-08-06_19-56-27 Episode 140: New best reward 8.40, training model saved.
2026-08-06_19-58-39 Episode 416: New best reward 9.20, training model saved.
2026-08-06_19-58-52 Episode 440: New best reward 11.00, training model saved.
2026-08-06_19-59-20 Episode 489: New best reward 11.20, training model saved.
2026-08-06_20-01-46 Episode 768: New best reward 11.30, training model saved.
2026-08-06_20-01-50 Episode 774: New best reward 12.90, training model saved.
2026-08-06_20-02-07 Episode 802: New best reward 18.50, training model saved.
2026-08-06_20-02-19 Episode 820: New best reward 22.80, training model saved.
2026-08-06_20-02-34 Episode 839: New best reward 27.60, training model saved.
2026-08-06_20-04-19 Episode 1000: New best greedy reward 11.30, model saved.
2026-08-06_20-05-28 Episode 1116: New best reward 29.20, training model saved.
2026-08-06_20-06-21 Episode 1196: New best reward 71.30, training model saved.
2026-08-06_20-16-07 Episode 2158: New best reward 99.60, training model saved.
[worker] done. total trials in study: 400
study: ppo_6157866
algorithm: ppo
completed trials: 141 / 400 total
best value (p25 greedy reward): 249.3250
best trial: #174
best params:
  learning_rate_a: 0.000989424828795126
  ppo_epochs: 3
  ent_coef: 0.027248731052681042
  clip_eps: 0.1
  gae_lambda: 0.9121446879205366
  vf_coef: 0.8854626426539564
  rollout_steps: 1024
  minibatch_size: 64
  hidden_dim: 256
exported to hyperparams.yml as: flappybird_ppo_tuned_2
run it with: sbatch train.sh flappybird_ppo_tuned_2

============================= JOB FEEDBACK =============================

NodeName=uc2n905
Job ID: 6157866
Cluster: uc3
User/Group: ul_lmm50/ul_student
State: COMPLETED (exit code 0)
Nodes: 1
Cores per node: 24
CPU Utilized: 6-16:33:33
CPU Efficiency: 48.42% of 13-19:34:00 core-walltime
Job Wall-clock time: 13:48:55
Memory Utilized: 31.05 GB
Memory Efficiency: 49.68% of 62.50 GB (62.50 GB/node)
