HPO: algorithm=ppo n_trials=400 study=ppo_5841602 workers=16 gpus=4
Thu Jul  9 07:39:01 2026       
+-----------------------------------------------------------------------------------------+
| NVIDIA-SMI 595.71.05              Driver Version: 595.71.05      CUDA Version: 13.2     |
+-----------------------------------------+------------------------+----------------------+
| GPU  Name                 Persistence-M | Bus-Id          Disp.A | Volatile Uncorr. ECC |
| Fan  Temp   Perf          Pwr:Usage/Cap |           Memory-Usage | GPU-Util  Compute M. |
|                                         |                        |               MIG M. |
|=========================================+========================+======================|
|   0  NVIDIA A100 80GB PCIe          On  |   00000000:19:00.0 Off |                    0 |
| N/A   46C    P0             82W /  300W |    3423MiB /  81920MiB |     37%      Default |
|                                         |                        |             Disabled |
+-----------------------------------------+------------------------+----------------------+
|   1  NVIDIA A100 80GB PCIe          On  |   00000000:1A:00.0 Off |                    0 |
| N/A   44C    P0             81W /  300W |    4071MiB /  81920MiB |     38%      Default |
|                                         |                        |             Disabled |
+-----------------------------------------+------------------------+----------------------+
|   2  NVIDIA A100 80GB PCIe          On  |   00000000:1B:00.0 Off |                    0 |
| N/A   48C    P0             84W /  300W |    3349MiB /  81920MiB |     38%      Default |
|                                         |                        |             Disabled |
+-----------------------------------------+------------------------+----------------------+
|   3  NVIDIA A100 80GB PCIe          On  |   00000000:1C:00.0 Off |                    0 |
| N/A   47C    P0             87W /  300W |    4153MiB /  81920MiB |     38%      Default |
|                                         |                        |             Disabled |
+-----------------------------------------+------------------------+----------------------+

+-----------------------------------------------------------------------------------------+
| Processes:                                                                              |
|  GPU   GI   CI              PID   Type   Process name                        GPU Memory |
|        ID   ID                                                               Usage      |
|=========================================================================================|
|    0   N/A  N/A            9012      G   /usr/libexec/Xorg                        17MiB |
|    0   N/A  N/A         3760085      C   python                                  724MiB |
|    0   N/A  N/A         3760098      C   python                                  744MiB |
|    0   N/A  N/A         3760102      C   python                                  816MiB |
|    0   N/A  N/A         3760106      C   python                                 1084MiB |
|    1   N/A  N/A            9012      G   /usr/libexec/Xorg                        17MiB |
|    1   N/A  N/A         3760095      C   python                                 1084MiB |
|    1   N/A  N/A         3760099      C   python                                  824MiB |
|    1   N/A  N/A         3760103      C   python                                 1096MiB |
|    1   N/A  N/A         3760107      C   python                                 1012MiB |
|    2   N/A  N/A            9012      G   /usr/libexec/Xorg                        17MiB |
|    2   N/A  N/A         3760096      C   python                                  828MiB |
|    2   N/A  N/A         3760100      C   python                                  818MiB |
|    2   N/A  N/A         3760104      C   python                                  824MiB |
|    2   N/A  N/A         3760108      C   python                                  824MiB |
|    3   N/A  N/A            9012      G   /usr/libexec/Xorg                        17MiB |
|    3   N/A  N/A         3760097      C   python                                 1036MiB |
|    3   N/A  N/A         3760101      C   python                                  998MiB |
|    3   N/A  N/A         3760105      C   python                                 1048MiB |
|    3   N/A  N/A         3760109      C   python                                 1018MiB |
+-----------------------------------------------------------------------------------------+
2026-07-09_06-39-43: Training starting...
Device: cuda
2026-07-09_06-39-50 Episode 0: New best reward -8.10, training model saved.
2026-07-09_06-39-50 Episode 0: New best greedy reward 2.00, model saved.
2026-07-09_06-39-50 Episode 1: New best reward -5.70, training model saved.
2026-07-09_06-40-28 Episode 81: New best reward -2.70, training model saved.
2026-07-09_06-40-29 Episode 85: New best reward 0.30, training model saved.
2026-07-09_06-40-31 Episode 89: New best reward 2.10, training model saved.
2026-07-09_06-40-46 Episode 123: New best reward 4.40, training model saved.
2026-07-09_06-40-50 Episode 133: New best reward 6.70, training model saved.
2026-07-09_06-41-16 Episode 189: New best reward 8.40, training model saved.
2026-07-09_06-43-18 Episode 457: New best reward 11.10, training model saved.
2026-07-09_06-43-52 Episode 525: New best reward 12.90, training model saved.
2026-07-09_06-46-52 Episode 849: New best reward 13.40, training model saved.
2026-07-09_06-48-25 Episode 985: New best reward 13.60, training model saved.
2026-07-09_06-48-35 Episode 1000: New best greedy reward 8.50, model saved.
2026-07-09_06-48-40 Episode 1005: New best reward 15.70, training model saved.
2026-07-09_06-50-47 Episode 1180: New best reward 17.90, training model saved.
2026-07-09_06-51-23 Episode 1226: New best reward 22.80, training model saved.
2026-07-09_06-54-46: Training starting...
Device: cuda
2026-07-09_06-54-47 Episode 0: New best reward -8.10, training model saved.
2026-07-09_06-54-47 Episode 0: New best greedy reward 2.00, model saved.
2026-07-09_06-54-47 Episode 1: New best reward -5.70, training model saved.
2026-07-09_06-55-25 Episode 81: New best reward -2.10, training model saved.
2026-07-09_06-56-23 Episode 211: New best reward 2.70, training model saved.
2026-07-09_06-57-34 Episode 360: New best reward 3.90, training model saved.
2026-07-09_06-58-39 Episode 494: New best reward 6.00, training model saved.
2026-07-09_06-59-43 Episode 636: New best reward 6.20, training model saved.
2026-07-09_07-00-28 Episode 732: New best reward 8.40, training model saved.
2026-07-09_07-02-16 Episode 959: New best reward 8.70, training model saved.
2026-07-09_07-03-49 Episode 1145: New best reward 9.30, training model saved.
2026-07-09_07-04-30 Episode 1224: New best reward 12.90, training model saved.
2026-07-09_07-06-27 Episode 1432: New best reward 13.50, training model saved.
2026-07-09_07-07-56 Episode 1581: New best reward 19.10, training model saved.
2026-07-09_07-10-50: Training starting...
Device: cuda
2026-07-09_07-10-50 Episode 0: New best reward -8.10, training model saved.
2026-07-09_07-10-50 Episode 0: New best greedy reward 2.00, model saved.
2026-07-09_07-10-51 Episode 1: New best reward -5.70, training model saved.
2026-07-09_07-11-27 Episode 81: New best reward -2.10, training model saved.
2026-07-09_07-13-02 Episode 299: New best reward -0.30, training model saved.
2026-07-09_07-13-29 Episode 358: New best reward 1.50, training model saved.
2026-07-09_07-13-30 Episode 360: New best reward 3.90, training model saved.
2026-07-09_07-14-30 Episode 494: New best reward 5.00, training model saved.
2026-07-09_07-15-32 Episode 636: New best reward 6.70, training model saved.
2026-07-09_07-16-05 Episode 706: New best reward 8.40, training model saved.
2026-07-09_07-16-19: Training starting...
Device: cuda
2026-07-09_07-16-19 Episode 0: New best reward -8.10, training model saved.
2026-07-09_07-16-19 Episode 0: New best greedy reward 2.00, model saved.
2026-07-09_07-16-20 Episode 1: New best reward -5.70, training model saved.
2026-07-09_07-16-56 Episode 81: New best reward -2.10, training model saved.
2026-07-09_07-18-33 Episode 299: New best reward -0.30, training model saved.
2026-07-09_07-19-00 Episode 358: New best reward 1.50, training model saved.
2026-07-09_07-19-00 Episode 360: New best reward 3.90, training model saved.
2026-07-09_07-20-02 Episode 494: New best reward 5.00, training model saved.
2026-07-09_07-23-15 Episode 929: New best reward 8.40, training model saved.
2026-07-09_07-25-34 Episode 1231: New best reward 8.90, training model saved.
2026-07-09_07-27-36 Episode 1499: New best reward 10.70, training model saved.
2026-07-09_07-28-59 Episode 1672: New best reward 11.00, training model saved.
2026-07-09_07-29-40 Episode 1757: New best reward 12.90, training model saved.
2026-07-09_07-31-02 Episode 1917: New best reward 13.20, training model saved.
2026-07-09_07-31-36: Training starting...
Device: cuda
2026-07-09_07-31-37 Episode 0: New best reward -8.10, training model saved.
2026-07-09_07-31-37 Episode 0: New best greedy reward 2.00, model saved.
2026-07-09_07-31-38 Episode 1: New best reward -5.70, training model saved.
2026-07-09_07-32-14 Episode 81: New best reward -2.10, training model saved.
2026-07-09_07-32-16 Episode 85: New best reward 0.30, training model saved.
2026-07-09_07-32-49 Episode 162: New best reward 3.90, training model saved.
2026-07-09_07-33-12 Episode 211: New best reward 6.80, training model saved.
2026-07-09_07-34-52 Episode 423: New best reward 8.40, training model saved.
2026-07-09_07-35-47 Episode 526: New best reward 9.00, training model saved.
2026-07-09_07-36-18 Episode 578: New best reward 10.80, training model saved.
2026-07-09_07-36-26 Episode 592: New best reward 11.10, training model saved.
2026-07-09_07-36-43 Episode 619: New best reward 12.90, training model saved.
2026-07-09_07-37-31 Episode 695: New best reward 17.90, training model saved.
2026-07-09_07-37-41 Episode 708: New best reward 23.00, training model saved.
2026-07-09_07-37-58 Episode 728: New best reward 26.90, training model saved.
2026-07-09_07-38-28 Episode 763: New best reward 39.30, training model saved.
2026-07-09_07-41-37 Episode 1000: New best greedy reward 2.20, model saved.
2026-07-09_07-42-16 Episode 1037: New best reward 74.50, training model saved.
2026-07-09_07-44-14 Episode 1159: New best reward 79.60, training model saved.
2026-07-09_07-46-25 Episode 1238: New best reward 92.80, training model saved.
2026-07-09_07-47-08 Episode 1256: New best reward 153.70, training model saved.
2026-07-09_07-50-05 Episode 1344: New best reward 176.80, training model saved.
2026-07-09_07-52-06 Episode 1404: New best reward 204.50, training model saved.
2026-07-09_07-53-11 Episode 1415: New best reward 373.40, training model saved.
2026-07-09_07-56-10 Episode 1462: New best reward 405.50, training model saved.
2026-07-09_08-10-38 Episode 1756: New best reward 484.50, training model saved.
2026-07-09_08-15-39: Training starting...
Device: cuda
2026-07-09_08-15-39 Episode 0: New best reward -8.10, training model saved.
2026-07-09_08-15-40 Episode 0: New best greedy reward 2.00, model saved.
2026-07-09_08-15-40 Episode 1: New best reward -5.70, training model saved.
2026-07-09_08-16-12 Episode 73: New best reward -5.10, training model saved.
2026-07-09_08-16-17 Episode 81: New best reward -1.50, training model saved.
2026-07-09_08-16-18 Episode 85: New best reward -0.30, training model saved.
2026-07-09_08-16-20 Episode 89: New best reward 0.90, training model saved.
2026-07-09_08-16-23 Episode 96: New best reward 3.90, training model saved.
2026-07-09_08-17-33 Episode 250: New best reward 6.50, training model saved.
2026-07-09_08-17-54 Episode 296: New best reward 6.70, training model saved.
2026-07-09_08-17-57 Episode 302: New best reward 8.40, training model saved.
2026-07-09_08-18-53 Episode 415: New best reward 8.80, training model saved.
2026-07-09_08-19-06 Episode 438: New best reward 12.90, training model saved.
2026-07-09_08-20-38 Episode 588: New best reward 17.90, training model saved.
2026-07-09_08-21-49 Episode 690: New best reward 20.30, training model saved.
2026-07-09_08-22-39 Episode 754: New best reward 24.80, training model saved.
2026-07-09_08-23-14 Episode 796: New best reward 25.10, training model saved.
2026-07-09_08-23-56 Episode 845: New best reward 26.90, training model saved.
2026-07-09_08-25-24 Episode 939: New best reward 34.30, training model saved.
2026-07-09_08-25-34 Episode 947: New best reward 41.70, training model saved.
2026-07-09_08-26-33 Episode 1000: New best greedy reward 3.00, model saved.
2026-07-09_08-27-06 Episode 1018: New best reward 87.90, training model saved.
2026-07-09_08-31-04: Training starting...
Device: cuda
2026-07-09_08-31-05 Episode 0: New best reward -8.10, training model saved.
2026-07-09_08-31-05 Episode 0: New best greedy reward 2.00, model saved.
2026-07-09_08-31-05 Episode 1: New best reward -5.70, training model saved.
2026-07-09_08-31-42 Episode 81: New best reward -1.50, training model saved.
2026-07-09_08-31-43 Episode 85: New best reward 0.30, training model saved.
2026-07-09_08-32-01 Episode 123: New best reward 3.90, training model saved.
2026-07-09_08-32-40 Episode 208: New best reward 4.20, training model saved.
2026-07-09_08-32-43 Episode 216: New best reward 4.60, training model saved.
2026-07-09_08-32-44 Episode 217: New best reward 8.40, training model saved.
2026-07-09_08-34-04 Episode 377: New best reward 9.20, training model saved.
2026-07-09_08-34-21 Episode 407: New best reward 12.90, training model saved.
2026-07-09_08-36-10 Episode 594: New best reward 13.70, training model saved.
2026-07-09_08-36-31 Episode 629: New best reward 17.90, training model saved.
2026-07-09_08-36-41 Episode 641: New best reward 22.40, training model saved.
2026-07-09_08-37-52 Episode 737: New best reward 29.80, training model saved.
2026-07-09_08-38-20 Episode 766: New best reward 32.70, training model saved.
2026-07-09_08-38-56 Episode 806: New best reward 55.60, training model saved.
2026-07-09_08-39-34 Episode 840: New best reward 66.60, training model saved.
2026-07-09_08-41-51 Episode 1000: New best greedy reward 4.80, model saved.
2026-07-09_08-48-33 Episode 1390: New best reward 76.50, training model saved.
2026-07-09_08-52-28 Episode 1554: New best reward 84.10, training model saved.
2026-07-09_08-52-40 Episode 1556: New best reward 107.00, training model saved.
2026-07-09_08-53-34 Episode 1574: New best reward 141.20, training model saved.
2026-07-09_09-07-54 Episode 2000: New best greedy reward 8.70, model saved.
2026-07-09_09-11-08 Episode 2073: New best reward 233.30, training model saved.
2026-07-09_09-11-39 Episode 2074: New best reward 409.90, training model saved.
2026-07-09_09-18-24: Training starting...
Device: cuda
2026-07-09_09-18-24 Episode 0: New best reward -8.10, training model saved.
2026-07-09_09-18-24 Episode 0: New best greedy reward 2.00, model saved.
2026-07-09_09-18-25 Episode 1: New best reward -5.70, training model saved.
2026-07-09_09-19-00 Episode 81: New best reward -2.10, training model saved.
2026-07-09_09-19-32 Episode 155: New best reward -0.90, training model saved.
2026-07-09_09-19-35 Episode 162: New best reward -0.30, training model saved.
2026-07-09_09-19-46 Episode 187: New best reward 0.30, training model saved.
2026-07-09_09-19-57 Episode 211: New best reward 3.30, training model saved.
2026-07-09_09-20-07 Episode 235: New best reward 3.90, training model saved.
2026-07-09_09-20-30 Episode 286: New best reward 4.10, training model saved.
2026-07-09_09-20-31 Episode 287: New best reward 4.90, training model saved.
2026-07-09_09-21-12 Episode 381: New best reward 7.80, training model saved.
2026-07-09_09-21-25 Episode 409: New best reward 8.40, training model saved.
2026-07-09_09-25-29 Episode 882: New best reward 9.30, training model saved.
2026-07-09_09-26-45 Episode 1000: New best greedy reward 4.60, model saved.
2026-07-09_09-30-03 Episode 1291: New best reward 11.10, training model saved.
2026-07-09_09-30-26 Episode 1324: New best reward 11.20, training model saved.
2026-07-09_09-30-36 Episode 1338: New best reward 13.30, training model saved.
2026-07-09_09-33-11 Episode 1550: New best reward 13.50, training model saved.
2026-07-09_09-33-59 Episode 1614: New best reward 17.90, training model saved.
2026-07-09_09-34-07 Episode 1622: New best reward 22.40, training model saved.
2026-07-09_09-35-01 Episode 1690: New best reward 27.30, training model saved.
2026-07-09_09-35-15 Episode 1706: New best reward 29.30, training model saved.
2026-07-09_09-35-53 Episode 1747: New best reward 31.90, training model saved.
2026-07-09_09-36-25 Episode 1777: New best reward 36.50, training model saved.
2026-07-09_09-36-43 Episode 1788: New best reward 40.90, training model saved.
2026-07-09_09-37-13 Episode 1810: New best reward 55.30, training model saved.
2026-07-09_09-37-31 Episode 1819: New best reward 87.90, training model saved.
2026-07-09_09-42-59 Episode 2000: New best greedy reward 26.90, model saved.
2026-07-09_09-44-07 Episode 2043: New best reward 107.00, training model saved.
2026-07-09_09-47-29 Episode 2170: New best reward 109.00, training model saved.
2026-07-09_09-54-04 Episode 2480: New best reward 123.10, training model saved.
2026-07-09_10-01-03 Episode 2667: New best reward 289.40, training model saved.
2026-07-09_10-02-22: Training starting...
Device: cuda
2026-07-09_10-02-22 Episode 0: New best reward -8.10, training model saved.
2026-07-09_10-02-22 Episode 0: New best greedy reward 2.00, model saved.
2026-07-09_10-02-23 Episode 1: New best reward -5.70, training model saved.
2026-07-09_10-02-57 Episode 81: New best reward -2.10, training model saved.
2026-07-09_10-03-15 Episode 123: New best reward 3.90, training model saved.
2026-07-09_10-04-01 Episode 229: New best reward 4.00, training model saved.
2026-07-09_10-04-07 Episode 243: New best reward 4.30, training model saved.
2026-07-09_10-04-10 Episode 248: New best reward 6.30, training model saved.
2026-07-09_10-04-14 Episode 258: New best reward 6.60, training model saved.
2026-07-09_10-04-30 Episode 293: New best reward 8.40, training model saved.
2026-07-09_10-07-52 Episode 751: New best reward 8.90, training model saved.
2026-07-09_10-08-14 Episode 803: New best reward 9.10, training model saved.
2026-07-09_10-08-22 Episode 817: New best reward 15.30, training model saved.
2026-07-09_10-21-03 Episode 2321: New best reward 15.60, training model saved.
2026-07-09_10-21-08 Episode 2327: New best reward 20.20, training model saved.
2026-07-09_10-24-56 Episode 2689: New best reward 20.70, training model saved.
2026-07-09_10-28-22 Episode 3000: New best greedy reward 9.00, model saved.
2026-07-09_10-28-51 Episode 3040: New best reward 22.40, training model saved.
2026-07-09_10-30-20 Episode 3166: New best reward 25.00, training model saved.
2026-07-09_10-30-28 Episode 3176: New best reward 27.20, training model saved.
2026-07-09_10-34-14 Episode 3476: New best reward 27.30, training model saved.
2026-07-09_10-36-48 Episode 3668: New best reward 32.30, training model saved.
2026-07-09_10-38-18 Episode 3765: New best reward 37.30, training model saved.
2026-07-09_10-39-12 Episode 3819: New best reward 43.50, training model saved.
2026-07-09_10-40-31 Episode 3890: New best reward 50.40, training model saved.
2026-07-09_10-42-37 Episode 4000: New best greedy reward 43.80, model saved.
2026-07-09_10-44-08 Episode 4073: New best reward 50.90, training model saved.
2026-07-09_10-45-32 Episode 4139: New best reward 67.30, training model saved.
2026-07-09_10-45-57 Episode 4153: New best reward 81.20, training model saved.
2026-07-09_10-46-18: Training starting...
Device: cuda
2026-07-09_10-46-18 Episode 0: New best reward -8.10, training model saved.
2026-07-09_10-46-19 Episode 0: New best greedy reward 2.00, model saved.
2026-07-09_10-46-19 Episode 1: New best reward -5.70, training model saved.
2026-07-09_10-46-50 Episode 73: New best reward -4.50, training model saved.
2026-07-09_10-46-55 Episode 81: New best reward -1.50, training model saved.
2026-07-09_10-46-57 Episode 85: New best reward 0.30, training model saved.
2026-07-09_10-46-59 Episode 89: New best reward 2.70, training model saved.
2026-07-09_10-47-01 Episode 96: New best reward 3.90, training model saved.
2026-07-09_10-47-30 Episode 162: New best reward 4.30, training model saved.
2026-07-09_10-47-54 Episode 211: New best reward 4.90, training model saved.
2026-07-09_10-47-55 Episode 213: New best reward 6.30, training model saved.
2026-07-09_10-48-03 Episode 234: New best reward 6.40, training model saved.
2026-07-09_10-48-14 Episode 256: New best reward 8.40, training model saved.
2026-07-09_10-48-49 Episode 330: New best reward 10.90, training model saved.
2026-07-09_10-50-53 Episode 583: New best reward 11.30, training model saved.
2026-07-09_10-51-18 Episode 628: New best reward 12.90, training model saved.
2026-07-09_10-53-01 Episode 806: New best reward 17.90, training model saved.
2026-07-09_10-54-51 Episode 978: New best reward 18.70, training model saved.
2026-07-09_10-55-05 Episode 1000: New best greedy reward 4.70, model saved.
2026-07-09_10-56-44 Episode 1134: New best reward 19.00, training model saved.
2026-07-09_10-57-07 Episode 1160: New best reward 19.10, training model saved.
2026-07-09_10-57-45 Episode 1206: New best reward 25.00, training model saved.
2026-07-09_10-58-44 Episode 1264: New best reward 34.70, training model saved.
2026-07-09_10-58-50 Episode 1269: New best reward 47.10, training model saved.
2026-07-09_11-00-20 Episode 1336: New best reward 57.70, training model saved.
2026-07-09_11-01-20: Training starting...
Device: cuda
2026-07-09_11-01-20 Episode 0: New best reward -8.10, training model saved.
2026-07-09_11-01-20 Episode 0: New best greedy reward 2.00, model saved.
2026-07-09_11-01-21 Episode 1: New best reward -5.70, training model saved.
2026-07-09_11-01-55 Episode 81: New best reward -2.70, training model saved.
2026-07-09_11-01-57 Episode 85: New best reward 0.30, training model saved.
2026-07-09_11-01-58 Episode 89: New best reward 2.10, training model saved.
2026-07-09_11-02-13 Episode 123: New best reward 3.90, training model saved.
2026-07-09_11-02-43 Episode 194: New best reward 4.20, training model saved.
2026-07-09_11-02-46 Episode 200: New best reward 8.40, training model saved.
2026-07-09_11-03-03 Episode 240: New best reward 8.90, training model saved.
2026-07-09_11-04-47 Episode 447: New best reward 9.00, training model saved.
2026-07-09_11-04-52 Episode 454: New best reward 9.40, training model saved.
2026-07-09_11-05-01 Episode 469: New best reward 11.00, training model saved.
2026-07-09_11-06-01 Episode 568: New best reward 17.90, training model saved.
2026-07-09_11-08-02 Episode 744: New best reward 20.80, training model saved.
2026-07-09_11-08-11 Episode 755: New best reward 22.80, training model saved.
2026-07-09_11-08-15 Episode 760: New best reward 23.00, training model saved.
2026-07-09_11-09-04 Episode 821: New best reward 26.90, training model saved.
2026-07-09_11-09-18 Episode 835: New best reward 34.30, training model saved.
2026-07-09_11-09-41 Episode 862: New best reward 34.80, training model saved.
2026-07-09_11-09-47 Episode 866: New best reward 46.70, training model saved.
2026-07-09_11-11-09 Episode 939: New best reward 50.40, training model saved.
2026-07-09_11-11-37 Episode 958: New best reward 53.20, training model saved.
2026-07-09_11-11-56 Episode 967: New best reward 71.20, training model saved.
2026-07-09_11-12-33 Episode 1000: New best greedy reward 26.90, model saved.
2026-07-09_11-16-30 Episode 1160: New best reward 87.90, training model saved.
2026-07-09_11-16-47 Episode 1168: New best reward 88.00, training model saved.
2026-07-09_11-17-26 Episode 1185: New best reward 99.70, training model saved.
2026-07-09_11-17-42 Episode 1189: New best reward 104.70, training model saved.
2026-07-09_11-21-12 Episode 1296: New best reward 126.00, training model saved.
2026-07-09_11-28-06 Episode 1631: New best reward 172.40, training model saved.
2026-07-09_11-33-36 Episode 1751: New best reward 321.00, training model saved.
2026-07-09_11-36-39 Episode 1785: New best reward 431.30, training model saved.
2026-07-09_11-37-49 Episode 1790: New best reward 500.80, training model saved.
2026-07-09_11-46-07: Training starting...
Device: cuda
2026-07-09_11-46-07 Episode 0: New best reward -8.10, training model saved.
2026-07-09_11-46-07 Episode 0: New best greedy reward 2.00, model saved.
2026-07-09_11-46-08 Episode 1: New best reward -5.70, training model saved.
2026-07-09_11-46-35 Episode 63: New best reward -3.90, training model saved.
2026-07-09_11-46-40 Episode 73: New best reward -0.90, training model saved.
2026-07-09_11-46-44 Episode 81: New best reward -0.30, training model saved.
2026-07-09_11-46-45 Episode 85: New best reward 0.30, training model saved.
2026-07-09_11-46-47 Episode 89: New best reward 1.50, training model saved.
2026-07-09_11-46-50 Episode 96: New best reward 3.90, training model saved.
2026-07-09_11-47-06 Episode 129: New best reward 4.80, training model saved.
2026-07-09_11-47-21 Episode 162: New best reward 8.40, training model saved.
2026-07-09_11-51-09 Episode 622: New best reward 9.20, training model saved.
2026-07-09_11-51-10 Episode 624: New best reward 12.90, training model saved.
2026-07-09_11-51-24 Episode 645: New best reward 13.00, training model saved.
2026-07-09_11-54-45 Episode 1000: New best greedy reward 4.30, model saved.
2026-07-09_11-55-16 Episode 1051: New best reward 13.80, training model saved.
2026-07-09_11-56-11 Episode 1143: New best reward 17.90, training model saved.
2026-07-09_11-56-18 Episode 1155: New best reward 18.20, training model saved.
2026-07-09_11-56-29 Episode 1166: New best reward 20.70, training model saved.
2026-07-09_11-56-59 Episode 1209: New best reward 22.90, training model saved.
2026-07-09_11-57-29 Episode 1245: New best reward 29.20, training model saved.
2026-07-09_12-00-28 Episode 1513: New best reward 36.40, training model saved.
2026-07-09_12-01-22: Training starting...
Device: cuda
2026-07-09_12-01-23 Episode 0: New best reward -8.10, training model saved.
2026-07-09_12-01-23 Episode 0: New best greedy reward 2.00, model saved.
2026-07-09_12-01-23 Episode 1: New best reward -5.70, training model saved.
2026-07-09_12-01-58 Episode 81: New best reward -2.70, training model saved.
2026-07-09_12-02-00 Episode 85: New best reward 0.30, training model saved.
2026-07-09_12-02-32 Episode 162: New best reward 3.90, training model saved.
2026-07-09_12-02-54 Episode 211: New best reward 4.60, training model saved.
2026-07-09_12-03-13 Episode 254: New best reward 8.40, training model saved.
2026-07-09_12-03-31 Episode 294: New best reward 8.50, training model saved.
2026-07-09_12-04-35 Episode 432: New best reward 8.70, training model saved.
2026-07-09_12-04-54 Episode 470: New best reward 11.20, training model saved.
2026-07-09_12-05-33 Episode 543: New best reward 11.30, training model saved.
2026-07-09_12-06-40 Episode 658: New best reward 12.90, training model saved.
2026-07-09_12-07-47 Episode 756: New best reward 17.90, training model saved.
2026-07-09_12-08-44 Episode 833: New best reward 18.00, training model saved.
2026-07-09_12-08-52 Episode 842: New best reward 20.40, training model saved.
2026-07-09_12-09-07 Episode 862: New best reward 25.30, training model saved.
2026-07-09_12-09-11 Episode 865: New best reward 31.90, training model saved.
2026-07-09_12-09-58 Episode 919: New best reward 33.10, training model saved.
2026-07-09_12-10-11 Episode 928: New best reward 51.60, training model saved.
2026-07-09_12-10-44 Episode 954: New best reward 78.90, training model saved.
2026-07-09_12-11-35 Episode 976: New best reward 107.20, training model saved.
2026-07-09_12-12-27 Episode 1000: New best greedy reward 17.90, model saved.
2026-07-09_12-13-53 Episode 1032: New best reward 120.50, training model saved.
2026-07-09_12-15-35 Episode 1063: New best reward 241.90, training model saved.
2026-07-09_12-20-55 Episode 1150: New best reward 266.00, training model saved.
2026-07-09_12-24-29 Episode 1233: New best reward 348.90, training model saved.
2026-07-09_12-33-53 Episode 1391: New best reward 1338.40, training model saved.
2026-07-09_12-45-24: Training starting...
Device: cuda
2026-07-09_12-45-25 Episode 0: New best reward -8.10, training model saved.
2026-07-09_12-45-25 Episode 0: New best greedy reward 2.00, model saved.
2026-07-09_12-45-25 Episode 1: New best reward -5.70, training model saved.
2026-07-09_12-46-00 Episode 81: New best reward -2.70, training model saved.
2026-07-09_12-46-02 Episode 85: New best reward 0.30, training model saved.
2026-07-09_12-46-36 Episode 162: New best reward 1.50, training model saved.
2026-07-09_12-46-47 Episode 187: New best reward 3.30, training model saved.
2026-07-09_12-46-52 Episode 199: New best reward 3.90, training model saved.
2026-07-09_12-47-16 Episode 254: New best reward 4.40, training model saved.
2026-07-09_12-47-34 Episode 296: New best reward 6.00, training model saved.
2026-07-09_12-48-07 Episode 371: New best reward 6.70, training model saved.
2026-07-09_12-48-12 Episode 383: New best reward 8.40, training model saved.
2026-07-09_12-50-19: Training starting...
Device: cuda
2026-07-09_12-50-20 Episode 0: New best reward -8.10, training model saved.
2026-07-09_12-50-20 Episode 0: New best greedy reward 2.00, model saved.
2026-07-09_12-50-20 Episode 1: New best reward -5.70, training model saved.
2026-07-09_12-50-49 Episode 63: New best reward -4.50, training model saved.
2026-07-09_12-50-54 Episode 73: New best reward -0.90, training model saved.
2026-07-09_12-50-58 Episode 81: New best reward -0.30, training model saved.
2026-07-09_12-51-00 Episode 85: New best reward 2.70, training model saved.
2026-07-09_12-51-01 Episode 89: New best reward 3.30, training model saved.
2026-07-09_12-51-04 Episode 96: New best reward 3.90, training model saved.
2026-07-09_12-51-19 Episode 127: New best reward 4.80, training model saved.
2026-07-09_12-51-48 Episode 187: New best reward 6.40, training model saved.
2026-07-09_12-51-53 Episode 198: New best reward 8.40, training model saved.
2026-07-09_12-58-16 Episode 1000: New best greedy reward 3.90, model saved.
2026-07-09_13-06-03 Episode 2000: New best greedy reward 4.80, model saved.
2026-07-09_13-10-12 Episode 2533: New best reward 8.80, training model saved.
2026-07-09_13-34-32 Episode 5590: New best reward 9.50, training model saved.
2026-07-09_13-34-42 Episode 5606: New best reward 11.20, training model saved.
2026-07-09_13-35-11 Episode 5655: New best reward 12.90, training model saved.
2026-07-09_13-37-09: Training starting...
Device: cuda
2026-07-09_13-37-09 Episode 0: New best reward -8.10, training model saved.
2026-07-09_13-37-10 Episode 0: New best greedy reward 2.00, model saved.
2026-07-09_13-37-10 Episode 1: New best reward -5.70, training model saved.
2026-07-09_13-37-46 Episode 81: New best reward -2.10, training model saved.
2026-07-09_13-38-33 Episode 187: New best reward -0.30, training model saved.
2026-07-09_13-38-43 Episode 211: New best reward 1.50, training model saved.
2026-07-09_13-38-57 Episode 243: New best reward 3.90, training model saved.
2026-07-09_13-40-17 Episode 416: New best reward 4.00, training model saved.
2026-07-09_13-40-19 Episode 420: New best reward 4.60, training model saved.
2026-07-09_13-40-20 Episode 423: New best reward 4.70, training model saved.
2026-07-09_13-40-32 Episode 449: New best reward 8.40, training model saved.
2026-07-09_13-42-42: Training starting...
Device: cuda
2026-07-09_13-42-42 Episode 0: New best reward -8.10, training model saved.
2026-07-09_13-42-43 Episode 0: New best greedy reward 2.00, model saved.
2026-07-09_13-42-43 Episode 1: New best reward -5.70, training model saved.
2026-07-09_13-43-19 Episode 81: New best reward -2.10, training model saved.
2026-07-09_13-44-15 Episode 211: New best reward 2.70, training model saved.
2026-07-09_13-44-48 Episode 287: New best reward 3.90, training model saved.
2026-07-09_13-45-43 Episode 410: New best reward 4.00, training model saved.
2026-07-09_13-45-45 Episode 416: New best reward 4.10, training model saved.
2026-07-09_13-45-47 Episode 421: New best reward 5.00, training model saved.
2026-07-09_13-45-51 Episode 428: New best reward 8.40, training model saved.
2026-07-09_13-47-42 Episode 677: New best reward 8.60, training model saved.
2026-07-09_13-48-04: Training starting...
Device: cuda
2026-07-09_13-48-05 Episode 0: New best reward -8.10, training model saved.
2026-07-09_13-48-05 Episode 0: New best greedy reward 2.00, model saved.
2026-07-09_13-48-05 Episode 1: New best reward -5.70, training model saved.
2026-07-09_13-48-40 Episode 81: New best reward -2.10, training model saved.
2026-07-09_13-49-14 Episode 162: New best reward -0.30, training model saved.
2026-07-09_13-49-26 Episode 187: New best reward 0.30, training model saved.
2026-07-09_13-49-36 Episode 211: New best reward 3.30, training model saved.
2026-07-09_13-49-46 Episode 235: New best reward 3.90, training model saved.
2026-07-09_13-50-09 Episode 287: New best reward 4.10, training model saved.
2026-07-09_13-50-28 Episode 329: New best reward 4.50, training model saved.
2026-07-09_13-50-40 Episode 357: New best reward 12.90, training model saved.
2026-07-09_13-51-31 Episode 474: New best reward 13.60, training model saved.
2026-07-09_13-55-36 Episode 1000: New best greedy reward 3.90, model saved.
2026-07-09_13-58-31 Episode 1301: New best reward 22.90, training model saved.
2026-07-09_14-00-07 Episode 1439: New best reward 27.70, training model saved.
2026-07-09_14-00-50 Episode 1489: New best reward 27.80, training model saved.
2026-07-09_14-01-28 Episode 1529: New best reward 32.00, training model saved.
2026-07-09_14-02-05 Episode 1564: New best reward 53.10, training model saved.
2026-07-09_14-02-27 Episode 1580: New best reward 64.50, training model saved.
2026-07-09_14-03-01 Episode 1601: New best reward 68.90, training model saved.
2026-07-09_14-05-30 Episode 1677: New best reward 106.90, training model saved.
2026-07-09_14-06-58 Episode 1721: New best reward 123.30, training model saved.
2026-07-09_14-10-11 Episode 1796: New best reward 258.80, training model saved.
2026-07-09_14-16-03 Episode 1882: New best reward 277.30, training model saved.
2026-07-09_14-21-55 Episode 1982: New best reward 377.60, training model saved.
2026-07-09_14-24-00 Episode 2000: New best greedy reward 56.00, model saved.
2026-07-09_14-26-25 Episode 2025: New best reward 463.20, training model saved.
2026-07-09_14-36-57: Training starting...
Device: cuda
2026-07-09_14-36-58 Episode 0: New best reward -8.10, training model saved.
2026-07-09_14-36-58 Episode 0: New best greedy reward 2.00, model saved.
2026-07-09_14-36-58 Episode 1: New best reward -5.70, training model saved.
2026-07-09_14-37-33 Episode 81: New best reward -2.10, training model saved.
2026-07-09_14-37-35 Episode 85: New best reward 0.30, training model saved.
2026-07-09_14-38-19 Episode 187: New best reward 0.90, training model saved.
2026-07-09_14-38-29 Episode 211: New best reward 3.30, training model saved.
2026-07-09_14-38-39 Episode 235: New best reward 3.90, training model saved.
2026-07-09_14-39-02 Episode 287: New best reward 4.10, training model saved.
2026-07-09_14-39-23 Episode 334: New best reward 4.80, training model saved.
2026-07-09_14-40-03 Episode 425: New best reward 8.40, training model saved.
2026-07-09_14-40-13 Episode 447: New best reward 12.90, training model saved.
2026-07-09_14-43-22 Episode 868: New best reward 13.70, training model saved.
2026-07-09_14-51-30 Episode 1776: New best reward 18.40, training model saved.
2026-07-09_14-51-51: Training starting...
Device: cuda
2026-07-09_14-51-52 Episode 0: New best reward -8.10, training model saved.
2026-07-09_14-51-52 Episode 0: New best greedy reward 2.00, model saved.
2026-07-09_14-51-52 Episode 1: New best reward -5.70, training model saved.
2026-07-09_14-52-28 Episode 81: New best reward -2.10, training model saved.
2026-07-09_14-52-30 Episode 85: New best reward 0.30, training model saved.
2026-07-09_14-53-27 Episode 211: New best reward 3.30, training model saved.
2026-07-09_14-53-37 Episode 235: New best reward 3.90, training model saved.
2026-07-09_14-54-01 Episode 287: New best reward 4.40, training model saved.
2026-07-09_14-54-23 Episode 337: New best reward 4.50, training model saved.
2026-07-09_14-54-47 Episode 390: New best reward 4.60, training model saved.
2026-07-09_14-55-09 Episode 441: New best reward 4.80, training model saved.
2026-07-09_14-56-36 Episode 629: New best reward 6.10, training model saved.
2026-07-09_14-57-26 Episode 736: New best reward 6.40, training model saved.
2026-07-09_14-57-39 Episode 766: New best reward 6.50, training model saved.
2026-07-09_14-58-02 Episode 812: New best reward 8.40, training model saved.
2026-07-09_14-59-50 Episode 1000: New best greedy reward 17.90, model saved.
2026-07-09_15-00-27 Episode 1060: New best reward 8.60, training model saved.
2026-07-09_15-01-37 Episode 1162: New best reward 12.90, training model saved.
2026-07-09_15-02-45 Episode 1259: New best reward 13.30, training model saved.
2026-07-09_15-02-51 Episode 1267: New best reward 15.70, training model saved.
2026-07-09_15-02-54 Episode 1271: New best reward 15.80, training model saved.
2026-07-09_15-03-01 Episode 1277: New best reward 20.30, training model saved.
2026-07-09_15-03-18 Episode 1301: New best reward 25.30, training model saved.
2026-07-09_15-03-22 Episode 1304: New best reward 26.90, training model saved.
2026-07-09_15-04-44 Episode 1396: New best reward 36.40, training model saved.
2026-07-09_15-05-48 Episode 1452: New best reward 50.40, training model saved.
2026-07-09_15-06-42 Episode 1492: New best reward 51.30, training model saved.
2026-07-09_15-07-06 Episode 1503: New best reward 74.90, training model saved.
2026-07-09_15-07-26 Episode 1513: New best reward 76.80, training model saved.
2026-07-09_15-07-33 Episode 1515: New best reward 78.50, training model saved.
2026-07-09_15-07-59 Episode 1526: New best reward 82.90, training model saved.
2026-07-09_15-08-24 Episode 1539: New best reward 106.40, training model saved.
2026-07-09_15-10-14 Episode 1597: New best reward 223.60, training model saved.
2026-07-09_15-13-24 Episode 1653: New best reward 302.40, training model saved.
2026-07-09_15-16-52 Episode 1704: New best reward 372.70, training model saved.
2026-07-09_15-20-14 Episode 1731: New best reward 412.80, training model saved.
2026-07-09_15-20-55 Episode 1733: New best reward 547.70, training model saved.
2026-07-09_15-31-39 Episode 1829: New best reward 639.50, training model saved.
2026-07-09_15-37-17: Training starting...
Device: cuda
2026-07-09_15-37-17 Episode 0: New best reward -8.10, training model saved.
2026-07-09_15-37-17 Episode 0: New best greedy reward 2.00, model saved.
2026-07-09_15-37-18 Episode 1: New best reward -5.70, training model saved.
2026-07-09_15-37-37 Episode 43: New best reward -3.30, training model saved.
2026-07-09_15-37-46 Episode 63: New best reward 0.90, training model saved.
2026-07-09_15-37-50 Episode 73: New best reward 1.50, training model saved.
2026-07-09_15-37-55 Episode 83: New best reward 2.10, training model saved.
2026-07-09_15-37-55 Episode 84: New best reward 3.90, training model saved.
2026-07-09_15-37-56 Episode 85: New best reward 4.30, training model saved.
2026-07-09_15-38-04 Episode 105: New best reward 4.80, training model saved.
2026-07-09_15-38-11 Episode 121: New best reward 6.50, training model saved.
2026-07-09_15-38-13 Episode 123: New best reward 8.40, training model saved.
2026-07-09_15-41-45 Episode 570: New best reward 10.90, training model saved.
2026-07-09_15-41-57 Episode 592: New best reward 12.90, training model saved.
2026-07-09_15-42-20: Training starting...
Device: cuda
2026-07-09_15-42-20 Episode 0: New best reward -8.10, training model saved.
2026-07-09_15-42-21 Episode 0: New best greedy reward 2.00, model saved.
2026-07-09_15-42-21 Episode 1: New best reward -5.70, training model saved.
2026-07-09_15-42-56 Episode 81: New best reward -2.10, training model saved.
2026-07-09_15-43-31 Episode 162: New best reward -1.50, training model saved.
2026-07-09_15-43-53 Episode 211: New best reward 2.70, training model saved.
2026-07-09_15-44-03 Episode 235: New best reward 3.30, training model saved.
2026-07-09_15-44-10 Episode 250: New best reward 3.90, training model saved.
2026-07-09_15-44-12 Episode 254: New best reward 4.30, training model saved.
2026-07-09_15-44-27 Episode 287: New best reward 4.40, training model saved.
2026-07-09_15-44-49 Episode 338: New best reward 4.50, training model saved.
2026-07-09_15-44-58 Episode 360: New best reward 6.40, training model saved.
2026-07-09_15-45-08 Episode 381: New best reward 8.40, training model saved.
2026-07-09_15-46-06 Episode 508: New best reward 11.00, training model saved.
2026-07-09_15-51-35 Episode 1222: New best reward 15.40, training model saved.
2026-07-09_15-56-30 Episode 1807: New best reward 17.90, training model saved.
2026-07-09_15-56-56: Training starting...
Device: cuda
2026-07-09_15-56-56 Episode 0: New best reward -8.10, training model saved.
2026-07-09_15-56-56 Episode 0: New best greedy reward 2.00, model saved.
2026-07-09_15-56-57 Episode 1: New best reward -5.70, training model saved.
2026-07-09_15-57-24 Episode 63: New best reward -2.10, training model saved.
2026-07-09_15-57-28 Episode 73: New best reward -0.30, training model saved.
2026-07-09_15-57-34 Episode 85: New best reward 3.30, training model saved.
2026-07-09_15-57-36 Episode 89: New best reward 3.90, training model saved.
2026-07-09_15-57-44 Episode 108: New best reward 4.00, training model saved.
2026-07-09_15-57-48 Episode 116: New best reward 4.30, training model saved.
2026-07-09_15-57-51 Episode 123: New best reward 4.60, training model saved.
2026-07-09_15-57-52 Episode 124: New best reward 8.40, training model saved.
2026-07-09_16-00-07 Episode 406: New best reward 9.20, training model saved.
2026-07-09_16-00-11 Episode 413: New best reward 12.90, training model saved.
2026-07-09_16-01-53 Episode 594: New best reward 22.60, training model saved.
2026-07-09_16-02-32 Episode 647: New best reward 24.90, training model saved.
2026-07-09_16-02-58 Episode 677: New best reward 32.50, training model saved.
2026-07-09_16-03-38 Episode 719: New best reward 46.70, training model saved.
2026-07-09_16-06-00 Episode 846: New best reward 50.50, training model saved.
2026-07-09_16-06-20 Episode 857: New best reward 55.00, training model saved.
2026-07-09_16-08-30 Episode 956: New best reward 93.00, training model saved.
2026-07-09_16-09-53 Episode 1000: New best greedy reward 45.90, model saved.
2026-07-09_16-10-29 Episode 1020: New best reward 108.70, training model saved.
2026-07-09_16-13-52 Episode 1124: New best reward 120.70, training model saved.
2026-07-09_16-17-56 Episode 1209: New best reward 125.10, training model saved.
2026-07-09_16-19-08 Episode 1237: New best reward 174.80, training model saved.
2026-07-09_16-20-39 Episode 1274: New best reward 269.90, training model saved.
2026-07-09_16-24-38 Episode 1360: New best reward 354.00, training model saved.
2026-07-09_16-33-26 Episode 1498: New best reward 360.60, training model saved.
2026-07-09_16-40-34 Episode 1562: New best reward 499.30, training model saved.
[worker] done. total trials in study: 400
2026-07-09_06-39-43: Training starting...
Device: cuda
2026-07-09_06-39-50 Episode 0: New best reward -8.10, training model saved.
2026-07-09_06-39-50 Episode 0: New best greedy reward 2.00, model saved.
2026-07-09_06-39-50 Episode 1: New best reward -5.70, training model saved.
2026-07-09_06-40-28 Episode 81: New best reward -2.70, training model saved.
2026-07-09_06-40-50 Episode 127: New best reward -0.90, training model saved.
2026-07-09_06-41-05 Episode 162: New best reward 3.90, training model saved.
2026-07-09_06-41-30 Episode 218: New best reward 4.10, training model saved.
2026-07-09_06-41-46 Episode 253: New best reward 4.80, training model saved.
2026-07-09_06-41-46 Episode 254: New best reward 4.90, training model saved.
2026-07-09_06-41-48 Episode 258: New best reward 6.10, training model saved.
2026-07-09_06-42-02 Episode 288: New best reward 6.40, training model saved.
2026-07-09_06-42-05 Episode 295: New best reward 6.50, training model saved.
2026-07-09_06-42-06 Episode 297: New best reward 6.70, training model saved.
2026-07-09_06-42-25 Episode 341: New best reward 6.80, training model saved.
2026-07-09_06-42-39 Episode 371: New best reward 8.40, training model saved.
2026-07-09_06-42-57 Episode 411: New best reward 9.40, training model saved.
2026-07-09_06-43-15 Episode 451: New best reward 10.50, training model saved.
2026-07-09_06-52-54 Episode 1715: New best reward 10.80, training model saved.
2026-07-09_06-54-02 Episode 1855: New best reward 11.00, training model saved.
2026-07-09_06-56-08 Episode 2120: New best reward 13.90, training model saved.
2026-07-09_07-03-33 Episode 3000: New best greedy reward 3.90, model saved.
2026-07-09_07-13-02 Episode 4000: New best greedy reward 6.40, model saved.
2026-07-09_07-22-35 Episode 4963: New best reward 17.90, training model saved.
2026-07-09_07-22-58 Episode 5000: New best greedy reward 6.60, model saved.
2026-07-09_07-24-28: Training starting...
Device: cuda
2026-07-09_07-24-28 Episode 0: New best reward -8.10, training model saved.
2026-07-09_07-24-28 Episode 0: New best greedy reward 2.00, model saved.
2026-07-09_07-24-29 Episode 1: New best reward -5.70, training model saved.
2026-07-09_07-25-04 Episode 81: New best reward -2.70, training model saved.
2026-07-09_07-25-25 Episode 127: New best reward -0.90, training model saved.
2026-07-09_07-25-37 Episode 155: New best reward 0.30, training model saved.
2026-07-09_07-25-40 Episode 162: New best reward 3.90, training model saved.
2026-07-09_07-26-09 Episode 226: New best reward 8.40, training model saved.
2026-07-09_07-27-51 Episode 451: New best reward 9.20, training model saved.
2026-07-09_07-29-29: Training starting...
Device: cuda
2026-07-09_07-29-29 Episode 0: New best reward -8.10, training model saved.
2026-07-09_07-29-30 Episode 0: New best greedy reward 2.00, model saved.
2026-07-09_07-29-30 Episode 1: New best reward -5.70, training model saved.
2026-07-09_07-30-01 Episode 73: New best reward -5.10, training model saved.
2026-07-09_07-30-06 Episode 81: New best reward -1.50, training model saved.
2026-07-09_07-30-07 Episode 85: New best reward 0.30, training model saved.
2026-07-09_07-30-09 Episode 89: New best reward 1.50, training model saved.
2026-07-09_07-30-25 Episode 123: New best reward 3.90, training model saved.
2026-07-09_07-31-04 Episode 211: New best reward 6.80, training model saved.
2026-07-09_07-31-06 Episode 215: New best reward 8.40, training model saved.
2026-07-09_07-32-30 Episode 398: New best reward 8.80, training model saved.
2026-07-09_07-33-01 Episode 456: New best reward 12.90, training model saved.
2026-07-09_07-33-57 Episode 558: New best reward 13.60, training model saved.
2026-07-09_07-35-32 Episode 707: New best reward 15.60, training model saved.
2026-07-09_07-36-11 Episode 772: New best reward 23.10, training model saved.
2026-07-09_07-37-24 Episode 868: New best reward 36.40, training model saved.
2026-07-09_07-39-12 Episode 1000: New best greedy reward 6.70, model saved.
2026-07-09_07-39-54 Episode 1045: New best reward 43.70, training model saved.
2026-07-09_07-40-48 Episode 1090: New best reward 54.90, training model saved.
2026-07-09_07-41-05 Episode 1101: New best reward 78.40, training model saved.
2026-07-09_07-45-27 Episode 1235: New best reward 92.90, training model saved.
2026-07-09_07-51-43 Episode 1524: New best reward 132.80, training model saved.
2026-07-09_07-52-19 Episode 1532: New best reward 191.30, training model saved.
2026-07-09_07-54-14 Episode 1554: New best reward 237.80, training model saved.
2026-07-09_08-00-13 Episode 1645: New best reward 547.10, training model saved.
2026-07-09_08-05-55 Episode 1690: New best reward 823.30, training model saved.
2026-07-09_08-15-38: Training starting...
Device: cuda
2026-07-09_08-15-38 Episode 0: New best reward -8.10, training model saved.
2026-07-09_08-15-38 Episode 0: New best greedy reward 2.00, model saved.
2026-07-09_08-15-39 Episode 1: New best reward -5.70, training model saved.
2026-07-09_08-16-15 Episode 81: New best reward -2.10, training model saved.
2026-07-09_08-16-17 Episode 85: New best reward 0.30, training model saved.
2026-07-09_08-17-04 Episode 187: New best reward 3.90, training model saved.
2026-07-09_08-17-33 Episode 250: New best reward 6.20, training model saved.
2026-07-09_08-18-32 Episode 384: New best reward 6.80, training model saved.
2026-07-09_08-18-46 Episode 410: New best reward 8.40, training model saved.
2026-07-09_08-19-50 Episode 546: New best reward 10.90, training model saved.
2026-07-09_08-21-01 Episode 688: New best reward 11.00, training model saved.
2026-07-09_08-21-07 Episode 699: New best reward 12.90, training model saved.
2026-07-09_08-22-36 Episode 851: New best reward 13.60, training model saved.
2026-07-09_08-25-00 Episode 1074: New best reward 15.60, training model saved.
2026-07-09_08-26-21 Episode 1189: New best reward 36.70, training model saved.
2026-07-09_08-32-51 Episode 1615: New best reward 39.30, training model saved.
2026-07-09_08-33-49 Episode 1666: New best reward 50.40, training model saved.
2026-07-09_08-34-01 Episode 1676: New best reward 50.50, training model saved.
2026-07-09_08-39-19 Episode 2000: New best greedy reward 4.50, model saved.
2026-07-09_08-50-15 Episode 2739: New best reward 54.90, training model saved.
2026-07-09_08-55-06 Episode 3000: New best greedy reward 40.90, model saved.
2026-07-09_08-55-24 Episode 3010: New best reward 60.90, training model saved.
2026-07-09_08-56-03 Episode 3034: New best reward 62.60, training model saved.
2026-07-09_09-01-33: Training starting...
Device: cuda
2026-07-09_09-01-34 Episode 0: New best reward -8.10, training model saved.
2026-07-09_09-01-34 Episode 0: New best greedy reward 2.00, model saved.
2026-07-09_09-01-34 Episode 1: New best reward -5.70, training model saved.
2026-07-09_09-02-03 Episode 63: New best reward -3.90, training model saved.
2026-07-09_09-02-07 Episode 73: New best reward -0.30, training model saved.
2026-07-09_09-02-13 Episode 85: New best reward 0.30, training model saved.
2026-07-09_09-02-15 Episode 89: New best reward 2.70, training model saved.
2026-07-09_09-02-18 Episode 96: New best reward 3.90, training model saved.
2026-07-09_09-02-33 Episode 129: New best reward 4.70, training model saved.
2026-07-09_09-02-47 Episode 159: New best reward 8.40, training model saved.
2026-07-09_09-04-05 Episode 320: New best reward 13.30, training model saved.
2026-07-09_09-07-05 Episode 617: New best reward 13.50, training model saved.
2026-07-09_09-07-12 Episode 625: New best reward 13.60, training model saved.
2026-07-09_09-07-21 Episode 635: New best reward 14.00, training model saved.
2026-07-09_09-07-23 Episode 637: New best reward 18.30, training model saved.
2026-07-09_09-07-29 Episode 644: New best reward 26.90, training model saved.
2026-07-09_09-09-29 Episode 809: New best reward 27.20, training model saved.
2026-07-09_09-11-49 Episode 1000: New best greedy reward 9.00, model saved.
2026-07-09_09-12-33 Episode 1051: New best reward 51.00, training model saved.
2026-07-09_09-16-43 Episode 1313: New best reward 55.30, training model saved.
2026-07-09_09-18-52 Episode 1412: New best reward 76.40, training model saved.
2026-07-09_09-23-57 Episode 1677: New best reward 129.90, training model saved.
2026-07-09_09-26-20 Episode 1726: New best reward 274.40, training model saved.
2026-07-09_09-42-18 Episode 1998: New best reward 389.30, training model saved.
2026-07-09_09-42-42 Episode 2000: New best greedy reward 36.40, model saved.
2026-07-09_09-52-58: Training starting...
Device: cuda
2026-07-09_09-52-58 Episode 0: New best reward -8.10, training model saved.
2026-07-09_09-52-58 Episode 0: New best greedy reward 2.00, model saved.
2026-07-09_09-52-59 Episode 1: New best reward -5.70, training model saved.
2026-07-09_09-53-26 Episode 63: New best reward -4.50, training model saved.
2026-07-09_09-53-30 Episode 73: New best reward -0.30, training model saved.
2026-07-09_09-53-36 Episode 85: New best reward 0.30, training model saved.
2026-07-09_09-53-38 Episode 89: New best reward 2.10, training model saved.
2026-07-09_09-53-41 Episode 96: New best reward 3.90, training model saved.
2026-07-09_09-54-02 Episode 146: New best reward 4.00, training model saved.
2026-07-09_09-54-05 Episode 153: New best reward 8.40, training model saved.
2026-07-09_09-58-03 Episode 588: New best reward 8.70, training model saved.
2026-07-09_09-58-13 Episode 605: New best reward 9.00, training model saved.
2026-07-09_09-59-08 Episode 693: New best reward 11.20, training model saved.
2026-07-09_09-59-50 Episode 759: New best reward 12.90, training model saved.
2026-07-09_09-59-58 Episode 770: New best reward 13.00, training model saved.
2026-07-09_10-00-02 Episode 776: New best reward 15.80, training model saved.
2026-07-09_10-00-17 Episode 796: New best reward 22.40, training model saved.
2026-07-09_10-00-43 Episode 828: New best reward 37.00, training model saved.
2026-07-09_10-03-25 Episode 1000: New best greedy reward 26.90, model saved.
2026-07-09_10-03-38 Episode 1008: New best reward 40.90, training model saved.
2026-07-09_10-03-44 Episode 1010: New best reward 71.80, training model saved.
2026-07-09_10-05-55 Episode 1087: New best reward 109.10, training model saved.
2026-07-09_10-07-19 Episode 1151: New best reward 141.80, training model saved.
2026-07-09_10-08-27 Episode 1174: New best reward 149.60, training model saved.
2026-07-09_10-08-39 Episode 1175: New best reward 167.60, training model saved.
2026-07-09_10-21-12 Episode 1819: New best reward 219.00, training model saved.
2026-07-09_10-26-31 Episode 1937: New best reward 260.70, training model saved.
2026-07-09_10-35-17 Episode 2088: New best reward 278.90, training model saved.
2026-07-09_10-38-11: Training starting...
Device: cuda
2026-07-09_10-38-11 Episode 0: New best reward -8.10, training model saved.
2026-07-09_10-38-11 Episode 0: New best greedy reward 2.00, model saved.
2026-07-09_10-38-12 Episode 1: New best reward -5.70, training model saved.
2026-07-09_10-38-47 Episode 81: New best reward -2.10, training model saved.
2026-07-09_10-39-33 Episode 187: New best reward 0.30, training model saved.
2026-07-09_10-39-43 Episode 211: New best reward 2.70, training model saved.
2026-07-09_10-40-17 Episode 287: New best reward 3.90, training model saved.
2026-07-09_10-40-46 Episode 355: New best reward 4.60, training model saved.
2026-07-09_10-41-16 Episode 420: New best reward 8.40, training model saved.
2026-07-09_10-45-05 Episode 934: New best reward 8.50, training model saved.
2026-07-09_10-45-37 Episode 1000: New best greedy reward 3.90, model saved.
2026-07-09_10-45-59 Episode 1044: New best reward 8.60, training model saved.
2026-07-09_10-47-11 Episode 1184: New best reward 10.60, training model saved.
2026-07-09_10-47-29 Episode 1216: New best reward 12.90, training model saved.
2026-07-09_10-47-50 Episode 1251: New best reward 20.70, training model saved.
2026-07-09_10-49-11 Episode 1373: New best reward 22.40, training model saved.
2026-07-09_10-49-44 Episode 1418: New best reward 26.90, training model saved.
2026-07-09_10-50-09 Episode 1445: New best reward 36.40, training model saved.
2026-07-09_10-50-59 Episode 1495: New best reward 40.90, training model saved.
2026-07-09_10-51-28 Episode 1512: New best reward 104.70, training model saved.
2026-07-09_10-53-48 Episode 1573: New best reward 113.60, training model saved.
2026-07-09_10-54-01 Episode 1574: New best reward 197.70, training model saved.
2026-07-09_10-58-09 Episode 1660: New best reward 219.60, training model saved.
2026-07-09_10-59-20 Episode 1673: New best reward 255.90, training model saved.
2026-07-09_11-04-30 Episode 1745: New best reward 431.20, training model saved.
2026-07-09_11-07-39 Episode 1774: New best reward 585.30, training model saved.
2026-07-09_11-10-14 Episode 1792: New best reward 605.90, training model saved.
2026-07-09_11-22-59: Training starting...
Device: cuda
2026-07-09_11-22-59 Episode 0: New best reward -8.10, training model saved.
2026-07-09_11-23-00 Episode 0: New best greedy reward 2.00, model saved.
2026-07-09_11-23-00 Episode 1: New best reward -5.70, training model saved.
2026-07-09_11-23-28 Episode 63: New best reward -2.10, training model saved.
2026-07-09_11-23-32 Episode 73: New best reward -0.30, training model saved.
2026-07-09_11-23-38 Episode 85: New best reward 3.90, training model saved.
2026-07-09_11-23-52 Episode 116: New best reward 4.10, training model saved.
2026-07-09_11-23-56 Episode 124: New best reward 6.40, training model saved.
2026-07-09_11-24-00 Episode 132: New best reward 6.80, training model saved.
2026-07-09_11-25-17 Episode 304: New best reward 8.40, training model saved.
2026-07-09_11-25-47 Episode 365: New best reward 9.10, training model saved.
2026-07-09_11-27-55 Episode 595: New best reward 11.10, training model saved.
2026-07-09_11-28-35 Episode 657: New best reward 12.90, training model saved.
2026-07-09_11-28-43 Episode 669: New best reward 13.60, training model saved.
2026-07-09_11-28-54 Episode 686: New best reward 15.80, training model saved.
2026-07-09_11-28-59 Episode 690: New best reward 22.80, training model saved.
2026-07-09_11-29-46 Episode 740: New best reward 34.20, training model saved.
2026-07-09_11-30-09 Episode 761: New best reward 41.80, training model saved.
2026-07-09_11-31-35 Episode 858: New best reward 52.60, training model saved.
2026-07-09_11-36-11 Episode 1119: New best reward 60.90, training model saved.
2026-07-09_11-36-39 Episode 1141: New best reward 71.20, training model saved.
2026-07-09_11-38-02: Training starting...
Device: cuda
2026-07-09_11-38-02 Episode 0: New best reward -8.10, training model saved.
2026-07-09_11-38-03 Episode 0: New best greedy reward 2.00, model saved.
2026-07-09_11-38-03 Episode 1: New best reward -5.70, training model saved.
2026-07-09_11-38-40 Episode 81: New best reward -2.10, training model saved.
2026-07-09_11-39-39 Episode 211: New best reward 2.70, training model saved.
2026-07-09_11-40-14 Episode 287: New best reward 3.90, training model saved.
2026-07-09_11-40-47 Episode 355: New best reward 4.60, training model saved.
2026-07-09_11-41-14 Episode 412: New best reward 4.90, training model saved.
2026-07-09_11-41-20 Episode 424: New best reward 8.40, training model saved.
2026-07-09_11-41-40 Episode 470: New best reward 9.50, training model saved.
2026-07-09_11-42-52 Episode 622: New best reward 13.10, training model saved.
2026-07-09_11-43-44: Training starting...
Device: cuda
2026-07-09_11-43-44 Episode 0: New best reward -8.10, training model saved.
2026-07-09_11-43-45 Episode 0: New best greedy reward 2.00, model saved.
2026-07-09_11-43-45 Episode 1: New best reward -5.70, training model saved.
2026-07-09_11-44-21 Episode 81: New best reward -2.70, training model saved.
2026-07-09_11-44-23 Episode 85: New best reward 0.30, training model saved.
2026-07-09_11-44-56 Episode 162: New best reward 4.00, training model saved.
2026-07-09_11-45-35 Episode 250: New best reward 6.30, training model saved.
2026-07-09_11-46-01 Episode 308: New best reward 8.40, training model saved.
2026-07-09_11-46-46 Episode 411: New best reward 8.80, training model saved.
2026-07-09_11-48-42: Training starting...
Device: cuda
2026-07-09_11-48-42 Episode 0: New best reward -8.10, training model saved.
2026-07-09_11-48-43 Episode 0: New best greedy reward 2.00, model saved.
2026-07-09_11-48-43 Episode 1: New best reward -5.70, training model saved.
2026-07-09_11-49-18 Episode 81: New best reward -2.70, training model saved.
2026-07-09_11-49-20 Episode 85: New best reward 0.30, training model saved.
2026-07-09_11-49-37 Episode 123: New best reward 3.90, training model saved.
2026-07-09_11-50-04 Episode 185: New best reward 6.70, training model saved.
2026-07-09_11-50-05 Episode 186: New best reward 8.40, training model saved.
2026-07-09_11-50-58 Episode 308: New best reward 8.80, training model saved.
2026-07-09_11-51-35 Episode 391: New best reward 9.50, training model saved.
2026-07-09_11-52-29 Episode 502: New best reward 10.50, training model saved.
2026-07-09_11-53-01 Episode 560: New best reward 12.90, training model saved.
2026-07-09_11-53-14 Episode 581: New best reward 13.20, training model saved.
2026-07-09_11-53-29 Episode 606: New best reward 15.40, training model saved.
2026-07-09_11-53-43 Episode 625: New best reward 32.10, training model saved.
2026-07-09_11-55-23 Episode 730: New best reward 43.80, training model saved.
2026-07-09_11-55-52 Episode 750: New best reward 53.20, training model saved.
2026-07-09_11-57-15 Episode 813: New best reward 64.40, training model saved.
2026-07-09_11-58-20 Episode 859: New best reward 90.20, training model saved.
2026-07-09_11-59-54 Episode 904: New best reward 104.70, training model saved.
2026-07-09_12-00-23 Episode 912: New best reward 107.30, training model saved.
2026-07-09_12-01-24 Episode 935: New best reward 118.10, training model saved.
2026-07-09_12-03-00 Episode 963: New best reward 141.50, training model saved.
2026-07-09_12-04-30 Episode 984: New best reward 272.80, training model saved.
2026-07-09_12-05-00 Episode 1000: New best greedy reward 4.60, model saved.
2026-07-09_12-13-46 Episode 1159: New best reward 356.60, training model saved.
2026-07-09_12-20-18 Episode 1223: New best reward 370.80, training model saved.
2026-07-09_12-22-51 Episode 1248: New best reward 543.20, training model saved.
2026-07-09_12-24-46 Episode 1252: New best reward 619.90, training model saved.
2026-07-09_12-33-39: Training starting...
Device: cuda
2026-07-09_12-33-39 Episode 0: New best reward -8.10, training model saved.
2026-07-09_12-33-40 Episode 0: New best greedy reward 2.00, model saved.
2026-07-09_12-33-40 Episode 1: New best reward -5.70, training model saved.
2026-07-09_12-34-16 Episode 81: New best reward -2.10, training model saved.
2026-07-09_12-34-18 Episode 85: New best reward 0.30, training model saved.
2026-07-09_12-35-06 Episode 195: New best reward 2.10, training model saved.
2026-07-09_12-35-14 Episode 211: New best reward 3.30, training model saved.
2026-07-09_12-35-24 Episode 235: New best reward 3.90, training model saved.
2026-07-09_12-35-58 Episode 310: New best reward 6.10, training model saved.
2026-07-09_12-37-11 Episode 470: New best reward 8.40, training model saved.
2026-07-09_12-37-14 Episode 475: New best reward 12.90, training model saved.
2026-07-09_12-41-58 Episode 981: New best reward 13.30, training model saved.
2026-07-09_12-42-06 Episode 988: New best reward 22.80, training model saved.
2026-07-09_12-42-15 Episode 1000: New best greedy reward 11.30, model saved.
2026-07-09_12-43-09 Episode 1071: New best reward 27.60, training model saved.
2026-07-09_12-44-11 Episode 1140: New best reward 36.40, training model saved.
2026-07-09_12-44-24 Episode 1150: New best reward 43.20, training model saved.
2026-07-09_12-44-48 Episode 1171: New best reward 43.70, training model saved.
2026-07-09_12-45-57 Episode 1222: New best reward 85.80, training model saved.
2026-07-09_12-47-49 Episode 1284: New best reward 92.40, training model saved.
2026-07-09_12-52-26 Episode 1423: New best reward 143.90, training model saved.
2026-07-09_12-53-14 Episode 1440: New best reward 188.50, training model saved.
2026-07-09_13-00-48 Episode 1550: New best reward 195.30, training model saved.
2026-07-09_13-03-06 Episode 1583: New best reward 326.90, training model saved.
2026-07-09_13-04-31 Episode 1597: New best reward 404.90, training model saved.
2026-07-09_13-08-03 Episode 1629: New best reward 650.40, training model saved.
2026-07-09_13-18-19 Episode 1692: New best reward 708.40, training model saved.
2026-07-09_13-19-15: Training starting...
Device: cuda
2026-07-09_13-19-15 Episode 0: New best reward -8.10, training model saved.
2026-07-09_13-19-15 Episode 0: New best greedy reward 2.00, model saved.
2026-07-09_13-19-16 Episode 1: New best reward -5.70, training model saved.
2026-07-09_13-19-52 Episode 81: New best reward -2.10, training model saved.
2026-07-09_13-20-49 Episode 211: New best reward 2.70, training model saved.
2026-07-09_13-21-23 Episode 287: New best reward 4.10, training model saved.
2026-07-09_13-22-23 Episode 422: New best reward 4.50, training model saved.
2026-07-09_13-22-23 Episode 423: New best reward 4.70, training model saved.
2026-07-09_13-22-24 Episode 424: New best reward 8.40, training model saved.
2026-07-09_13-23-05 Episode 515: New best reward 8.60, training model saved.
2026-07-09_13-24-59 Episode 761: New best reward 8.90, training model saved.
2026-07-09_13-26-34 Episode 952: New best reward 12.90, training model saved.
2026-07-09_13-27-50 Episode 1085: New best reward 17.90, training model saved.
2026-07-09_13-29-07 Episode 1197: New best reward 22.40, training model saved.
2026-07-09_13-29-37 Episode 1238: New best reward 23.50, training model saved.
2026-07-09_13-29-50 Episode 1254: New best reward 28.10, training model saved.
2026-07-09_13-30-22 Episode 1284: New best reward 32.80, training model saved.
2026-07-09_13-30-55 Episode 1313: New best reward 34.30, training model saved.
2026-07-09_13-31-00 Episode 1315: New best reward 51.50, training model saved.
2026-07-09_13-31-47 Episode 1344: New best reward 78.40, training model saved.
2026-07-09_13-32-16 Episode 1357: New best reward 122.90, training model saved.
2026-07-09_13-34-33 Episode 1419: New best reward 149.60, training model saved.
2026-07-09_13-35-35 Episode 1433: New best reward 201.10, training model saved.
2026-07-09_13-38-16 Episode 1461: New best reward 780.70, training model saved.
2026-07-09_14-03-55: Training starting...
Device: cuda
2026-07-09_14-03-56 Episode 0: New best reward -8.10, training model saved.
2026-07-09_14-03-56 Episode 0: New best greedy reward 2.00, model saved.
2026-07-09_14-03-57 Episode 1: New best reward -5.70, training model saved.
2026-07-09_14-04-32 Episode 81: New best reward -2.70, training model saved.
2026-07-09_14-04-34 Episode 85: New best reward 0.30, training model saved.
2026-07-09_14-05-22 Episode 195: New best reward 1.50, training model saved.
2026-07-09_14-05-27 Episode 206: New best reward 3.90, training model saved.
2026-07-09_14-06-00 Episode 281: New best reward 4.20, training model saved.
2026-07-09_14-06-03 Episode 287: New best reward 4.90, training model saved.
2026-07-09_14-06-08 Episode 296: New best reward 8.40, training model saved.
2026-07-09_14-07-55 Episode 533: New best reward 8.90, training model saved.
2026-07-09_14-08-32 Episode 609: New best reward 9.20, training model saved.
2026-07-09_14-09-05: Training starting...
Device: cuda
2026-07-09_14-09-05 Episode 0: New best reward -8.10, training model saved.
2026-07-09_14-09-06 Episode 0: New best greedy reward 2.00, model saved.
2026-07-09_14-09-06 Episode 1: New best reward -5.70, training model saved.
2026-07-09_14-09-26 Episode 46: New best reward -3.90, training model saved.
2026-07-09_14-09-33 Episode 63: New best reward -2.10, training model saved.
2026-07-09_14-09-38 Episode 73: New best reward 0.30, training model saved.
2026-07-09_14-09-44 Episode 85: New best reward 3.30, training model saved.
2026-07-09_14-09-49 Episode 96: New best reward 3.90, training model saved.
2026-07-09_14-10-02 Episode 123: New best reward 4.50, training model saved.
2026-07-09_14-10-21 Episode 164: New best reward 6.10, training model saved.
2026-07-09_14-10-31 Episode 186: New best reward 8.40, training model saved.
2026-07-09_14-11-25 Episode 296: New best reward 12.90, training model saved.
2026-07-09_14-12-01 Episode 364: New best reward 22.40, training model saved.
2026-07-09_14-16-26 Episode 785: New best reward 26.90, training model saved.
2026-07-09_14-16-33 Episode 792: New best reward 28.00, training model saved.
2026-07-09_14-17-02 Episode 824: New best reward 29.70, training model saved.
2026-07-09_14-17-25 Episode 850: New best reward 29.80, training model saved.
2026-07-09_14-18-06 Episode 892: New best reward 32.60, training model saved.
2026-07-09_14-18-39 Episode 923: New best reward 43.60, training model saved.
2026-07-09_14-19-59 Episode 1000: New best greedy reward 3.90, model saved.
2026-07-09_14-23-54 Episode 1230: New best reward 78.60, training model saved.
2026-07-09_14-24-40: Training starting...
Device: cuda
2026-07-09_14-24-40 Episode 0: New best reward -8.10, training model saved.
2026-07-09_14-24-41 Episode 0: New best greedy reward 2.00, model saved.
2026-07-09_14-24-41 Episode 1: New best reward -5.70, training model saved.
2026-07-09_14-25-13 Episode 73: New best reward -2.10, training model saved.
2026-07-09_14-25-17 Episode 81: New best reward -1.50, training model saved.
2026-07-09_14-25-19 Episode 85: New best reward 0.30, training model saved.
2026-07-09_14-25-20 Episode 89: New best reward 2.10, training model saved.
2026-07-09_14-25-35 Episode 123: New best reward 3.90, training model saved.
2026-07-09_14-26-46 Episode 282: New best reward 4.10, training model saved.
2026-07-09_14-26-59 Episode 309: New best reward 6.70, training model saved.
2026-07-09_14-27-11 Episode 337: New best reward 6.80, training model saved.
2026-07-09_14-27-20 Episode 357: New best reward 8.40, training model saved.
2026-07-09_14-29-55 Episode 622: New best reward 8.70, training model saved.
2026-07-09_14-31-08 Episode 737: New best reward 8.90, training model saved.
2026-07-09_14-31-13 Episode 745: New best reward 9.00, training model saved.
2026-07-09_14-31-33 Episode 775: New best reward 10.70, training model saved.
2026-07-09_14-31-39 Episode 782: New best reward 12.90, training model saved.
2026-07-09_14-31-43 Episode 788: New best reward 13.00, training model saved.
2026-07-09_14-33-01 Episode 899: New best reward 13.70, training model saved.
2026-07-09_14-33-08 Episode 910: New best reward 15.80, training model saved.
2026-07-09_14-33-37 Episode 948: New best reward 17.90, training model saved.
2026-07-09_14-33-39 Episode 951: New best reward 18.10, training model saved.
2026-07-09_14-33-41 Episode 953: New best reward 20.40, training model saved.
2026-07-09_14-33-47 Episode 958: New best reward 31.90, training model saved.
2026-07-09_14-34-12 Episode 978: New best reward 55.40, training model saved.
2026-07-09_14-34-34 Episode 1000: New best greedy reward 4.20, model saved.
2026-07-09_14-35-51 Episode 1062: New best reward 57.30, training model saved.
2026-07-09_14-36-56 Episode 1114: New best reward 59.90, training model saved.
2026-07-09_14-37-56 Episode 1152: New best reward 83.90, training model saved.
2026-07-09_14-38-26 Episode 1165: New best reward 96.90, training model saved.
2026-07-09_14-40-18 Episode 1236: New best reward 104.60, training model saved.
2026-07-09_14-40-32 Episode 1243: New best reward 109.30, training model saved.
2026-07-09_14-41-09 Episode 1258: New best reward 162.40, training model saved.
2026-07-09_14-42-35 Episode 1276: New best reward 249.10, training model saved.
2026-07-09_14-56-46 Episode 1623: New best reward 1023.80, training model saved.
2026-07-09_15-08-58: Training starting...
Device: cuda
2026-07-09_15-08-58 Episode 0: New best reward -8.10, training model saved.
2026-07-09_15-08-58 Episode 0: New best greedy reward 2.00, model saved.
2026-07-09_15-08-59 Episode 1: New best reward -5.70, training model saved.
2026-07-09_15-09-34 Episode 81: New best reward -2.70, training model saved.
2026-07-09_15-09-36 Episode 85: New best reward 0.30, training model saved.
2026-07-09_15-09-52 Episode 123: New best reward 4.40, training model saved.
2026-07-09_15-10-21 Episode 190: New best reward 4.50, training model saved.
2026-07-09_15-10-43 Episode 240: New best reward 8.40, training model saved.
2026-07-09_15-10-45 Episode 242: New best reward 10.50, training model saved.
2026-07-09_15-11-33 Episode 349: New best reward 11.20, training model saved.
2026-07-09_15-13-54: Training starting...
Device: cuda
2026-07-09_15-13-54 Episode 0: New best reward -8.10, training model saved.
2026-07-09_15-13-54 Episode 0: New best greedy reward 2.00, model saved.
2026-07-09_15-13-55 Episode 1: New best reward -5.70, training model saved.
2026-07-09_15-14-29 Episode 81: New best reward -2.10, training model saved.
2026-07-09_15-14-31 Episode 85: New best reward 0.30, training model saved.
2026-07-09_15-15-14 Episode 187: New best reward 0.90, training model saved.
2026-07-09_15-15-24 Episode 211: New best reward 3.30, training model saved.
2026-07-09_15-15-34 Episode 235: New best reward 3.90, training model saved.
2026-07-09_15-15-55 Episode 281: New best reward 4.20, training model saved.
2026-07-09_15-16-20 Episode 339: New best reward 4.50, training model saved.
2026-07-09_15-16-28 Episode 359: New best reward 4.80, training model saved.
2026-07-09_15-17-07 Episode 449: New best reward 4.90, training model saved.
2026-07-09_15-17-15 Episode 467: New best reward 8.40, training model saved.
2026-07-09_15-18-18 Episode 605: New best reward 8.70, training model saved.
2026-07-09_15-19-13: Training starting...
Device: cuda
2026-07-09_15-19-13 Episode 0: New best reward -8.10, training model saved.
2026-07-09_15-19-13 Episode 0: New best greedy reward 2.00, model saved.
2026-07-09_15-19-14 Episode 1: New best reward -5.70, training model saved.
2026-07-09_15-19-49 Episode 81: New best reward -2.10, training model saved.
2026-07-09_15-19-51 Episode 85: New best reward 0.30, training model saved.
2026-07-09_15-19-52 Episode 89: New best reward 2.10, training model saved.
2026-07-09_15-20-07 Episode 123: New best reward 4.10, training model saved.
2026-07-09_15-20-43 Episode 206: New best reward 4.40, training model saved.
2026-07-09_15-20-56 Episode 235: New best reward 4.70, training model saved.
2026-07-09_15-21-02 Episode 248: New best reward 8.40, training model saved.
2026-07-09_15-21-28 Episode 307: New best reward 9.00, training model saved.
2026-07-09_15-22-20 Episode 422: New best reward 12.90, training model saved.
2026-07-09_15-22-36 Episode 452: New best reward 17.90, training model saved.
2026-07-09_15-27-49 Episode 1000: New best greedy reward 15.40, model saved.
2026-07-09_15-27-57 Episode 1009: New best reward 26.90, training model saved.
2026-07-09_15-29-38 Episode 1147: New best reward 31.90, training model saved.
2026-07-09_15-30-42 Episode 1227: New best reward 36.50, training model saved.
2026-07-09_15-32-05 Episode 1315: New best reward 51.00, training model saved.
2026-07-09_15-33-08 Episode 1372: New best reward 57.40, training model saved.
2026-07-09_15-36-28 Episode 1521: New best reward 64.90, training model saved.
2026-07-09_15-36-53 Episode 1536: New best reward 68.90, training model saved.
2026-07-09_15-38-03 Episode 1575: New best reward 135.20, training model saved.
2026-07-09_15-44-40 Episode 1777: New best reward 237.90, training model saved.
2026-07-09_15-49-31 Episode 1894: New best reward 288.40, training model saved.
2026-07-09_15-51-47 Episode 1922: New best reward 314.80, training model saved.
2026-07-09_16-02-37 Episode 2046: New best reward 331.40, training model saved.
2026-07-09_16-03-43: Training starting...
Device: cuda
2026-07-09_16-03-44 Episode 0: New best reward -8.10, training model saved.
2026-07-09_16-03-44 Episode 0: New best greedy reward 2.00, model saved.
2026-07-09_16-03-44 Episode 1: New best reward -5.70, training model saved.
2026-07-09_16-04-12 Episode 63: New best reward -4.50, training model saved.
2026-07-09_16-04-16 Episode 73: New best reward -3.90, training model saved.
2026-07-09_16-04-21 Episode 81: New best reward -0.30, training model saved.
2026-07-09_16-04-22 Episode 85: New best reward 0.30, training model saved.
2026-07-09_16-04-24 Episode 89: New best reward 2.10, training model saved.
2026-07-09_16-04-27 Episode 96: New best reward 3.90, training model saved.
2026-07-09_16-04-39 Episode 123: New best reward 4.10, training model saved.
2026-07-09_16-04-43 Episode 131: New best reward 8.40, training model saved.
2026-07-09_16-06-12 Episode 322: New best reward 9.00, training model saved.
2026-07-09_16-07-56 Episode 524: New best reward 9.30, training model saved.
2026-07-09_16-08-28 Episode 574: New best reward 11.20, training model saved.
2026-07-09_16-09-16 Episode 650: New best reward 11.70, training model saved.
2026-07-09_16-09-22 Episode 658: New best reward 12.90, training model saved.
2026-07-09_16-09-27 Episode 665: New best reward 17.90, training model saved.
2026-07-09_16-11-07 Episode 796: New best reward 18.20, training model saved.
2026-07-09_16-11-31 Episode 828: New best reward 22.40, training model saved.
2026-07-09_16-12-01 Episode 867: New best reward 23.00, training model saved.
2026-07-09_16-13-50 Episode 997: New best reward 24.90, training model saved.
2026-07-09_16-13-56 Episode 1000: New best greedy reward 9.10, model saved.
2026-07-09_16-14-02 Episode 1006: New best reward 27.70, training model saved.
2026-07-09_16-14-04 Episode 1007: New best reward 29.80, training model saved.
2026-07-09_16-14-19 Episode 1022: New best reward 37.10, training model saved.
2026-07-09_16-15-14 Episode 1084: New best reward 43.70, training model saved.
2026-07-09_16-16-10 Episode 1134: New best reward 83.00, training model saved.
2026-07-09_16-16-18 Episode 1136: New best reward 90.10, training model saved.
2026-07-09_16-17-22 Episode 1171: New best reward 96.90, training model saved.
2026-07-09_16-20-41 Episode 1268: New best reward 163.40, training model saved.
2026-07-09_16-21-30 Episode 1296: New best reward 190.40, training model saved.
2026-07-09_16-22-52 Episode 1326: New best reward 204.40, training model saved.
2026-07-09_16-36-06 Episode 1821: New best reward 219.10, training model saved.
2026-07-09_16-40-23 Episode 1878: New best reward 260.50, training model saved.
2026-07-09_16-40-55 Episode 1880: New best reward 351.50, training model saved.
2026-07-09_16-45-37 Episode 2000: New best greedy reward 246.60, model saved.
2026-07-09_16-48-09 Episode 2013: New best reward 708.70, training model saved.
[worker] done. total trials in study: 400
2026-07-09_06-39-43: Training starting...
Device: cuda
2026-07-09_06-39-50 Episode 0: New best reward -8.10, training model saved.
2026-07-09_06-39-50 Episode 0: New best greedy reward 2.00, model saved.
2026-07-09_06-39-50 Episode 1: New best reward -5.70, training model saved.
2026-07-09_06-40-27 Episode 81: New best reward -2.10, training model saved.
2026-07-09_06-40-29 Episode 85: New best reward 0.30, training model saved.
2026-07-09_06-40-30 Episode 89: New best reward 2.70, training model saved.
2026-07-09_06-40-33 Episode 96: New best reward 3.90, training model saved.
2026-07-09_06-40-46 Episode 123: New best reward 4.10, training model saved.
2026-07-09_06-41-08 Episode 172: New best reward 4.40, training model saved.
2026-07-09_06-41-20 Episode 200: New best reward 6.70, training model saved.
2026-07-09_06-41-24 Episode 207: New best reward 6.80, training model saved.
2026-07-09_06-41-38 Episode 238: New best reward 8.40, training model saved.
2026-07-09_06-43-22 Episode 467: New best reward 8.90, training model saved.
2026-07-09_06-44-35 Episode 618: New best reward 13.00, training model saved.
2026-07-09_06-47-14 Episode 909: New best reward 13.40, training model saved.
2026-07-09_06-48-09 Episode 1000: New best greedy reward 2.60, model saved.
2026-07-09_06-48-35 Episode 1042: New best reward 22.40, training model saved.
2026-07-09_06-53-05 Episode 1455: New best reward 29.50, training model saved.
2026-07-09_06-54-57: Training starting...
Device: cuda
2026-07-09_06-54-58 Episode 0: New best reward -8.10, training model saved.
2026-07-09_06-54-58 Episode 0: New best greedy reward 2.00, model saved.
2026-07-09_06-54-58 Episode 1: New best reward -5.70, training model saved.
2026-07-09_06-55-36 Episode 81: New best reward -2.10, training model saved.
2026-07-09_06-57-14 Episode 299: New best reward -0.30, training model saved.
2026-07-09_06-57-42 Episode 358: New best reward 1.50, training model saved.
2026-07-09_06-57-43 Episode 360: New best reward 3.90, training model saved.
2026-07-09_06-58-46 Episode 494: New best reward 6.00, training model saved.
2026-07-09_07-00-52 Episode 765: New best reward 8.90, training model saved.
2026-07-09_07-01-35 Episode 858: New best reward 9.10, training model saved.
2026-07-09_07-04-10 Episode 1181: New best reward 9.40, training model saved.
2026-07-09_07-04-18 Episode 1196: New best reward 20.80, training model saved.
2026-07-09_07-07-53 Episode 1568: New best reward 22.60, training model saved.
2026-07-09_07-09-49 Episode 1732: New best reward 23.30, training model saved.
2026-07-09_07-10-40 Episode 1797: New best reward 29.70, training model saved.
2026-07-09_07-10-51: Training starting...
Device: cuda
2026-07-09_07-10-51 Episode 0: New best reward -8.10, training model saved.
2026-07-09_07-10-52 Episode 0: New best greedy reward 2.00, model saved.
2026-07-09_07-10-52 Episode 1: New best reward -5.70, training model saved.
2026-07-09_07-11-29 Episode 81: New best reward -2.10, training model saved.
2026-07-09_07-13-08 Episode 299: New best reward 0.90, training model saved.
2026-07-09_07-13-36 Episode 358: New best reward 1.50, training model saved.
2026-07-09_07-13-37 Episode 360: New best reward 3.90, training model saved.
2026-07-09_07-14-41 Episode 494: New best reward 6.00, training model saved.
2026-07-09_07-15-31 Episode 604: New best reward 6.20, training model saved.
2026-07-09_07-17-23 Episode 843: New best reward 6.50, training model saved.
2026-07-09_07-19-15 Episode 1083: New best reward 6.60, training model saved.
2026-07-09_07-19-49 Episode 1152: New best reward 8.40, training model saved.
2026-07-09_07-22-00 Episode 1423: New best reward 8.90, training model saved.
2026-07-09_07-23-00 Episode 1537: New best reward 9.00, training model saved.
2026-07-09_07-23-47 Episode 1625: New best reward 12.90, training model saved.
2026-07-09_07-25-33 Episode 1821: New best reward 17.90, training model saved.
2026-07-09_07-26-45: Training starting...
Device: cuda
2026-07-09_07-26-45 Episode 0: New best reward -8.10, training model saved.
2026-07-09_07-26-45 Episode 0: New best greedy reward 2.00, model saved.
2026-07-09_07-26-46 Episode 1: New best reward -5.70, training model saved.
2026-07-09_07-27-17 Episode 73: New best reward -4.50, training model saved.
2026-07-09_07-27-21 Episode 81: New best reward -1.50, training model saved.
2026-07-09_07-27-23 Episode 85: New best reward 0.90, training model saved.
2026-07-09_07-27-25 Episode 89: New best reward 2.70, training model saved.
2026-07-09_07-27-28 Episode 96: New best reward 3.90, training model saved.
2026-07-09_07-27-42 Episode 127: New best reward 4.20, training model saved.
2026-07-09_07-28-17 Episode 207: New best reward 6.20, training model saved.
2026-07-09_07-28-21 Episode 215: New best reward 8.40, training model saved.
2026-07-09_07-30-36 Episode 502: New best reward 8.70, training model saved.
2026-07-09_07-30-37 Episode 503: New best reward 10.90, training model saved.
2026-07-09_07-30-39 Episode 506: New best reward 12.90, training model saved.
2026-07-09_07-32-45 Episode 727: New best reward 15.20, training model saved.
2026-07-09_07-35-56 Episode 1025: New best reward 26.90, training model saved.
2026-07-09_07-39-30 Episode 1321: New best reward 27.60, training model saved.
2026-07-09_07-39-37 Episode 1329: New best reward 29.40, training model saved.
2026-07-09_07-40-19 Episode 1380: New best reward 33.00, training model saved.
2026-07-09_07-41-42: Training starting...
Device: cuda
2026-07-09_07-41-43 Episode 0: New best reward -8.10, training model saved.
2026-07-09_07-41-43 Episode 0: New best greedy reward 2.00, model saved.
2026-07-09_07-41-43 Episode 1: New best reward -5.70, training model saved.
2026-07-09_07-42-19 Episode 81: New best reward -2.10, training model saved.
2026-07-09_07-43-37 Episode 259: New best reward -0.90, training model saved.
2026-07-09_07-43-49 Episode 288: New best reward 0.30, training model saved.
2026-07-09_07-43-54 Episode 299: New best reward 3.90, training model saved.
2026-07-09_07-44-31 Episode 382: New best reward 6.00, training model saved.
2026-07-09_07-45-10 Episode 468: New best reward 6.60, training model saved.
2026-07-09_07-45-15 Episode 478: New best reward 8.40, training model saved.
2026-07-09_07-46-25 Episode 632: New best reward 10.50, training model saved.
2026-07-09_07-48-37 Episode 889: New best reward 10.70, training model saved.
2026-07-09_07-49-00 Episode 927: New best reward 12.90, training model saved.
2026-07-09_07-49-01 Episode 928: New best reward 15.30, training model saved.
2026-07-09_07-49-19 Episode 952: New best reward 15.60, training model saved.
2026-07-09_07-49-50 Episode 1000: New best greedy reward 4.60, model saved.
2026-07-09_07-50-55 Episode 1092: New best reward 15.70, training model saved.
2026-07-09_07-51-26 Episode 1135: New best reward 22.50, training model saved.
2026-07-09_07-51-46 Episode 1155: New best reward 22.60, training model saved.
2026-07-09_07-52-02 Episode 1173: New best reward 24.80, training model saved.
2026-07-09_07-52-35 Episode 1207: New best reward 27.80, training model saved.
2026-07-09_07-52-57 Episode 1228: New best reward 32.10, training model saved.
2026-07-09_07-53-41 Episode 1267: New best reward 34.80, training model saved.
2026-07-09_07-53-54 Episode 1275: New best reward 51.00, training model saved.
2026-07-09_07-54-28 Episode 1295: New best reward 59.90, training model saved.
2026-07-09_07-54-35 Episode 1297: New best reward 82.90, training model saved.
2026-07-09_07-56-48 Episode 1377: New best reward 107.10, training model saved.
2026-07-09_07-59-16 Episode 1458: New best reward 109.30, training model saved.
2026-07-09_08-00-22 Episode 1486: New best reward 110.90, training model saved.
2026-07-09_08-00-44 Episode 1490: New best reward 171.90, training model saved.
2026-07-09_08-05-45 Episode 1598: New best reward 181.10, training model saved.
2026-07-09_08-18-37 Episode 1899: New best reward 206.90, training model saved.
2026-07-09_08-23-04 Episode 2000: New best greedy reward 29.40, model saved.
2026-07-09_08-25-35 Episode 2049: New best reward 211.80, training model saved.
2026-07-09_08-26-26: Training starting...
Device: cuda
2026-07-09_08-26-27 Episode 0: New best reward -8.10, training model saved.
2026-07-09_08-26-27 Episode 0: New best greedy reward 2.00, model saved.
2026-07-09_08-26-27 Episode 1: New best reward -5.70, training model saved.
2026-07-09_08-27-03 Episode 81: New best reward -2.10, training model saved.
2026-07-09_08-27-50 Episode 187: New best reward 0.30, training model saved.
2026-07-09_08-28-00 Episode 211: New best reward 2.70, training model saved.
2026-07-09_08-28-14 Episode 243: New best reward 3.90, training model saved.
2026-07-09_08-28-56 Episode 329: New best reward 6.30, training model saved.
2026-07-09_08-29-00 Episode 338: New best reward 8.40, training model saved.
2026-07-09_08-32-00: Training starting...
Device: cuda
2026-07-09_08-32-00 Episode 0: New best reward -8.10, training model saved.
2026-07-09_08-32-00 Episode 0: New best greedy reward 2.00, model saved.
2026-07-09_08-32-01 Episode 1: New best reward -5.70, training model saved.
2026-07-09_08-32-36 Episode 81: New best reward -2.70, training model saved.
2026-07-09_08-32-38 Episode 85: New best reward -0.90, training model saved.
2026-07-09_08-32-50 Episode 113: New best reward 2.70, training model saved.
2026-07-09_08-32-55 Episode 123: New best reward 3.90, training model saved.
2026-07-09_08-33-26 Episode 195: New best reward 4.00, training model saved.
2026-07-09_08-33-28 Episode 199: New best reward 7.80, training model saved.
2026-07-09_08-33-55 Episode 252: New best reward 8.40, training model saved.
2026-07-09_08-34-38 Episode 328: New best reward 12.90, training model saved.
2026-07-09_08-35-05 Episode 371: New best reward 17.90, training model saved.
2026-07-09_08-40-04 Episode 847: New best reward 27.00, training model saved.
2026-07-09_08-41-38 Episode 963: New best reward 27.30, training model saved.
2026-07-09_08-41-58 Episode 981: New best reward 32.30, training model saved.
2026-07-09_08-42-11 Episode 1000: New best greedy reward 4.00, model saved.
2026-07-09_08-42-15 Episode 1002: New best reward 40.90, training model saved.
2026-07-09_08-43-31 Episode 1084: New best reward 46.00, training model saved.
2026-07-09_08-44-11 Episode 1119: New best reward 48.50, training model saved.
2026-07-09_08-44-31 Episode 1134: New best reward 48.80, training model saved.
2026-07-09_08-44-36 Episode 1135: New best reward 67.10, training model saved.
2026-07-09_08-51-49 Episode 1563: New best reward 68.90, training model saved.
2026-07-09_08-52-33 Episode 1581: New best reward 83.80, training model saved.
2026-07-09_08-58-23 Episode 1853: New best reward 85.70, training model saved.
2026-07-09_08-59-29 Episode 1894: New best reward 120.40, training model saved.
2026-07-09_08-59-48 Episode 1899: New best reward 148.80, training model saved.
2026-07-09_09-04-02 Episode 2025: New best reward 183.80, training model saved.
2026-07-09_09-04-18 Episode 2026: New best reward 221.10, training model saved.
2026-07-09_09-16-02: Training starting...
Device: cuda
2026-07-09_09-16-03 Episode 0: New best reward -8.10, training model saved.
2026-07-09_09-16-03 Episode 0: New best greedy reward 2.00, model saved.
2026-07-09_09-16-03 Episode 1: New best reward -5.70, training model saved.
2026-07-09_09-16-39 Episode 81: New best reward -2.70, training model saved.
2026-07-09_09-16-41 Episode 85: New best reward 0.30, training model saved.
2026-07-09_09-17-14 Episode 162: New best reward 4.00, training model saved.
2026-07-09_09-17-40 Episode 218: New best reward 4.10, training model saved.
2026-07-09_09-17-45 Episode 230: New best reward 4.20, training model saved.
2026-07-09_09-17-53 Episode 246: New best reward 6.00, training model saved.
2026-07-09_09-18-22 Episode 311: New best reward 6.10, training model saved.
2026-07-09_09-18-36 Episode 343: New best reward 6.70, training model saved.
2026-07-09_09-18-42 Episode 355: New best reward 8.40, training model saved.
2026-07-09_09-21-38 Episode 690: New best reward 8.50, training model saved.
2026-07-09_09-21-52 Episode 714: New best reward 8.70, training model saved.
2026-07-09_09-22-04 Episode 735: New best reward 9.10, training model saved.
2026-07-09_09-22-11 Episode 744: New best reward 10.70, training model saved.
2026-07-09_09-22-20 Episode 759: New best reward 12.90, training model saved.
2026-07-09_09-22-42 Episode 791: New best reward 13.40, training model saved.
2026-07-09_09-22-54 Episode 806: New best reward 25.00, training model saved.
2026-07-09_09-23-26 Episode 845: New best reward 26.90, training model saved.
2026-07-09_09-23-33 Episode 850: New best reward 43.10, training model saved.
2026-07-09_09-25-50 Episode 974: New best reward 51.60, training model saved.
2026-07-09_09-26-14 Episode 992: New best reward 52.70, training model saved.
2026-07-09_09-26-24 Episode 1000: New best greedy reward 20.80, model saved.
2026-07-09_09-26-47 Episode 1011: New best reward 126.00, training model saved.
2026-07-09_09-28-51 Episode 1064: New best reward 169.50, training model saved.
2026-07-09_09-30-27 Episode 1104: New best reward 174.60, training model saved.
2026-07-09_09-32-54 Episode 1159: New best reward 176.90, training model saved.
2026-07-09_09-34-36 Episode 1198: New best reward 204.40, training model saved.
2026-07-09_09-40-47 Episode 1302: New best reward 216.70, training model saved.
2026-07-09_09-50-46 Episode 1476: New best reward 269.90, training model saved.
2026-07-09_09-52-53 Episode 1508: New best reward 398.80, training model saved.
2026-07-09_10-00-51: Training starting...
Device: cuda
2026-07-09_10-00-51 Episode 0: New best reward -8.10, training model saved.
2026-07-09_10-00-51 Episode 0: New best greedy reward 2.00, model saved.
2026-07-09_10-00-52 Episode 1: New best reward -5.70, training model saved.
2026-07-09_10-01-28 Episode 81: New best reward -2.70, training model saved.
2026-07-09_10-01-30 Episode 85: New best reward 0.30, training model saved.
2026-07-09_10-01-48 Episode 123: New best reward 3.90, training model saved.
2026-07-09_10-02-05 Episode 162: New best reward 4.00, training model saved.
2026-07-09_10-02-26 Episode 206: New best reward 4.90, training model saved.
2026-07-09_10-02-29 Episode 213: New best reward 7.80, training model saved.
2026-07-09_10-02-58 Episode 274: New best reward 8.40, training model saved.
2026-07-09_10-03-55 Episode 388: New best reward 8.50, training model saved.
2026-07-09_10-04-06 Episode 407: New best reward 8.70, training model saved.
2026-07-09_10-04-32 Episode 455: New best reward 10.90, training model saved.
2026-07-09_10-04-43 Episode 471: New best reward 11.20, training model saved.
2026-07-09_10-05-30 Episode 549: New best reward 12.90, training model saved.
2026-07-09_10-05-38 Episode 559: New best reward 13.40, training model saved.
2026-07-09_10-05-41 Episode 562: New best reward 18.40, training model saved.
2026-07-09_10-07-01 Episode 688: New best reward 20.60, training model saved.
2026-07-09_10-07-47 Episode 749: New best reward 28.00, training model saved.
2026-07-09_10-08-48 Episode 817: New best reward 36.40, training model saved.
2026-07-09_10-10-34 Episode 949: New best reward 62.50, training model saved.
2026-07-09_10-11-29 Episode 1000: New best greedy reward 11.30, model saved.
2026-07-09_10-13-21 Episode 1085: New best reward 98.10, training model saved.
2026-07-09_10-13-58 Episode 1099: New best reward 107.30, training model saved.
2026-07-09_10-17-00 Episode 1211: New best reward 107.60, training model saved.
2026-07-09_10-18-08 Episode 1241: New best reward 111.60, training model saved.
2026-07-09_10-21-03 Episode 1317: New best reward 157.90, training model saved.
2026-07-09_10-24-44 Episode 1383: New best reward 174.80, training model saved.
2026-07-09_10-25-30 Episode 1392: New best reward 182.10, training model saved.
2026-07-09_10-26-10 Episode 1397: New best reward 321.00, training model saved.
2026-07-09_10-44-06 Episode 1714: New best reward 517.10, training model saved.
2026-07-09_10-46-33: Training starting...
Device: cuda
2026-07-09_10-46-33 Episode 0: New best reward -8.10, training model saved.
2026-07-09_10-46-34 Episode 0: New best greedy reward 2.00, model saved.
2026-07-09_10-46-34 Episode 1: New best reward -5.70, training model saved.
2026-07-09_10-47-09 Episode 81: New best reward -2.10, training model saved.
2026-07-09_10-48-43 Episode 299: New best reward -0.30, training model saved.
2026-07-09_10-49-10 Episode 358: New best reward 1.50, training model saved.
2026-07-09_10-49-11 Episode 360: New best reward 3.30, training model saved.
2026-07-09_10-49-29 Episode 405: New best reward 3.90, training model saved.
2026-07-09_10-50-41 Episode 569: New best reward 4.00, training model saved.
2026-07-09_10-50-57 Episode 601: New best reward 4.40, training model saved.
2026-07-09_10-50-59 Episode 605: New best reward 4.70, training model saved.
2026-07-09_10-52-16 Episode 781: New best reward 8.40, training model saved.
2026-07-09_10-57-59 Episode 1517: New best reward 8.90, training model saved.
2026-07-09_10-59-00 Episode 1626: New best reward 9.10, training model saved.
2026-07-09_10-59-34 Episode 1685: New best reward 12.90, training model saved.
2026-07-09_11-01-33: Training starting...
Device: cuda
2026-07-09_11-01-34 Episode 0: New best reward -8.10, training model saved.
2026-07-09_11-01-34 Episode 0: New best greedy reward 2.00, model saved.
2026-07-09_11-01-35 Episode 1: New best reward -5.70, training model saved.
2026-07-09_11-02-06 Episode 73: New best reward -5.10, training model saved.
2026-07-09_11-02-10 Episode 81: New best reward -2.10, training model saved.
2026-07-09_11-02-12 Episode 85: New best reward 0.30, training model saved.
2026-07-09_11-02-29 Episode 123: New best reward 3.90, training model saved.
2026-07-09_11-03-08 Episode 211: New best reward 6.00, training model saved.
2026-07-09_11-03-35 Episode 272: New best reward 8.40, training model saved.
2026-07-09_11-04-57 Episode 440: New best reward 12.90, training model saved.
2026-07-09_11-07-10 Episode 667: New best reward 13.40, training model saved.
2026-07-09_11-08-01 Episode 746: New best reward 15.30, training model saved.
2026-07-09_11-08-26 Episode 780: New best reward 20.60, training model saved.
2026-07-09_11-08-51 Episode 813: New best reward 22.50, training model saved.
2026-07-09_11-08-54 Episode 814: New best reward 31.90, training model saved.
2026-07-09_11-10-06 Episode 902: New best reward 37.30, training model saved.
2026-07-09_11-10-14 Episode 911: New best reward 39.20, training model saved.
2026-07-09_11-11-39 Episode 1000: New best greedy reward 11.10, model saved.
2026-07-09_11-11-49 Episode 1008: New best reward 50.90, training model saved.
2026-07-09_11-12-23 Episode 1041: New best reward 51.10, training model saved.
2026-07-09_11-13-11 Episode 1071: New best reward 99.80, training model saved.
2026-07-09_11-16-29: Training starting...
Device: cuda
2026-07-09_11-16-30 Episode 0: New best reward -8.10, training model saved.
2026-07-09_11-16-30 Episode 0: New best greedy reward 2.00, model saved.
2026-07-09_11-16-30 Episode 1: New best reward -5.70, training model saved.
2026-07-09_11-16-59 Episode 63: New best reward -2.10, training model saved.
2026-07-09_11-17-04 Episode 73: New best reward -0.30, training model saved.
2026-07-09_11-17-09 Episode 85: New best reward 0.30, training model saved.
2026-07-09_11-17-11 Episode 89: New best reward 2.70, training model saved.
2026-07-09_11-17-14 Episode 96: New best reward 3.90, training model saved.
2026-07-09_11-17-27 Episode 123: New best reward 4.40, training model saved.
2026-07-09_11-17-28 Episode 124: New best reward 6.20, training model saved.
2026-07-09_11-18-35 Episode 271: New best reward 8.50, training model saved.
2026-07-09_11-18-48 Episode 297: New best reward 13.30, training model saved.
2026-07-09_11-20-03 Episode 432: New best reward 17.90, training model saved.
2026-07-09_11-25-13 Episode 866: New best reward 18.20, training model saved.
2026-07-09_11-25-25 Episode 878: New best reward 23.00, training model saved.
2026-07-09_11-25-51 Episode 904: New best reward 24.90, training model saved.
2026-07-09_11-25-56 Episode 909: New best reward 25.20, training model saved.
2026-07-09_11-26-15 Episode 925: New best reward 41.70, training model saved.
2026-07-09_11-26-41 Episode 946: New best reward 51.00, training model saved.
2026-07-09_11-27-48 Episode 1000: New best greedy reward 23.40, model saved.
2026-07-09_11-28-09 Episode 1011: New best reward 51.50, training model saved.
2026-07-09_11-28-48 Episode 1039: New best reward 57.40, training model saved.
2026-07-09_11-31-48: Training starting...
Device: cuda
2026-07-09_11-31-49 Episode 0: New best reward -8.10, training model saved.
2026-07-09_11-31-49 Episode 0: New best greedy reward 2.00, model saved.
2026-07-09_11-31-49 Episode 1: New best reward -5.70, training model saved.
2026-07-09_11-32-21 Episode 73: New best reward -5.10, training model saved.
2026-07-09_11-32-25 Episode 81: New best reward -1.50, training model saved.
2026-07-09_11-32-26 Episode 85: New best reward 0.30, training model saved.
2026-07-09_11-32-28 Episode 89: New best reward 2.10, training model saved.
2026-07-09_11-32-43 Episode 123: New best reward 4.40, training model saved.
2026-07-09_11-33-12 Episode 190: New best reward 5.00, training model saved.
2026-07-09_11-33-37 Episode 246: New best reward 6.30, training model saved.
2026-07-09_11-33-43 Episode 258: New best reward 8.40, training model saved.
2026-07-09_11-34-57 Episode 415: New best reward 13.00, training model saved.
2026-07-09_11-37-28 Episode 692: New best reward 15.40, training model saved.
2026-07-09_11-40-03 Episode 934: New best reward 15.80, training model saved.
2026-07-09_11-40-11 Episode 944: New best reward 20.10, training model saved.
2026-07-09_11-40-52 Episode 1000: New best greedy reward 6.30, model saved.
2026-07-09_11-41-21 Episode 1035: New best reward 25.20, training model saved.
2026-07-09_11-42-27 Episode 1119: New best reward 27.10, training model saved.
2026-07-09_11-42-50 Episode 1142: New best reward 29.30, training model saved.
2026-07-09_11-43-32 Episode 1181: New best reward 45.90, training model saved.
2026-07-09_11-44-26 Episode 1224: New best reward 50.80, training model saved.
2026-07-09_11-44-59 Episode 1242: New best reward 53.30, training model saved.
2026-07-09_11-45-31 Episode 1262: New best reward 65.50, training model saved.
2026-07-09_11-45-59 Episode 1277: New best reward 95.20, training model saved.
2026-07-09_11-46-49 Episode 1303: New best reward 125.20, training model saved.
2026-07-09_11-49-54 Episode 1383: New best reward 125.70, training model saved.
2026-07-09_11-51-52 Episode 1422: New best reward 151.30, training model saved.
2026-07-09_11-52-27 Episode 1432: New best reward 211.10, training model saved.
2026-07-09_11-55-52 Episode 1493: New best reward 350.00, training model saved.
2026-07-09_12-05-39 Episode 1671: New best reward 409.90, training model saved.
2026-07-09_12-07-16 Episode 1685: New best reward 446.90, training model saved.
2026-07-09_12-16-38: Training starting...
Device: cuda
2026-07-09_12-16-39 Episode 0: New best reward -8.10, training model saved.
2026-07-09_12-16-39 Episode 0: New best greedy reward 2.00, model saved.
2026-07-09_12-16-39 Episode 1: New best reward -5.70, training model saved.
2026-07-09_12-17-12 Episode 73: New best reward -4.50, training model saved.
2026-07-09_12-17-17 Episode 81: New best reward -1.50, training model saved.
2026-07-09_12-17-19 Episode 85: New best reward 0.30, training model saved.
2026-07-09_12-17-20 Episode 89: New best reward 2.70, training model saved.
2026-07-09_12-17-23 Episode 96: New best reward 3.90, training model saved.
2026-07-09_12-17-36 Episode 123: New best reward 4.10, training model saved.
2026-07-09_12-18-15 Episode 208: New best reward 4.30, training model saved.
2026-07-09_12-18-17 Episode 211: New best reward 4.80, training model saved.
2026-07-09_12-18-18 Episode 213: New best reward 6.70, training model saved.
2026-07-09_12-18-30 Episode 242: New best reward 6.80, training model saved.
2026-07-09_12-18-57 Episode 295: New best reward 8.40, training model saved.
2026-07-09_12-19-03 Episode 310: New best reward 11.10, training model saved.
2026-07-09_12-19-25 Episode 353: New best reward 13.70, training model saved.
2026-07-09_12-23-02 Episode 763: New best reward 13.90, training model saved.
2026-07-09_12-25-18 Episode 1000: New best greedy reward 2.60, model saved.
2026-07-09_12-26-00 Episode 1063: New best reward 15.60, training model saved.
2026-07-09_12-30-00 Episode 1411: New best reward 15.80, training model saved.
2026-07-09_12-32-32 Episode 1613: New best reward 17.90, training model saved.
2026-07-09_12-33-03 Episode 1651: New best reward 22.80, training model saved.
2026-07-09_12-35-03 Episode 1802: New best reward 27.00, training model saved.
2026-07-09_12-37-47 Episode 2000: New best greedy reward 8.90, model saved.
2026-07-09_12-48-44 Episode 2747: New best reward 27.50, training model saved.
2026-07-09_12-48-48 Episode 2749: New best reward 37.00, training model saved.
2026-07-09_12-51-13 Episode 2876: New best reward 40.90, training model saved.
2026-07-09_12-51-47 Episode 2901: New best reward 54.90, training model saved.
2026-07-09_12-53-41 Episode 3000: New best greedy reward 51.30, model saved.
2026-07-09_12-55-07 Episode 3066: New best reward 57.30, training model saved.
2026-07-09_12-55-20 Episode 3075: New best reward 78.40, training model saved.
2026-07-09_13-01-14 Episode 3303: New best reward 82.90, training model saved.
2026-07-09_13-02-53 Episode 3353: New best reward 92.50, training model saved.
2026-07-09_13-03-07: Training starting...
Device: cuda
2026-07-09_13-03-08 Episode 0: New best reward -8.10, training model saved.
2026-07-09_13-03-08 Episode 0: New best greedy reward 2.00, model saved.
2026-07-09_13-03-08 Episode 1: New best reward -5.70, training model saved.
2026-07-09_13-03-44 Episode 81: New best reward -2.70, training model saved.
2026-07-09_13-03-46 Episode 85: New best reward 0.30, training model saved.
2026-07-09_13-03-47 Episode 89: New best reward 2.10, training model saved.
2026-07-09_13-04-02 Episode 123: New best reward 3.90, training model saved.
2026-07-09_13-04-27 Episode 179: New best reward 6.00, training model saved.
2026-07-09_13-04-36 Episode 199: New best reward 6.80, training model saved.
2026-07-09_13-04-58 Episode 247: New best reward 8.40, training model saved.
2026-07-09_13-06-03 Episode 386: New best reward 9.00, training model saved.
2026-07-09_13-06-37 Episode 450: New best reward 9.20, training model saved.
2026-07-09_13-07-09 Episode 505: New best reward 9.40, training model saved.
2026-07-09_13-07-18 Episode 518: New best reward 12.90, training model saved.
2026-07-09_13-08-26 Episode 616: New best reward 13.50, training model saved.
2026-07-09_13-09-24 Episode 693: New best reward 18.30, training model saved.
2026-07-09_13-09-43 Episode 717: New best reward 20.40, training model saved.
2026-07-09_13-10-23 Episode 764: New best reward 22.40, training model saved.
2026-07-09_13-10-39 Episode 780: New best reward 22.90, training model saved.
2026-07-09_13-10-52 Episode 794: New best reward 23.20, training model saved.
2026-07-09_13-11-10 Episode 811: New best reward 32.20, training model saved.
2026-07-09_13-11-17 Episode 817: New best reward 32.60, training model saved.
2026-07-09_13-12-01 Episode 865: New best reward 37.20, training model saved.
2026-07-09_13-12-33 Episode 894: New best reward 51.00, training model saved.
2026-07-09_13-12-47 Episode 904: New best reward 51.30, training model saved.
2026-07-09_13-13-26 Episode 924: New best reward 110.90, training model saved.
2026-07-09_13-15-14 Episode 1000: New best greedy reward 40.90, model saved.
2026-07-09_13-20-46 Episode 1156: New best reward 202.30, training model saved.
2026-07-09_13-27-19 Episode 1265: New best reward 208.90, training model saved.
2026-07-09_13-29-33 Episode 1290: New best reward 421.80, training model saved.
2026-07-09_13-45-18 Episode 1498: New best reward 629.20, training model saved.
2026-07-09_13-47-46: Training starting...
Device: cuda
2026-07-09_13-47-47 Episode 0: New best reward -8.10, training model saved.
2026-07-09_13-47-47 Episode 0: New best greedy reward 2.00, model saved.
2026-07-09_13-47-47 Episode 1: New best reward -5.70, training model saved.
2026-07-09_13-48-07 Episode 45: New best reward -4.50, training model saved.
2026-07-09_13-48-07 Episode 46: New best reward -0.90, training model saved.
2026-07-09_13-48-11 Episode 56: New best reward -0.30, training model saved.
2026-07-09_13-48-24 Episode 85: New best reward 0.90, training model saved.
2026-07-09_13-48-26 Episode 89: New best reward 3.30, training model saved.
2026-07-09_13-48-29 Episode 96: New best reward 3.90, training model saved.
2026-07-09_13-48-42 Episode 123: New best reward 4.50, training model saved.
2026-07-09_13-48-42 Episode 124: New best reward 6.30, training model saved.
2026-07-09_13-49-09 Episode 184: New best reward 8.50, training model saved.
2026-07-09_13-50-40 Episode 379: New best reward 8.60, training model saved.
2026-07-09_13-52-19 Episode 539: New best reward 9.20, training model saved.
2026-07-09_13-52-42 Episode 574: New best reward 9.50, training model saved.
2026-07-09_13-53-19 Episode 631: New best reward 11.20, training model saved.
2026-07-09_13-53-39 Episode 661: New best reward 13.10, training model saved.
2026-07-09_13-53-53 Episode 678: New best reward 32.60, training model saved.
2026-07-09_13-54-02 Episode 686: New best reward 38.70, training model saved.
2026-07-09_13-55-34 Episode 788: New best reward 43.10, training model saved.
2026-07-09_13-57-06 Episode 867: New best reward 55.80, training model saved.
2026-07-09_13-59-05 Episode 963: New best reward 67.30, training model saved.
2026-07-09_13-59-45 Episode 1000: New best greedy reward 9.30, model saved.
2026-07-09_14-02-38: Training starting...
Device: cuda
2026-07-09_14-02-38 Episode 0: New best reward -8.10, training model saved.
2026-07-09_14-02-38 Episode 0: New best greedy reward 2.00, model saved.
2026-07-09_14-02-39 Episode 1: New best reward -5.70, training model saved.
2026-07-09_14-03-15 Episode 81: New best reward -1.50, training model saved.
2026-07-09_14-03-17 Episode 85: New best reward 0.30, training model saved.
2026-07-09_14-03-34 Episode 123: New best reward 3.90, training model saved.
2026-07-09_14-03-36 Episode 127: New best reward 4.90, training model saved.
2026-07-09_14-03-59 Episode 179: New best reward 6.10, training model saved.
2026-07-09_14-04-06 Episode 194: New best reward 6.70, training model saved.
2026-07-09_14-04-07 Episode 195: New best reward 8.40, training model saved.
2026-07-09_14-07-39 Episode 586: New best reward 8.50, training model saved.
2026-07-09_14-08-12 Episode 638: New best reward 8.80, training model saved.
2026-07-09_14-08-26 Episode 658: New best reward 10.70, training model saved.
2026-07-09_14-09-32 Episode 758: New best reward 12.90, training model saved.
2026-07-09_14-09-48 Episode 779: New best reward 13.60, training model saved.
2026-07-09_14-11-02 Episode 882: New best reward 17.90, training model saved.
2026-07-09_14-12-29 Episode 1000: New best greedy reward 13.20, model saved.
2026-07-09_14-13-08 Episode 1049: New best reward 22.70, training model saved.
2026-07-09_14-13-19 Episode 1060: New best reward 36.40, training model saved.
2026-07-09_14-14-29 Episode 1128: New best reward 51.20, training model saved.
2026-07-09_14-14-43 Episode 1135: New best reward 57.70, training model saved.
2026-07-09_14-17-17 Episode 1246: New best reward 64.40, training model saved.
2026-07-09_14-18-26 Episode 1291: New best reward 118.80, training model saved.
2026-07-09_14-18-35 Episode 1292: New best reward 122.70, training model saved.
2026-07-09_14-20-03 Episode 1339: New best reward 141.80, training model saved.
2026-07-09_14-22-55 Episode 1437: New best reward 195.80, training model saved.
2026-07-09_14-40-16 Episode 1918: New best reward 224.10, training model saved.
2026-07-09_14-44-29 Episode 1972: New best reward 417.30, training model saved.
2026-07-09_14-47-39: Training starting...
Device: cuda
2026-07-09_14-47-40 Episode 0: New best reward -8.10, training model saved.
2026-07-09_14-47-40 Episode 0: New best greedy reward 2.00, model saved.
2026-07-09_14-47-40 Episode 1: New best reward -5.70, training model saved.
2026-07-09_14-48-15 Episode 81: New best reward -2.10, training model saved.
2026-07-09_14-48-17 Episode 85: New best reward 0.30, training model saved.
2026-07-09_14-49-01 Episode 187: New best reward 0.90, training model saved.
2026-07-09_14-49-11 Episode 211: New best reward 3.30, training model saved.
2026-07-09_14-49-21 Episode 235: New best reward 3.90, training model saved.
2026-07-09_14-49-44 Episode 287: New best reward 4.10, training model saved.
2026-07-09_14-50-05 Episode 334: New best reward 4.80, training model saved.
2026-07-09_14-51-02 Episode 464: New best reward 6.70, training model saved.
2026-07-09_14-51-10 Episode 482: New best reward 8.40, training model saved.
2026-07-09_14-53-02: Training starting...
Device: cuda
2026-07-09_14-53-03 Episode 0: New best reward -8.10, training model saved.
2026-07-09_14-53-03 Episode 0: New best greedy reward 2.00, model saved.
2026-07-09_14-53-03 Episode 1: New best reward -5.70, training model saved.
2026-07-09_14-53-40 Episode 81: New best reward -2.70, training model saved.
2026-07-09_14-53-41 Episode 85: New best reward 0.30, training model saved.
2026-07-09_14-53-59 Episode 123: New best reward 3.90, training model saved.
2026-07-09_14-54-08 Episode 144: New best reward 4.50, training model saved.
2026-07-09_14-54-16 Episode 162: New best reward 4.60, training model saved.
2026-07-09_14-54-29 Episode 189: New best reward 8.40, training model saved.
2026-07-09_14-55-56 Episode 376: New best reward 11.10, training model saved.
2026-07-09_14-56-12 Episode 407: New best reward 12.90, training model saved.
2026-07-09_15-00-05 Episode 826: New best reward 17.90, training model saved.
2026-07-09_15-00-40 Episode 876: New best reward 22.40, training model saved.
2026-07-09_15-02-02 Episode 1000: New best greedy reward 11.20, model saved.
2026-07-09_15-03-06 Episode 1091: New best reward 22.70, training model saved.
2026-07-09_15-03-56 Episode 1155: New best reward 24.60, training model saved.
2026-07-09_15-04-58 Episode 1226: New best reward 34.40, training model saved.
2026-07-09_15-05-49 Episode 1272: New best reward 36.40, training model saved.
2026-07-09_15-06-10 Episode 1291: New best reward 41.90, training model saved.
2026-07-09_15-07-06 Episode 1337: New best reward 43.20, training model saved.
2026-07-09_15-08-01 Episode 1380: New best reward 43.60, training model saved.
2026-07-09_15-08-08: Training starting...
Device: cuda
2026-07-09_15-08-08 Episode 0: New best reward -8.10, training model saved.
2026-07-09_15-08-08 Episode 0: New best greedy reward 2.00, model saved.
2026-07-09_15-08-09 Episode 1: New best reward -5.70, training model saved.
2026-07-09_15-08-44 Episode 81: New best reward -2.70, training model saved.
2026-07-09_15-08-46 Episode 85: New best reward 0.30, training model saved.
2026-07-09_15-09-19 Episode 162: New best reward 1.50, training model saved.
2026-07-09_15-09-31 Episode 187: New best reward 3.30, training model saved.
2026-07-09_15-09-36 Episode 200: New best reward 3.90, training model saved.
2026-07-09_15-10-00 Episode 254: New best reward 4.40, training model saved.
2026-07-09_15-10-15 Episode 287: New best reward 4.90, training model saved.
2026-07-09_15-10-33 Episode 330: New best reward 6.30, training model saved.
2026-07-09_15-10-56 Episode 381: New best reward 8.40, training model saved.
2026-07-09_15-11-29 Episode 453: New best reward 9.50, training model saved.
2026-07-09_15-13-03: Training starting...
Device: cuda
2026-07-09_15-13-04 Episode 0: New best reward -8.10, training model saved.
2026-07-09_15-13-04 Episode 0: New best greedy reward 2.00, model saved.
2026-07-09_15-13-05 Episode 1: New best reward -5.70, training model saved.
2026-07-09_15-13-40 Episode 81: New best reward -1.50, training model saved.
2026-07-09_15-13-41 Episode 85: New best reward -0.90, training model saved.
2026-07-09_15-13-43 Episode 89: New best reward 0.90, training model saved.
2026-07-09_15-13-46 Episode 96: New best reward 1.50, training model saved.
2026-07-09_15-13-54 Episode 116: New best reward 3.90, training model saved.
2026-07-09_15-14-00 Episode 127: New best reward 4.90, training model saved.
2026-07-09_15-14-25 Episode 185: New best reward 6.30, training model saved.
2026-07-09_15-14-37 Episode 213: New best reward 6.50, training model saved.
2026-07-09_15-14-46 Episode 233: New best reward 6.80, training model saved.
2026-07-09_15-14-53 Episode 247: New best reward 8.40, training model saved.
2026-07-09_15-15-34 Episode 333: New best reward 12.90, training model saved.
2026-07-09_15-18-28 Episode 616: New best reward 15.70, training model saved.
2026-07-09_15-18-41 Episode 635: New best reward 20.70, training model saved.
2026-07-09_15-18-54 Episode 649: New best reward 26.90, training model saved.
2026-07-09_15-19-16 Episode 680: New best reward 27.50, training model saved.
2026-07-09_15-20-20 Episode 753: New best reward 52.70, training model saved.
2026-07-09_15-21-22 Episode 802: New best reward 90.80, training model saved.
2026-07-09_15-23-50 Episode 1000: New best greedy reward 6.80, model saved.
2026-07-09_15-27-49: Training starting...
Device: cuda
2026-07-09_15-27-49 Episode 0: New best reward -8.10, training model saved.
2026-07-09_15-27-49 Episode 0: New best greedy reward 2.00, model saved.
2026-07-09_15-27-50 Episode 1: New best reward -5.70, training model saved.
2026-07-09_15-28-27 Episode 81: New best reward -2.10, training model saved.
2026-07-09_15-30-05 Episode 299: New best reward 0.90, training model saved.
2026-07-09_15-30-34 Episode 358: New best reward 1.50, training model saved.
2026-07-09_15-30-34 Episode 360: New best reward 2.70, training model saved.
2026-07-09_15-30-53 Episode 405: New best reward 3.90, training model saved.
2026-07-09_15-32-09 Episode 569: New best reward 4.40, training model saved.
2026-07-09_15-32-39 Episode 631: New best reward 4.50, training model saved.
2026-07-09_15-32-52 Episode 655: New best reward 4.60, training model saved.
2026-07-09_15-33-15 Episode 710: New best reward 4.80, training model saved.
2026-07-09_15-33-16 Episode 713: New best reward 4.90, training model saved.
2026-07-09_15-33-51 Episode 788: New best reward 8.40, training model saved.
2026-07-09_15-36-25 Episode 1122: New best reward 11.10, training model saved.
2026-07-09_15-36-55 Episode 1178: New best reward 11.30, training model saved.
2026-07-09_15-37-35 Episode 1257: New best reward 12.90, training model saved.
2026-07-09_15-39-26 Episode 1462: New best reward 15.30, training model saved.
2026-07-09_15-43-39: Training starting...
Device: cuda
2026-07-09_15-43-39 Episode 0: New best reward -8.10, training model saved.
2026-07-09_15-43-40 Episode 0: New best greedy reward 2.00, model saved.
2026-07-09_15-43-40 Episode 1: New best reward -5.70, training model saved.
2026-07-09_15-44-16 Episode 81: New best reward -2.70, training model saved.
2026-07-09_15-44-17 Episode 85: New best reward 0.30, training model saved.
2026-07-09_15-44-51 Episode 162: New best reward 4.00, training model saved.
2026-07-09_15-45-14 Episode 211: New best reward 4.50, training model saved.
2026-07-09_15-45-27 Episode 242: New best reward 4.80, training model saved.
2026-07-09_15-46-13 Episode 344: New best reward 5.00, training model saved.
2026-07-09_15-46-20 Episode 358: New best reward 6.00, training model saved.
2026-07-09_15-46-31 Episode 382: New best reward 6.50, training model saved.
2026-07-09_15-46-35 Episode 390: New best reward 8.40, training model saved.
2026-07-09_15-47-42 Episode 519: New best reward 8.50, training model saved.
2026-07-09_15-47-44 Episode 521: New best reward 10.60, training model saved.
2026-07-09_15-48-04 Episode 554: New best reward 12.90, training model saved.
2026-07-09_15-48-09 Episode 561: New best reward 13.00, training model saved.
2026-07-09_15-48-31 Episode 599: New best reward 13.10, training model saved.
2026-07-09_15-49-12 Episode 665: New best reward 20.20, training model saved.
2026-07-09_15-50-17 Episode 753: New best reward 29.70, training model saved.
2026-07-09_15-50-36 Episode 771: New best reward 46.40, training model saved.
2026-07-09_15-50-50 Episode 784: New best reward 55.80, training model saved.
2026-07-09_15-51-35 Episode 813: New best reward 61.00, training model saved.
2026-07-09_15-51-43 Episode 816: New best reward 78.90, training model saved.
2026-07-09_15-52-51 Episode 865: New best reward 88.40, training model saved.
2026-07-09_15-55-56 Episode 958: New best reward 166.90, training model saved.
2026-07-09_15-56-14 Episode 961: New best reward 210.10, training model saved.
2026-07-09_15-57-46 Episode 1000: New best greedy reward 3.90, model saved.
2026-07-09_16-01-33 Episode 1063: New best reward 278.90, training model saved.
2026-07-09_16-03-30 Episode 1084: New best reward 362.90, training model saved.
2026-07-09_16-08-20 Episode 1125: New best reward 494.20, training model saved.
2026-07-09_16-10-24 Episode 1148: New best reward 657.00, training model saved.
2026-07-09_16-29-45: Training starting...
Device: cuda
2026-07-09_16-29-45 Episode 0: New best reward -8.10, training model saved.
2026-07-09_16-29-45 Episode 0: New best greedy reward 2.00, model saved.
2026-07-09_16-29-46 Episode 1: New best reward -5.70, training model saved.
2026-07-09_16-30-21 Episode 81: New best reward -2.10, training model saved.
2026-07-09_16-31-51 Episode 287: New best reward 2.10, training model saved.
2026-07-09_16-32-10 Episode 329: New best reward 3.90, training model saved.
2026-07-09_16-32-32 Episode 382: New best reward 4.50, training model saved.
2026-07-09_16-32-59 Episode 442: New best reward 4.80, training model saved.
2026-07-09_16-33-03 Episode 449: New best reward 8.40, training model saved.
2026-07-09_16-35-09: Training starting...
Device: cuda
2026-07-09_16-35-09 Episode 0: New best reward -8.10, training model saved.
2026-07-09_16-35-09 Episode 0: New best greedy reward 2.00, model saved.
2026-07-09_16-35-10 Episode 1: New best reward -5.70, training model saved.
2026-07-09_16-35-45 Episode 81: New best reward -2.70, training model saved.
2026-07-09_16-35-47 Episode 85: New best reward 0.30, training model saved.
2026-07-09_16-35-49 Episode 89: New best reward 2.70, training model saved.
2026-07-09_16-35-52 Episode 96: New best reward 3.90, training model saved.
2026-07-09_16-36-04 Episode 123: New best reward 6.10, training model saved.
2026-07-09_16-36-10 Episode 137: New best reward 6.50, training model saved.
2026-07-09_16-36-21 Episode 162: New best reward 6.60, training model saved.
2026-07-09_16-36-31 Episode 184: New best reward 6.80, training model saved.
2026-07-09_16-36-48 Episode 221: New best reward 8.40, training model saved.
2026-07-09_16-37-57 Episode 369: New best reward 8.80, training model saved.
2026-07-09_16-38-03 Episode 381: New best reward 9.30, training model saved.
2026-07-09_16-38-21 Episode 415: New best reward 12.90, training model saved.
2026-07-09_16-38-24 Episode 419: New best reward 15.60, training model saved.
2026-07-09_16-39-46 Episode 571: New best reward 17.90, training model saved.
2026-07-09_16-40-30 Episode 643: New best reward 20.40, training model saved.
2026-07-09_16-40-36 Episode 648: New best reward 31.90, training model saved.
2026-07-09_16-42-38 Episode 798: New best reward 36.40, training model saved.
2026-07-09_16-43-38 Episode 856: New best reward 39.00, training model saved.
2026-07-09_16-44-41 Episode 913: New best reward 41.10, training model saved.
2026-07-09_16-45-03 Episode 934: New best reward 47.10, training model saved.
2026-07-09_16-45-25 Episode 953: New best reward 48.30, training model saved.
2026-07-09_16-46-27 Episode 1000: New best greedy reward 15.80, model saved.
2026-07-09_16-47-29 Episode 1052: New best reward 87.90, training model saved.
2026-07-09_16-49-54 Episode 1153: New best reward 130.30, training model saved.
[worker] done. total trials in study: 400
2026-07-09_06-39-43: Training starting...
Device: cuda
2026-07-09_06-39-50 Episode 0: New best reward -8.10, training model saved.
2026-07-09_06-39-50 Episode 0: New best greedy reward 2.00, model saved.
2026-07-09_06-39-51 Episode 1: New best reward -5.70, training model saved.
2026-07-09_06-40-28 Episode 81: New best reward -2.70, training model saved.
2026-07-09_06-40-30 Episode 85: New best reward 0.30, training model saved.
2026-07-09_06-40-32 Episode 89: New best reward 2.10, training model saved.
2026-07-09_06-40-47 Episode 123: New best reward 4.40, training model saved.
2026-07-09_06-41-12 Episode 179: New best reward 4.50, training model saved.
2026-07-09_06-41-15 Episode 185: New best reward 4.80, training model saved.
2026-07-09_06-41-26 Episode 208: New best reward 6.40, training model saved.
2026-07-09_06-41-35 Episode 226: New best reward 8.70, training model saved.
2026-07-09_06-44-35 Episode 618: New best reward 9.20, training model saved.
2026-07-09_06-46-16 Episode 817: New best reward 9.30, training model saved.
2026-07-09_06-46-37 Episode 858: New best reward 15.00, training model saved.
2026-07-09_06-48-06 Episode 1026: New best reward 15.20, training model saved.
2026-07-09_06-51-55 Episode 1426: New best reward 15.70, training model saved.
2026-07-09_06-54-57 Episode 1698: New best reward 15.80, training model saved.
2026-07-09_06-56-53 Episode 1865: New best reward 17.90, training model saved.
2026-07-09_06-58-32 Episode 2000: New best greedy reward 8.60, model saved.
2026-07-09_06-58-41 Episode 2010: New best reward 20.70, training model saved.
2026-07-09_07-01-51 Episode 2257: New best reward 22.40, training model saved.
2026-07-09_07-02-52 Episode 2330: New best reward 27.80, training model saved.
2026-07-09_07-05-07 Episode 2489: New best reward 28.00, training model saved.
2026-07-09_07-05-57 Episode 2545: New best reward 41.70, training model saved.
2026-07-09_07-09-14 Episode 2750: New best reward 46.70, training model saved.
2026-07-09_07-10-54 Episode 2832: New best reward 61.10, training model saved.
2026-07-09_07-14-55 Episode 2997: New best reward 87.90, training model saved.
2026-07-09_07-15-02 Episode 3000: New best greedy reward 43.40, model saved.
2026-07-09_07-15-52 Episode 3030: New best reward 172.00, training model saved.
2026-07-09_07-21-12 Episode 3181: New best reward 204.90, training model saved.
2026-07-09_07-25-30: Training starting...
Device: cuda
2026-07-09_07-25-31 Episode 0: New best reward -8.10, training model saved.
2026-07-09_07-25-31 Episode 0: New best greedy reward 2.00, model saved.
2026-07-09_07-25-31 Episode 1: New best reward -5.70, training model saved.
2026-07-09_07-26-07 Episode 81: New best reward -2.10, training model saved.
2026-07-09_07-26-42 Episode 162: New best reward -0.30, training model saved.
2026-07-09_07-27-05 Episode 211: New best reward 2.70, training model saved.
2026-07-09_07-27-15 Episode 235: New best reward 3.30, training model saved.
2026-07-09_07-27-39 Episode 287: New best reward 4.00, training model saved.
2026-07-09_07-28-59 Episode 467: New best reward 4.50, training model saved.
2026-07-09_07-29-01 Episode 472: New best reward 5.00, training model saved.
2026-07-09_07-29-51 Episode 582: New best reward 6.10, training model saved.
2026-07-09_07-30-08 Episode 618: New best reward 8.40, training model saved.
2026-07-09_07-30-42: Training starting...
Device: cuda
2026-07-09_07-30-42 Episode 0: New best reward -8.10, training model saved.
2026-07-09_07-30-42 Episode 0: New best greedy reward 2.00, model saved.
2026-07-09_07-30-43 Episode 1: New best reward -5.70, training model saved.
2026-07-09_07-31-18 Episode 81: New best reward -2.10, training model saved.
2026-07-09_07-32-53 Episode 299: New best reward 0.90, training model saved.
2026-07-09_07-33-19 Episode 358: New best reward 1.50, training model saved.
2026-07-09_07-33-39 Episode 405: New best reward 3.90, training model saved.
2026-07-09_07-34-51 Episode 569: New best reward 4.20, training model saved.
2026-07-09_07-35-13 Episode 617: New best reward 6.10, training model saved.
2026-07-09_07-37-04 Episode 866: New best reward 8.40, training model saved.
2026-07-09_07-40-39 Episode 1340: New best reward 10.50, training model saved.
2026-07-09_07-41-38 Episode 1456: New best reward 12.90, training model saved.
2026-07-09_07-43-16 Episode 1632: New best reward 13.80, training model saved.
2026-07-09_07-43-24 Episode 1641: New best reward 18.30, training model saved.
2026-07-09_07-44-30 Episode 1743: New best reward 18.60, training model saved.
2026-07-09_07-45-13 Episode 1796: New best reward 26.90, training model saved.
2026-07-09_07-46-04 Episode 1865: New best reward 29.20, training model saved.
2026-07-09_07-46-55 Episode 1924: New best reward 33.00, training model saved.
2026-07-09_07-47-45 Episode 1975: New best reward 36.40, training model saved.
2026-07-09_07-48-06 Episode 1993: New best reward 40.90, training model saved.
2026-07-09_07-48-21 Episode 1999: New best reward 83.50, training model saved.
2026-07-09_07-48-23 Episode 2000: New best greedy reward 9.30, model saved.
2026-07-09_07-49-41 Episode 2051: New best reward 141.80, training model saved.
2026-07-09_07-52-17 Episode 2137: New best reward 153.70, training model saved.
2026-07-09_07-54-59 Episode 2180: New best reward 222.90, training model saved.
2026-07-09_07-58-13 Episode 2238: New best reward 248.90, training model saved.
2026-07-09_08-01-48 Episode 2270: New best reward 526.40, training model saved.
2026-07-09_08-12-25 Episode 2347: New best reward 689.90, training model saved.
2026-07-09_08-16-58: Training starting...
Device: cuda
2026-07-09_08-16-59 Episode 0: New best reward -8.10, training model saved.
2026-07-09_08-16-59 Episode 0: New best greedy reward 2.00, model saved.
2026-07-09_08-16-59 Episode 1: New best reward -5.70, training model saved.
2026-07-09_08-17-35 Episode 81: New best reward -2.70, training model saved.
2026-07-09_08-18-07 Episode 155: New best reward -0.90, training model saved.
2026-07-09_08-18-10 Episode 162: New best reward 0.30, training model saved.
2026-07-09_08-18-21 Episode 187: New best reward 0.90, training model saved.
2026-07-09_08-18-24 Episode 195: New best reward 1.50, training model saved.
2026-07-09_08-18-31 Episode 211: New best reward 3.90, training model saved.
2026-07-09_08-18-49 Episode 250: New best reward 4.80, training model saved.
2026-07-09_08-19-06 Episode 287: New best reward 6.70, training model saved.
2026-07-09_08-19-18 Episode 314: New best reward 8.40, training model saved.
2026-07-09_08-23-02 Episode 780: New best reward 12.90, training model saved.
2026-07-09_08-25-12 Episode 1000: New best greedy reward 6.50, model saved.
2026-07-09_08-27-56 Episode 1234: New best reward 17.90, training model saved.
2026-07-09_08-29-50 Episode 1383: New best reward 22.80, training model saved.
2026-07-09_08-31-23 Episode 1494: New best reward 26.90, training model saved.
2026-07-09_08-31-44: Training starting...
Device: cuda
2026-07-09_08-31-44 Episode 0: New best reward -8.10, training model saved.
2026-07-09_08-31-45 Episode 0: New best greedy reward 2.00, model saved.
2026-07-09_08-31-45 Episode 1: New best reward -5.70, training model saved.
2026-07-09_08-32-21 Episode 81: New best reward -2.10, training model saved.
2026-07-09_08-32-41 Episode 127: New best reward -1.50, training model saved.
2026-07-09_08-32-52 Episode 155: New best reward -0.90, training model saved.
2026-07-09_08-32-55 Episode 162: New best reward -0.30, training model saved.
2026-07-09_08-33-07 Episode 187: New best reward 0.30, training model saved.
2026-07-09_08-33-12 Episode 200: New best reward 3.90, training model saved.
2026-07-09_08-33-42 Episode 266: New best reward 4.20, training model saved.
2026-07-09_08-34-31 Episode 379: New best reward 6.10, training model saved.
2026-07-09_08-34-42 Episode 404: New best reward 8.40, training model saved.
2026-07-09_08-37-03 Episode 710: New best reward 9.00, training model saved.
2026-07-09_08-37-16 Episode 735: New best reward 10.50, training model saved.
2026-07-09_08-37-41 Episode 787: New best reward 11.00, training model saved.
2026-07-09_08-38-52 Episode 921: New best reward 13.00, training model saved.
2026-07-09_08-40-07 Episode 1052: New best reward 17.90, training model saved.
2026-07-09_08-45-29 Episode 1532: New best reward 22.50, training model saved.
2026-07-09_08-45-30 Episode 1533: New best reward 22.90, training model saved.
2026-07-09_08-45-46 Episode 1549: New best reward 23.20, training model saved.
2026-07-09_08-45-56 Episode 1562: New best reward 24.90, training model saved.
2026-07-09_08-46-46 Episode 1614: New best reward 36.80, training model saved.
2026-07-09_08-49-11 Episode 1776: New best reward 41.10, training model saved.
2026-07-09_08-49-40 Episode 1799: New best reward 43.70, training model saved.
2026-07-09_08-49-45 Episode 1801: New best reward 50.40, training model saved.
2026-07-09_08-50-20 Episode 1824: New best reward 65.40, training model saved.
2026-07-09_08-50-28 Episode 1827: New best reward 73.90, training model saved.
2026-07-09_08-54-35 Episode 2000: New best greedy reward 8.70, model saved.
2026-07-09_08-56-30 Episode 2071: New best reward 80.70, training model saved.
2026-07-09_08-57-14 Episode 2093: New best reward 85.30, training model saved.
2026-07-09_09-03-27 Episode 2321: New best reward 92.60, training model saved.
2026-07-09_09-04-39 Episode 2354: New best reward 155.80, training model saved.
2026-07-09_09-10-06 Episode 2489: New best reward 163.00, training model saved.
2026-07-09_09-10-19 Episode 2490: New best reward 174.60, training model saved.
2026-07-09_09-12-03 Episode 2521: New best reward 309.50, training model saved.
2026-07-09_09-16-32: Training starting...
Device: cuda
2026-07-09_09-16-33 Episode 0: New best reward -8.10, training model saved.
2026-07-09_09-16-33 Episode 0: New best greedy reward 2.00, model saved.
2026-07-09_09-16-34 Episode 1: New best reward -5.70, training model saved.
2026-07-09_09-17-08 Episode 81: New best reward -2.10, training model saved.
2026-07-09_09-17-10 Episode 85: New best reward 0.30, training model saved.
2026-07-09_09-17-43 Episode 162: New best reward 1.50, training model saved.
2026-07-09_09-17-58 Episode 195: New best reward 2.10, training model saved.
2026-07-09_09-18-00 Episode 200: New best reward 3.90, training model saved.
2026-07-09_09-18-35 Episode 281: New best reward 4.20, training model saved.
2026-07-09_09-18-38 Episode 286: New best reward 4.50, training model saved.
2026-07-09_09-19-34 Episode 413: New best reward 4.90, training model saved.
2026-07-09_09-19-41 Episode 429: New best reward 8.40, training model saved.
2026-07-09_09-20-33 Episode 548: New best reward 12.90, training model saved.
2026-07-09_09-26-34 Episode 1245: New best reward 15.40, training model saved.
2026-07-09_09-30-01 Episode 1573: New best reward 15.70, training model saved.
2026-07-09_09-30-05 Episode 1578: New best reward 17.90, training model saved.
2026-07-09_09-32-21 Episode 1763: New best reward 22.40, training model saved.
2026-07-09_09-33-06 Episode 1822: New best reward 27.00, training model saved.
2026-07-09_09-35-34 Episode 2000: New best greedy reward 8.60, model saved.
2026-07-09_09-36-01 Episode 2027: New best reward 27.20, training model saved.
2026-07-09_09-37-12 Episode 2109: New best reward 27.50, training model saved.
2026-07-09_09-37-45 Episode 2144: New best reward 54.90, training model saved.
2026-07-09_09-44-00 Episode 2462: New best reward 83.10, training model saved.
2026-07-09_09-45-49 Episode 2521: New best reward 83.50, training model saved.
2026-07-09_09-47-48 Episode 2579: New best reward 93.20, training model saved.
2026-07-09_09-48-51 Episode 2607: New best reward 141.80, training model saved.
2026-07-09_09-51-58 Episode 2676: New best reward 247.20, training model saved.
2026-07-09_09-56-27 Episode 2750: New best reward 261.40, training model saved.
2026-07-09_10-00-37: Training starting...
Device: cuda
2026-07-09_10-00-38 Episode 0: New best reward -8.10, training model saved.
2026-07-09_10-00-38 Episode 0: New best greedy reward 2.00, model saved.
2026-07-09_10-00-38 Episode 1: New best reward -5.70, training model saved.
2026-07-09_10-01-13 Episode 81: New best reward -2.10, training model saved.
2026-07-09_10-01-15 Episode 85: New best reward 0.30, training model saved.
2026-07-09_10-01-16 Episode 89: New best reward 2.70, training model saved.
2026-07-09_10-01-19 Episode 96: New best reward 3.90, training model saved.
2026-07-09_10-01-32 Episode 123: New best reward 4.40, training model saved.
2026-07-09_10-01-57 Episode 179: New best reward 4.50, training model saved.
2026-07-09_10-02-00 Episode 185: New best reward 6.30, training model saved.
2026-07-09_10-02-04 Episode 194: New best reward 6.70, training model saved.
2026-07-09_10-02-56 Episode 309: New best reward 9.50, training model saved.
2026-07-09_10-05-46 Episode 677: New best reward 10.80, training model saved.
2026-07-09_10-06-01 Episode 705: New best reward 11.10, training model saved.
2026-07-09_10-07-22 Episode 862: New best reward 12.90, training model saved.
2026-07-09_10-08-02 Episode 932: New best reward 13.00, training model saved.
2026-07-09_10-08-44 Episode 1000: New best greedy reward 3.90, model saved.
2026-07-09_10-10-05 Episode 1140: New best reward 13.60, training model saved.
2026-07-09_10-11-17 Episode 1254: New best reward 15.30, training model saved.
2026-07-09_10-11-20 Episode 1259: New best reward 18.30, training model saved.
2026-07-09_10-12-51 Episode 1390: New best reward 23.00, training model saved.
2026-07-09_10-14-55 Episode 1554: New best reward 25.30, training model saved.
2026-07-09_10-15-51 Episode 1615: New best reward 39.20, training model saved.
2026-07-09_10-18-35 Episode 1795: New best reward 67.30, training model saved.
2026-07-09_10-22-24 Episode 2000: New best greedy reward 13.00, model saved.
2026-07-09_10-23-10 Episode 2025: New best reward 79.40, training model saved.
2026-07-09_10-28-51 Episode 2233: New best reward 82.90, training model saved.
2026-07-09_10-29-28 Episode 2252: New best reward 92.40, training model saved.
2026-07-09_10-35-05 Episode 2411: New best reward 153.10, training model saved.
2026-07-09_10-40-00 Episode 2515: New best reward 160.10, training model saved.
2026-07-09_10-41-05 Episode 2527: New best reward 270.80, training model saved.
2026-07-09_10-43-45 Episode 2563: New best reward 281.20, training model saved.
2026-07-09_10-44-10 Episode 2565: New best reward 295.40, training model saved.
2026-07-09_10-44-38: Training starting...
Device: cuda
2026-07-09_10-44-38 Episode 0: New best reward -8.10, training model saved.
2026-07-09_10-44-39 Episode 0: New best greedy reward 2.00, model saved.
2026-07-09_10-44-39 Episode 1: New best reward -5.70, training model saved.
2026-07-09_10-45-14 Episode 81: New best reward -2.10, training model saved.
2026-07-09_10-45-48 Episode 162: New best reward -0.30, training model saved.
2026-07-09_10-45-59 Episode 187: New best reward 0.30, training model saved.
2026-07-09_10-46-03 Episode 195: New best reward 2.10, training model saved.
2026-07-09_10-46-09 Episode 211: New best reward 2.70, training model saved.
2026-07-09_10-46-19 Episode 235: New best reward 3.90, training model saved.
2026-07-09_10-46-29 Episode 254: New best reward 4.10, training model saved.
2026-07-09_10-47-02 Episode 330: New best reward 4.30, training model saved.
2026-07-09_10-47-12 Episode 355: New best reward 4.50, training model saved.
2026-07-09_10-47-13 Episode 358: New best reward 6.50, training model saved.
2026-07-09_10-49-03 Episode 603: New best reward 9.50, training model saved.
2026-07-09_10-49-58: Training starting...
Device: cuda
2026-07-09_10-49-59 Episode 0: New best reward -8.10, training model saved.
2026-07-09_10-49-59 Episode 0: New best greedy reward 2.00, model saved.
2026-07-09_10-49-59 Episode 1: New best reward -5.70, training model saved.
2026-07-09_10-50-27 Episode 62: New best reward -5.10, training model saved.
2026-07-09_10-50-27 Episode 63: New best reward -2.10, training model saved.
2026-07-09_10-50-31 Episode 73: New best reward 0.30, training model saved.
2026-07-09_10-50-37 Episode 85: New best reward 3.90, training model saved.
2026-07-09_10-50-48 Episode 110: New best reward 4.30, training model saved.
2026-07-09_10-50-55 Episode 126: New best reward 4.80, training model saved.
2026-07-09_10-50-56 Episode 128: New best reward 6.20, training model saved.
2026-07-09_10-51-03 Episode 144: New best reward 6.70, training model saved.
2026-07-09_10-51-20 Episode 180: New best reward 8.40, training model saved.
2026-07-09_10-53-07 Episode 401: New best reward 8.80, training model saved.
2026-07-09_10-53-09 Episode 403: New best reward 10.50, training model saved.
2026-07-09_10-54-15 Episode 519: New best reward 11.00, training model saved.
2026-07-09_10-54-19 Episode 524: New best reward 12.90, training model saved.
2026-07-09_10-55-18 Episode 611: New best reward 15.60, training model saved.
2026-07-09_10-56-27 Episode 708: New best reward 23.00, training model saved.
2026-07-09_10-58-01 Episode 818: New best reward 36.60, training model saved.
2026-07-09_11-00-04 Episode 939: New best reward 43.80, training model saved.
2026-07-09_11-00-59 Episode 1000: New best greedy reward 11.10, model saved.
2026-07-09_11-04-51: Training starting...
Device: cuda
2026-07-09_11-04-52 Episode 0: New best reward -8.10, training model saved.
2026-07-09_11-04-52 Episode 0: New best greedy reward 2.00, model saved.
2026-07-09_11-04-53 Episode 1: New best reward -5.70, training model saved.
2026-07-09_11-05-21 Episode 63: New best reward -2.10, training model saved.
2026-07-09_11-05-25 Episode 73: New best reward -0.30, training model saved.
2026-07-09_11-05-31 Episode 85: New best reward 0.90, training model saved.
2026-07-09_11-05-33 Episode 89: New best reward 3.90, training model saved.
2026-07-09_11-05-41 Episode 108: New best reward 4.00, training model saved.
2026-07-09_11-05-45 Episode 116: New best reward 4.20, training model saved.
2026-07-09_11-05-49 Episode 123: New best reward 6.80, training model saved.
2026-07-09_11-06-00 Episode 147: New best reward 8.40, training model saved.
2026-07-09_11-09-34 Episode 559: New best reward 9.00, training model saved.
2026-07-09_11-09-38 Episode 564: New best reward 9.40, training model saved.
2026-07-09_11-10-40 Episode 667: New best reward 11.10, training model saved.
2026-07-09_11-10-43 Episode 673: New best reward 12.90, training model saved.
2026-07-09_11-11-00 Episode 698: New best reward 13.90, training model saved.
2026-07-09_11-11-36 Episode 754: New best reward 14.00, training model saved.
2026-07-09_11-11-57 Episode 780: New best reward 18.40, training model saved.
2026-07-09_11-12-14 Episode 801: New best reward 26.90, training model saved.
2026-07-09_11-14-25 Episode 954: New best reward 75.00, training model saved.
2026-07-09_11-15-18 Episode 1000: New best greedy reward 6.10, model saved.
2026-07-09_11-17-50 Episode 1134: New best reward 115.90, training model saved.
2026-07-09_11-31-15 Episode 1631: New best reward 165.30, training model saved.
2026-07-09_11-32-43 Episode 1655: New best reward 192.70, training model saved.
2026-07-09_11-37-55 Episode 1776: New best reward 249.20, training model saved.
2026-07-09_11-42-24 Episode 1836: New best reward 253.10, training model saved.
2026-07-09_11-49-55: Training starting...
Device: cuda
2026-07-09_11-49-56 Episode 0: New best reward -8.10, training model saved.
2026-07-09_11-49-56 Episode 0: New best greedy reward 2.00, model saved.
2026-07-09_11-49-56 Episode 1: New best reward -5.70, training model saved.
2026-07-09_11-50-32 Episode 81: New best reward -2.70, training model saved.
2026-07-09_11-50-33 Episode 85: New best reward 0.30, training model saved.
2026-07-09_11-51-21 Episode 195: New best reward 1.50, training model saved.
2026-07-09_11-51-23 Episode 200: New best reward 3.90, training model saved.
2026-07-09_11-51-46 Episode 250: New best reward 4.80, training model saved.
2026-07-09_11-52-06 Episode 297: New best reward 6.50, training model saved.
2026-07-09_11-52-10 Episode 304: New best reward 8.40, training model saved.
2026-07-09_11-54-46 Episode 609: New best reward 8.70, training model saved.
2026-07-09_11-54-57 Episode 629: New best reward 9.10, training model saved.
2026-07-09_11-55-22 Episode 668: New best reward 11.20, training model saved.
2026-07-09_11-55-31 Episode 681: New best reward 12.90, training model saved.
2026-07-09_11-56-44 Episode 797: New best reward 13.20, training model saved.
2026-07-09_11-57-12 Episode 836: New best reward 15.60, training model saved.
2026-07-09_11-57-29 Episode 859: New best reward 20.80, training model saved.
2026-07-09_11-57-37 Episode 867: New best reward 27.90, training model saved.
2026-07-09_11-58-08 Episode 900: New best reward 28.10, training model saved.
2026-07-09_11-58-10 Episode 901: New best reward 32.20, training model saved.
2026-07-09_11-58-38 Episode 929: New best reward 39.00, training model saved.
2026-07-09_11-58-50 Episode 938: New best reward 43.70, training model saved.
2026-07-09_11-59-32 Episode 966: New best reward 55.20, training model saved.
2026-07-09_11-59-39 Episode 969: New best reward 57.80, training model saved.
2026-07-09_11-59-54 Episode 976: New best reward 65.50, training model saved.
2026-07-09_12-00-20 Episode 1000: New best greedy reward 13.20, model saved.
2026-07-09_12-00-41 Episode 1014: New best reward 71.80, training model saved.
2026-07-09_12-01-17 Episode 1036: New best reward 152.90, training model saved.
2026-07-09_12-04-07 Episode 1119: New best reward 179.30, training model saved.
2026-07-09_12-08-28 Episode 1192: New best reward 204.80, training model saved.
2026-07-09_12-09-09 Episode 1200: New best reward 219.00, training model saved.
2026-07-09_12-14-56 Episode 1297: New best reward 235.30, training model saved.
2026-07-09_12-17-12 Episode 1315: New best reward 540.40, training model saved.
2026-07-09_12-19-40 Episode 1329: New best reward 657.30, training model saved.
2026-07-09_12-34-48: Training starting...
Device: cuda
2026-07-09_12-34-48 Episode 0: New best reward -8.10, training model saved.
2026-07-09_12-34-48 Episode 0: New best greedy reward 2.00, model saved.
2026-07-09_12-34-49 Episode 1: New best reward -5.70, training model saved.
2026-07-09_12-35-24 Episode 81: New best reward -2.10, training model saved.
2026-07-09_12-36-10 Episode 187: New best reward 0.30, training model saved.
2026-07-09_12-36-21 Episode 211: New best reward 2.70, training model saved.
2026-07-09_12-36-31 Episode 235: New best reward 3.90, training model saved.
2026-07-09_12-37-14 Episode 329: New best reward 6.20, training model saved.
2026-07-09_12-37-14 Episode 330: New best reward 6.30, training model saved.
2026-07-09_12-37-40 Episode 389: New best reward 8.40, training model saved.
2026-07-09_12-37-40 Episode 390: New best reward 9.20, training model saved.
2026-07-09_12-40-12: Training starting...
Device: cuda
2026-07-09_12-40-12 Episode 0: New best reward -8.10, training model saved.
2026-07-09_12-40-12 Episode 0: New best greedy reward 2.00, model saved.
2026-07-09_12-40-13 Episode 1: New best reward -5.70, training model saved.
2026-07-09_12-40-44 Episode 73: New best reward -5.10, training model saved.
2026-07-09_12-40-48 Episode 81: New best reward -1.50, training model saved.
2026-07-09_12-40-50 Episode 85: New best reward 0.30, training model saved.
2026-07-09_12-41-07 Episode 123: New best reward 3.90, training model saved.
2026-07-09_12-41-24 Episode 162: New best reward 4.90, training model saved.
2026-07-09_12-42-17 Episode 280: New best reward 8.40, training model saved.
2026-07-09_12-42-28 Episode 305: New best reward 8.70, training model saved.
2026-07-09_12-43-15 Episode 405: New best reward 8.80, training model saved.
2026-07-09_12-44-25 Episode 549: New best reward 12.90, training model saved.
2026-07-09_12-45-59 Episode 722: New best reward 20.60, training model saved.
2026-07-09_12-48-10 Episode 929: New best reward 26.90, training model saved.
2026-07-09_12-49-02 Episode 990: New best reward 29.20, training model saved.
2026-07-09_12-49-10 Episode 1000: New best greedy reward 17.90, model saved.
2026-07-09_12-49-38 Episode 1018: New best reward 53.20, training model saved.
2026-07-09_12-51-16 Episode 1103: New best reward 93.50, training model saved.
2026-07-09_12-52-56 Episode 1174: New best reward 150.90, training model saved.
2026-07-09_12-58-54 Episode 1348: New best reward 183.50, training model saved.
2026-07-09_13-01-11 Episode 1385: New best reward 235.20, training model saved.
2026-07-09_13-04-49 Episode 1465: New best reward 305.30, training model saved.
2026-07-09_13-06-16 Episode 1476: New best reward 515.30, training model saved.
2026-07-09_13-22-08 Episode 1612: New best reward 774.50, training model saved.
2026-07-09_13-25-09: Training starting...
Device: cuda
2026-07-09_13-25-09 Episode 0: New best reward -8.10, training model saved.
2026-07-09_13-25-10 Episode 0: New best greedy reward 2.00, model saved.
2026-07-09_13-25-10 Episode 1: New best reward -5.70, training model saved.
2026-07-09_13-25-44 Episode 81: New best reward -2.10, training model saved.
2026-07-09_13-26-40 Episode 211: New best reward 2.70, training model saved.
2026-07-09_13-27-32 Episode 329: New best reward 3.90, training model saved.
2026-07-09_13-28-04 Episode 406: New best reward 4.40, training model saved.
2026-07-09_13-28-11 Episode 420: New best reward 6.20, training model saved.
2026-07-09_13-28-31 Episode 466: New best reward 6.80, training model saved.
2026-07-09_13-28-36 Episode 476: New best reward 8.40, training model saved.
2026-07-09_13-30-21 Episode 719: New best reward 12.90, training model saved.
2026-07-09_13-30-29: Training starting...
Device: cuda
2026-07-09_13-30-30 Episode 0: New best reward -8.10, training model saved.
2026-07-09_13-30-30 Episode 0: New best greedy reward 2.00, model saved.
2026-07-09_13-30-30 Episode 1: New best reward -5.70, training model saved.
2026-07-09_13-31-01 Episode 63: New best reward -4.50, training model saved.
2026-07-09_13-31-01 Episode 64: New best reward -3.30, training model saved.
2026-07-09_13-31-05 Episode 73: New best reward -0.30, training model saved.
2026-07-09_13-31-12 Episode 85: New best reward 2.70, training model saved.
2026-07-09_13-31-16 Episode 96: New best reward 3.90, training model saved.
2026-07-09_13-31-55 Episode 175: New best reward 6.30, training model saved.
2026-07-09_13-33-18 Episode 343: New best reward 8.40, training model saved.
2026-07-09_13-36-00: Training starting...
Device: cuda
2026-07-09_13-36-00 Episode 0: New best reward -8.10, training model saved.
2026-07-09_13-36-01 Episode 0: New best greedy reward 2.00, model saved.
2026-07-09_13-36-01 Episode 1: New best reward -5.70, training model saved.
2026-07-09_13-36-36 Episode 81: New best reward -2.70, training model saved.
2026-07-09_13-37-04 Episode 144: New best reward -2.10, training model saved.
2026-07-09_13-37-08 Episode 155: New best reward -0.30, training model saved.
2026-07-09_13-37-11 Episode 162: New best reward 4.00, training model saved.
2026-07-09_13-37-52 Episode 254: New best reward 4.50, training model saved.
2026-07-09_13-38-04 Episode 282: New best reward 6.20, training model saved.
2026-07-09_13-38-07 Episode 288: New best reward 9.30, training model saved.
2026-07-09_13-40-57: Training starting...
Device: cuda
2026-07-09_13-40-57 Episode 0: New best reward -8.10, training model saved.
2026-07-09_13-40-57 Episode 0: New best greedy reward 2.00, model saved.
2026-07-09_13-40-58 Episode 1: New best reward -5.70, training model saved.
2026-07-09_13-41-33 Episode 81: New best reward -2.10, training model saved.
2026-07-09_13-41-35 Episode 85: New best reward 0.30, training model saved.
2026-07-09_13-42-30 Episode 211: New best reward 2.10, training model saved.
2026-07-09_13-42-43 Episode 243: New best reward 3.90, training model saved.
2026-07-09_13-43-22 Episode 329: New best reward 4.50, training model saved.
2026-07-09_13-43-35 Episode 361: New best reward 4.90, training model saved.
2026-07-09_13-43-58 Episode 412: New best reward 8.40, training model saved.
2026-07-09_13-45-27 Episode 599: New best reward 9.10, training model saved.
2026-07-09_13-47-04 Episode 777: New best reward 12.90, training model saved.
2026-07-09_13-49-23 Episode 1000: New best greedy reward 3.90, model saved.
2026-07-09_13-50-08 Episode 1063: New best reward 23.00, training model saved.
2026-07-09_13-51-50 Episode 1193: New best reward 27.80, training model saved.
2026-07-09_13-52-17 Episode 1221: New best reward 43.60, training model saved.
2026-07-09_13-54-39 Episode 1360: New best reward 53.30, training model saved.
2026-07-09_13-54-44 Episode 1361: New best reward 59.90, training model saved.
2026-07-09_13-55-38: Training starting...
Device: cuda
2026-07-09_13-55-38 Episode 0: New best reward -8.10, training model saved.
2026-07-09_13-55-38 Episode 0: New best greedy reward 2.00, model saved.
2026-07-09_13-55-39 Episode 1: New best reward -5.70, training model saved.
2026-07-09_13-56-16 Episode 81: New best reward -2.10, training model saved.
2026-07-09_13-56-18 Episode 85: New best reward 0.30, training model saved.
2026-07-09_13-57-11 Episode 200: New best reward 3.90, training model saved.
2026-07-09_13-57-44 Episode 266: New best reward 4.10, training model saved.
2026-07-09_13-57-54 Episode 286: New best reward 4.30, training model saved.
2026-07-09_13-57-56 Episode 290: New best reward 4.60, training model saved.
2026-07-09_13-58-27 Episode 358: New best reward 6.40, training model saved.
2026-07-09_13-59-00 Episode 425: New best reward 8.40, training model saved.
2026-07-09_14-00-09 Episode 567: New best reward 8.80, training model saved.
2026-07-09_14-01-06: Training starting...
Device: cuda
2026-07-09_14-01-06 Episode 0: New best reward -8.10, training model saved.
2026-07-09_14-01-06 Episode 0: New best greedy reward 2.00, model saved.
2026-07-09_14-01-07 Episode 1: New best reward -5.70, training model saved.
2026-07-09_14-01-34 Episode 63: New best reward -3.90, training model saved.
2026-07-09_14-01-38 Episode 73: New best reward -0.30, training model saved.
2026-07-09_14-01-44 Episode 85: New best reward 0.30, training model saved.
2026-07-09_14-01-46 Episode 89: New best reward 3.30, training model saved.
2026-07-09_14-01-49 Episode 96: New best reward 3.90, training model saved.
2026-07-09_14-02-03 Episode 127: New best reward 4.70, training model saved.
2026-07-09_14-02-21 Episode 167: New best reward 6.60, training model saved.
2026-07-09_14-02-29 Episode 184: New best reward 8.40, training model saved.
2026-07-09_14-02-35 Episode 196: New best reward 10.50, training model saved.
2026-07-09_14-03-57 Episode 360: New best reward 12.90, training model saved.
2026-07-09_14-05-50 Episode 555: New best reward 13.00, training model saved.
2026-07-09_14-06-49 Episode 654: New best reward 15.50, training model saved.
2026-07-09_14-07-18 Episode 703: New best reward 18.20, training model saved.
2026-07-09_14-07-40 Episode 736: New best reward 22.40, training model saved.
2026-07-09_14-08-37 Episode 815: New best reward 29.10, training model saved.
2026-07-09_14-08-55 Episode 839: New best reward 29.20, training model saved.
2026-07-09_14-09-43 Episode 893: New best reward 55.60, training model saved.
2026-07-09_14-09-48 Episode 894: New best reward 56.00, training model saved.
2026-07-09_14-10-14 Episode 913: New best reward 74.90, training model saved.
2026-07-09_14-12-14 Episode 1000: New best greedy reward 53.20, model saved.
2026-07-09_14-14-02 Episode 1060: New best reward 92.80, training model saved.
2026-07-09_14-14-38 Episode 1087: New best reward 96.90, training model saved.
2026-07-09_14-16-08: Training starting...
Device: cuda
2026-07-09_14-16-08 Episode 0: New best reward -8.10, training model saved.
2026-07-09_14-16-09 Episode 0: New best greedy reward 2.00, model saved.
2026-07-09_14-16-09 Episode 1: New best reward -5.70, training model saved.
2026-07-09_14-16-45 Episode 81: New best reward -1.50, training model saved.
2026-07-09_14-16-47 Episode 85: New best reward 0.30, training model saved.
2026-07-09_14-16-49 Episode 89: New best reward 1.50, training model saved.
2026-07-09_14-16-52 Episode 96: New best reward 3.90, training model saved.
2026-07-09_14-17-43 Episode 211: New best reward 6.00, training model saved.
2026-07-09_14-18-01 Episode 249: New best reward 6.20, training model saved.
2026-07-09_14-18-02 Episode 251: New best reward 6.70, training model saved.
2026-07-09_14-18-07 Episode 263: New best reward 6.80, training model saved.
2026-07-09_14-18-18 Episode 287: New best reward 8.40, training model saved.
2026-07-09_14-21-35 Episode 681: New best reward 10.80, training model saved.
2026-07-09_14-22-39 Episode 788: New best reward 11.00, training model saved.
2026-07-09_14-22-43 Episode 793: New best reward 13.40, training model saved.
2026-07-09_14-23-02 Episode 819: New best reward 22.80, training model saved.
2026-07-09_14-23-20 Episode 841: New best reward 25.30, training model saved.
2026-07-09_14-24-24 Episode 913: New best reward 26.90, training model saved.
2026-07-09_14-24-32 Episode 918: New best reward 31.90, training model saved.
2026-07-09_14-25-27 Episode 969: New best reward 39.30, training model saved.
2026-07-09_14-25-44 Episode 982: New best reward 41.30, training model saved.
2026-07-09_14-26-06 Episode 1000: New best greedy reward 28.00, model saved.
2026-07-09_14-26-32 Episode 1016: New best reward 85.10, training model saved.
2026-07-09_14-31-06 Episode 1199: New best reward 141.80, training model saved.
2026-07-09_14-32-50 Episode 1233: New best reward 149.30, training model saved.
2026-07-09_14-38-20 Episode 1404: New best reward 167.80, training model saved.
2026-07-09_14-38-41 Episode 1407: New best reward 171.90, training model saved.
2026-07-09_14-40-36 Episode 1425: New best reward 320.90, training model saved.
2026-07-09_14-47-32 Episode 1496: New best reward 617.80, training model saved.
2026-07-09_15-01-23: Training starting...
Device: cuda
2026-07-09_15-01-23 Episode 0: New best reward -8.10, training model saved.
2026-07-09_15-01-24 Episode 0: New best greedy reward 2.00, model saved.
2026-07-09_15-01-24 Episode 1: New best reward -5.70, training model saved.
2026-07-09_15-01-56 Episode 73: New best reward -5.10, training model saved.
2026-07-09_15-02-01 Episode 81: New best reward -1.50, training model saved.
2026-07-09_15-02-02 Episode 85: New best reward 0.30, training model saved.
2026-07-09_15-02-20 Episode 123: New best reward 3.90, training model saved.
2026-07-09_15-02-36 Episode 162: New best reward 4.80, training model saved.
2026-07-09_15-03-08 Episode 229: New best reward 6.00, training model saved.
2026-07-09_15-03-27 Episode 272: New best reward 6.50, training model saved.
2026-07-09_15-03-34 Episode 288: New best reward 8.40, training model saved.
2026-07-09_15-04-06 Episode 354: New best reward 8.90, training model saved.
2026-07-09_15-05-35 Episode 514: New best reward 9.10, training model saved.
2026-07-09_15-06-00 Episode 554: New best reward 9.20, training model saved.
2026-07-09_15-07-10 Episode 658: New best reward 11.20, training model saved.
2026-07-09_15-07-38 Episode 702: New best reward 12.90, training model saved.
2026-07-09_15-09-51 Episode 901: New best reward 13.60, training model saved.
2026-07-09_15-10-29 Episode 949: New best reward 20.20, training model saved.
2026-07-09_15-10-41 Episode 964: New best reward 23.00, training model saved.
2026-07-09_15-11-11 Episode 1000: New best greedy reward 6.70, model saved.
2026-07-09_15-11-46 Episode 1037: New best reward 25.30, training model saved.
2026-07-09_15-13-47 Episode 1167: New best reward 27.60, training model saved.
2026-07-09_15-14-16 Episode 1189: New best reward 46.80, training model saved.
2026-07-09_15-16-33 Episode 1319: New best reward 51.00, training model saved.
2026-07-09_15-16-40: Training starting...
Device: cuda
2026-07-09_15-16-41 Episode 0: New best reward -8.10, training model saved.
2026-07-09_15-16-41 Episode 0: New best greedy reward 2.00, model saved.
2026-07-09_15-16-42 Episode 1: New best reward -5.70, training model saved.
2026-07-09_15-17-17 Episode 81: New best reward -2.70, training model saved.
2026-07-09_15-17-19 Episode 85: New best reward 0.30, training model saved.
2026-07-09_15-17-52 Episode 162: New best reward 3.90, training model saved.
2026-07-09_15-18-14 Episode 211: New best reward 4.40, training model saved.
2026-07-09_15-18-34 Episode 254: New best reward 4.50, training model saved.
2026-07-09_15-18-43 Episode 276: New best reward 7.20, training model saved.
2026-07-09_15-18-55 Episode 300: New best reward 8.40, training model saved.
2026-07-09_15-22-35 Episode 693: New best reward 9.30, training model saved.
2026-07-09_15-22-50 Episode 713: New best reward 9.50, training model saved.
2026-07-09_15-22-54 Episode 718: New best reward 11.10, training model saved.
2026-07-09_15-23-08 Episode 737: New best reward 12.90, training model saved.
2026-07-09_15-23-14 Episode 745: New best reward 13.60, training model saved.
2026-07-09_15-23-48 Episode 787: New best reward 24.90, training model saved.
2026-07-09_15-24-38 Episode 843: New best reward 41.20, training model saved.
2026-07-09_15-26-19 Episode 940: New best reward 50.40, training model saved.
2026-07-09_15-26-58 Episode 974: New best reward 60.50, training model saved.
2026-07-09_15-27-15 Episode 983: New best reward 65.00, training model saved.
2026-07-09_15-27-34 Episode 1000: New best greedy reward 3.90, model saved.
2026-07-09_15-28-09 Episode 1024: New best reward 139.90, training model saved.
2026-07-09_15-29-45 Episode 1073: New best reward 169.80, training model saved.
2026-07-09_15-32-41 Episode 1123: New best reward 318.70, training model saved.
2026-07-09_15-48-35 Episode 1500: New best reward 372.50, training model saved.
2026-07-09_15-49-03 Episode 1501: New best reward 389.00, training model saved.
2026-07-09_15-52-59 Episode 1529: New best reward 435.60, training model saved.
2026-07-09_16-00-53: Training starting...
Device: cuda
2026-07-09_16-00-53 Episode 0: New best reward -8.10, training model saved.
2026-07-09_16-00-54 Episode 0: New best greedy reward 2.00, model saved.
2026-07-09_16-00-54 Episode 1: New best reward -5.70, training model saved.
2026-07-09_16-01-29 Episode 81: New best reward -2.10, training model saved.
2026-07-09_16-02-46 Episode 253: New best reward -0.90, training model saved.
2026-07-09_16-03-00 Episode 287: New best reward 2.10, training model saved.
2026-07-09_16-03-05 Episode 299: New best reward 3.90, training model saved.
2026-07-09_16-03-41 Episode 382: New best reward 4.30, training model saved.
2026-07-09_16-03-59 Episode 418: New best reward 4.80, training model saved.
2026-07-09_16-04-21 Episode 472: New best reward 5.00, training model saved.
2026-07-09_16-04-46 Episode 526: New best reward 8.80, training model saved.
2026-07-09_16-05-16 Episode 591: New best reward 10.60, training model saved.
2026-07-09_16-08-12 Episode 957: New best reward 13.30, training model saved.
2026-07-09_16-08-53 Episode 1033: New best reward 15.60, training model saved.
2026-07-09_16-10-15 Episode 1170: New best reward 17.90, training model saved.
2026-07-09_16-11-55 Episode 1322: New best reward 20.80, training model saved.
2026-07-09_16-12-19 Episode 1356: New best reward 23.00, training model saved.
2026-07-09_16-12-39 Episode 1378: New best reward 27.70, training model saved.
2026-07-09_16-13-32 Episode 1441: New best reward 32.30, training model saved.
2026-07-09_16-14-11 Episode 1475: New best reward 42.10, training model saved.
2026-07-09_16-15-31 Episode 1537: New best reward 55.80, training model saved.
2026-07-09_16-16-11 Episode 1567: New best reward 64.40, training model saved.
2026-07-09_16-18-06 Episode 1643: New best reward 85.20, training model saved.
2026-07-09_16-19-43 Episode 1703: New best reward 106.40, training model saved.
2026-07-09_16-20-30 Episode 1720: New best reward 141.70, training model saved.
2026-07-09_16-23-48 Episode 1785: New best reward 185.90, training model saved.
2026-07-09_16-26-49 Episode 1833: New best reward 237.80, training model saved.
2026-07-09_16-33-51 Episode 1952: New best reward 265.30, training model saved.
2026-07-09_16-37-02 Episode 2000: New best greedy reward 111.90, model saved.
2026-07-09_16-39-52 Episode 2040: New best reward 295.70, training model saved.
2026-07-09_16-40-39 Episode 2043: New best reward 531.10, training model saved.
[worker] done. total trials in study: 400
2026-07-09_06-39-43: Training starting...
Device: cuda
2026-07-09_06-39-50 Episode 0: New best reward -8.10, training model saved.
2026-07-09_06-39-50 Episode 0: New best greedy reward 2.00, model saved.
2026-07-09_06-39-50 Episode 1: New best reward -5.70, training model saved.
2026-07-09_06-40-27 Episode 81: New best reward -2.10, training model saved.
2026-07-09_06-42-03 Episode 299: New best reward -0.30, training model saved.
2026-07-09_06-42-29 Episode 358: New best reward 1.50, training model saved.
2026-07-09_06-42-30 Episode 360: New best reward 3.90, training model saved.
2026-07-09_06-43-31 Episode 494: New best reward 5.00, training model saved.
2026-07-09_06-44-25 Episode 617: New best reward 6.10, training model saved.
2026-07-09_06-45-41 Episode 786: New best reward 6.30, training model saved.
2026-07-09_06-46-52 Episode 946: New best reward 6.40, training model saved.
2026-07-09_06-46-56 Episode 954: New best reward 6.70, training model saved.
2026-07-09_06-47-28 Episode 1023: New best reward 10.60, training model saved.
2026-07-09_06-51-25 Episode 1493: New best reward 12.90, training model saved.
2026-07-09_06-54-59: Training starting...
Device: cuda
2026-07-09_06-54-59 Episode 0: New best reward -8.10, training model saved.
2026-07-09_06-54-59 Episode 0: New best greedy reward 2.00, model saved.
2026-07-09_06-55-00 Episode 1: New best reward -5.70, training model saved.
2026-07-09_06-55-36 Episode 81: New best reward -2.10, training model saved.
2026-07-09_06-55-38 Episode 85: New best reward 0.30, training model saved.
2026-07-09_06-55-56 Episode 123: New best reward 3.90, training model saved.
2026-07-09_06-56-49 Episode 243: New best reward 4.40, training model saved.
2026-07-09_06-56-55 Episode 254: New best reward 4.50, training model saved.
2026-07-09_06-57-00 Episode 266: New best reward 6.40, training model saved.
2026-07-09_06-57-11 Episode 288: New best reward 6.50, training model saved.
2026-07-09_06-57-17 Episode 302: New best reward 8.40, training model saved.
2026-07-09_06-57-58 Episode 389: New best reward 12.90, training model saved.
2026-07-09_06-58-59 Episode 518: New best reward 13.10, training model saved.
2026-07-09_07-08-07 Episode 1567: New best reward 13.30, training model saved.
2026-07-09_07-10-20: Training starting...
Device: cuda
2026-07-09_07-10-21 Episode 0: New best reward -8.10, training model saved.
2026-07-09_07-10-21 Episode 0: New best greedy reward 2.00, model saved.
2026-07-09_07-10-21 Episode 1: New best reward -5.70, training model saved.
2026-07-09_07-10-57 Episode 81: New best reward -2.10, training model saved.
2026-07-09_07-12-34 Episode 299: New best reward 0.90, training model saved.
2026-07-09_07-13-01 Episode 358: New best reward 1.50, training model saved.
2026-07-09_07-13-02 Episode 360: New best reward 3.90, training model saved.
2026-07-09_07-14-04 Episode 494: New best reward 5.00, training model saved.
2026-07-09_07-15-32 Episode 690: New best reward 6.80, training model saved.
2026-07-09_07-17-17 Episode 917: New best reward 8.40, training model saved.
2026-07-09_07-18-25 Episode 1058: New best reward 11.00, training model saved.
2026-07-09_07-22-11 Episode 1469: New best reward 16.10, training model saved.
2026-07-09_07-23-09 Episode 1556: New best reward 27.00, training model saved.
2026-07-09_07-26-31 Episode 1846: New best reward 36.40, training model saved.
2026-07-09_07-28-29 Episode 2000: New best greedy reward 8.40, model saved.
2026-07-09_07-29-11 Episode 2048: New best reward 40.90, training model saved.
2026-07-09_07-29-46 Episode 2084: New best reward 50.40, training model saved.
2026-07-09_07-34-40 Episode 2422: New best reward 51.30, training model saved.
2026-07-09_07-44-05 Episode 3000: New best greedy reward 124.90, model saved.
2026-07-09_07-47-27 Episode 3201: New best reward 90.50, training model saved.
2026-07-09_07-56-23: Training starting...
Device: cuda
2026-07-09_07-56-23 Episode 0: New best reward -8.10, training model saved.
2026-07-09_07-56-24 Episode 0: New best greedy reward 2.00, model saved.
2026-07-09_07-56-24 Episode 1: New best reward -5.70, training model saved.
2026-07-09_07-57-00 Episode 81: New best reward -2.10, training model saved.
2026-07-09_07-57-57 Episode 211: New best reward 1.50, training model saved.
2026-07-09_07-58-31 Episode 287: New best reward 2.10, training model saved.
2026-07-09_07-58-36 Episode 299: New best reward 2.70, training model saved.
2026-07-09_07-58-51 Episode 329: New best reward 3.90, training model saved.
2026-07-09_07-59-27 Episode 410: New best reward 4.00, training model saved.
2026-07-09_07-59-29 Episode 416: New best reward 4.10, training model saved.
2026-07-09_07-59-32 Episode 421: New best reward 5.00, training model saved.
2026-07-09_08-00-29 Episode 546: New best reward 9.40, training model saved.
2026-07-09_08-03-57 Episode 978: New best reward 12.90, training model saved.
2026-07-09_08-05-11 Episode 1101: New best reward 22.40, training model saved.
2026-07-09_08-06-16 Episode 1191: New best reward 26.90, training model saved.
2026-07-09_08-07-17 Episode 1268: New best reward 31.30, training model saved.
2026-07-09_08-07-41 Episode 1290: New best reward 40.90, training model saved.
2026-07-09_08-08-25 Episode 1333: New best reward 62.50, training model saved.
2026-07-09_08-08-48 Episode 1347: New best reward 75.10, training model saved.
2026-07-09_08-09-30 Episode 1363: New best reward 148.40, training model saved.
2026-07-09_08-10-55 Episode 1393: New best reward 227.90, training model saved.
2026-07-09_08-14-41 Episode 1457: New best reward 319.30, training model saved.
2026-07-09_08-17-08 Episode 1484: New best reward 390.90, training model saved.
2026-07-09_08-19-19 Episode 1493: New best reward 454.80, training model saved.
2026-07-09_08-23-23 Episode 1525: New best reward 502.90, training model saved.
2026-07-09_08-27-20 Episode 1556: New best reward 509.00, training model saved.
2026-07-09_08-41-28: Training starting...
Device: cuda
2026-07-09_08-41-28 Episode 0: New best reward -8.10, training model saved.
2026-07-09_08-41-29 Episode 0: New best greedy reward 2.00, model saved.
2026-07-09_08-41-29 Episode 1: New best reward -5.70, training model saved.
2026-07-09_08-42-05 Episode 81: New best reward -2.10, training model saved.
2026-07-09_08-43-01 Episode 211: New best reward 2.70, training model saved.
2026-07-09_08-43-35 Episode 287: New best reward 3.90, training model saved.
2026-07-09_08-44-27 Episode 405: New best reward 4.10, training model saved.
2026-07-09_08-44-34 Episode 416: New best reward 6.50, training model saved.
2026-07-09_08-45-28 Episode 536: New best reward 8.40, training model saved.
2026-07-09_08-46-57: Training starting...
Device: cuda
2026-07-09_08-46-57 Episode 0: New best reward -8.10, training model saved.
2026-07-09_08-46-57 Episode 0: New best greedy reward 2.00, model saved.
2026-07-09_08-46-58 Episode 1: New best reward -5.70, training model saved.
2026-07-09_08-47-33 Episode 81: New best reward -2.10, training model saved.
2026-07-09_08-49-08 Episode 299: New best reward 0.90, training model saved.
2026-07-09_08-49-34 Episode 358: New best reward 1.50, training model saved.
2026-07-09_08-49-35 Episode 360: New best reward 2.70, training model saved.
2026-07-09_08-49-54 Episode 405: New best reward 3.90, training model saved.
2026-07-09_08-51-06 Episode 569: New best reward 4.40, training model saved.
2026-07-09_08-51-23 Episode 605: New best reward 4.50, training model saved.
2026-07-09_08-51-45 Episode 655: New best reward 4.60, training model saved.
2026-07-09_08-51-54 Episode 675: New best reward 4.80, training model saved.
2026-07-09_08-52-19 Episode 733: New best reward 8.40, training model saved.
2026-07-09_08-56-57 Episode 1354: New best reward 10.90, training model saved.
2026-07-09_08-57-42 Episode 1450: New best reward 12.90, training model saved.
2026-07-09_08-59-05 Episode 1608: New best reward 13.40, training model saved.
2026-07-09_08-59-46 Episode 1680: New best reward 17.90, training model saved.
2026-07-09_09-00-22 Episode 1743: New best reward 20.80, training model saved.
2026-07-09_09-02-57 Episode 2000: New best greedy reward 6.80, model saved.
2026-07-09_09-03-51 Episode 2069: New best reward 23.20, training model saved.
2026-07-09_09-05-10 Episode 2163: New best reward 29.70, training model saved.
2026-07-09_09-06-22 Episode 2234: New best reward 56.00, training model saved.
2026-07-09_09-08-45 Episode 2362: New best reward 57.80, training model saved.
2026-07-09_09-09-10 Episode 2378: New best reward 62.30, training model saved.
2026-07-09_09-11-37 Episode 2480: New best reward 69.90, training model saved.
2026-07-09_09-12-53 Episode 2521: New best reward 107.30, training model saved.
2026-07-09_09-13-35 Episode 2537: New best reward 123.30, training model saved.
2026-07-09_09-14-48 Episode 2561: New best reward 129.90, training model saved.
2026-07-09_09-16-02 Episode 2589: New best reward 143.90, training model saved.
2026-07-09_09-16-25 Episode 2598: New best reward 148.40, training model saved.
2026-07-09_09-17-31 Episode 2619: New best reward 162.40, training model saved.
2026-07-09_09-20-13 Episode 2658: New best reward 298.90, training model saved.
2026-07-09_09-31-12: Training starting...
Device: cuda
2026-07-09_09-31-12 Episode 0: New best reward -8.10, training model saved.
2026-07-09_09-31-13 Episode 0: New best greedy reward 2.00, model saved.
2026-07-09_09-31-13 Episode 1: New best reward -5.70, training model saved.
2026-07-09_09-31-49 Episode 81: New best reward -2.10, training model saved.
2026-07-09_09-32-21 Episode 155: New best reward -0.90, training model saved.
2026-07-09_09-32-46 Episode 211: New best reward 3.30, training model saved.
2026-07-09_09-33-00 Episode 243: New best reward 3.90, training model saved.
2026-07-09_09-33-52 Episode 361: New best reward 4.20, training model saved.
2026-07-09_09-34-02 Episode 382: New best reward 6.10, training model saved.
2026-07-09_09-34-50 Episode 491: New best reward 6.40, training model saved.
2026-07-09_09-35-09 Episode 532: New best reward 8.40, training model saved.
2026-07-09_09-36-20: Training starting...
Device: cuda
2026-07-09_09-36-21 Episode 0: New best reward -8.10, training model saved.
2026-07-09_09-36-21 Episode 0: New best greedy reward 2.00, model saved.
2026-07-09_09-36-22 Episode 1: New best reward -5.70, training model saved.
2026-07-09_09-36-58 Episode 81: New best reward -1.50, training model saved.
2026-07-09_09-37-00 Episode 85: New best reward 0.30, training model saved.
2026-07-09_09-37-17 Episode 123: New best reward 3.90, training model saved.
2026-07-09_09-37-34 Episode 162: New best reward 4.00, training model saved.
2026-07-09_09-37-51 Episode 199: New best reward 8.40, training model saved.
2026-07-09_09-43-07 Episode 787: New best reward 8.80, training model saved.
2026-07-09_09-43-21 Episode 806: New best reward 11.30, training model saved.
2026-07-09_09-45-27 Episode 1000: New best greedy reward 11.30, model saved.
2026-07-09_09-46-50 Episode 1129: New best reward 12.90, training model saved.
2026-07-09_09-47-21 Episode 1180: New best reward 13.90, training model saved.
2026-07-09_09-48-16 Episode 1255: New best reward 22.40, training model saved.
2026-07-09_09-49-27 Episode 1339: New best reward 36.40, training model saved.
2026-07-09_09-50-33 Episode 1416: New best reward 41.80, training model saved.
2026-07-09_09-51-42: Training starting...
Device: cuda
2026-07-09_09-51-42 Episode 0: New best reward -8.10, training model saved.
2026-07-09_09-51-42 Episode 0: New best greedy reward 2.00, model saved.
2026-07-09_09-51-43 Episode 1: New best reward -5.70, training model saved.
2026-07-09_09-52-18 Episode 81: New best reward -2.10, training model saved.
2026-07-09_09-52-20 Episode 85: New best reward 0.30, training model saved.
2026-07-09_09-53-08 Episode 195: New best reward 2.10, training model saved.
2026-07-09_09-53-10 Episode 200: New best reward 3.90, training model saved.
2026-07-09_09-53-32 Episode 250: New best reward 4.40, training model saved.
2026-07-09_09-54-07 Episode 327: New best reward 4.90, training model saved.
2026-07-09_09-54-11 Episode 336: New best reward 8.40, training model saved.
2026-07-09_09-55-30 Episode 511: New best reward 8.80, training model saved.
2026-07-09_09-57-29 Episode 750: New best reward 12.90, training model saved.
2026-07-09_09-58-58 Episode 899: New best reward 22.40, training model saved.
2026-07-09_09-59-41 Episode 954: New best reward 25.10, training model saved.
2026-07-09_09-59-51 Episode 967: New best reward 25.30, training model saved.
2026-07-09_10-00-18 Episode 1000: New best greedy reward 17.90, model saved.
2026-07-09_10-01-27 Episode 1071: New best reward 27.60, training model saved.
2026-07-09_10-01-30 Episode 1072: New best reward 39.30, training model saved.
2026-07-09_10-01-40 Episode 1079: New best reward 45.90, training model saved.
2026-07-09_10-01-55 Episode 1086: New best reward 54.90, training model saved.
2026-07-09_10-02-13 Episode 1095: New best reward 65.60, training model saved.
2026-07-09_10-02-22 Episode 1096: New best reward 132.80, training model saved.
2026-07-09_10-03-29 Episode 1119: New best reward 168.00, training model saved.
2026-07-09_10-05-06 Episode 1153: New best reward 176.40, training model saved.
2026-07-09_10-06-54 Episode 1175: New best reward 216.20, training model saved.
2026-07-09_10-08-08 Episode 1187: New best reward 303.40, training model saved.
2026-07-09_10-08-48 Episode 1192: New best reward 402.90, training model saved.
2026-07-09_10-12-32 Episode 1283: New best reward 405.00, training model saved.
2026-07-09_10-20-11 Episode 1431: New best reward 713.90, training model saved.
2026-07-09_10-36-35: Training starting...
Device: cuda
2026-07-09_10-36-36 Episode 0: New best reward -8.10, training model saved.
2026-07-09_10-36-36 Episode 0: New best greedy reward 2.00, model saved.
2026-07-09_10-36-36 Episode 1: New best reward -5.70, training model saved.
2026-07-09_10-37-08 Episode 73: New best reward -3.90, training model saved.
2026-07-09_10-37-12 Episode 81: New best reward -0.30, training model saved.
2026-07-09_10-37-13 Episode 85: New best reward 0.30, training model saved.
2026-07-09_10-37-15 Episode 89: New best reward 1.50, training model saved.
2026-07-09_10-37-18 Episode 96: New best reward 3.90, training model saved.
2026-07-09_10-37-33 Episode 127: New best reward 4.90, training model saved.
2026-07-09_10-38-06 Episode 201: New best reward 7.80, training model saved.
2026-07-09_10-38-17 Episode 226: New best reward 8.40, training model saved.
2026-07-09_10-42-00 Episode 581: New best reward 12.90, training model saved.
2026-07-09_10-43-30 Episode 705: New best reward 22.40, training model saved.
2026-07-09_10-44-02 Episode 742: New best reward 23.10, training model saved.
2026-07-09_10-44-53 Episode 810: New best reward 36.40, training model saved.
2026-07-09_10-46-06 Episode 890: New best reward 37.20, training model saved.
2026-07-09_10-47-03 Episode 941: New best reward 46.60, training model saved.
2026-07-09_10-47-52 Episode 974: New best reward 69.60, training model saved.
2026-07-09_10-48-24 Episode 988: New best reward 71.70, training model saved.
2026-07-09_10-48-49 Episode 1000: New best greedy reward 6.50, model saved.
2026-07-09_10-48-57 Episode 1003: New best reward 83.80, training model saved.
2026-07-09_10-50-20 Episode 1042: New best reward 135.20, training model saved.
2026-07-09_10-51-06 Episode 1063: New best reward 135.30, training model saved.
2026-07-09_10-51-48 Episode 1077: New best reward 167.50, training model saved.
2026-07-09_10-52-27 Episode 1089: New best reward 256.00, training model saved.
2026-07-09_10-53-57 Episode 1123: New best reward 260.40, training model saved.
2026-07-09_11-02-13 Episode 1289: New best reward 342.80, training model saved.
2026-07-09_11-18-17 Episode 1691: New best reward 384.70, training model saved.
2026-07-09_11-19-18 Episode 1698: New best reward 449.80, training model saved.
2026-07-09_11-20-57: Training starting...
Device: cuda
2026-07-09_11-20-58 Episode 0: New best reward -8.10, training model saved.
2026-07-09_11-20-58 Episode 0: New best greedy reward 2.00, model saved.
2026-07-09_11-20-58 Episode 1: New best reward -5.70, training model saved.
2026-07-09_11-21-26 Episode 63: New best reward -4.50, training model saved.
2026-07-09_11-21-30 Episode 73: New best reward -0.30, training model saved.
2026-07-09_11-21-36 Episode 85: New best reward 0.30, training model saved.
2026-07-09_11-21-38 Episode 89: New best reward 3.30, training model saved.
2026-07-09_11-21-41 Episode 96: New best reward 3.90, training model saved.
2026-07-09_11-22-10 Episode 162: New best reward 4.00, training model saved.
2026-07-09_11-22-12 Episode 166: New best reward 4.90, training model saved.
2026-07-09_11-22-56 Episode 264: New best reward 6.40, training model saved.
2026-07-09_11-23-00 Episode 273: New best reward 8.40, training model saved.
2026-07-09_11-23-26 Episode 325: New best reward 8.60, training model saved.
2026-07-09_11-25-19 Episode 524: New best reward 9.30, training model saved.
2026-07-09_11-28-16 Episode 796: New best reward 12.90, training model saved.
2026-07-09_11-29-38 Episode 903: New best reward 13.30, training model saved.
2026-07-09_11-30-03 Episode 934: New best reward 13.70, training model saved.
2026-07-09_11-30-54 Episode 1000: New best greedy reward 13.60, model saved.
2026-07-09_11-31-09 Episode 1017: New best reward 17.90, training model saved.
2026-07-09_11-31-39 Episode 1051: New best reward 18.40, training model saved.
2026-07-09_11-31-41 Episode 1052: New best reward 22.90, training model saved.
2026-07-09_11-32-09 Episode 1081: New best reward 40.90, training model saved.
2026-07-09_11-33-50 Episode 1188: New best reward 54.90, training model saved.
2026-07-09_11-39-28 Episode 1498: New best reward 73.90, training model saved.
2026-07-09_11-40-16 Episode 1522: New best reward 89.10, training model saved.
2026-07-09_11-40-23 Episode 1523: New best reward 90.60, training model saved.
2026-07-09_11-40-36 Episode 1531: New best reward 97.50, training model saved.
2026-07-09_11-44-37 Episode 1649: New best reward 166.90, training model saved.
2026-07-09_11-46-33 Episode 1679: New best reward 194.90, training model saved.
2026-07-09_11-47-38 Episode 1690: New best reward 236.90, training model saved.
2026-07-09_11-49-31 Episode 1712: New best reward 387.40, training model saved.
2026-07-09_12-04-38 Episode 2000: New best greedy reward 15.60, model saved.
2026-07-09_12-06-10: Training starting...
Device: cuda
2026-07-09_12-06-10 Episode 0: New best reward -8.10, training model saved.
2026-07-09_12-06-10 Episode 0: New best greedy reward 2.00, model saved.
2026-07-09_12-06-11 Episode 1: New best reward -5.70, training model saved.
2026-07-09_12-06-38 Episode 63: New best reward -2.10, training model saved.
2026-07-09_12-06-42 Episode 73: New best reward -0.30, training model saved.
2026-07-09_12-06-48 Episode 85: New best reward 0.30, training model saved.
2026-07-09_12-06-50 Episode 89: New best reward 3.90, training model saved.
2026-07-09_12-07-01 Episode 116: New best reward 4.30, training model saved.
2026-07-09_12-07-05 Episode 123: New best reward 4.80, training model saved.
2026-07-09_12-07-11 Episode 137: New best reward 6.60, training model saved.
2026-07-09_12-07-33 Episode 187: New best reward 8.40, training model saved.
2026-07-09_12-09-07 Episode 384: New best reward 9.10, training model saved.
2026-07-09_12-09-37 Episode 442: New best reward 11.00, training model saved.
2026-07-09_12-10-06 Episode 489: New best reward 13.40, training model saved.
2026-07-09_12-10-15 Episode 501: New best reward 22.40, training model saved.
2026-07-09_12-10-21 Episode 509: New best reward 27.20, training model saved.
2026-07-09_12-11-05 Episode 555: New best reward 34.60, training model saved.
2026-07-09_12-12-06 Episode 613: New best reward 52.90, training model saved.
2026-07-09_12-12-31 Episode 628: New best reward 80.90, training model saved.
2026-07-09_12-15-14 Episode 729: New best reward 101.90, training model saved.
2026-07-09_12-15-57 Episode 758: New best reward 123.20, training model saved.
2026-07-09_12-18-41 Episode 837: New best reward 209.00, training model saved.
2026-07-09_12-24-39 Episode 955: New best reward 713.70, training model saved.
2026-07-09_12-28-15 Episode 1000: New best greedy reward 6.50, model saved.
2026-07-09_12-50-24: Training starting...
Device: cuda
2026-07-09_12-50-24 Episode 0: New best reward -8.10, training model saved.
2026-07-09_12-50-24 Episode 0: New best greedy reward 2.00, model saved.
2026-07-09_12-50-25 Episode 1: New best reward -5.70, training model saved.
2026-07-09_12-51-01 Episode 81: New best reward -2.10, training model saved.
2026-07-09_12-51-03 Episode 85: New best reward 0.30, training model saved.
2026-07-09_12-51-36 Episode 162: New best reward 1.50, training model saved.
2026-07-09_12-51-52 Episode 195: New best reward 2.10, training model saved.
2026-07-09_12-51-54 Episode 200: New best reward 3.90, training model saved.
2026-07-09_12-52-17 Episode 250: New best reward 6.80, training model saved.
2026-07-09_12-53-17 Episode 381: New best reward 7.20, training model saved.
2026-07-09_12-55-02 Episode 609: New best reward 10.70, training model saved.
2026-07-09_12-56-42 Episode 807: New best reward 11.30, training model saved.
2026-07-09_12-56-50 Episode 821: New best reward 13.10, training model saved.
2026-07-09_12-57-04 Episode 843: New best reward 13.90, training model saved.
2026-07-09_12-57-20 Episode 868: New best reward 14.30, training model saved.
2026-07-09_12-57-34 Episode 892: New best reward 20.30, training model saved.
2026-07-09_12-59-41 Episode 1108: New best reward 22.40, training model saved.
2026-07-09_13-02-16 Episode 1347: New best reward 25.30, training model saved.
2026-07-09_13-02-51 Episode 1390: New best reward 26.90, training model saved.
2026-07-09_13-03-08 Episode 1408: New best reward 34.30, training model saved.
2026-07-09_13-04-58 Episode 1529: New best reward 34.60, training model saved.
2026-07-09_13-05-34: Training starting...
Device: cuda
2026-07-09_13-05-34 Episode 0: New best reward -8.10, training model saved.
2026-07-09_13-05-34 Episode 0: New best greedy reward 2.00, model saved.
2026-07-09_13-05-35 Episode 1: New best reward -5.70, training model saved.
2026-07-09_13-06-12 Episode 81: New best reward -2.10, training model saved.
2026-07-09_13-06-14 Episode 85: New best reward -0.30, training model saved.
2026-07-09_13-06-16 Episode 89: New best reward 0.90, training model saved.
2026-07-09_13-06-32 Episode 123: New best reward 3.90, training model saved.
2026-07-09_13-07-11 Episode 206: New best reward 6.30, training model saved.
2026-07-09_13-07-21 Episode 230: New best reward 8.40, training model saved.
2026-07-09_13-10-10 Episode 549: New best reward 9.10, training model saved.
2026-07-09_13-13-01 Episode 848: New best reward 10.60, training model saved.
2026-07-09_13-13-42 Episode 915: New best reward 10.80, training model saved.
2026-07-09_13-13-53 Episode 933: New best reward 11.20, training model saved.
2026-07-09_13-14-22 Episode 978: New best reward 14.00, training model saved.
2026-07-09_13-14-37 Episode 1000: New best greedy reward 6.00, model saved.
2026-07-09_13-15-50 Episode 1106: New best reward 15.00, training model saved.
2026-07-09_13-16-01 Episode 1122: New best reward 15.80, training model saved.
2026-07-09_13-16-45 Episode 1179: New best reward 18.50, training model saved.
2026-07-09_13-17-57 Episode 1265: New best reward 22.60, training model saved.
2026-07-09_13-18-26 Episode 1296: New best reward 45.90, training model saved.
2026-07-09_13-21-11: Training starting...
Device: cuda
2026-07-09_13-21-12 Episode 0: New best reward -8.10, training model saved.
2026-07-09_13-21-12 Episode 0: New best greedy reward 2.00, model saved.
2026-07-09_13-21-12 Episode 1: New best reward -5.70, training model saved.
2026-07-09_13-21-48 Episode 81: New best reward -2.10, training model saved.
2026-07-09_13-22-43 Episode 211: New best reward 2.70, training model saved.
2026-07-09_13-22-53 Episode 235: New best reward 3.90, training model saved.
2026-07-09_13-23-16 Episode 287: New best reward 4.10, training model saved.
2026-07-09_13-23-49 Episode 360: New best reward 6.20, training model saved.
2026-07-09_13-24-05 Episode 398: New best reward 6.60, training model saved.
2026-07-09_13-24-18 Episode 424: New best reward 8.40, training model saved.
2026-07-09_13-24-48 Episode 488: New best reward 9.20, training model saved.
2026-07-09_13-26-11 Episode 673: New best reward 12.90, training model saved.
2026-07-09_13-26-33: Training starting...
Device: cuda
2026-07-09_13-26-34 Episode 0: New best reward -8.10, training model saved.
2026-07-09_13-26-34 Episode 0: New best greedy reward 2.00, model saved.
2026-07-09_13-26-34 Episode 1: New best reward -5.70, training model saved.
2026-07-09_13-27-10 Episode 81: New best reward -2.70, training model saved.
2026-07-09_13-27-41 Episode 155: New best reward -0.90, training model saved.
2026-07-09_13-27-44 Episode 162: New best reward 1.50, training model saved.
2026-07-09_13-28-06 Episode 211: New best reward 3.90, training model saved.
2026-07-09_13-28-23 Episode 250: New best reward 6.30, training model saved.
2026-07-09_13-28-58 Episode 328: New best reward 11.00, training model saved.
2026-07-09_13-31-29: Training starting...
Device: cuda
2026-07-09_13-31-29 Episode 0: New best reward -8.10, training model saved.
2026-07-09_13-31-30 Episode 0: New best greedy reward 2.00, model saved.
2026-07-09_13-31-30 Episode 1: New best reward -5.70, training model saved.
2026-07-09_13-32-05 Episode 81: New best reward -2.70, training model saved.
2026-07-09_13-32-07 Episode 85: New best reward 0.30, training model saved.
2026-07-09_13-32-40 Episode 162: New best reward 3.90, training model saved.
2026-07-09_13-33-00 Episode 208: New best reward 4.20, training model saved.
2026-07-09_13-33-02 Episode 211: New best reward 4.70, training model saved.
2026-07-09_13-33-03 Episode 213: New best reward 6.50, training model saved.
2026-07-09_13-33-18 Episode 247: New best reward 8.40, training model saved.
2026-07-09_13-36-26: Training starting...
Device: cuda
2026-07-09_13-36-26 Episode 0: New best reward -8.10, training model saved.
2026-07-09_13-36-26 Episode 0: New best greedy reward 2.00, model saved.
2026-07-09_13-36-27 Episode 1: New best reward -5.70, training model saved.
2026-07-09_13-37-02 Episode 81: New best reward -2.10, training model saved.
2026-07-09_13-37-04 Episode 85: New best reward 0.30, training model saved.
2026-07-09_13-37-59 Episode 211: New best reward 2.70, training model saved.
2026-07-09_13-38-32 Episode 287: New best reward 4.00, training model saved.
2026-07-09_13-39-04 Episode 360: New best reward 6.40, training model saved.
2026-07-09_13-40-42 Episode 581: New best reward 9.00, training model saved.
2026-07-09_13-40-58 Episode 616: New best reward 9.10, training model saved.
2026-07-09_13-41-31: Training starting...
Device: cuda
2026-07-09_13-41-31 Episode 0: New best reward -8.10, training model saved.
2026-07-09_13-41-31 Episode 0: New best greedy reward 2.00, model saved.
2026-07-09_13-41-32 Episode 1: New best reward -5.70, training model saved.
2026-07-09_13-42-03 Episode 73: New best reward -5.10, training model saved.
2026-07-09_13-42-07 Episode 81: New best reward -2.10, training model saved.
2026-07-09_13-42-09 Episode 85: New best reward 0.30, training model saved.
2026-07-09_13-42-10 Episode 89: New best reward 2.70, training model saved.
2026-07-09_13-42-13 Episode 96: New best reward 3.90, training model saved.
2026-07-09_13-42-26 Episode 123: New best reward 4.10, training model saved.
2026-07-09_13-43-02 Episode 206: New best reward 4.40, training model saved.
2026-07-09_13-43-04 Episode 211: New best reward 6.00, training model saved.
2026-07-09_13-43-06 Episode 214: New best reward 6.40, training model saved.
2026-07-09_13-43-23 Episode 252: New best reward 8.40, training model saved.
2026-07-09_13-44-56 Episode 453: New best reward 10.50, training model saved.
2026-07-09_13-45-40 Episode 539: New best reward 10.90, training model saved.
2026-07-09_13-46-55 Episode 686: New best reward 11.30, training model saved.
2026-07-09_13-47-50 Episode 786: New best reward 12.90, training model saved.
2026-07-09_13-50-26 Episode 1042: New best reward 15.70, training model saved.
2026-07-09_13-52-02 Episode 1184: New best reward 22.40, training model saved.
2026-07-09_13-55-27 Episode 1460: New best reward 23.00, training model saved.
2026-07-09_13-57-04 Episode 1575: New best reward 25.30, training model saved.
2026-07-09_13-57-43 Episode 1613: New best reward 31.90, training model saved.
2026-07-09_13-58-00 Episode 1633: New best reward 32.60, training model saved.
2026-07-09_13-58-38 Episode 1662: New best reward 36.90, training model saved.
2026-07-09_13-58-48 Episode 1670: New best reward 37.00, training model saved.
2026-07-09_14-00-02 Episode 1747: New best reward 43.80, training model saved.
2026-07-09_14-00-30 Episode 1771: New best reward 79.00, training model saved.
2026-07-09_14-05-42 Episode 2000: New best greedy reward 20.10, model saved.
2026-07-09_14-08-57 Episode 2123: New best reward 84.10, training model saved.
2026-07-09_14-09-32 Episode 2137: New best reward 111.80, training model saved.
2026-07-09_14-12-21 Episode 2232: New best reward 120.40, training model saved.
2026-07-09_14-14-04 Episode 2286: New best reward 125.60, training model saved.
2026-07-09_14-17-21 Episode 2377: New best reward 159.00, training model saved.
2026-07-09_14-21-36 Episode 2482: New best reward 168.10, training model saved.
2026-07-09_14-21-52 Episode 2483: New best reward 211.10, training model saved.
2026-07-09_14-25-59: Training starting...
Device: cuda
2026-07-09_14-26-00 Episode 0: New best reward -8.10, training model saved.
2026-07-09_14-26-00 Episode 0: New best greedy reward 2.00, model saved.
2026-07-09_14-26-01 Episode 1: New best reward -5.70, training model saved.
2026-07-09_14-26-36 Episode 81: New best reward -2.10, training model saved.
2026-07-09_14-28-11 Episode 299: New best reward 0.90, training model saved.
2026-07-09_14-28-38 Episode 358: New best reward 1.50, training model saved.
2026-07-09_14-28-39 Episode 360: New best reward 3.90, training model saved.
2026-07-09_14-30-11 Episode 569: New best reward 4.10, training model saved.
2026-07-09_14-30-27 Episode 605: New best reward 4.30, training model saved.
2026-07-09_14-30-33 Episode 617: New best reward 6.00, training model saved.
2026-07-09_14-31-20 Episode 724: New best reward 6.80, training model saved.
2026-07-09_14-34-07 Episode 1086: New best reward 8.40, training model saved.
2026-07-09_14-37-13 Episode 1443: New best reward 8.70, training model saved.
2026-07-09_14-37-23 Episode 1459: New best reward 11.30, training model saved.
2026-07-09_14-38-11 Episode 1535: New best reward 12.90, training model saved.
2026-07-09_14-38-36 Episode 1573: New best reward 13.60, training model saved.
2026-07-09_14-38-55 Episode 1598: New best reward 15.00, training model saved.
2026-07-09_14-38-57 Episode 1599: New best reward 25.30, training model saved.
2026-07-09_14-39-50 Episode 1661: New best reward 29.50, training model saved.
2026-07-09_14-39-54 Episode 1664: New best reward 36.40, training model saved.
2026-07-09_14-40-52 Episode 1722: New best reward 46.20, training model saved.
2026-07-09_14-41-12: Training starting...
Device: cuda
2026-07-09_14-41-12 Episode 0: New best reward -8.10, training model saved.
2026-07-09_14-41-13 Episode 0: New best greedy reward 2.00, model saved.
2026-07-09_14-41-13 Episode 1: New best reward -5.70, training model saved.
2026-07-09_14-41-48 Episode 81: New best reward -2.10, training model saved.
2026-07-09_14-41-50 Episode 85: New best reward 0.30, training model saved.
2026-07-09_14-42-38 Episode 195: New best reward 2.10, training model saved.
2026-07-09_14-42-40 Episode 200: New best reward 3.90, training model saved.
2026-07-09_14-43-03 Episode 250: New best reward 8.40, training model saved.
2026-07-09_14-44-16 Episode 409: New best reward 8.50, training model saved.
2026-07-09_14-45-17 Episode 546: New best reward 9.50, training model saved.
2026-07-09_14-46-40: Training starting...
Device: cuda
2026-07-09_14-46-40 Episode 0: New best reward -8.10, training model saved.
2026-07-09_14-46-40 Episode 0: New best greedy reward 2.00, model saved.
2026-07-09_14-46-41 Episode 1: New best reward -5.70, training model saved.
2026-07-09_14-47-16 Episode 81: New best reward -2.10, training model saved.
2026-07-09_14-47-50 Episode 162: New best reward -0.30, training model saved.
2026-07-09_14-48-02 Episode 187: New best reward 0.90, training model saved.
2026-07-09_14-48-12 Episode 211: New best reward 3.30, training model saved.
2026-07-09_14-48-22 Episode 235: New best reward 3.90, training model saved.
2026-07-09_14-48-32 Episode 254: New best reward 4.20, training model saved.
2026-07-09_14-48-46 Episode 287: New best reward 4.50, training model saved.
2026-07-09_14-49-43 Episode 418: New best reward 4.90, training model saved.
2026-07-09_14-49-46 Episode 425: New best reward 6.80, training model saved.
2026-07-09_14-50-17 Episode 493: New best reward 8.40, training model saved.
2026-07-09_14-50-43 Episode 554: New best reward 10.70, training model saved.
2026-07-09_14-52-03: Training starting...
Device: cuda
2026-07-09_14-52-03 Episode 0: New best reward -8.10, training model saved.
2026-07-09_14-52-04 Episode 0: New best greedy reward 2.00, model saved.
2026-07-09_14-52-04 Episode 1: New best reward -5.70, training model saved.
2026-07-09_14-52-39 Episode 81: New best reward -2.70, training model saved.
2026-07-09_14-52-41 Episode 85: New best reward 0.30, training model saved.
2026-07-09_14-53-15 Episode 162: New best reward 1.50, training model saved.
2026-07-09_14-53-37 Episode 211: New best reward 2.70, training model saved.
2026-07-09_14-53-54 Episode 250: New best reward 3.90, training model saved.
2026-07-09_14-54-27 Episode 325: New best reward 4.90, training model saved.
2026-07-09_14-54-28 Episode 327: New best reward 6.20, training model saved.
2026-07-09_14-54-43 Episode 360: New best reward 6.50, training model saved.
2026-07-09_14-54-48 Episode 371: New best reward 8.40, training model saved.
2026-07-09_14-55-09 Episode 417: New best reward 8.70, training model saved.
2026-07-09_14-55-54 Episode 515: New best reward 11.20, training model saved.
2026-07-09_14-57-28 Episode 696: New best reward 12.90, training model saved.
2026-07-09_15-00-03 Episode 951: New best reward 13.80, training model saved.
2026-07-09_15-00-21 Episode 974: New best reward 22.80, training model saved.
2026-07-09_15-00-42 Episode 1000: New best greedy reward 6.80, model saved.
2026-07-09_15-00-46 Episode 1003: New best reward 26.90, training model saved.
2026-07-09_15-01-03 Episode 1018: New best reward 41.70, training model saved.
2026-07-09_15-05-12 Episode 1273: New best reward 94.80, training model saved.
2026-07-09_15-08-58 Episode 1414: New best reward 96.90, training model saved.
2026-07-09_15-10-28 Episode 1450: New best reward 149.20, training model saved.
2026-07-09_15-12-00 Episode 1476: New best reward 167.00, training model saved.
2026-07-09_15-12-41 Episode 1483: New best reward 174.70, training model saved.
2026-07-09_15-13-36 Episode 1492: New best reward 179.30, training model saved.
2026-07-09_15-15-11 Episode 1510: New best reward 232.40, training model saved.
2026-07-09_15-16-03 Episode 1518: New best reward 297.90, training model saved.
2026-07-09_15-17-43 Episode 1534: New best reward 518.10, training model saved.
2026-07-09_15-26-04 Episode 1627: New best reward 554.40, training model saved.
2026-07-09_15-32-35 Episode 1689: New best reward 644.00, training model saved.
2026-07-09_15-36-36: Training starting...
Device: cuda
2026-07-09_15-36-36 Episode 0: New best reward -8.10, training model saved.
2026-07-09_15-36-36 Episode 0: New best greedy reward 2.00, model saved.
2026-07-09_15-36-37 Episode 1: New best reward -5.70, training model saved.
2026-07-09_15-37-14 Episode 81: New best reward -2.10, training model saved.
2026-07-09_15-37-47 Episode 155: New best reward -1.50, training model saved.
2026-07-09_15-38-02 Episode 187: New best reward -0.90, training model saved.
2026-07-09_15-38-14 Episode 211: New best reward 2.10, training model saved.
2026-07-09_15-38-27 Episode 243: New best reward 3.90, training model saved.
2026-07-09_15-39-32 Episode 382: New best reward 6.00, training model saved.
2026-07-09_15-39-42 Episode 404: New best reward 6.20, training model saved.
2026-07-09_15-39-54 Episode 428: New best reward 6.30, training model saved.
2026-07-09_15-40-58 Episode 568: New best reward 6.80, training model saved.
2026-07-09_15-42-49 Episode 801: New best reward 8.40, training model saved.
2026-07-09_15-44-18 Episode 964: New best reward 9.50, training model saved.
2026-07-09_15-44-38 Episode 1000: New best greedy reward 3.90, model saved.
2026-07-09_15-44-58 Episode 1035: New best reward 15.40, training model saved.
2026-07-09_15-47-51 Episode 1335: New best reward 22.40, training model saved.
2026-07-09_15-52-06: Training starting...
Device: cuda
2026-07-09_15-52-06 Episode 0: New best reward -8.10, training model saved.
2026-07-09_15-52-07 Episode 0: New best greedy reward 2.00, model saved.
2026-07-09_15-52-07 Episode 1: New best reward -5.70, training model saved.
2026-07-09_15-52-44 Episode 81: New best reward -2.10, training model saved.
2026-07-09_15-54-22 Episode 299: New best reward -0.30, training model saved.
2026-07-09_15-54-50 Episode 358: New best reward 1.50, training model saved.
2026-07-09_15-54-51 Episode 360: New best reward 3.90, training model saved.
2026-07-09_15-55-53 Episode 494: New best reward 5.00, training model saved.
2026-07-09_15-57-11 Episode 666: New best reward 6.10, training model saved.
2026-07-09_15-57-45: Training starting...
Device: cuda
2026-07-09_15-57-45 Episode 0: New best reward -8.10, training model saved.
2026-07-09_15-57-45 Episode 0: New best greedy reward 2.00, model saved.
2026-07-09_15-57-46 Episode 1: New best reward -5.70, training model saved.
2026-07-09_15-58-17 Episode 63: New best reward -3.30, training model saved.
2026-07-09_15-58-21 Episode 73: New best reward 0.90, training model saved.
2026-07-09_15-58-27 Episode 85: New best reward 2.70, training model saved.
2026-07-09_15-58-32 Episode 96: New best reward 3.90, training model saved.
2026-07-09_15-58-40 Episode 112: New best reward 4.20, training model saved.
2026-07-09_16-00-19 Episode 312: New best reward 6.00, training model saved.
2026-07-09_16-00-21 Episode 314: New best reward 8.40, training model saved.
2026-07-09_16-03-34 Episode 688: New best reward 12.90, training model saved.
2026-07-09_16-06-23 Episode 1000: New best greedy reward 3.90, model saved.
2026-07-09_16-14-18: Training starting...
Device: cuda
2026-07-09_16-14-18 Episode 0: New best reward -8.10, training model saved.
2026-07-09_16-14-18 Episode 0: New best greedy reward 2.00, model saved.
2026-07-09_16-14-19 Episode 1: New best reward -5.70, training model saved.
2026-07-09_16-14-46 Episode 63: New best reward -2.10, training model saved.
2026-07-09_16-14-50 Episode 73: New best reward -0.30, training model saved.
2026-07-09_16-14-56 Episode 85: New best reward 1.50, training model saved.
2026-07-09_16-14-58 Episode 89: New best reward 3.90, training model saved.
2026-07-09_16-15-06 Episode 108: New best reward 4.40, training model saved.
2026-07-09_16-15-07 Episode 110: New best reward 6.00, training model saved.
2026-07-09_16-16-07 Episode 254: New best reward 6.70, training model saved.
2026-07-09_16-16-11 Episode 263: New best reward 6.80, training model saved.
2026-07-09_16-16-21 Episode 283: New best reward 7.80, training model saved.
2026-07-09_16-16-43 Episode 327: New best reward 8.40, training model saved.
2026-07-09_16-18-44 Episode 548: New best reward 8.90, training model saved.
2026-07-09_16-19-12 Episode 593: New best reward 10.50, training model saved.
2026-07-09_16-21-23 Episode 807: New best reward 11.30, training model saved.
2026-07-09_16-21-34 Episode 821: New best reward 12.90, training model saved.
2026-07-09_16-21-40 Episode 828: New best reward 22.40, training model saved.
2026-07-09_16-23-05 Episode 928: New best reward 40.90, training model saved.
2026-07-09_16-24-29 Episode 998: New best reward 50.60, training model saved.
2026-07-09_16-24-31 Episode 1000: New best greedy reward 6.00, model saved.
2026-07-09_16-25-04 Episode 1018: New best reward 60.00, training model saved.
2026-07-09_16-25-50 Episode 1044: New best reward 68.90, training model saved.
2026-07-09_16-27-27 Episode 1095: New best reward 95.10, training model saved.
2026-07-09_16-28-36 Episode 1130: New best reward 106.70, training model saved.
2026-07-09_16-29-44 Episode 1170: New best reward 124.90, training model saved.
2026-07-09_16-38-52 Episode 1657: New best reward 390.90, training model saved.
2026-07-09_16-46-01 Episode 2000: New best greedy reward 8.40, model saved.
2026-07-09_16-56-05 Episode 2378: New best reward 404.90, training model saved.
2026-07-09_16-56-53 Episode 2381: New best reward 418.90, training model saved.
[worker] done. total trials in study: 400
2026-07-09_06-39-43: Training starting...
Device: cuda
2026-07-09_06-39-50 Episode 0: New best reward -8.10, training model saved.
2026-07-09_06-39-50 Episode 0: New best greedy reward 2.00, model saved.
2026-07-09_06-39-51 Episode 1: New best reward -5.70, training model saved.
2026-07-09_06-40-26 Episode 81: New best reward -2.10, training model saved.
2026-07-09_06-41-23 Episode 211: New best reward 1.50, training model saved.
2026-07-09_06-41-57 Episode 287: New best reward 3.90, training model saved.
2026-07-09_06-42-28 Episode 355: New best reward 4.60, training model saved.
2026-07-09_06-42-55 Episode 412: New best reward 5.00, training model saved.
2026-07-09_06-43-07 Episode 440: New best reward 6.80, training model saved.
2026-07-09_06-43-10 Episode 447: New best reward 8.40, training model saved.
2026-07-09_06-47-48 Episode 1053: New best reward 10.50, training model saved.
2026-07-09_06-48-29 Episode 1133: New best reward 10.90, training model saved.
2026-07-09_06-48-31 Episode 1137: New best reward 12.90, training model saved.
2026-07-09_06-49-03 Episode 1189: New best reward 17.90, training model saved.
2026-07-09_06-51-34 Episode 1421: New best reward 26.90, training model saved.
2026-07-09_06-52-07 Episode 1458: New best reward 31.90, training model saved.
2026-07-09_06-52-46 Episode 1501: New best reward 34.70, training model saved.
2026-07-09_06-52-50 Episode 1503: New best reward 39.00, training model saved.
2026-07-09_06-53-04 Episode 1516: New best reward 48.60, training model saved.
2026-07-09_06-53-17 Episode 1523: New best reward 52.80, training model saved.
2026-07-09_06-53-26 Episode 1528: New best reward 62.40, training model saved.
2026-07-09_06-54-14 Episode 1561: New best reward 97.80, training model saved.
2026-07-09_06-54-23 Episode 1564: New best reward 106.40, training model saved.
2026-07-09_06-54-48 Episode 1574: New best reward 111.20, training model saved.
2026-07-09_06-55-05 Episode 1577: New best reward 149.20, training model saved.
2026-07-09_06-57-58 Episode 1645: New best reward 262.80, training model saved.
2026-07-09_07-09-26 Episode 1840: New best reward 295.50, training model saved.
2026-07-09_07-10-16 Episode 1842: New best reward 617.80, training model saved.
2026-07-09_07-12-02 Episode 1849: New best reward 720.80, training model saved.
2026-07-09_07-19-00 Episode 2000: New best greedy reward 53.10, model saved.
2026-07-09_07-29-30: Training starting...
Device: cuda
2026-07-09_07-29-30 Episode 0: New best reward -8.10, training model saved.
2026-07-09_07-29-30 Episode 0: New best greedy reward 2.00, model saved.
2026-07-09_07-29-31 Episode 1: New best reward -5.70, training model saved.
2026-07-09_07-30-06 Episode 81: New best reward -2.10, training model saved.
2026-07-09_07-31-03 Episode 211: New best reward 1.50, training model saved.
2026-07-09_07-31-21 Episode 250: New best reward 2.10, training model saved.
2026-07-09_07-31-23 Episode 254: New best reward 3.90, training model saved.
2026-07-09_07-31-56 Episode 329: New best reward 4.00, training model saved.
2026-07-09_07-32-00 Episode 337: New best reward 4.40, training model saved.
2026-07-09_07-32-07 Episode 355: New best reward 4.80, training model saved.
2026-07-09_07-32-09 Episode 358: New best reward 6.40, training model saved.
2026-07-09_07-32-49 Episode 449: New best reward 8.40, training model saved.
2026-07-09_07-34-58: Training starting...
Device: cuda
2026-07-09_07-34-58 Episode 0: New best reward -8.10, training model saved.
2026-07-09_07-34-59 Episode 0: New best greedy reward 2.00, model saved.
2026-07-09_07-34-59 Episode 1: New best reward -5.70, training model saved.
2026-07-09_07-35-35 Episode 81: New best reward -2.10, training model saved.
2026-07-09_07-35-37 Episode 85: New best reward 0.30, training model saved.
2026-07-09_07-35-38 Episode 89: New best reward 0.90, training model saved.
2026-07-09_07-35-53 Episode 123: New best reward 3.90, training model saved.
2026-07-09_07-36-49 Episode 250: New best reward 6.40, training model saved.
2026-07-09_07-38-05 Episode 421: New best reward 8.40, training model saved.
2026-07-09_07-39-22 Episode 591: New best reward 12.90, training model saved.
2026-07-09_07-43-07 Episode 1000: New best greedy reward 5.00, model saved.
2026-07-09_07-43-27 Episode 1030: New best reward 13.90, training model saved.
2026-07-09_07-44-37 Episode 1134: New best reward 17.90, training model saved.
2026-07-09_07-45-47 Episode 1226: New best reward 29.80, training model saved.
2026-07-09_07-46-29 Episode 1271: New best reward 36.40, training model saved.
2026-07-09_07-46-54 Episode 1298: New best reward 39.00, training model saved.
2026-07-09_07-47-08 Episode 1311: New best reward 41.80, training model saved.
2026-07-09_07-48-32 Episode 1392: New best reward 50.40, training model saved.
2026-07-09_07-48-44 Episode 1401: New best reward 68.90, training model saved.
2026-07-09_07-50-00: Training starting...
Device: cuda
2026-07-09_07-50-00 Episode 0: New best reward -8.10, training model saved.
2026-07-09_07-50-00 Episode 0: New best greedy reward 2.00, model saved.
2026-07-09_07-50-01 Episode 1: New best reward -5.70, training model saved.
2026-07-09_07-50-38 Episode 81: New best reward -2.10, training model saved.
2026-07-09_07-52-17 Episode 299: New best reward -0.30, training model saved.
2026-07-09_07-52-45 Episode 358: New best reward 1.50, training model saved.
2026-07-09_07-52-46 Episode 360: New best reward 3.90, training model saved.
2026-07-09_07-53-50 Episode 494: New best reward 4.80, training model saved.
2026-07-09_07-55-37 Episode 726: New best reward 6.70, training model saved.
2026-07-09_07-57-49 Episode 1000: New best greedy reward 3.90, model saved.
2026-07-09_07-58-47 Episode 1126: New best reward 6.80, training model saved.
2026-07-09_07-58-48 Episode 1127: New best reward 8.40, training model saved.
2026-07-09_08-03-36 Episode 1631: New best reward 8.70, training model saved.
2026-07-09_08-05-07 Episode 1775: New best reward 10.90, training model saved.
2026-07-09_08-07-41 Episode 2000: New best greedy reward 12.90, model saved.
2026-07-09_08-11-06 Episode 2287: New best reward 12.90, training model saved.
2026-07-09_08-14-39 Episode 2577: New best reward 17.90, training model saved.
2026-07-09_08-14-48 Episode 2588: New best reward 18.60, training model saved.
2026-07-09_08-15-35 Episode 2637: New best reward 26.90, training model saved.
2026-07-09_08-15-42 Episode 2643: New best reward 32.00, training model saved.
2026-07-09_08-16-18 Episode 2681: New best reward 32.70, training model saved.
2026-07-09_08-17-15 Episode 2739: New best reward 54.90, training model saved.
2026-07-09_08-21-34 Episode 3000: New best greedy reward 29.20, model saved.
2026-07-09_08-25-46 Episode 3236: New best reward 55.30, training model saved.
2026-07-09_08-27-48 Episode 3340: New best reward 55.60, training model saved.
2026-07-09_08-35-06 Episode 3692: New best reward 78.40, training model saved.
2026-07-09_08-36-33 Episode 3737: New best reward 90.70, training model saved.
2026-07-09_08-37-18: Training starting...
Device: cuda
2026-07-09_08-37-18 Episode 0: New best reward -8.10, training model saved.
2026-07-09_08-37-18 Episode 0: New best greedy reward 2.00, model saved.
2026-07-09_08-37-19 Episode 1: New best reward -5.70, training model saved.
2026-07-09_08-37-55 Episode 81: New best reward -2.10, training model saved.
2026-07-09_08-37-57 Episode 85: New best reward 0.30, training model saved.
2026-07-09_08-38-54 Episode 211: New best reward 2.70, training model saved.
2026-07-09_08-39-13 Episode 250: New best reward 3.90, training model saved.
2026-07-09_08-40-12 Episode 382: New best reward 4.70, training model saved.
2026-07-09_08-40-34 Episode 428: New best reward 4.90, training model saved.
2026-07-09_08-41-17 Episode 523: New best reward 7.80, training model saved.
2026-07-09_08-41-47 Episode 587: New best reward 8.40, training model saved.
2026-07-09_08-44-56 Episode 978: New best reward 11.30, training model saved.
2026-07-09_08-45-08 Episode 1000: New best greedy reward 3.90, model saved.
2026-07-09_08-46-16 Episode 1119: New best reward 12.90, training model saved.
2026-07-09_08-47-04 Episode 1206: New best reward 13.50, training model saved.
2026-07-09_08-49-27 Episode 1426: New best reward 13.70, training model saved.
2026-07-09_08-50-01 Episode 1474: New best reward 22.40, training model saved.
2026-07-09_08-53-59 Episode 1772: New best reward 26.90, training model saved.
2026-07-09_08-55-29 Episode 1878: New best reward 27.50, training model saved.
2026-07-09_08-56-08 Episode 1916: New best reward 50.60, training model saved.
2026-07-09_08-57-12 Episode 1964: New best reward 55.60, training model saved.
2026-07-09_08-57-58 Episode 2000: New best greedy reward 12.90, model saved.
2026-07-09_08-58-09 Episode 2006: New best reward 101.90, training model saved.
2026-07-09_09-06-55 Episode 2438: New best reward 110.90, training model saved.
2026-07-09_09-23-19: Training starting...
Device: cuda
2026-07-09_09-23-20 Episode 0: New best reward -8.10, training model saved.
2026-07-09_09-23-20 Episode 0: New best greedy reward 2.00, model saved.
2026-07-09_09-23-20 Episode 1: New best reward -5.70, training model saved.
2026-07-09_09-23-55 Episode 81: New best reward -2.10, training model saved.
2026-07-09_09-23-57 Episode 85: New best reward 0.30, training model saved.
2026-07-09_09-24-30 Episode 162: New best reward 1.50, training model saved.
2026-07-09_09-24-52 Episode 211: New best reward 3.30, training model saved.
2026-07-09_09-25-02 Episode 235: New best reward 3.90, training model saved.
2026-07-09_09-25-26 Episode 287: New best reward 4.90, training model saved.
2026-07-09_09-25-58 Episode 360: New best reward 8.40, training model saved.
2026-07-09_09-27-57 Episode 628: New best reward 10.90, training model saved.
2026-07-09_09-32-08 Episode 1167: New best reward 11.20, training model saved.
2026-07-09_09-33-26 Episode 1317: New best reward 11.30, training model saved.
2026-07-09_09-33-42 Episode 1347: New best reward 12.90, training model saved.
2026-07-09_09-34-56 Episode 1477: New best reward 15.80, training model saved.
2026-07-09_09-38-04: Training starting...
Device: cuda
2026-07-09_09-38-05 Episode 0: New best reward -8.10, training model saved.
2026-07-09_09-38-05 Episode 0: New best greedy reward 2.00, model saved.
2026-07-09_09-38-05 Episode 1: New best reward -5.70, training model saved.
2026-07-09_09-38-42 Episode 81: New best reward -1.50, training model saved.
2026-07-09_09-38-44 Episode 85: New best reward 0.30, training model saved.
2026-07-09_09-39-02 Episode 123: New best reward 3.90, training model saved.
2026-07-09_09-39-45 Episode 218: New best reward 4.20, training model saved.
2026-07-09_09-39-49 Episode 226: New best reward 4.40, training model saved.
2026-07-09_09-39-53 Episode 234: New best reward 4.50, training model saved.
2026-07-09_09-40-00 Episode 250: New best reward 6.20, training model saved.
2026-07-09_09-40-01 Episode 252: New best reward 6.30, training model saved.
2026-07-09_09-40-11 Episode 271: New best reward 6.70, training model saved.
2026-07-09_09-40-22 Episode 295: New best reward 8.40, training model saved.
2026-07-09_09-42-53 Episode 589: New best reward 8.50, training model saved.
2026-07-09_09-42-58 Episode 596: New best reward 11.20, training model saved.
2026-07-09_09-45-46 Episode 915: New best reward 12.90, training model saved.
2026-07-09_09-46-33 Episode 1000: New best greedy reward 3.70, model saved.
2026-07-09_09-47-29 Episode 1099: New best reward 13.50, training model saved.
2026-07-09_09-48-54 Episode 1234: New best reward 13.80, training model saved.
2026-07-09_09-49-17 Episode 1273: New best reward 20.10, training model saved.
2026-07-09_09-50-18 Episode 1354: New best reward 22.40, training model saved.
2026-07-09_09-51-57 Episode 1487: New best reward 24.70, training model saved.
2026-07-09_09-57-05 Episode 1928: New best reward 26.90, training model saved.
2026-07-09_09-57-59 Episode 2000: New best greedy reward 4.80, model saved.
2026-07-09_10-01-51 Episode 2361: New best reward 36.40, training model saved.
2026-07-09_10-03-18 Episode 2456: New best reward 46.20, training model saved.
2026-07-09_10-06-01 Episode 2618: New best reward 53.30, training model saved.
2026-07-09_10-11-48 Episode 2943: New best reward 67.00, training model saved.
2026-07-09_10-12-37 Episode 3000: New best greedy reward 8.40, model saved.
2026-07-09_10-15-17 Episode 3148: New best reward 76.80, training model saved.
2026-07-09_10-15-46 Episode 3165: New best reward 87.90, training model saved.
2026-07-09_10-23-53: Training starting...
Device: cuda
2026-07-09_10-23-53 Episode 0: New best reward -8.10, training model saved.
2026-07-09_10-23-53 Episode 0: New best greedy reward 2.00, model saved.
2026-07-09_10-23-54 Episode 1: New best reward -5.70, training model saved.
2026-07-09_10-24-30 Episode 81: New best reward -2.10, training model saved.
2026-07-09_10-24-31 Episode 85: New best reward 0.30, training model saved.
2026-07-09_10-25-05 Episode 162: New best reward 1.50, training model saved.
2026-07-09_10-25-20 Episode 195: New best reward 2.10, training model saved.
2026-07-09_10-25-28 Episode 211: New best reward 3.30, training model saved.
2026-07-09_10-25-31 Episode 218: New best reward 3.90, training model saved.
2026-07-09_10-25-46 Episode 250: New best reward 6.50, training model saved.
2026-07-09_10-27-05 Episode 424: New best reward 6.80, training model saved.
2026-07-09_10-27-16 Episode 447: New best reward 8.40, training model saved.
2026-07-09_10-27-57 Episode 538: New best reward 11.00, training model saved.
2026-07-09_10-29-04 Episode 680: New best reward 12.90, training model saved.
2026-07-09_10-29-08: Training starting...
Device: cuda
2026-07-09_10-29-08 Episode 0: New best reward -8.10, training model saved.
2026-07-09_10-29-09 Episode 0: New best greedy reward 2.00, model saved.
2026-07-09_10-29-09 Episode 1: New best reward -5.70, training model saved.
2026-07-09_10-29-47 Episode 81: New best reward -2.70, training model saved.
2026-07-09_10-29-48 Episode 85: New best reward 0.30, training model saved.
2026-07-09_10-30-06 Episode 123: New best reward 3.90, training model saved.
2026-07-09_10-30-24 Episode 162: New best reward 4.00, training model saved.
2026-07-09_10-30-47 Episode 211: New best reward 4.60, training model saved.
2026-07-09_10-31-15 Episode 272: New best reward 8.40, training model saved.
2026-07-09_10-32-22 Episode 407: New best reward 9.00, training model saved.
2026-07-09_10-32-29 Episode 420: New best reward 9.10, training model saved.
2026-07-09_10-32-40 Episode 440: New best reward 11.20, training model saved.
2026-07-09_10-33-35 Episode 544: New best reward 12.90, training model saved.
2026-07-09_10-33-59 Episode 589: New best reward 13.50, training model saved.
2026-07-09_10-38-13 Episode 1000: New best greedy reward 6.40, model saved.
2026-07-09_10-38-16 Episode 1004: New best reward 13.60, training model saved.
2026-07-09_10-38-24 Episode 1014: New best reward 15.70, training model saved.
2026-07-09_10-40-01 Episode 1162: New best reward 15.80, training model saved.
2026-07-09_10-41-22 Episode 1275: New best reward 17.90, training model saved.
2026-07-09_10-44-44: Training starting...
Device: cuda
2026-07-09_10-44-45 Episode 0: New best reward -8.10, training model saved.
2026-07-09_10-44-45 Episode 0: New best greedy reward 2.00, model saved.
2026-07-09_10-44-45 Episode 1: New best reward -5.70, training model saved.
2026-07-09_10-45-21 Episode 81: New best reward -2.10, training model saved.
2026-07-09_10-45-56 Episode 162: New best reward -1.50, training model saved.
2026-07-09_10-46-19 Episode 211: New best reward 2.70, training model saved.
2026-07-09_10-46-54 Episode 287: New best reward 3.90, training model saved.
2026-07-09_10-47-26 Episode 361: New best reward 4.40, training model saved.
2026-07-09_10-47-37 Episode 384: New best reward 8.40, training model saved.
2026-07-09_10-49-56: Training starting...
Device: cuda
2026-07-09_10-49-56 Episode 0: New best reward -8.10, training model saved.
2026-07-09_10-49-56 Episode 0: New best greedy reward 2.00, model saved.
2026-07-09_10-49-57 Episode 1: New best reward -5.70, training model saved.
2026-07-09_10-50-31 Episode 81: New best reward -2.10, training model saved.
2026-07-09_10-52-05 Episode 299: New best reward -0.30, training model saved.
2026-07-09_10-52-31 Episode 358: New best reward 1.50, training model saved.
2026-07-09_10-52-32 Episode 360: New best reward 3.90, training model saved.
2026-07-09_10-54-02 Episode 569: New best reward 4.00, training model saved.
2026-07-09_10-54-23 Episode 617: New best reward 4.30, training model saved.
2026-07-09_10-55-01 Episode 703: New best reward 8.40, training model saved.
2026-07-09_10-55-16: Training starting...
Device: cuda
2026-07-09_10-55-16 Episode 0: New best reward -8.10, training model saved.
2026-07-09_10-55-17 Episode 0: New best greedy reward 2.00, model saved.
2026-07-09_10-55-17 Episode 1: New best reward -5.70, training model saved.
2026-07-09_10-55-49 Episode 73: New best reward -2.10, training model saved.
2026-07-09_10-55-54 Episode 81: New best reward -1.50, training model saved.
2026-07-09_10-55-56 Episode 85: New best reward -0.90, training model saved.
2026-07-09_10-55-58 Episode 89: New best reward 0.30, training model saved.
2026-07-09_10-56-14 Episode 123: New best reward 3.90, training model saved.
2026-07-09_10-56-48 Episode 199: New best reward 4.20, training model saved.
2026-07-09_10-56-49 Episode 201: New best reward 4.30, training model saved.
2026-07-09_10-56-53 Episode 206: New best reward 4.50, training model saved.
2026-07-09_10-57-23 Episode 272: New best reward 5.00, training model saved.
2026-07-09_10-58-02 Episode 358: New best reward 6.20, training model saved.
2026-07-09_10-58-13 Episode 379: New best reward 6.30, training model saved.
2026-07-09_10-58-48 Episode 449: New best reward 6.60, training model saved.
2026-07-09_10-58-52 Episode 458: New best reward 8.40, training model saved.
2026-07-09_11-00-36: Training starting...
Device: cuda
2026-07-09_11-00-37 Episode 0: New best reward -8.10, training model saved.
2026-07-09_11-00-37 Episode 0: New best greedy reward 2.00, model saved.
2026-07-09_11-00-37 Episode 1: New best reward -5.70, training model saved.
2026-07-09_11-01-01 Episode 54: New best reward -5.10, training model saved.
2026-07-09_11-01-05 Episode 63: New best reward -2.10, training model saved.
2026-07-09_11-01-09 Episode 73: New best reward -0.30, training model saved.
2026-07-09_11-01-15 Episode 85: New best reward 0.90, training model saved.
2026-07-09_11-01-17 Episode 89: New best reward 3.90, training model saved.
2026-07-09_11-01-27 Episode 113: New best reward 4.00, training model saved.
2026-07-09_11-01-28 Episode 116: New best reward 4.30, training model saved.
2026-07-09_11-01-32 Episode 123: New best reward 6.00, training model saved.
2026-07-09_11-01-37 Episode 134: New best reward 8.40, training model saved.
2026-07-09_11-02-50 Episode 290: New best reward 8.60, training model saved.
2026-07-09_11-03-13 Episode 333: New best reward 9.50, training model saved.
2026-07-09_11-03-29 Episode 360: New best reward 12.90, training model saved.
2026-07-09_11-07-53 Episode 784: New best reward 17.90, training model saved.
2026-07-09_11-08-11 Episode 807: New best reward 22.50, training model saved.
2026-07-09_11-10-19 Episode 1000: New best greedy reward 4.10, model saved.
2026-07-09_11-11-09 Episode 1058: New best reward 23.40, training model saved.
2026-07-09_11-11-12 Episode 1060: New best reward 36.40, training model saved.
2026-07-09_11-11-50 Episode 1108: New best reward 37.00, training model saved.
2026-07-09_11-12-01 Episode 1119: New best reward 43.50, training model saved.
2026-07-09_11-12-22 Episode 1134: New best reward 76.20, training model saved.
2026-07-09_11-21-15 Episode 1615: New best reward 78.50, training model saved.
2026-07-09_11-21-35 Episode 1625: New best reward 102.70, training model saved.
2026-07-09_11-22-45 Episode 1655: New best reward 110.90, training model saved.
2026-07-09_11-23-21 Episode 1662: New best reward 137.20, training model saved.
2026-07-09_11-25-25 Episode 1694: New best reward 319.10, training model saved.
2026-07-09_11-38-23 Episode 2000: New best greedy reward 29.70, model saved.
2026-07-09_11-39-32 Episode 2021: New best reward 333.30, training model saved.
2026-07-09_11-40-49 Episode 2031: New best reward 337.60, training model saved.
2026-07-09_11-42-32 Episode 2044: New best reward 550.80, training model saved.
2026-07-09_11-43-19 Episode 2047: New best reward 566.80, training model saved.
2026-07-09_11-48-41: Training starting...
Device: cuda
2026-07-09_11-48-42 Episode 0: New best reward -8.10, training model saved.
2026-07-09_11-48-42 Episode 0: New best greedy reward 2.00, model saved.
2026-07-09_11-48-42 Episode 1: New best reward -5.70, training model saved.
2026-07-09_11-49-17 Episode 81: New best reward -2.10, training model saved.
2026-07-09_11-50-51 Episode 299: New best reward -0.30, training model saved.
2026-07-09_11-51-18 Episode 358: New best reward 1.50, training model saved.
2026-07-09_11-51-37 Episode 405: New best reward 2.10, training model saved.
2026-07-09_11-51-46 Episode 423: New best reward 3.90, training model saved.
2026-07-09_11-52-49 Episode 569: New best reward 4.00, training model saved.
2026-07-09_11-53-58 Episode 728: New best reward 4.80, training model saved.
2026-07-09_11-54-03: Training starting...
Device: cuda
2026-07-09_11-54-04 Episode 0: New best reward -8.10, training model saved.
2026-07-09_11-54-04 Episode 0: New best greedy reward 2.00, model saved.
2026-07-09_11-54-04 Episode 1: New best reward -5.70, training model saved.
2026-07-09_11-54-39 Episode 81: New best reward -2.10, training model saved.
2026-07-09_11-55-35 Episode 211: New best reward 2.70, training model saved.
2026-07-09_11-55-45 Episode 235: New best reward 3.90, training model saved.
2026-07-09_11-56-30 Episode 334: New best reward 4.40, training model saved.
2026-07-09_11-57-08 Episode 420: New best reward 4.70, training model saved.
2026-07-09_11-57-10 Episode 424: New best reward 8.40, training model saved.
2026-07-09_12-01-27 Episode 1000: New best greedy reward 4.30, model saved.
2026-07-09_12-01-52 Episode 1052: New best reward 10.50, training model saved.
2026-07-09_12-02-06 Episode 1080: New best reward 13.50, training model saved.
2026-07-09_12-03-09 Episode 1194: New best reward 17.90, training model saved.
2026-07-09_12-04-37 Episode 1337: New best reward 22.40, training model saved.
2026-07-09_12-05-37 Episode 1417: New best reward 26.90, training model saved.
2026-07-09_12-06-32 Episode 1478: New best reward 32.30, training model saved.
2026-07-09_12-06-44 Episode 1488: New best reward 41.20, training model saved.
2026-07-09_12-07-53 Episode 1537: New best reward 55.40, training model saved.
2026-07-09_12-08-11 Episode 1547: New best reward 65.50, training model saved.
2026-07-09_12-09-50 Episode 1617: New best reward 102.80, training model saved.
2026-07-09_12-11-45 Episode 1662: New best reward 132.80, training model saved.
2026-07-09_12-12-22 Episode 1667: New best reward 239.20, training model saved.
2026-07-09_12-22-20 Episode 1865: New best reward 255.90, training model saved.
2026-07-09_12-23-12 Episode 1874: New best reward 264.90, training model saved.
2026-07-09_12-24-33 Episode 1886: New best reward 390.90, training model saved.
2026-07-09_12-27-09 Episode 1904: New best reward 549.90, training model saved.
2026-07-09_12-35-52 Episode 2000: New best greedy reward 325.90, model saved.
2026-07-09_12-45-00: Training starting...
Device: cuda
2026-07-09_12-45-00 Episode 0: New best reward -8.10, training model saved.
2026-07-09_12-45-00 Episode 0: New best greedy reward 2.00, model saved.
2026-07-09_12-45-01 Episode 1: New best reward -5.70, training model saved.
2026-07-09_12-45-32 Episode 73: New best reward -4.50, training model saved.
2026-07-09_12-45-36 Episode 81: New best reward -1.50, training model saved.
2026-07-09_12-45-38 Episode 85: New best reward 0.90, training model saved.
2026-07-09_12-45-39 Episode 89: New best reward 3.90, training model saved.
2026-07-09_12-45-54 Episode 123: New best reward 4.10, training model saved.
2026-07-09_12-46-41 Episode 229: New best reward 4.90, training model saved.
2026-07-09_12-47-11 Episode 299: New best reward 6.70, training model saved.
2026-07-09_12-47-39 Episode 362: New best reward 8.40, training model saved.
2026-07-09_12-48-04 Episode 416: New best reward 9.00, training model saved.
2026-07-09_12-48-40 Episode 490: New best reward 11.10, training model saved.
2026-07-09_12-49-54 Episode 641: New best reward 11.30, training model saved.
2026-07-09_12-53-00 Episode 987: New best reward 15.80, training model saved.
2026-07-09_12-55-14 Episode 1187: New best reward 18.40, training model saved.
2026-07-09_12-56-12 Episode 1268: New best reward 20.80, training model saved.
2026-07-09_12-57-12 Episode 1344: New best reward 26.90, training model saved.
2026-07-09_12-57-34 Episode 1370: New best reward 36.70, training model saved.
2026-07-09_12-59-09 Episode 1471: New best reward 51.20, training model saved.
2026-07-09_12-59-42: Training starting...
Device: cuda
2026-07-09_12-59-43 Episode 0: New best reward -8.10, training model saved.
2026-07-09_12-59-43 Episode 0: New best greedy reward 2.00, model saved.
2026-07-09_12-59-44 Episode 1: New best reward -5.70, training model saved.
2026-07-09_13-00-15 Episode 73: New best reward -4.50, training model saved.
2026-07-09_13-00-19 Episode 81: New best reward -1.50, training model saved.
2026-07-09_13-00-21 Episode 85: New best reward 0.30, training model saved.
2026-07-09_13-00-23 Episode 89: New best reward 1.50, training model saved.
2026-07-09_13-00-38 Episode 123: New best reward 3.90, training model saved.
2026-07-09_13-01-17 Episode 211: New best reward 6.00, training model saved.
2026-07-09_13-01-41 Episode 266: New best reward 6.70, training model saved.
2026-07-09_13-01-59 Episode 306: New best reward 8.40, training model saved.
2026-07-09_13-03-08 Episode 454: New best reward 10.60, training model saved.
2026-07-09_13-04-36 Episode 626: New best reward 11.00, training model saved.
2026-07-09_13-07-07 Episode 885: New best reward 12.90, training model saved.
2026-07-09_13-08-15 Episode 993: New best reward 13.40, training model saved.
2026-07-09_13-08-36 Episode 1023: New best reward 22.40, training model saved.
2026-07-09_13-09-08 Episode 1065: New best reward 26.90, training model saved.
2026-07-09_13-14-37 Episode 1480: New best reward 32.10, training model saved.
2026-07-09_13-14-59 Episode 1500: New best reward 34.40, training model saved.
2026-07-09_13-15-39 Episode 1537: New best reward 41.70, training model saved.
2026-07-09_13-16-07 Episode 1560: New best reward 46.00, training model saved.
2026-07-09_13-17-55 Episode 1668: New best reward 51.60, training model saved.
2026-07-09_13-18-43 Episode 1705: New best reward 60.80, training model saved.
2026-07-09_13-19-50 Episode 1751: New best reward 85.80, training model saved.
2026-07-09_13-21-36 Episode 1811: New best reward 97.80, training model saved.
2026-07-09_13-21-47 Episode 1812: New best reward 139.70, training model saved.
2026-07-09_13-28-05 Episode 1973: New best reward 141.80, training model saved.
2026-07-09_13-29-26 Episode 2000: New best greedy reward 37.20, model saved.
2026-07-09_13-32-08 Episode 2067: New best reward 144.90, training model saved.
2026-07-09_13-33-11 Episode 2083: New best reward 149.60, training model saved.
2026-07-09_13-33-42 Episode 2089: New best reward 197.70, training model saved.
2026-07-09_13-33-56 Episode 2090: New best reward 197.80, training model saved.
2026-07-09_13-35-10 Episode 2104: New best reward 246.40, training model saved.
2026-07-09_13-37-25 Episode 2144: New best reward 446.90, training model saved.
2026-07-09_13-44-12: Training starting...
Device: cuda
2026-07-09_13-44-13 Episode 0: New best reward -8.10, training model saved.
2026-07-09_13-44-13 Episode 0: New best greedy reward 2.00, model saved.
2026-07-09_13-44-14 Episode 1: New best reward -5.70, training model saved.
2026-07-09_13-44-49 Episode 81: New best reward -2.10, training model saved.
2026-07-09_13-45-44 Episode 211: New best reward 1.50, training model saved.
2026-07-09_13-46-37 Episode 329: New best reward 3.90, training model saved.
2026-07-09_13-47-09 Episode 406: New best reward 4.40, training model saved.
2026-07-09_13-47-30 Episode 453: New best reward 4.60, training model saved.
2026-07-09_13-47-36 Episode 466: New best reward 4.80, training model saved.
2026-07-09_13-48-10 Episode 543: New best reward 5.00, training model saved.
2026-07-09_13-49-35: Training starting...
Device: cuda
2026-07-09_13-49-35 Episode 0: New best reward -8.10, training model saved.
2026-07-09_13-49-35 Episode 0: New best greedy reward 2.00, model saved.
2026-07-09_13-49-36 Episode 1: New best reward -5.70, training model saved.
2026-07-09_13-50-10 Episode 81: New best reward -2.10, training model saved.
2026-07-09_13-51-25 Episode 253: New best reward -0.90, training model saved.
2026-07-09_13-51-40 Episode 287: New best reward 2.10, training model saved.
2026-07-09_13-51-45 Episode 299: New best reward 3.30, training model saved.
2026-07-09_13-51-59 Episode 329: New best reward 3.90, training model saved.
2026-07-09_13-52-21 Episode 382: New best reward 4.90, training model saved.
2026-07-09_13-52-40 Episode 422: New best reward 8.40, training model saved.
2026-07-09_13-54-56: Training starting...
Device: cuda
2026-07-09_13-54-57 Episode 0: New best reward -8.10, training model saved.
2026-07-09_13-54-57 Episode 0: New best greedy reward 2.00, model saved.
2026-07-09_13-54-57 Episode 1: New best reward -5.70, training model saved.
2026-07-09_13-55-32 Episode 81: New best reward -2.10, training model saved.
2026-07-09_13-56-04 Episode 155: New best reward -0.90, training model saved.
2026-07-09_13-56-19 Episode 187: New best reward 0.30, training model saved.
2026-07-09_13-56-30 Episode 211: New best reward 3.30, training model saved.
2026-07-09_13-56-43 Episode 243: New best reward 3.90, training model saved.
2026-07-09_13-57-03 Episode 286: New best reward 4.10, training model saved.
2026-07-09_13-57-41 Episode 371: New best reward 4.20, training model saved.
2026-07-09_13-57-52 Episode 396: New best reward 5.00, training model saved.
2026-07-09_13-58-32 Episode 486: New best reward 8.40, training model saved.
2026-07-09_14-00-04: Training starting...
Device: cuda
2026-07-09_14-00-05 Episode 0: New best reward -8.10, training model saved.
2026-07-09_14-00-05 Episode 0: New best greedy reward 2.00, model saved.
2026-07-09_14-00-05 Episode 1: New best reward -5.70, training model saved.
2026-07-09_14-00-40 Episode 81: New best reward -2.70, training model saved.
2026-07-09_14-00-42 Episode 85: New best reward 0.30, training model saved.
2026-07-09_14-01-11 Episode 151: New best reward 3.90, training model saved.
2026-07-09_14-01-37 Episode 211: New best reward 4.60, training model saved.
2026-07-09_14-02-04 Episode 273: New best reward 5.00, training model saved.
2026-07-09_14-02-14 Episode 296: New best reward 6.70, training model saved.
2026-07-09_14-02-21 Episode 310: New best reward 8.40, training model saved.
2026-07-09_14-03-05 Episode 406: New best reward 9.30, training model saved.
2026-07-09_14-04-22 Episode 562: New best reward 10.90, training model saved.
2026-07-09_14-04-53 Episode 622: New best reward 11.10, training model saved.
2026-07-09_14-05-11 Episode 657: New best reward 11.30, training model saved.
2026-07-09_14-06-16 Episode 778: New best reward 13.10, training model saved.
2026-07-09_14-07-04 Episode 861: New best reward 15.10, training model saved.
2026-07-09_14-08-20 Episode 974: New best reward 17.90, training model saved.
2026-07-09_14-08-38 Episode 1000: New best greedy reward 13.10, model saved.
2026-07-09_14-08-49 Episode 1014: New best reward 18.10, training model saved.
2026-07-09_14-09-42 Episode 1082: New best reward 24.80, training model saved.
2026-07-09_14-10-28 Episode 1142: New best reward 29.80, training model saved.
2026-07-09_14-11-26 Episode 1209: New best reward 34.70, training model saved.
2026-07-09_14-11-36 Episode 1215: New best reward 54.90, training model saved.
2026-07-09_14-15-29 Episode 1402: New best reward 64.40, training model saved.
2026-07-09_14-15-40 Episode 1407: New best reward 71.40, training model saved.
2026-07-09_14-17-55 Episode 1496: New best reward 73.90, training model saved.
2026-07-09_14-18-32 Episode 1514: New best reward 79.60, training model saved.
2026-07-09_14-19-19 Episode 1537: New best reward 92.40, training model saved.
2026-07-09_14-21-01 Episode 1585: New best reward 178.70, training model saved.
2026-07-09_14-27-33 Episode 1702: New best reward 180.90, training model saved.
2026-07-09_14-30-13 Episode 1751: New best reward 232.40, training model saved.
2026-07-09_14-34-10 Episode 1806: New best reward 321.40, training model saved.
2026-07-09_14-34-33 Episode 1807: New best reward 322.00, training model saved.
2026-07-09_14-39-56 Episode 1871: New best reward 482.60, training model saved.
2026-07-09_14-44-11: Training starting...
Device: cuda
2026-07-09_14-44-11 Episode 0: New best reward -8.10, training model saved.
2026-07-09_14-44-12 Episode 0: New best greedy reward 2.00, model saved.
2026-07-09_14-44-12 Episode 1: New best reward -5.70, training model saved.
2026-07-09_14-44-43 Episode 73: New best reward -4.50, training model saved.
2026-07-09_14-44-48 Episode 81: New best reward -1.50, training model saved.
2026-07-09_14-44-49 Episode 85: New best reward 0.30, training model saved.
2026-07-09_14-44-51 Episode 89: New best reward 1.50, training model saved.
2026-07-09_14-45-07 Episode 123: New best reward 3.90, training model saved.
2026-07-09_14-45-44 Episode 208: New best reward 4.80, training model saved.
2026-07-09_14-45-46 Episode 211: New best reward 5.00, training model saved.
2026-07-09_14-45-49 Episode 218: New best reward 6.00, training model saved.
2026-07-09_14-45-59 Episode 243: New best reward 6.30, training model saved.
2026-07-09_14-46-10 Episode 265: New best reward 6.40, training model saved.
2026-07-09_14-46-20 Episode 287: New best reward 6.50, training model saved.
2026-07-09_14-46-24 Episode 296: New best reward 12.90, training model saved.
2026-07-09_14-50-23 Episode 742: New best reward 13.40, training model saved.
2026-07-09_14-51-28 Episode 850: New best reward 13.60, training model saved.
2026-07-09_14-52-02 Episode 900: New best reward 13.70, training model saved.
2026-07-09_14-52-04 Episode 902: New best reward 22.80, training model saved.
2026-07-09_14-53-00 Episode 970: New best reward 27.50, training model saved.
2026-07-09_14-53-05 Episode 974: New best reward 36.90, training model saved.
2026-07-09_14-53-25 Episode 1000: New best greedy reward 13.30, model saved.
2026-07-09_14-55-12 Episode 1128: New best reward 51.40, training model saved.
2026-07-09_14-55-53 Episode 1160: New best reward 57.20, training model saved.
2026-07-09_14-56-36 Episode 1182: New best reward 112.10, training model saved.
2026-07-09_15-02-26 Episode 1354: New best reward 113.60, training model saved.
2026-07-09_15-03-08 Episode 1365: New best reward 165.20, training model saved.
2026-07-09_15-04-46 Episode 1387: New best reward 196.00, training model saved.
2026-07-09_15-05-16 Episode 1394: New best reward 200.50, training model saved.
2026-07-09_15-07-17 Episode 1413: New best reward 302.40, training model saved.
2026-07-09_15-08-08 Episode 1420: New best reward 463.80, training model saved.
2026-07-09_15-18-34 Episode 1555: New best reward 541.20, training model saved.
2026-07-09_15-28-40: Training starting...
Device: cuda
2026-07-09_15-28-41 Episode 0: New best reward -8.10, training model saved.
2026-07-09_15-28-41 Episode 0: New best greedy reward 2.00, model saved.
2026-07-09_15-28-42 Episode 1: New best reward -5.70, training model saved.
2026-07-09_15-29-08 Episode 63: New best reward -2.10, training model saved.
2026-07-09_15-29-12 Episode 73: New best reward -0.30, training model saved.
2026-07-09_15-29-18 Episode 85: New best reward 3.90, training model saved.
2026-07-09_15-29-30 Episode 113: New best reward 4.40, training model saved.
2026-07-09_15-29-35 Episode 123: New best reward 8.40, training model saved.
2026-07-09_15-30-51 Episode 291: New best reward 10.80, training model saved.
2026-07-09_15-31-27 Episode 362: New best reward 15.60, training model saved.
2026-07-09_15-34-14 Episode 649: New best reward 24.80, training model saved.
2026-07-09_15-34-55 Episode 706: New best reward 27.50, training model saved.
2026-07-09_15-35-00 Episode 708: New best reward 37.00, training model saved.
2026-07-09_15-35-09 Episode 717: New best reward 41.70, training model saved.
2026-07-09_15-36-00 Episode 766: New best reward 46.50, training model saved.
2026-07-09_15-36-36 Episode 793: New best reward 55.60, training model saved.
2026-07-09_15-39-24 Episode 943: New best reward 56.00, training model saved.
2026-07-09_15-39-48 Episode 958: New best reward 69.10, training model saved.
2026-07-09_15-40-06 Episode 968: New best reward 78.90, training model saved.
2026-07-09_15-41-04 Episode 994: New best reward 81.20, training model saved.
2026-07-09_15-41-25 Episode 1000: New best greedy reward 48.60, model saved.
2026-07-09_15-42-05 Episode 1019: New best reward 132.10, training model saved.
2026-07-09_15-45-41 Episode 1115: New best reward 204.40, training model saved.
2026-07-09_15-51-44 Episode 1232: New best reward 237.90, training model saved.
2026-07-09_15-53-52 Episode 1259: New best reward 370.20, training model saved.
2026-07-09_16-10-00 Episode 1432: New best reward 470.40, training model saved.
2026-07-09_16-14-16: Training starting...
Device: cuda
2026-07-09_16-14-16 Episode 0: New best reward -8.10, training model saved.
2026-07-09_16-14-17 Episode 0: New best greedy reward 2.00, model saved.
2026-07-09_16-14-17 Episode 1: New best reward -5.70, training model saved.
2026-07-09_16-14-44 Episode 62: New best reward -5.10, training model saved.
2026-07-09_16-14-44 Episode 63: New best reward -1.50, training model saved.
2026-07-09_16-14-48 Episode 73: New best reward -0.30, training model saved.
2026-07-09_16-14-52 Episode 81: New best reward 0.30, training model saved.
2026-07-09_16-14-54 Episode 85: New best reward 3.90, training model saved.
2026-07-09_16-15-04 Episode 108: New best reward 4.20, training model saved.
2026-07-09_16-15-05 Episode 110: New best reward 4.50, training model saved.
2026-07-09_16-15-11 Episode 123: New best reward 8.40, training model saved.
2026-07-09_16-16-54 Episode 345: New best reward 12.90, training model saved.
2026-07-09_16-17-13 Episode 379: New best reward 13.00, training model saved.
2026-07-09_16-17-19 Episode 387: New best reward 18.20, training model saved.
2026-07-09_16-19-41 Episode 614: New best reward 20.80, training model saved.
2026-07-09_16-20-01 Episode 638: New best reward 27.80, training model saved.
2026-07-09_16-20-39 Episode 674: New best reward 54.90, training model saved.
2026-07-09_16-21-52 Episode 729: New best reward 67.10, training model saved.
2026-07-09_16-25-14 Episode 897: New best reward 68.90, training model saved.
2026-07-09_16-25-26 Episode 902: New best reward 93.30, training model saved.
2026-07-09_16-27-49 Episode 1000: New best greedy reward 27.70, model saved.
2026-07-09_16-28-52 Episode 1036: New best reward 99.80, training model saved.
2026-07-09_16-29-30 Episode 1053: New best reward 111.00, training model saved.
2026-07-09_16-30-50 Episode 1093: New best reward 141.60, training model saved.
2026-07-09_16-31-28 Episode 1100: New best reward 274.40, training model saved.
2026-07-09_16-41-06 Episode 1297: New best reward 388.80, training model saved.
[worker] done. total trials in study: 400
2026-07-09_06-39-43: Training starting...
Device: cuda
2026-07-09_06-39-50 Episode 0: New best reward -8.10, training model saved.
2026-07-09_06-39-50 Episode 0: New best greedy reward 2.00, model saved.
2026-07-09_06-39-51 Episode 1: New best reward -5.70, training model saved.
2026-07-09_06-40-26 Episode 81: New best reward -2.10, training model saved.
2026-07-09_06-42-00 Episode 299: New best reward 0.90, training model saved.
2026-07-09_06-42-26 Episode 360: New best reward 3.90, training model saved.
2026-07-09_06-43-56 Episode 569: New best reward 4.50, training model saved.
2026-07-09_06-44-18 Episode 617: New best reward 6.10, training model saved.
2026-07-09_06-45-02 Episode 718: New best reward 6.50, training model saved.
2026-07-09_06-45-34 Episode 793: New best reward 6.70, training model saved.
2026-07-09_06-45-57 Episode 845: New best reward 8.40, training model saved.
2026-07-09_06-48-34 Episode 1192: New best reward 8.60, training model saved.
2026-07-09_06-48-36 Episode 1196: New best reward 12.90, training model saved.
2026-07-09_06-50-35 Episode 1418: New best reward 13.90, training model saved.
2026-07-09_06-51-51 Episode 1542: New best reward 15.80, training model saved.
2026-07-09_06-51-56 Episode 1550: New best reward 20.80, training model saved.
2026-07-09_06-52-09 Episode 1570: New best reward 22.40, training model saved.
2026-07-09_06-52-14 Episode 1575: New best reward 26.90, training model saved.
2026-07-09_06-53-06 Episode 1640: New best reward 33.00, training model saved.
2026-07-09_06-54-36 Episode 1747: New best reward 38.60, training model saved.
2026-07-09_06-55-16 Episode 1781: New best reward 39.00, training model saved.
2026-07-09_06-55-22 Episode 1785: New best reward 41.70, training model saved.
2026-07-09_06-55-45 Episode 1801: New best reward 60.70, training model saved.
2026-07-09_06-56-15 Episode 1818: New best reward 74.40, training model saved.
2026-07-09_06-56-49 Episode 1839: New best reward 87.90, training model saved.
2026-07-09_06-56-57 Episode 1840: New best reward 118.80, training model saved.
2026-07-09_06-57-41 Episode 1856: New best reward 165.30, training model saved.
2026-07-09_06-58-59 Episode 1888: New best reward 177.10, training model saved.
2026-07-09_07-01-51 Episode 1934: New best reward 247.60, training model saved.
2026-07-09_07-06-58 Episode 2000: New best greedy reward 6.70, model saved.
2026-07-09_07-08-24 Episode 2011: New best reward 300.80, training model saved.
2026-07-09_07-10-26 Episode 2025: New best reward 314.70, training model saved.
2026-07-09_07-12-16 Episode 2038: New best reward 335.60, training model saved.
2026-07-09_07-12-59 Episode 2039: New best reward 628.90, training model saved.
2026-07-09_07-18-30 Episode 2074: New best reward 698.90, training model saved.
2026-07-09_07-25-13: Training starting...
Device: cuda
2026-07-09_07-25-14 Episode 0: New best reward -8.10, training model saved.
2026-07-09_07-25-14 Episode 0: New best greedy reward 2.00, model saved.
2026-07-09_07-25-14 Episode 1: New best reward -5.70, training model saved.
2026-07-09_07-25-50 Episode 81: New best reward -2.10, training model saved.
2026-07-09_07-26-25 Episode 162: New best reward -1.50, training model saved.
2026-07-09_07-26-48 Episode 211: New best reward 2.70, training model saved.
2026-07-09_07-27-23 Episode 287: New best reward 4.00, training model saved.
2026-07-09_07-28-43 Episode 468: New best reward 6.30, training model saved.
2026-07-09_07-29-59 Episode 637: New best reward 6.80, training model saved.
2026-07-09_07-30-19 Episode 679: New best reward 8.40, training model saved.
2026-07-09_07-30-25: Training starting...
Device: cuda
2026-07-09_07-30-26 Episode 0: New best reward -8.10, training model saved.
2026-07-09_07-30-26 Episode 0: New best greedy reward 2.00, model saved.
2026-07-09_07-30-27 Episode 1: New best reward -5.70, training model saved.
2026-07-09_07-30-58 Episode 73: New best reward -4.50, training model saved.
2026-07-09_07-31-02 Episode 81: New best reward -1.50, training model saved.
2026-07-09_07-31-03 Episode 85: New best reward 0.30, training model saved.
2026-07-09_07-31-05 Episode 89: New best reward 2.70, training model saved.
2026-07-09_07-31-08 Episode 96: New best reward 3.90, training model saved.
2026-07-09_07-31-21 Episode 123: New best reward 4.10, training model saved.
2026-07-09_07-31-58 Episode 207: New best reward 8.40, training model saved.
2026-07-09_07-32-21 Episode 257: New best reward 10.50, training model saved.
2026-07-09_07-33-17 Episode 378: New best reward 10.60, training model saved.
2026-07-09_07-34-40 Episode 546: New best reward 10.90, training model saved.
2026-07-09_07-36-07 Episode 709: New best reward 13.30, training model saved.
2026-07-09_07-37-43 Episode 882: New best reward 18.60, training model saved.
2026-07-09_07-39-00 Episode 1000: New best greedy reward 4.60, model saved.
2026-07-09_07-39-12 Episode 1017: New best reward 19.00, training model saved.
2026-07-09_07-40-00 Episode 1081: New best reward 37.20, training model saved.
2026-07-09_07-43-00 Episode 1275: New best reward 51.60, training model saved.
2026-07-09_07-44-55 Episode 1357: New best reward 54.90, training model saved.
2026-07-09_07-45-18 Episode 1376: New best reward 62.70, training model saved.
2026-07-09_07-46-11 Episode 1407: New best reward 134.80, training model saved.
2026-07-09_07-59-45 Episode 2000: New best greedy reward 13.00, model saved.
2026-07-09_08-15-30: Training starting...
Device: cuda
2026-07-09_08-15-31 Episode 0: New best reward -8.10, training model saved.
2026-07-09_08-15-31 Episode 0: New best greedy reward 2.00, model saved.
2026-07-09_08-15-31 Episode 1: New best reward -5.70, training model saved.
2026-07-09_08-16-06 Episode 81: New best reward -2.10, training model saved.
2026-07-09_08-17-42 Episode 299: New best reward -0.30, training model saved.
2026-07-09_08-18-08 Episode 358: New best reward 1.50, training model saved.
2026-07-09_08-18-09 Episode 360: New best reward 3.90, training model saved.
2026-07-09_08-19-40 Episode 569: New best reward 4.00, training model saved.
2026-07-09_08-20-14 Episode 647: New best reward 4.20, training model saved.
2026-07-09_08-20-28 Episode 677: New best reward 4.60, training model saved.
2026-07-09_08-20-54: Training starting...
Device: cuda
2026-07-09_08-20-55 Episode 0: New best reward -8.10, training model saved.
2026-07-09_08-20-55 Episode 0: New best greedy reward 2.00, model saved.
2026-07-09_08-20-55 Episode 1: New best reward -5.70, training model saved.
2026-07-09_08-21-32 Episode 81: New best reward -2.70, training model saved.
2026-07-09_08-21-33 Episode 85: New best reward 0.30, training model saved.
2026-07-09_08-21-50 Episode 123: New best reward 3.90, training model saved.
2026-07-09_08-22-30 Episode 211: New best reward 4.50, training model saved.
2026-07-09_08-22-48 Episode 251: New best reward 8.40, training model saved.
2026-07-09_08-24-36 Episode 474: New best reward 8.50, training model saved.
2026-07-09_08-24-38 Episode 475: New best reward 12.90, training model saved.
2026-07-09_08-25-46 Episode 595: New best reward 13.40, training model saved.
2026-07-09_08-28-46 Episode 866: New best reward 13.70, training model saved.
2026-07-09_08-29-09 Episode 898: New best reward 22.40, training model saved.
2026-07-09_08-30-28 Episode 997: New best reward 23.30, training model saved.
2026-07-09_08-30-31 Episode 1000: New best greedy reward 13.80, model saved.
2026-07-09_08-30-45 Episode 1016: New best reward 27.40, training model saved.
2026-07-09_08-31-14 Episode 1052: New best reward 27.60, training model saved.
2026-07-09_08-31-25 Episode 1062: New best reward 34.80, training model saved.
2026-07-09_08-32-03 Episode 1095: New best reward 37.00, training model saved.
2026-07-09_08-32-43 Episode 1127: New best reward 75.10, training model saved.
2026-07-09_08-33-56 Episode 1173: New best reward 102.50, training model saved.
2026-07-09_08-37-57 Episode 1285: New best reward 104.80, training model saved.
2026-07-09_08-42-55 Episode 1430: New best reward 109.30, training model saved.
2026-07-09_08-43-19 Episode 1434: New best reward 120.40, training model saved.
2026-07-09_08-43-37 Episode 1437: New best reward 181.60, training model saved.
2026-07-09_08-44-06 Episode 1440: New best reward 209.90, training model saved.
2026-07-09_08-47-27 Episode 1538: New best reward 220.60, training model saved.
2026-07-09_08-50-01 Episode 1573: New best reward 228.30, training model saved.
2026-07-09_08-51-15 Episode 1587: New best reward 292.90, training model saved.
2026-07-09_08-52-14 Episode 1595: New best reward 400.80, training model saved.
2026-07-09_08-58-26 Episode 1679: New best reward 669.30, training model saved.
2026-07-09_09-06-27: Training starting...
Device: cuda
2026-07-09_09-06-27 Episode 0: New best reward -8.10, training model saved.
2026-07-09_09-06-27 Episode 0: New best greedy reward 2.00, model saved.
2026-07-09_09-06-28 Episode 1: New best reward -5.70, training model saved.
2026-07-09_09-06-57 Episode 66: New best reward -5.10, training model saved.
2026-07-09_09-07-04 Episode 81: New best reward -1.50, training model saved.
2026-07-09_09-07-06 Episode 85: New best reward -0.90, training model saved.
2026-07-09_09-07-07 Episode 89: New best reward 0.90, training model saved.
2026-07-09_09-07-14 Episode 105: New best reward 1.50, training model saved.
2026-07-09_09-07-16 Episode 110: New best reward 3.90, training model saved.
2026-07-09_09-07-23 Episode 123: New best reward 4.30, training model saved.
2026-07-09_09-07-26 Episode 131: New best reward 4.80, training model saved.
2026-07-09_09-07-57 Episode 202: New best reward 6.30, training model saved.
2026-07-09_09-08-03 Episode 213: New best reward 8.40, training model saved.
2026-07-09_09-12-38 Episode 744: New best reward 10.50, training model saved.
2026-07-09_09-12-46 Episode 757: New best reward 14.00, training model saved.
2026-07-09_09-15-06 Episode 1000: New best greedy reward 4.30, model saved.
2026-07-09_09-16-48 Episode 1163: New best reward 15.60, training model saved.
2026-07-09_09-17-01 Episode 1178: New best reward 26.90, training model saved.
2026-07-09_09-18-39 Episode 1289: New best reward 27.70, training model saved.
2026-07-09_09-19-11 Episode 1319: New best reward 31.90, training model saved.
2026-07-09_09-19-21 Episode 1326: New best reward 39.00, training model saved.
2026-07-09_09-20-13 Episode 1364: New best reward 60.90, training model saved.
2026-07-09_09-20-44 Episode 1387: New best reward 62.20, training model saved.
2026-07-09_09-20-54 Episode 1391: New best reward 73.90, training model saved.
2026-07-09_09-21-01 Episode 1392: New best reward 93.00, training model saved.
2026-07-09_09-27-26 Episode 1615: New best reward 162.40, training model saved.
2026-07-09_09-31-52 Episode 1706: New best reward 176.40, training model saved.
2026-07-09_09-34-03 Episode 1735: New best reward 192.70, training model saved.
2026-07-09_09-34-43 Episode 1740: New best reward 233.30, training model saved.
2026-07-09_09-35-23 Episode 1744: New best reward 305.10, training model saved.
2026-07-09_09-43-28 Episode 1939: New best reward 328.10, training model saved.
2026-07-09_09-47-35 Episode 2000: New best greedy reward 88.80, model saved.
2026-07-09_09-50-47 Episode 2046: New best reward 381.90, training model saved.
2026-07-09_09-51-29: Training starting...
Device: cuda
2026-07-09_09-51-30 Episode 0: New best reward -8.10, training model saved.
2026-07-09_09-51-30 Episode 0: New best greedy reward 2.00, model saved.
2026-07-09_09-51-30 Episode 1: New best reward -5.70, training model saved.
2026-07-09_09-52-07 Episode 81: New best reward -2.10, training model saved.
2026-07-09_09-53-44 Episode 299: New best reward -0.30, training model saved.
2026-07-09_09-54-12 Episode 358: New best reward 1.50, training model saved.
2026-07-09_09-54-32 Episode 405: New best reward 3.90, training model saved.
2026-07-09_09-56-10 Episode 617: New best reward 4.60, training model saved.
2026-07-09_09-57-07: Training starting...
Device: cuda
2026-07-09_09-57-07 Episode 0: New best reward -8.10, training model saved.
2026-07-09_09-57-07 Episode 0: New best greedy reward 2.00, model saved.
2026-07-09_09-57-08 Episode 1: New best reward -5.70, training model saved.
2026-07-09_09-57-36 Episode 63: New best reward -4.50, training model saved.
2026-07-09_09-57-40 Episode 73: New best reward -3.90, training model saved.
2026-07-09_09-57-44 Episode 81: New best reward -0.30, training model saved.
2026-07-09_09-57-46 Episode 85: New best reward 0.30, training model saved.
2026-07-09_09-57-48 Episode 89: New best reward 2.10, training model saved.
2026-07-09_09-57-51 Episode 96: New best reward 3.90, training model saved.
2026-07-09_09-58-20 Episode 162: New best reward 4.00, training model saved.
2026-07-09_09-58-42 Episode 211: New best reward 6.10, training model saved.
2026-07-09_09-58-43 Episode 213: New best reward 6.30, training model saved.
2026-07-09_09-59-14 Episode 281: New best reward 8.40, training model saved.
2026-07-09_10-03-03 Episode 677: New best reward 8.60, training model saved.
2026-07-09_10-03-13 Episode 692: New best reward 9.30, training model saved.
2026-07-09_10-04-19 Episode 786: New best reward 10.50, training model saved.
2026-07-09_10-04-24 Episode 793: New best reward 12.90, training model saved.
2026-07-09_10-04-30 Episode 801: New best reward 13.60, training model saved.
2026-07-09_10-05-29 Episode 881: New best reward 20.10, training model saved.
2026-07-09_10-05-33 Episode 886: New best reward 22.40, training model saved.
2026-07-09_10-06-44 Episode 974: New best reward 26.90, training model saved.
2026-07-09_10-06-50 Episode 979: New best reward 29.60, training model saved.
2026-07-09_10-07-03 Episode 991: New best reward 32.40, training model saved.
2026-07-09_10-07-13 Episode 1000: New best greedy reward 4.80, model saved.
2026-07-09_10-07-37 Episode 1019: New best reward 50.40, training model saved.
2026-07-09_10-09-40 Episode 1129: New best reward 62.70, training model saved.
2026-07-09_10-11-35 Episode 1206: New best reward 116.30, training model saved.
2026-07-09_10-15-04 Episode 1361: New best reward 134.40, training model saved.
2026-07-09_10-20-02 Episode 1537: New best reward 135.60, training model saved.
2026-07-09_10-27-26 Episode 1729: New best reward 225.70, training model saved.
2026-07-09_10-33-28 Episode 1908: New best reward 349.10, training model saved.
2026-07-09_10-38-46 Episode 2000: New best greedy reward 55.00, model saved.
2026-07-09_10-42-32: Training starting...
Device: cuda
2026-07-09_10-42-33 Episode 0: New best reward -8.10, training model saved.
2026-07-09_10-42-33 Episode 0: New best greedy reward 2.00, model saved.
2026-07-09_10-42-33 Episode 1: New best reward -5.70, training model saved.
2026-07-09_10-43-10 Episode 81: New best reward -2.10, training model saved.
2026-07-09_10-43-12 Episode 85: New best reward 0.30, training model saved.
2026-07-09_10-44-02 Episode 195: New best reward 2.10, training model saved.
2026-07-09_10-44-10 Episode 211: New best reward 3.30, training model saved.
2026-07-09_10-44-20 Episode 235: New best reward 3.90, training model saved.
2026-07-09_10-44-46 Episode 287: New best reward 6.00, training model saved.
2026-07-09_10-45-29 Episode 381: New best reward 8.40, training model saved.
2026-07-09_10-48-06 Episode 700: New best reward 9.00, training model saved.
2026-07-09_10-48-17 Episode 722: New best reward 9.50, training model saved.
2026-07-09_10-48-57 Episode 793: New best reward 11.10, training model saved.
2026-07-09_10-49-38 Episode 863: New best reward 11.30, training model saved.
2026-07-09_10-50-07 Episode 910: New best reward 12.90, training model saved.
2026-07-09_10-51-04 Episode 1000: New best greedy reward 6.20, model saved.
2026-07-09_10-52-11 Episode 1106: New best reward 15.40, training model saved.
2026-07-09_10-52-58 Episode 1173: New best reward 15.70, training model saved.
2026-07-09_10-54-39 Episode 1313: New best reward 15.80, training model saved.
2026-07-09_10-55-23 Episode 1370: New best reward 17.90, training model saved.
2026-07-09_10-58-02: Training starting...
Device: cuda
2026-07-09_10-58-02 Episode 0: New best reward -8.10, training model saved.
2026-07-09_10-58-02 Episode 0: New best greedy reward 2.00, model saved.
2026-07-09_10-58-03 Episode 1: New best reward -5.70, training model saved.
2026-07-09_10-58-38 Episode 81: New best reward -2.70, training model saved.
2026-07-09_10-58-40 Episode 85: New best reward 0.30, training model saved.
2026-07-09_10-58-42 Episode 89: New best reward 2.10, training model saved.
2026-07-09_10-58-57 Episode 123: New best reward 3.90, training model saved.
2026-07-09_10-59-24 Episode 185: New best reward 6.70, training model saved.
2026-07-09_10-59-25 Episode 186: New best reward 8.40, training model saved.
2026-07-09_11-00-27 Episode 321: New best reward 10.90, training model saved.
2026-07-09_11-00-40 Episode 349: New best reward 11.30, training model saved.
2026-07-09_11-02-53 Episode 605: New best reward 15.20, training model saved.
2026-07-09_11-03-28 Episode 665: New best reward 24.60, training model saved.
2026-07-09_11-06-07 Episode 899: New best reward 24.80, training model saved.
2026-07-09_11-06-12 Episode 901: New best reward 37.30, training model saved.
2026-07-09_11-07-39 Episode 1000: New best greedy reward 6.20, model saved.
2026-07-09_11-08-28 Episode 1052: New best reward 46.60, training model saved.
2026-07-09_11-09-07 Episode 1089: New best reward 48.30, training model saved.
2026-07-09_11-09-43 Episode 1114: New best reward 53.20, training model saved.
2026-07-09_11-09-56 Episode 1121: New best reward 55.70, training model saved.
2026-07-09_11-10-14 Episode 1130: New best reward 60.50, training model saved.
2026-07-09_11-10-22 Episode 1132: New best reward 61.00, training model saved.
2026-07-09_11-10-34 Episode 1135: New best reward 139.70, training model saved.
2026-07-09_11-13-52 Episode 1211: New best reward 141.40, training model saved.
2026-07-09_11-14-39 Episode 1228: New best reward 160.30, training model saved.
2026-07-09_11-18-53 Episode 1302: New best reward 172.20, training model saved.
2026-07-09_11-23-00 Episode 1367: New best reward 206.90, training model saved.
2026-07-09_11-24-00 Episode 1379: New best reward 430.70, training model saved.
2026-07-09_11-29-28 Episode 1460: New best reward 488.90, training model saved.
2026-07-09_11-42-32: Training starting...
Device: cuda
2026-07-09_11-42-33 Episode 0: New best reward -8.10, training model saved.
2026-07-09_11-42-33 Episode 0: New best greedy reward 2.00, model saved.
2026-07-09_11-42-33 Episode 1: New best reward -5.70, training model saved.
2026-07-09_11-43-10 Episode 81: New best reward -2.10, training model saved.
2026-07-09_11-43-57 Episode 187: New best reward 0.30, training model saved.
2026-07-09_11-44-07 Episode 211: New best reward 2.70, training model saved.
2026-07-09_11-44-28 Episode 254: New best reward 3.90, training model saved.
2026-07-09_11-45-12 Episode 355: New best reward 4.80, training model saved.
2026-07-09_11-45-15 Episode 360: New best reward 8.80, training model saved.
2026-07-09_11-49-37 Episode 920: New best reward 13.00, training model saved.
2026-07-09_11-50-17 Episode 1000: New best greedy reward 3.90, model saved.
2026-07-09_11-51-42 Episode 1159: New best reward 13.90, training model saved.
2026-07-09_11-51-47 Episode 1166: New best reward 20.70, training model saved.
2026-07-09_11-53-12 Episode 1299: New best reward 22.40, training model saved.
2026-07-09_11-54-06 Episode 1378: New best reward 27.90, training model saved.
2026-07-09_11-55-38 Episode 1494: New best reward 29.80, training model saved.
2026-07-09_11-58-15: Training starting...
Device: cuda
2026-07-09_11-58-15 Episode 0: New best reward -8.10, training model saved.
2026-07-09_11-58-16 Episode 0: New best greedy reward 2.00, model saved.
2026-07-09_11-58-16 Episode 1: New best reward -5.70, training model saved.
2026-07-09_11-58-51 Episode 81: New best reward -2.10, training model saved.
2026-07-09_12-00-21 Episode 287: New best reward 2.10, training model saved.
2026-07-09_12-00-44 Episode 338: New best reward 3.90, training model saved.
2026-07-09_12-01-03 Episode 382: New best reward 4.40, training model saved.
2026-07-09_12-01-43 Episode 472: New best reward 4.60, training model saved.
2026-07-09_12-01-45 Episode 477: New best reward 6.00, training model saved.
2026-07-09_12-02-10 Episode 531: New best reward 6.80, training model saved.
2026-07-09_12-02-13 Episode 537: New best reward 8.40, training model saved.
2026-07-09_12-03-40: Training starting...
Device: cuda
2026-07-09_12-03-41 Episode 0: New best reward -8.10, training model saved.
2026-07-09_12-03-41 Episode 0: New best greedy reward 2.00, model saved.
2026-07-09_12-03-41 Episode 1: New best reward -5.70, training model saved.
2026-07-09_12-04-13 Episode 73: New best reward -4.50, training model saved.
2026-07-09_12-04-17 Episode 81: New best reward -1.50, training model saved.
2026-07-09_12-04-19 Episode 85: New best reward 0.30, training model saved.
2026-07-09_12-04-20 Episode 89: New best reward 0.90, training model saved.
2026-07-09_12-04-23 Episode 96: New best reward 3.90, training model saved.
2026-07-09_12-05-15 Episode 211: New best reward 6.80, training model saved.
2026-07-09_12-05-49 Episode 287: New best reward 7.80, training model saved.
2026-07-09_12-07-26 Episode 501: New best reward 8.40, training model saved.
2026-07-09_12-08-27 Episode 622: New best reward 10.80, training model saved.
2026-07-09_12-08-52 Episode 670: New best reward 10.90, training model saved.
2026-07-09_12-10-28 Episode 840: New best reward 11.30, training model saved.
2026-07-09_12-10-33 Episode 849: New best reward 12.90, training model saved.
2026-07-09_12-10-48 Episode 870: New best reward 20.50, training model saved.
2026-07-09_12-11-59 Episode 976: New best reward 20.60, training model saved.
2026-07-09_12-12-17 Episode 1000: New best greedy reward 4.50, model saved.
2026-07-09_12-12-20 Episode 1003: New best reward 32.10, training model saved.
2026-07-09_12-13-21 Episode 1065: New best reward 67.20, training model saved.
2026-07-09_12-14-52 Episode 1136: New best reward 75.10, training model saved.
2026-07-09_12-15-32 Episode 1155: New best reward 83.20, training model saved.
2026-07-09_12-15-38 Episode 1156: New best reward 87.90, training model saved.
2026-07-09_12-16-33 Episode 1177: New best reward 93.10, training model saved.
2026-07-09_12-16-51 Episode 1184: New best reward 121.00, training model saved.
2026-07-09_12-23-32 Episode 1384: New best reward 158.50, training model saved.
2026-07-09_12-24-00 Episode 1386: New best reward 258.40, training model saved.
2026-07-09_12-29-11 Episode 1456: New best reward 414.40, training model saved.
2026-07-09_12-46-27 Episode 2000: New best greedy reward 10.90, model saved.
2026-07-09_12-48-42: Training starting...
Device: cuda
2026-07-09_12-48-43 Episode 0: New best reward -8.10, training model saved.
2026-07-09_12-48-43 Episode 0: New best greedy reward 2.00, model saved.
2026-07-09_12-48-43 Episode 1: New best reward -5.70, training model saved.
2026-07-09_12-49-18 Episode 81: New best reward -2.10, training model saved.
2026-07-09_12-50-14 Episode 211: New best reward 2.70, training model saved.
2026-07-09_12-50-47 Episode 287: New best reward 3.90, training model saved.
2026-07-09_12-51-17 Episode 355: New best reward 4.70, training model saved.
2026-07-09_12-51-20 Episode 360: New best reward 4.80, training model saved.
2026-07-09_12-51-43 Episode 412: New best reward 6.50, training model saved.
2026-07-09_12-51-58 Episode 447: New best reward 8.40, training model saved.
2026-07-09_12-55-42 Episode 946: New best reward 8.90, training model saved.
2026-07-09_12-55-53 Episode 967: New best reward 9.00, training model saved.
2026-07-09_12-55-57 Episode 972: New best reward 18.70, training model saved.
2026-07-09_12-56-09 Episode 1000: New best greedy reward 2.80, model saved.
2026-07-09_13-03-50 Episode 1831: New best reward 20.60, training model saved.
2026-07-09_13-04-00 Episode 1845: New best reward 23.60, training model saved.
2026-07-09_13-04-47 Episode 1913: New best reward 25.10, training model saved.
2026-07-09_13-05-30 Episode 1967: New best reward 25.20, training model saved.
2026-07-09_13-05-45 Episode 1987: New best reward 38.90, training model saved.
2026-07-09_13-05-56 Episode 2000: New best greedy reward 8.80, model saved.
2026-07-09_13-07-24 Episode 2101: New best reward 48.70, training model saved.
2026-07-09_13-09-48 Episode 2250: New best reward 48.80, training model saved.
2026-07-09_13-11-05 Episode 2313: New best reward 53.30, training model saved.
2026-07-09_13-11-43 Episode 2338: New best reward 57.70, training model saved.
2026-07-09_13-12-06 Episode 2351: New best reward 118.80, training model saved.
2026-07-09_13-18-03 Episode 2531: New best reward 144.40, training model saved.
2026-07-09_13-19-45 Episode 2568: New best reward 177.20, training model saved.
2026-07-09_13-23-16 Episode 2639: New best reward 205.10, training model saved.
2026-07-09_13-24-29 Episode 2660: New best reward 246.40, training model saved.
2026-07-09_13-27-56 Episode 2697: New best reward 342.80, training model saved.
2026-07-09_13-29-23 Episode 2715: New best reward 532.10, training model saved.
2026-07-09_13-33-05: Training starting...
Device: cuda
2026-07-09_13-33-05 Episode 0: New best reward -8.10, training model saved.
2026-07-09_13-33-05 Episode 0: New best greedy reward 2.00, model saved.
2026-07-09_13-33-06 Episode 1: New best reward -5.70, training model saved.
2026-07-09_13-33-42 Episode 81: New best reward -2.10, training model saved.
2026-07-09_13-34-15 Episode 155: New best reward -0.90, training model saved.
2026-07-09_13-34-18 Episode 162: New best reward 0.90, training model saved.
2026-07-09_13-34-41 Episode 211: New best reward 3.30, training model saved.
2026-07-09_13-34-51 Episode 235: New best reward 3.90, training model saved.
2026-07-09_13-35-15 Episode 287: New best reward 4.90, training model saved.
2026-07-09_13-35-35 Episode 329: New best reward 6.10, training model saved.
2026-07-09_13-36-04 Episode 395: New best reward 6.20, training model saved.
2026-07-09_13-37-03 Episode 527: New best reward 6.70, training model saved.
2026-07-09_13-37-30 Episode 582: New best reward 8.40, training model saved.
2026-07-09_13-38-20: Training starting...
Device: cuda
2026-07-09_13-38-21 Episode 0: New best reward -8.10, training model saved.
2026-07-09_13-38-21 Episode 0: New best greedy reward 2.00, model saved.
2026-07-09_13-38-22 Episode 1: New best reward -5.70, training model saved.
2026-07-09_13-38-57 Episode 81: New best reward -2.10, training model saved.
2026-07-09_13-39-54 Episode 211: New best reward 2.70, training model saved.
2026-07-09_13-40-12 Episode 250: New best reward 3.90, training model saved.
2026-07-09_13-41-00 Episode 360: New best reward 6.60, training model saved.
2026-07-09_13-41-26 Episode 418: New best reward 8.40, training model saved.
2026-07-09_13-42-43 Episode 586: New best reward 11.20, training model saved.
2026-07-09_13-43-46: Training starting...
Device: cuda
2026-07-09_13-43-47 Episode 0: New best reward -8.10, training model saved.
2026-07-09_13-43-47 Episode 0: New best greedy reward 2.00, model saved.
2026-07-09_13-43-48 Episode 1: New best reward -5.70, training model saved.
2026-07-09_13-44-23 Episode 81: New best reward -2.10, training model saved.
2026-07-09_13-44-25 Episode 85: New best reward 0.30, training model saved.
2026-07-09_13-44-58 Episode 162: New best reward 1.50, training model saved.
2026-07-09_13-45-15 Episode 200: New best reward 3.90, training model saved.
2026-07-09_13-45-38 Episode 250: New best reward 6.20, training model saved.
2026-07-09_13-45-55 Episode 287: New best reward 6.80, training model saved.
2026-07-09_13-46-19 Episode 342: New best reward 8.40, training model saved.
2026-07-09_13-49-43 Episode 772: New best reward 8.80, training model saved.
2026-07-09_13-51-07 Episode 914: New best reward 11.00, training model saved.
2026-07-09_13-51-23 Episode 941: New best reward 11.20, training model saved.
2026-07-09_13-52-01 Episode 1000: New best reward 13.50, training model saved.
2026-07-09_13-53-41 Episode 1149: New best reward 13.70, training model saved.
2026-07-09_13-54-05 Episode 1182: New best reward 15.80, training model saved.
2026-07-09_13-54-26 Episode 1207: New best reward 22.70, training model saved.
2026-07-09_13-56-04 Episode 1324: New best reward 25.10, training model saved.
2026-07-09_13-56-22 Episode 1344: New best reward 26.90, training model saved.
2026-07-09_13-56-42 Episode 1365: New best reward 27.00, training model saved.
2026-07-09_13-57-20 Episode 1400: New best reward 29.60, training model saved.
2026-07-09_13-57-55 Episode 1431: New best reward 39.10, training model saved.
2026-07-09_13-58-09 Episode 1440: New best reward 71.70, training model saved.
2026-07-09_14-05-06 Episode 1774: New best reward 82.90, training model saved.
2026-07-09_14-06-20 Episode 1816: New best reward 97.90, training model saved.
2026-07-09_14-07-45 Episode 1865: New best reward 135.30, training model saved.
2026-07-09_14-11-31 Episode 2000: New best greedy reward 3.90, model saved.
2026-07-09_14-13-37 Episode 2046: New best reward 148.50, training model saved.
2026-07-09_14-14-00 Episode 2050: New best reward 153.60, training model saved.
2026-07-09_14-14-14 Episode 2051: New best reward 179.30, training model saved.
2026-07-09_14-16-58 Episode 2154: New best reward 211.30, training model saved.
2026-07-09_14-19-14 Episode 2190: New best reward 237.70, training model saved.
2026-07-09_14-19-36 Episode 2191: New best reward 294.10, training model saved.
2026-07-09_14-28-04: Training starting...
Device: cuda
2026-07-09_14-28-04 Episode 0: New best reward -8.10, training model saved.
2026-07-09_14-28-04 Episode 0: New best greedy reward 2.00, model saved.
2026-07-09_14-28-05 Episode 1: New best reward -5.70, training model saved.
2026-07-09_14-28-40 Episode 81: New best reward -2.70, training model saved.
2026-07-09_14-28-42 Episode 85: New best reward 0.30, training model saved.
2026-07-09_14-29-16 Episode 162: New best reward 2.10, training model saved.
2026-07-09_14-29-33 Episode 200: New best reward 3.90, training model saved.
2026-07-09_14-29-55 Episode 250: New best reward 7.80, training model saved.
2026-07-09_14-30-21 Episode 305: New best reward 8.40, training model saved.
2026-07-09_14-31-00 Episode 388: New best reward 10.90, training model saved.
2026-07-09_14-32-59 Episode 611: New best reward 12.90, training model saved.
2026-07-09_14-33-41 Episode 677: New best reward 13.20, training model saved.
2026-07-09_14-33-52 Episode 692: New best reward 15.10, training model saved.
2026-07-09_14-33-54 Episode 695: New best reward 15.30, training model saved.
2026-07-09_14-34-03 Episode 708: New best reward 15.70, training model saved.
2026-07-09_14-34-36 Episode 754: New best reward 20.40, training model saved.
2026-07-09_14-35-30 Episode 830: New best reward 24.80, training model saved.
2026-07-09_14-35-42 Episode 844: New best reward 27.40, training model saved.
2026-07-09_14-36-23 Episode 891: New best reward 29.50, training model saved.
2026-07-09_14-36-30 Episode 896: New best reward 37.10, training model saved.
2026-07-09_14-36-38 Episode 902: New best reward 48.50, training model saved.
2026-07-09_14-38-50 Episode 996: New best reward 48.70, training model saved.
2026-07-09_14-38-59 Episode 1000: New best greedy reward 17.90, model saved.
2026-07-09_14-39-04 Episode 1003: New best reward 53.30, training model saved.
2026-07-09_14-39-09 Episode 1004: New best reward 55.40, training model saved.
2026-07-09_14-39-51 Episode 1025: New best reward 71.20, training model saved.
2026-07-09_14-41-57 Episode 1091: New best reward 81.00, training model saved.
2026-07-09_14-42-39 Episode 1110: New best reward 97.10, training model saved.
2026-07-09_14-42-59 Episode 1118: New best reward 99.30, training model saved.
2026-07-09_14-44-05 Episode 1150: New best reward 129.90, training model saved.
2026-07-09_14-44-37 Episode 1158: New best reward 155.60, training model saved.
2026-07-09_14-45-02 Episode 1162: New best reward 289.40, training model saved.
2026-07-09_14-52-50 Episode 1294: New best reward 319.20, training model saved.
2026-07-09_15-01-55 Episode 1436: New best reward 347.30, training model saved.
2026-07-09_15-04-55 Episode 1464: New best reward 513.10, training model saved.
2026-07-09_15-14-01: Training starting...
Device: cuda
2026-07-09_15-14-02 Episode 0: New best reward -8.10, training model saved.
2026-07-09_15-14-02 Episode 0: New best greedy reward 2.00, model saved.
2026-07-09_15-14-02 Episode 1: New best reward -5.70, training model saved.
2026-07-09_15-14-21 Episode 43: New best reward -3.30, training model saved.
2026-07-09_15-14-29 Episode 63: New best reward -2.10, training model saved.
2026-07-09_15-14-33 Episode 73: New best reward 0.30, training model saved.
2026-07-09_15-14-38 Episode 84: New best reward 1.50, training model saved.
2026-07-09_15-14-39 Episode 85: New best reward 3.90, training model saved.
2026-07-09_15-14-55 Episode 123: New best reward 4.60, training model saved.
2026-07-09_15-15-13 Episode 164: New best reward 6.10, training model saved.
2026-07-09_15-15-14 Episode 165: New best reward 8.40, training model saved.
2026-07-09_15-15-27 Episode 195: New best reward 9.50, training model saved.
2026-07-09_15-16-16 Episode 306: New best reward 10.70, training model saved.
2026-07-09_15-16-18 Episode 309: New best reward 11.00, training model saved.
2026-07-09_15-16-54 Episode 385: New best reward 11.10, training model saved.
2026-07-09_15-17-58 Episode 512: New best reward 13.50, training model saved.
2026-07-09_15-19-05: Training starting...
Device: cuda
2026-07-09_15-19-06 Episode 0: New best reward -8.10, training model saved.
2026-07-09_15-19-06 Episode 0: New best greedy reward 2.00, model saved.
2026-07-09_15-19-07 Episode 1: New best reward -5.70, training model saved.
2026-07-09_15-19-42 Episode 81: New best reward -2.10, training model saved.
2026-07-09_15-20-28 Episode 187: New best reward -0.30, training model saved.
2026-07-09_15-20-38 Episode 211: New best reward 2.70, training model saved.
2026-07-09_15-20-51 Episode 243: New best reward 3.90, training model saved.
2026-07-09_15-22-02 Episode 405: New best reward 4.30, training model saved.
2026-07-09_15-22-03 Episode 406: New best reward 4.40, training model saved.
2026-07-09_15-22-11 Episode 422: New best reward 4.70, training model saved.
2026-07-09_15-22-13 Episode 427: New best reward 4.90, training model saved.
2026-07-09_15-24-21 Episode 719: New best reward 6.50, training model saved.
2026-07-09_15-25-26 Episode 863: New best reward 8.40, training model saved.
2026-07-09_15-26-58 Episode 1041: New best reward 9.10, training model saved.
2026-07-09_15-27-13 Episode 1070: New best reward 12.90, training model saved.
2026-07-09_15-29-53 Episode 1315: New best reward 18.30, training model saved.
2026-07-09_15-30-05 Episode 1327: New best reward 29.80, training model saved.
2026-07-09_15-31-42 Episode 1452: New best reward 32.30, training model saved.
2026-07-09_15-32-07 Episode 1480: New best reward 36.40, training model saved.
2026-07-09_15-33-12 Episode 1544: New best reward 37.30, training model saved.
2026-07-09_15-34-00 Episode 1577: New best reward 48.70, training model saved.
2026-07-09_15-34-06 Episode 1579: New best reward 62.50, training model saved.
2026-07-09_15-35-15 Episode 1625: New best reward 64.40, training model saved.
2026-07-09_15-37-42 Episode 1712: New best reward 74.40, training model saved.
2026-07-09_15-38-13 Episode 1723: New best reward 93.50, training model saved.
2026-07-09_15-39-33 Episode 1756: New best reward 111.70, training model saved.
2026-07-09_15-40-17 Episode 1773: New best reward 164.70, training model saved.
2026-07-09_15-44-30 Episode 1841: New best reward 223.80, training model saved.
2026-07-09_15-46-44 Episode 1890: New best reward 228.10, training model saved.
2026-07-09_15-49-38 Episode 1924: New best reward 314.70, training model saved.
2026-07-09_15-53-22 Episode 1977: New best reward 331.50, training model saved.
2026-07-09_15-55-00 Episode 2000: New best greedy reward 235.30, model saved.
2026-07-09_16-04-08 Episode 2137: New best reward 365.70, training model saved.
2026-07-09_16-04-22: Training starting...
Device: cuda
2026-07-09_16-04-23 Episode 0: New best reward -8.10, training model saved.
2026-07-09_16-04-23 Episode 0: New best greedy reward 2.00, model saved.
2026-07-09_16-04-23 Episode 1: New best reward -5.70, training model saved.
2026-07-09_16-04-59 Episode 81: New best reward -2.10, training model saved.
2026-07-09_16-05-01 Episode 85: New best reward 0.30, training model saved.
2026-07-09_16-05-34 Episode 162: New best reward 1.50, training model saved.
2026-07-09_16-05-56 Episode 211: New best reward 3.30, training model saved.
2026-07-09_16-06-07 Episode 235: New best reward 3.90, training model saved.
2026-07-09_16-06-27 Episode 281: New best reward 4.20, training model saved.
2026-07-09_16-06-30 Episode 287: New best reward 4.80, training model saved.
2026-07-09_16-06-49 Episode 329: New best reward 4.90, training model saved.
2026-07-09_16-07-22 Episode 404: New best reward 8.40, training model saved.
2026-07-09_16-08-45 Episode 585: New best reward 10.70, training model saved.
2026-07-09_16-10-30 Episode 800: New best reward 11.30, training model saved.
2026-07-09_16-10-46 Episode 829: New best reward 12.90, training model saved.
2026-07-09_16-12-17 Episode 1000: New best greedy reward 3.90, model saved.
2026-07-09_16-12-33 Episode 1030: New best reward 13.30, training model saved.
2026-07-09_16-15-23 Episode 1312: New best reward 15.80, training model saved.
2026-07-09_16-19-01 Episode 1634: New best reward 17.90, training model saved.
2026-07-09_16-19-17: Training starting...
Device: cuda
2026-07-09_16-19-18 Episode 0: New best reward -8.10, training model saved.
2026-07-09_16-19-18 Episode 0: New best greedy reward 2.00, model saved.
2026-07-09_16-19-18 Episode 1: New best reward -5.70, training model saved.
2026-07-09_16-19-54 Episode 81: New best reward -2.70, training model saved.
2026-07-09_16-19-56 Episode 85: New best reward 0.30, training model saved.
2026-07-09_16-19-58 Episode 89: New best reward 2.70, training model saved.
2026-07-09_16-20-07 Episode 110: New best reward 3.90, training model saved.
2026-07-09_16-20-09 Episode 116: New best reward 4.20, training model saved.
2026-07-09_16-20-13 Episode 123: New best reward 4.70, training model saved.
2026-07-09_16-20-38 Episode 179: New best reward 6.20, training model saved.
2026-07-09_16-20-41 Episode 183: New best reward 9.20, training model saved.
2026-07-09_16-21-56 Episode 350: New best reward 10.80, training model saved.
2026-07-09_16-23-02 Episode 480: New best reward 13.10, training model saved.
2026-07-09_16-24-49 Episode 677: New best reward 15.70, training model saved.
2026-07-09_16-28-06 Episode 976: New best reward 18.60, training model saved.
2026-07-09_16-28-26 Episode 1000: New best greedy reward 23.10, model saved.
2026-07-09_16-28-46 Episode 1025: New best reward 32.30, training model saved.
2026-07-09_16-30-20 Episode 1128: New best reward 43.10, training model saved.
2026-07-09_16-30-56 Episode 1159: New best reward 60.80, training model saved.
2026-07-09_16-33-38 Episode 1290: New best reward 61.00, training model saved.
2026-07-09_16-34-00 Episode 1302: New best reward 67.30, training model saved.
2026-07-09_16-34-44 Episode 1325: New best reward 74.00, training model saved.
2026-07-09_16-36-40 Episode 1403: New best reward 83.70, training model saved.
2026-07-09_16-37-40 Episode 1442: New best reward 139.80, training model saved.
2026-07-09_16-38-42 Episode 1472: New best reward 155.40, training model saved.
2026-07-09_16-40-09 Episode 1517: New best reward 173.00, training model saved.
2026-07-09_16-47-36 Episode 1665: New best reward 174.50, training model saved.
2026-07-09_16-49-00 Episode 1688: New best reward 462.00, training model saved.
[worker] done. total trials in study: 400
2026-07-09_06-39-43: Training starting...
Device: cuda
2026-07-09_06-39-50 Episode 0: New best reward -8.10, training model saved.
2026-07-09_06-39-50 Episode 0: New best greedy reward 2.00, model saved.
2026-07-09_06-39-50 Episode 1: New best reward -5.70, training model saved.
2026-07-09_06-40-26 Episode 81: New best reward -2.10, training model saved.
2026-07-09_06-40-28 Episode 85: New best reward 0.30, training model saved.
2026-07-09_06-41-17 Episode 195: New best reward 0.90, training model saved.
2026-07-09_06-41-19 Episode 200: New best reward 3.90, training model saved.
2026-07-09_06-41-42 Episode 250: New best reward 4.40, training model saved.
2026-07-09_06-42-20 Episode 336: New best reward 4.70, training model saved.
2026-07-09_06-42-21 Episode 337: New best reward 9.00, training model saved.
2026-07-09_06-45-17: Training starting...
Device: cuda
2026-07-09_06-45-18 Episode 0: New best reward -8.10, training model saved.
2026-07-09_06-45-18 Episode 0: New best greedy reward 2.00, model saved.
2026-07-09_06-45-18 Episode 1: New best reward -5.70, training model saved.
2026-07-09_06-45-54 Episode 81: New best reward -2.10, training model saved.
2026-07-09_06-45-56 Episode 85: New best reward 0.30, training model saved.
2026-07-09_06-46-40 Episode 187: New best reward 0.90, training model saved.
2026-07-09_06-46-50 Episode 211: New best reward 3.30, training model saved.
2026-07-09_06-47-01 Episode 235: New best reward 3.90, training model saved.
2026-07-09_06-47-24 Episode 287: New best reward 4.60, training model saved.
2026-07-09_06-48-24 Episode 420: New best reward 4.70, training model saved.
2026-07-09_06-48-24 Episode 421: New best reward 6.00, training model saved.
2026-07-09_06-48-25 Episode 422: New best reward 6.70, training model saved.
2026-07-09_06-49-12 Episode 529: New best reward 8.40, training model saved.
2026-07-09_06-50-05 Episode 642: New best reward 8.50, training model saved.
2026-07-09_06-50-24 Episode 682: New best reward 8.70, training model saved.
2026-07-09_06-50-45: Training starting...
Device: cuda
2026-07-09_06-50-45 Episode 0: New best reward -8.10, training model saved.
2026-07-09_06-50-45 Episode 0: New best greedy reward 2.00, model saved.
2026-07-09_06-50-46 Episode 1: New best reward -5.70, training model saved.
2026-07-09_06-51-26 Episode 81: New best reward -2.10, training model saved.
2026-07-09_06-51-27 Episode 85: New best reward 0.30, training model saved.
2026-07-09_06-52-17 Episode 187: New best reward 1.50, training model saved.
2026-07-09_06-52-30 Episode 211: New best reward 2.70, training model saved.
2026-07-09_06-52-31 Episode 214: New best reward 3.90, training model saved.
2026-07-09_06-53-17 Episode 310: New best reward 8.40, training model saved.
2026-07-09_06-57-25 Episode 783: New best reward 8.90, training model saved.
2026-07-09_06-59-00 Episode 930: New best reward 9.00, training model saved.
2026-07-09_06-59-47 Episode 1000: New best greedy reward 6.50, model saved.
2026-07-09_07-00-36 Episode 1064: New best reward 9.10, training model saved.
2026-07-09_07-01-22 Episode 1131: New best reward 11.10, training model saved.
2026-07-09_07-05-20 Episode 1443: New best reward 12.90, training model saved.
2026-07-09_07-06-11 Episode 1509: New best reward 17.90, training model saved.
2026-07-09_07-07-21: Training starting...
Device: cuda
2026-07-09_07-07-21 Episode 0: New best reward -8.10, training model saved.
2026-07-09_07-07-21 Episode 0: New best greedy reward 2.00, model saved.
2026-07-09_07-07-22 Episode 1: New best reward -5.70, training model saved.
2026-07-09_07-07-59 Episode 81: New best reward -2.10, training model saved.
2026-07-09_07-09-36 Episode 299: New best reward -0.30, training model saved.
2026-07-09_07-10-04 Episode 358: New best reward 1.50, training model saved.
2026-07-09_07-10-05 Episode 360: New best reward 3.90, training model saved.
2026-07-09_07-11-07 Episode 494: New best reward 6.00, training model saved.
2026-07-09_07-12-30 Episode 675: New best reward 6.40, training model saved.
2026-07-09_07-12-37 Episode 689: New best reward 8.40, training model saved.
2026-07-09_07-12-45 Episode 705: New best reward 12.90, training model saved.
2026-07-09_07-12-59: Training starting...
Device: cuda
2026-07-09_07-12-59 Episode 0: New best reward -8.10, training model saved.
2026-07-09_07-12-59 Episode 0: New best greedy reward 2.00, model saved.
2026-07-09_07-13-00 Episode 1: New best reward -5.70, training model saved.
2026-07-09_07-13-37 Episode 81: New best reward -2.10, training model saved.
2026-07-09_07-14-35 Episode 211: New best reward 2.70, training model saved.
2026-07-09_07-15-45 Episode 360: New best reward 3.90, training model saved.
2026-07-09_07-17-21 Episode 569: New best reward 4.40, training model saved.
2026-07-09_07-17-51 Episode 631: New best reward 4.50, training model saved.
2026-07-09_07-18-13 Episode 675: New best reward 4.80, training model saved.
2026-07-09_07-18-36 Episode 728: New best reward 8.40, training model saved.
2026-07-09_07-18-42: Training starting...
Device: cuda
2026-07-09_07-18-42 Episode 0: New best reward -8.10, training model saved.
2026-07-09_07-18-43 Episode 0: New best greedy reward 2.00, model saved.
2026-07-09_07-18-43 Episode 1: New best reward -5.70, training model saved.
2026-07-09_07-19-20 Episode 81: New best reward -2.10, training model saved.
2026-07-09_07-19-22 Episode 85: New best reward 0.30, training model saved.
2026-07-09_07-20-09 Episode 187: New best reward 1.50, training model saved.
2026-07-09_07-20-12 Episode 195: New best reward 2.70, training model saved.
2026-07-09_07-20-14 Episode 200: New best reward 3.90, training model saved.
2026-07-09_07-20-39 Episode 251: New best reward 4.10, training model saved.
2026-07-09_07-20-40 Episode 253: New best reward 4.70, training model saved.
2026-07-09_07-20-40 Episode 254: New best reward 4.90, training model saved.
2026-07-09_07-20-45 Episode 266: New best reward 6.30, training model saved.
2026-07-09_07-21-04 Episode 309: New best reward 6.70, training model saved.
2026-07-09_07-22-00 Episode 425: New best reward 8.40, training model saved.
2026-07-09_07-23-39 Episode 636: New best reward 13.50, training model saved.
2026-07-09_07-27-01 Episode 1000: New best greedy reward 4.00, model saved.
2026-07-09_07-27-06 Episode 1008: New best reward 20.60, training model saved.
2026-07-09_07-31-29 Episode 1419: New best reward 23.00, training model saved.
2026-07-09_07-32-19 Episode 1487: New best reward 28.00, training model saved.
2026-07-09_07-34-41 Episode 1657: New best reward 32.90, training model saved.
2026-07-09_07-37-17 Episode 1834: New best reward 57.10, training model saved.
2026-07-09_07-40-01 Episode 2000: New best greedy reward 34.50, model saved.
2026-07-09_08-05-46: Training starting...
Device: cuda
2026-07-09_08-05-46 Episode 0: New best reward -8.10, training model saved.
2026-07-09_08-05-46 Episode 0: New best greedy reward 2.00, model saved.
2026-07-09_08-05-47 Episode 1: New best reward -5.70, training model saved.
2026-07-09_08-06-22 Episode 81: New best reward -2.10, training model saved.
2026-07-09_08-07-58 Episode 299: New best reward -0.30, training model saved.
2026-07-09_08-08-25 Episode 358: New best reward 1.50, training model saved.
2026-07-09_08-08-26 Episode 360: New best reward 3.90, training model saved.
2026-07-09_08-08-35 Episode 382: New best reward 4.20, training model saved.
2026-07-09_08-09-26 Episode 494: New best reward 4.70, training model saved.
2026-07-09_08-11-15: Training starting...
Device: cuda
2026-07-09_08-11-15 Episode 0: New best reward -8.10, training model saved.
2026-07-09_08-11-15 Episode 0: New best greedy reward 2.00, model saved.
2026-07-09_08-11-16 Episode 1: New best reward -5.70, training model saved.
2026-07-09_08-11-33 Episode 40: New best reward -5.10, training model saved.
2026-07-09_08-11-52 Episode 81: New best reward -2.10, training model saved.
2026-07-09_08-11-54 Episode 85: New best reward 0.30, training model saved.
2026-07-09_08-12-11 Episode 123: New best reward 3.90, training model saved.
2026-07-09_08-12-27 Episode 162: New best reward 4.00, training model saved.
2026-07-09_08-13-09 Episode 254: New best reward 4.30, training model saved.
2026-07-09_08-13-12 Episode 260: New best reward 4.60, training model saved.
2026-07-09_08-13-18 Episode 273: New best reward 4.90, training model saved.
2026-07-09_08-13-27 Episode 294: New best reward 5.00, training model saved.
2026-07-09_08-13-31 Episode 301: New best reward 8.40, training model saved.
2026-07-09_08-17-30 Episode 760: New best reward 9.00, training model saved.
2026-07-09_08-18-27 Episode 848: New best reward 9.10, training model saved.
2026-07-09_08-20-06 Episode 1000: New best greedy reward 6.60, model saved.
2026-07-09_08-21-30 Episode 1121: New best reward 9.20, training model saved.
2026-07-09_08-21-37 Episode 1130: New best reward 12.90, training model saved.
2026-07-09_08-21-50 Episode 1148: New best reward 26.90, training model saved.
2026-07-09_08-23-22 Episode 1270: New best reward 36.40, training model saved.
2026-07-09_08-24-35 Episode 1344: New best reward 36.90, training model saved.
2026-07-09_08-26-10: Training starting...
Device: cuda
2026-07-09_08-26-11 Episode 0: New best reward -8.10, training model saved.
2026-07-09_08-26-11 Episode 0: New best greedy reward 2.00, model saved.
2026-07-09_08-26-11 Episode 1: New best reward -5.70, training model saved.
2026-07-09_08-26-50 Episode 81: New best reward -2.10, training model saved.
2026-07-09_08-27-24 Episode 155: New best reward -1.50, training model saved.
2026-07-09_08-27-27 Episode 162: New best reward -0.90, training model saved.
2026-07-09_08-27-52 Episode 211: New best reward 1.50, training model saved.
2026-07-09_08-28-05 Episode 243: New best reward 3.90, training model saved.
2026-07-09_08-28-48 Episode 329: New best reward 4.00, training model saved.
2026-07-09_08-28-52 Episode 338: New best reward 4.70, training model saved.
2026-07-09_08-30-17 Episode 517: New best reward 4.80, training model saved.
2026-07-09_08-31-43: Training starting...
Device: cuda
2026-07-09_08-31-44 Episode 0: New best reward -8.10, training model saved.
2026-07-09_08-31-44 Episode 0: New best greedy reward 2.00, model saved.
2026-07-09_08-31-44 Episode 1: New best reward -5.70, training model saved.
2026-07-09_08-32-20 Episode 81: New best reward -2.10, training model saved.
2026-07-09_08-33-55 Episode 299: New best reward -0.30, training model saved.
2026-07-09_08-34-22 Episode 358: New best reward 1.50, training model saved.
2026-07-09_08-34-23 Episode 360: New best reward 3.90, training model saved.
2026-07-09_08-35-55 Episode 569: New best reward 4.20, training model saved.
2026-07-09_08-36-17 Episode 617: New best reward 6.60, training model saved.
2026-07-09_08-37-11: Training starting...
Device: cuda
2026-07-09_08-37-11 Episode 0: New best reward -8.10, training model saved.
2026-07-09_08-37-12 Episode 0: New best greedy reward 2.00, model saved.
2026-07-09_08-37-12 Episode 1: New best reward -5.70, training model saved.
2026-07-09_08-37-39 Episode 63: New best reward -4.50, training model saved.
2026-07-09_08-37-43 Episode 73: New best reward -0.30, training model saved.
2026-07-09_08-37-49 Episode 85: New best reward 0.30, training model saved.
2026-07-09_08-37-51 Episode 89: New best reward 3.90, training model saved.
2026-07-09_08-38-06 Episode 123: New best reward 4.40, training model saved.
2026-07-09_08-38-33 Episode 186: New best reward 4.90, training model saved.
2026-07-09_08-38-38 Episode 196: New best reward 6.00, training model saved.
2026-07-09_08-38-40 Episode 200: New best reward 8.40, training model saved.
2026-07-09_08-39-03 Episode 251: New best reward 10.80, training model saved.
2026-07-09_08-41-00 Episode 490: New best reward 13.60, training model saved.
2026-07-09_08-43-17 Episode 735: New best reward 13.90, training model saved.
2026-07-09_08-45-55 Episode 1000: New best greedy reward 2.80, model saved.
2026-07-09_08-51-07 Episode 1426: New best reward 17.90, training model saved.
2026-07-09_08-51-41 Episode 1467: New best reward 29.80, training model saved.
2026-07-09_08-51-59: Training starting...
Device: cuda
2026-07-09_08-52-00 Episode 0: New best reward -8.10, training model saved.
2026-07-09_08-52-00 Episode 0: New best greedy reward 2.00, model saved.
2026-07-09_08-52-01 Episode 1: New best reward -5.70, training model saved.
2026-07-09_08-52-21 Episode 40: New best reward -5.10, training model saved.
2026-07-09_08-52-23 Episode 46: New best reward -0.90, training model saved.
2026-07-09_08-52-28 Episode 56: New best reward -0.30, training model saved.
2026-07-09_08-52-37 Episode 73: New best reward 0.30, training model saved.
2026-07-09_08-52-44 Episode 85: New best reward 2.70, training model saved.
2026-07-09_08-52-45 Episode 89: New best reward 3.30, training model saved.
2026-07-09_08-52-48 Episode 96: New best reward 3.90, training model saved.
2026-07-09_08-52-57 Episode 113: New best reward 4.50, training model saved.
2026-07-09_08-52-58 Episode 116: New best reward 4.80, training model saved.
2026-07-09_08-53-08 Episode 136: New best reward 6.50, training model saved.
2026-07-09_08-54-26 Episode 285: New best reward 6.60, training model saved.
2026-07-09_08-54-39 Episode 309: New best reward 8.40, training model saved.
2026-07-09_08-57-26 Episode 600: New best reward 8.50, training model saved.
2026-07-09_08-57-32 Episode 607: New best reward 8.60, training model saved.
2026-07-09_08-57-41: Training starting...
Device: cuda
2026-07-09_08-57-41 Episode 0: New best reward -8.10, training model saved.
2026-07-09_08-57-42 Episode 0: New best greedy reward 2.00, model saved.
2026-07-09_08-57-42 Episode 1: New best reward -5.70, training model saved.
2026-07-09_08-58-18 Episode 81: New best reward -2.10, training model saved.
2026-07-09_08-59-53 Episode 299: New best reward -0.30, training model saved.
2026-07-09_09-00-20 Episode 358: New best reward 1.50, training model saved.
2026-07-09_09-00-39 Episode 405: New best reward 2.10, training model saved.
2026-07-09_09-00-49 Episode 423: New best reward 3.90, training model saved.
2026-07-09_09-01-53 Episode 569: New best reward 4.00, training model saved.
2026-07-09_09-02-15 Episode 617: New best reward 4.10, training model saved.
2026-07-09_09-03-06 Episode 735: New best reward 4.60, training model saved.
2026-07-09_09-03-09: Training starting...
Device: cuda
2026-07-09_09-03-10 Episode 0: New best reward -8.10, training model saved.
2026-07-09_09-03-10 Episode 0: New best greedy reward 2.00, model saved.
2026-07-09_09-03-10 Episode 1: New best reward -5.70, training model saved.
2026-07-09_09-03-46 Episode 81: New best reward -2.10, training model saved.
2026-07-09_09-03-47 Episode 85: New best reward 0.30, training model saved.
2026-07-09_09-04-20 Episode 162: New best reward 1.50, training model saved.
2026-07-09_09-04-43 Episode 211: New best reward 3.30, training model saved.
2026-07-09_09-04-53 Episode 235: New best reward 3.90, training model saved.
2026-07-09_09-05-17 Episode 287: New best reward 4.90, training model saved.
2026-07-09_09-06-11 Episode 410: New best reward 5.00, training model saved.
2026-07-09_09-06-16 Episode 420: New best reward 8.50, training model saved.
2026-07-09_09-08-18: Training starting...
Device: cuda
2026-07-09_09-08-19 Episode 0: New best reward -8.10, training model saved.
2026-07-09_09-08-19 Episode 0: New best greedy reward 2.00, model saved.
2026-07-09_09-08-19 Episode 1: New best reward -5.70, training model saved.
2026-07-09_09-08-57 Episode 81: New best reward -1.50, training model saved.
2026-07-09_09-08-58 Episode 85: New best reward 0.30, training model saved.
2026-07-09_09-09-16 Episode 123: New best reward 3.90, training model saved.
2026-07-09_09-09-34 Episode 162: New best reward 4.00, training model saved.
2026-07-09_09-09-51 Episode 198: New best reward 4.30, training model saved.
2026-07-09_09-09-59 Episode 213: New best reward 6.60, training model saved.
2026-07-09_09-10-16 Episode 247: New best reward 6.70, training model saved.
2026-07-09_09-10-29 Episode 276: New best reward 8.40, training model saved.
2026-07-09_09-12-46 Episode 518: New best reward 8.90, training model saved.
2026-07-09_09-12-59 Episode 536: New best reward 12.90, training model saved.
2026-07-09_09-13-17 Episode 564: New best reward 13.30, training model saved.
2026-07-09_09-14-57 Episode 736: New best reward 15.20, training model saved.
2026-07-09_09-15-19 Episode 768: New best reward 22.40, training model saved.
2026-07-09_09-17-43 Episode 973: New best reward 31.90, training model saved.
2026-07-09_09-18-04 Episode 1000: New best greedy reward 13.50, model saved.
2026-07-09_09-20-22 Episode 1148: New best reward 99.80, training model saved.
2026-07-09_09-32-15 Episode 2000: New best greedy reward 36.40, model saved.
2026-07-09_09-54-19 Episode 3558: New best reward 139.00, training model saved.
2026-07-09_09-55-27: Training starting...
Device: cuda
2026-07-09_09-55-28 Episode 0: New best reward -8.10, training model saved.
2026-07-09_09-55-28 Episode 0: New best greedy reward 2.00, model saved.
2026-07-09_09-55-28 Episode 1: New best reward -5.70, training model saved.
2026-07-09_09-56-05 Episode 81: New best reward -1.50, training model saved.
2026-07-09_09-56-06 Episode 85: New best reward 0.30, training model saved.
2026-07-09_09-56-08 Episode 89: New best reward 2.10, training model saved.
2026-07-09_09-56-24 Episode 123: New best reward 3.90, training model saved.
2026-07-09_09-57-03 Episode 208: New best reward 4.20, training model saved.
2026-07-09_09-57-04 Episode 211: New best reward 4.60, training model saved.
2026-07-09_09-57-16 Episode 238: New best reward 6.00, training model saved.
2026-07-09_09-57-21 Episode 249: New best reward 6.10, training model saved.
2026-07-09_09-57-39 Episode 287: New best reward 8.40, training model saved.
2026-07-09_09-58-54 Episode 441: New best reward 8.60, training model saved.
2026-07-09_10-00-27 Episode 606: New best reward 9.20, training model saved.
2026-07-09_10-00-38 Episode 626: New best reward 12.90, training model saved.
2026-07-09_10-01-53 Episode 744: New best reward 17.90, training model saved.
2026-07-09_10-04-49 Episode 1000: New best greedy reward 6.20, model saved.
2026-07-09_10-05-08 Episode 1025: New best reward 20.80, training model saved.
2026-07-09_10-06-16 Episode 1104: New best reward 25.30, training model saved.
2026-07-09_10-06-30 Episode 1116: New best reward 26.90, training model saved.
2026-07-09_10-07-07 Episode 1151: New best reward 28.10, training model saved.
2026-07-09_10-07-39 Episode 1182: New best reward 40.90, training model saved.
2026-07-09_10-08-28 Episode 1226: New best reward 41.80, training model saved.
2026-07-09_10-09-18 Episode 1260: New best reward 50.40, training model saved.
2026-07-09_10-09-35 Episode 1268: New best reward 52.70, training model saved.
2026-07-09_10-10-38 Episode 1307: New best reward 54.90, training model saved.
2026-07-09_10-10-53 Episode 1315: New best reward 62.80, training model saved.
2026-07-09_10-11-17 Episode 1325: New best reward 67.30, training model saved.
2026-07-09_10-11-43 Episode 1335: New best reward 76.80, training model saved.
2026-07-09_10-12-03 Episode 1345: New best reward 79.50, training model saved.
2026-07-09_10-15-09 Episode 1435: New best reward 99.40, training model saved.
2026-07-09_10-16-39 Episode 1467: New best reward 202.80, training model saved.
2026-07-09_10-24-43 Episode 1602: New best reward 239.80, training model saved.
2026-07-09_10-33-16 Episode 1746: New best reward 319.10, training model saved.
2026-07-09_10-34-37 Episode 1762: New best reward 325.90, training model saved.
2026-07-09_10-35-49 Episode 1770: New best reward 386.40, training model saved.
2026-07-09_10-41-17: Training starting...
Device: cuda
2026-07-09_10-41-18 Episode 0: New best reward -8.10, training model saved.
2026-07-09_10-41-18 Episode 0: New best greedy reward 2.00, model saved.
2026-07-09_10-41-18 Episode 1: New best reward -5.70, training model saved.
2026-07-09_10-41-53 Episode 81: New best reward -2.10, training model saved.
2026-07-09_10-43-28 Episode 299: New best reward -0.30, training model saved.
2026-07-09_10-43-55 Episode 358: New best reward 1.50, training model saved.
2026-07-09_10-43-56 Episode 360: New best reward 2.10, training model saved.
2026-07-09_10-44-15 Episode 405: New best reward 3.90, training model saved.
2026-07-09_10-45-27 Episode 569: New best reward 4.00, training model saved.
2026-07-09_10-45-49 Episode 617: New best reward 4.10, training model saved.
2026-07-09_10-46-27 Episode 703: New best reward 4.50, training model saved.
2026-07-09_10-46-42: Training starting...
Device: cuda
2026-07-09_10-46-43 Episode 0: New best reward -8.10, training model saved.
2026-07-09_10-46-43 Episode 0: New best greedy reward 2.00, model saved.
2026-07-09_10-46-44 Episode 1: New best reward -5.70, training model saved.
2026-07-09_10-47-19 Episode 81: New best reward -2.10, training model saved.
2026-07-09_10-48-16 Episode 211: New best reward 2.70, training model saved.
2026-07-09_10-48-50 Episode 287: New best reward 3.90, training model saved.
2026-07-09_10-49-34 Episode 386: New best reward 4.00, training model saved.
2026-07-09_10-49-49 Episode 416: New best reward 4.10, training model saved.
2026-07-09_10-49-50 Episode 419: New best reward 4.30, training model saved.
2026-07-09_10-49-51 Episode 421: New best reward 4.70, training model saved.
2026-07-09_10-49-53 Episode 425: New best reward 4.80, training model saved.
2026-07-09_10-50-27 Episode 497: New best reward 8.40, training model saved.
2026-07-09_10-50-46 Episode 540: New best reward 8.90, training model saved.
2026-07-09_10-55-10 Episode 1114: New best reward 10.80, training model saved.
2026-07-09_10-56-17 Episode 1235: New best reward 17.90, training model saved.
2026-07-09_10-57-10 Episode 1315: New best reward 22.90, training model saved.
2026-07-09_10-59-25 Episode 1521: New best reward 27.90, training model saved.
2026-07-09_11-00-38 Episode 1603: New best reward 34.40, training model saved.
2026-07-09_11-01-06 Episode 1626: New best reward 48.60, training model saved.
2026-07-09_11-02-11 Episode 1670: New best reward 180.90, training model saved.
2026-07-09_11-11-19 Episode 1956: New best reward 306.90, training model saved.
2026-07-09_11-12-18 Episode 1961: New best reward 377.90, training model saved.
2026-07-09_11-15-05 Episode 2000: New best greedy reward 206.70, model saved.
2026-07-09_11-15-43 Episode 2002: New best reward 485.60, training model saved.
2026-07-09_11-17-07 Episode 2014: New best reward 517.40, training model saved.
2026-07-09_11-32-04: Training starting...
Device: cuda
2026-07-09_11-32-04 Episode 0: New best reward -8.10, training model saved.
2026-07-09_11-32-04 Episode 0: New best greedy reward 2.00, model saved.
2026-07-09_11-32-05 Episode 1: New best reward -5.70, training model saved.
2026-07-09_11-32-37 Episode 73: New best reward -0.90, training model saved.
2026-07-09_11-32-43 Episode 85: New best reward 0.30, training model saved.
2026-07-09_11-32-45 Episode 89: New best reward 1.50, training model saved.
2026-07-09_11-33-00 Episode 123: New best reward 3.90, training model saved.
2026-07-09_11-33-40 Episode 213: New best reward 4.80, training model saved.
2026-07-09_11-33-41 Episode 215: New best reward 8.40, training model saved.
2026-07-09_11-35-52 Episode 479: New best reward 11.10, training model saved.
2026-07-09_11-37-42 Episode 669: New best reward 12.90, training model saved.
2026-07-09_11-38-05 Episode 703: New best reward 17.90, training model saved.
2026-07-09_11-38-54 Episode 760: New best reward 27.90, training model saved.
2026-07-09_11-40-50 Episode 908: New best reward 29.80, training model saved.
2026-07-09_11-41-24 Episode 943: New best reward 41.90, training model saved.
2026-07-09_11-41-55 Episode 969: New best reward 50.40, training model saved.
2026-07-09_11-42-37 Episode 999: New best reward 51.60, training model saved.
2026-07-09_11-42-39 Episode 1000: New best greedy reward 4.50, model saved.
2026-07-09_11-43-19 Episode 1019: New best reward 99.10, training model saved.
2026-07-09_11-46-03 Episode 1099: New best reward 206.80, training model saved.
2026-07-09_11-50-43 Episode 1161: New best reward 242.00, training model saved.
2026-07-09_12-06-41 Episode 1481: New best reward 400.40, training model saved.
2026-07-09_12-17-30 Episode 1596: New best reward 418.90, training model saved.
2026-07-09_12-18-28: Training starting...
Device: cuda
2026-07-09_12-18-28 Episode 0: New best reward -8.10, training model saved.
2026-07-09_12-18-28 Episode 0: New best greedy reward 2.00, model saved.
2026-07-09_12-18-29 Episode 1: New best reward -5.70, training model saved.
2026-07-09_12-19-05 Episode 81: New best reward -1.50, training model saved.
2026-07-09_12-19-07 Episode 85: New best reward -0.30, training model saved.
2026-07-09_12-19-09 Episode 89: New best reward 0.90, training model saved.
2026-07-09_12-19-25 Episode 123: New best reward 3.90, training model saved.
2026-07-09_12-20-03 Episode 206: New best reward 4.10, training model saved.
2026-07-09_12-20-05 Episode 211: New best reward 4.30, training model saved.
2026-07-09_12-20-10 Episode 223: New best reward 4.90, training model saved.
2026-07-09_12-20-18 Episode 241: New best reward 6.50, training model saved.
2026-07-09_12-21-02 Episode 337: New best reward 8.40, training model saved.
2026-07-09_12-23-27 Episode 631: New best reward 9.50, training model saved.
2026-07-09_12-23-47: Training starting...
Device: cuda
2026-07-09_12-23-47 Episode 0: New best reward -8.10, training model saved.
2026-07-09_12-23-47 Episode 0: New best greedy reward 2.00, model saved.
2026-07-09_12-23-48 Episode 1: New best reward -5.70, training model saved.
2026-07-09_12-24-15 Episode 63: New best reward -4.50, training model saved.
2026-07-09_12-24-19 Episode 73: New best reward -3.90, training model saved.
2026-07-09_12-24-23 Episode 81: New best reward -0.30, training model saved.
2026-07-09_12-24-25 Episode 85: New best reward 0.30, training model saved.
2026-07-09_12-24-27 Episode 89: New best reward 2.10, training model saved.
2026-07-09_12-24-30 Episode 96: New best reward 3.90, training model saved.
2026-07-09_12-24-59 Episode 162: New best reward 4.00, training model saved.
2026-07-09_12-25-19 Episode 206: New best reward 8.40, training model saved.
2026-07-09_12-25-51 Episode 278: New best reward 9.10, training model saved.
2026-07-09_12-26-38 Episode 379: New best reward 10.80, training model saved.
2026-07-09_12-26-43 Episode 387: New best reward 15.80, training model saved.
2026-07-09_12-31-51 Episode 865: New best reward 23.00, training model saved.
2026-07-09_12-32-44 Episode 929: New best reward 25.20, training model saved.
2026-07-09_12-32-55 Episode 938: New best reward 40.90, training model saved.
2026-07-09_12-33-42 Episode 979: New best reward 50.90, training model saved.
2026-07-09_12-33-55 Episode 987: New best reward 65.40, training model saved.
2026-07-09_12-34-14 Episode 1000: New best greedy reward 4.40, model saved.
2026-07-09_12-34-46 Episode 1024: New best reward 68.90, training model saved.
2026-07-09_12-35-04 Episode 1030: New best reward 113.80, training model saved.
2026-07-09_12-43-07 Episode 1308: New best reward 167.90, training model saved.
2026-07-09_12-45-46 Episode 1356: New best reward 219.50, training model saved.
2026-07-09_12-46-24 Episode 1362: New best reward 375.20, training model saved.
2026-07-09_12-49-27 Episode 1403: New best reward 404.90, training model saved.
2026-07-09_12-53-05 Episode 1443: New best reward 501.20, training model saved.
2026-07-09_12-54-36 Episode 1453: New best reward 900.10, training model saved.
2026-07-09_13-05-21 Episode 1511: New best reward 1381.00, training model saved.
2026-07-09_13-09-21: Training starting...
Device: cuda
2026-07-09_13-09-22 Episode 0: New best reward -8.10, training model saved.
2026-07-09_13-09-22 Episode 0: New best greedy reward 2.00, model saved.
2026-07-09_13-09-23 Episode 1: New best reward -5.70, training model saved.
2026-07-09_13-09-58 Episode 81: New best reward -2.10, training model saved.
2026-07-09_13-10-55 Episode 211: New best reward 2.70, training model saved.
2026-07-09_13-11-29 Episode 287: New best reward 3.90, training model saved.
2026-07-09_13-12-13 Episode 386: New best reward 4.00, training model saved.
2026-07-09_13-12-28 Episode 416: New best reward 4.10, training model saved.
2026-07-09_13-12-29 Episode 419: New best reward 4.30, training model saved.
2026-07-09_13-12-31 Episode 421: New best reward 12.90, training model saved.
2026-07-09_13-14-52: Training starting...
Device: cuda
2026-07-09_13-14-52 Episode 0: New best reward -8.10, training model saved.
2026-07-09_13-14-53 Episode 0: New best greedy reward 2.00, model saved.
2026-07-09_13-14-53 Episode 1: New best reward -5.70, training model saved.
2026-07-09_13-15-30 Episode 81: New best reward -2.10, training model saved.
2026-07-09_13-16-22 Episode 195: New best reward 0.90, training model saved.
2026-07-09_13-16-42 Episode 243: New best reward 3.90, training model saved.
2026-07-09_13-18-18 Episode 445: New best reward 4.10, training model saved.
2026-07-09_13-18-20 Episode 449: New best reward 4.50, training model saved.
2026-07-09_13-20-37 Episode 740: New best reward 6.10, training model saved.
2026-07-09_13-22-34 Episode 992: New best reward 8.40, training model saved.
2026-07-09_13-22-38 Episode 1000: New best greedy reward 3.90, model saved.
2026-07-09_13-24-01 Episode 1174: New best reward 9.30, training model saved.
2026-07-09_13-27-46 Episode 1635: New best reward 11.30, training model saved.
2026-07-09_13-27-47 Episode 1638: New best reward 12.90, training model saved.
2026-07-09_13-28-00 Episode 1665: New best reward 13.30, training model saved.
2026-07-09_13-30-43: Training starting...
Device: cuda
2026-07-09_13-30-43 Episode 0: New best reward -8.10, training model saved.
2026-07-09_13-30-43 Episode 0: New best greedy reward 2.00, model saved.
2026-07-09_13-30-44 Episode 1: New best reward -5.70, training model saved.
2026-07-09_13-31-19 Episode 81: New best reward -2.10, training model saved.
2026-07-09_13-31-21 Episode 85: New best reward 0.30, training model saved.
2026-07-09_13-32-15 Episode 211: New best reward 2.70, training model saved.
2026-07-09_13-32-28 Episode 243: New best reward 3.90, training model saved.
2026-07-09_13-33-10 Episode 334: New best reward 4.40, training model saved.
2026-07-09_13-33-19 Episode 355: New best reward 4.60, training model saved.
2026-07-09_13-33-21 Episode 360: New best reward 6.80, training model saved.
2026-07-09_13-33-52 Episode 428: New best reward 8.40, training model saved.
2026-07-09_13-39-56 Episode 1234: New best reward 8.50, training model saved.
2026-07-09_13-40-24 Episode 1286: New best reward 9.30, training model saved.
2026-07-09_13-40-52 Episode 1335: New best reward 11.20, training model saved.
2026-07-09_13-42-05 Episode 1456: New best reward 12.90, training model saved.
2026-07-09_13-44-29 Episode 1687: New best reward 18.80, training model saved.
2026-07-09_13-45-47: Training starting...
Device: cuda
2026-07-09_13-45-48 Episode 0: New best reward -8.10, training model saved.
2026-07-09_13-45-48 Episode 0: New best greedy reward 2.00, model saved.
2026-07-09_13-45-48 Episode 1: New best reward -5.70, training model saved.
2026-07-09_13-46-25 Episode 81: New best reward -2.10, training model saved.
2026-07-09_13-48-04 Episode 299: New best reward 0.90, training model saved.
2026-07-09_13-48-33 Episode 358: New best reward 1.50, training model saved.
2026-07-09_13-48-34 Episode 360: New best reward 3.90, training model saved.
2026-07-09_13-48-43 Episode 382: New best reward 4.00, training model saved.
2026-07-09_13-49-38 Episode 494: New best reward 4.60, training model saved.
2026-07-09_13-50-34 Episode 617: New best reward 6.10, training model saved.
2026-07-09_13-51-24 Episode 724: New best reward 6.70, training model saved.
2026-07-09_13-51-32: Training starting...
Device: cuda
2026-07-09_13-51-33 Episode 0: New best reward -8.10, training model saved.
2026-07-09_13-51-33 Episode 0: New best greedy reward 2.00, model saved.
2026-07-09_13-51-33 Episode 1: New best reward -5.70, training model saved.
2026-07-09_13-52-08 Episode 81: New best reward -2.10, training model saved.
2026-07-09_13-52-10 Episode 85: New best reward 0.30, training model saved.
2026-07-09_13-52-54 Episode 187: New best reward 0.90, training model saved.
2026-07-09_13-53-05 Episode 211: New best reward 3.30, training model saved.
2026-07-09_13-53-18 Episode 243: New best reward 3.90, training model saved.
2026-07-09_13-53-38 Episode 286: New best reward 4.70, training model saved.
2026-07-09_13-53-58 Episode 330: New best reward 6.40, training model saved.
2026-07-09_13-54-01 Episode 337: New best reward 8.40, training model saved.
2026-07-09_13-56-56: Training starting...
Device: cuda
2026-07-09_13-56-56 Episode 0: New best reward -8.10, training model saved.
2026-07-09_13-56-57 Episode 0: New best greedy reward 2.00, model saved.
2026-07-09_13-56-57 Episode 1: New best reward -5.70, training model saved.
2026-07-09_13-57-32 Episode 81: New best reward -2.10, training model saved.
2026-07-09_13-57-34 Episode 85: New best reward 0.30, training model saved.
2026-07-09_13-58-28 Episode 211: New best reward 3.30, training model saved.
2026-07-09_13-58-42 Episode 243: New best reward 3.90, training model saved.
2026-07-09_13-59-01 Episode 286: New best reward 4.70, training model saved.
2026-07-09_13-59-23 Episode 334: New best reward 4.80, training model saved.
2026-07-09_13-59-50 Episode 400: New best reward 4.90, training model saved.
2026-07-09_13-59-57 Episode 412: New best reward 8.40, training model saved.
2026-07-09_14-02-18: Training starting...
Device: cuda
2026-07-09_14-02-19 Episode 0: New best reward -8.10, training model saved.
2026-07-09_14-02-19 Episode 0: New best greedy reward 2.00, model saved.
2026-07-09_14-02-20 Episode 1: New best reward -5.70, training model saved.
2026-07-09_14-02-48 Episode 66: New best reward -5.10, training model saved.
2026-07-09_14-02-55 Episode 81: New best reward -1.50, training model saved.
2026-07-09_14-02-57 Episode 85: New best reward 0.30, training model saved.
2026-07-09_14-02-58 Episode 89: New best reward 0.90, training model saved.
2026-07-09_14-03-01 Episode 96: New best reward 3.90, training model saved.
2026-07-09_14-03-52 Episode 211: New best reward 4.20, training model saved.
2026-07-09_14-04-09 Episode 250: New best reward 6.20, training model saved.
2026-07-09_14-04-11 Episode 253: New best reward 6.50, training model saved.
2026-07-09_14-04-29 Episode 296: New best reward 8.40, training model saved.
2026-07-09_14-05-52 Episode 470: New best reward 9.00, training model saved.
2026-07-09_14-06-02 Episode 486: New best reward 9.30, training model saved.
2026-07-09_14-06-19 Episode 519: New best reward 12.90, training model saved.
2026-07-09_14-07-49 Episode 677: New best reward 13.30, training model saved.
2026-07-09_14-07-50 Episode 678: New best reward 15.40, training model saved.
2026-07-09_14-08-11 Episode 706: New best reward 20.50, training model saved.
2026-07-09_14-08-14 Episode 708: New best reward 23.50, training model saved.
2026-07-09_14-08-58 Episode 758: New best reward 48.20, training model saved.
2026-07-09_14-10-15 Episode 840: New best reward 60.00, training model saved.
2026-07-09_14-11-00 Episode 875: New best reward 78.50, training model saved.
2026-07-09_14-12-10 Episode 906: New best reward 120.40, training model saved.
2026-07-09_14-13-06 Episode 926: New best reward 132.30, training model saved.
2026-07-09_14-13-48 Episode 935: New best reward 151.30, training model saved.
2026-07-09_14-15-45 Episode 1000: New best greedy reward 6.30, model saved.
2026-07-09_14-17-07 Episode 1043: New best reward 153.60, training model saved.
2026-07-09_14-17-20 Episode 1044: New best reward 179.30, training model saved.
2026-07-09_14-20-47 Episode 1117: New best reward 516.90, training model saved.
2026-07-09_14-34-55 Episode 1308: New best reward 544.90, training model saved.
2026-07-09_14-46-57: Training starting...
Device: cuda
2026-07-09_14-46-58 Episode 0: New best reward -8.10, training model saved.
2026-07-09_14-46-58 Episode 0: New best greedy reward 2.00, model saved.
2026-07-09_14-46-59 Episode 1: New best reward -5.70, training model saved.
2026-07-09_14-47-34 Episode 81: New best reward -2.10, training model saved.
2026-07-09_14-47-36 Episode 85: New best reward 0.30, training model saved.
2026-07-09_14-48-20 Episode 187: New best reward 0.90, training model saved.
2026-07-09_14-48-30 Episode 211: New best reward 3.30, training model saved.
2026-07-09_14-48-40 Episode 235: New best reward 3.90, training model saved.
2026-07-09_14-49-27 Episode 339: New best reward 4.90, training model saved.
2026-07-09_14-49-45 Episode 382: New best reward 6.50, training model saved.
2026-07-09_14-50-10 Episode 436: New best reward 6.60, training model saved.
2026-07-09_14-50-23 Episode 466: New best reward 8.40, training model saved.
2026-07-09_14-51-22 Episode 593: New best reward 9.30, training model saved.
2026-07-09_14-51-50 Episode 655: New best reward 11.00, training model saved.
2026-07-09_14-53-08 Episode 822: New best reward 12.90, training model saved.
2026-07-09_14-58-49 Episode 1451: New best reward 13.30, training model saved.
2026-07-09_14-59-28 Episode 1519: New best reward 15.30, training model saved.
2026-07-09_15-00-14 Episode 1595: New best reward 18.30, training model saved.
2026-07-09_15-01-57: Training starting...
Device: cuda
2026-07-09_15-01-58 Episode 0: New best reward -8.10, training model saved.
2026-07-09_15-01-58 Episode 0: New best greedy reward 2.00, model saved.
2026-07-09_15-01-58 Episode 1: New best reward -5.70, training model saved.
2026-07-09_15-02-34 Episode 81: New best reward -2.10, training model saved.
2026-07-09_15-03-30 Episode 211: New best reward 2.70, training model saved.
2026-07-09_15-04-04 Episode 287: New best reward 3.90, training model saved.
2026-07-09_15-04-56 Episode 405: New best reward 4.30, training model saved.
2026-07-09_15-04-56 Episode 406: New best reward 4.40, training model saved.
2026-07-09_15-05-03 Episode 418: New best reward 4.90, training model saved.
2026-07-09_15-05-07 Episode 425: New best reward 8.40, training model saved.
2026-07-09_15-07-25: Training starting...
Device: cuda
2026-07-09_15-07-26 Episode 0: New best reward -8.10, training model saved.
2026-07-09_15-07-26 Episode 0: New best greedy reward 2.00, model saved.
2026-07-09_15-07-27 Episode 1: New best reward -5.70, training model saved.
2026-07-09_15-08-03 Episode 81: New best reward -2.10, training model saved.
2026-07-09_15-08-49 Episode 187: New best reward -0.30, training model saved.
2026-07-09_15-08-53 Episode 195: New best reward 0.90, training model saved.
2026-07-09_15-08-59 Episode 211: New best reward 2.70, training model saved.
2026-07-09_15-09-13 Episode 243: New best reward 3.90, training model saved.
2026-07-09_15-09-54 Episode 329: New best reward 4.00, training model saved.
2026-07-09_15-10-25 Episode 405: New best reward 4.20, training model saved.
2026-07-09_15-10-26 Episode 406: New best reward 4.40, training model saved.
2026-07-09_15-10-35 Episode 421: New best reward 4.90, training model saved.
2026-07-09_15-10-36 Episode 423: New best reward 8.40, training model saved.
2026-07-09_15-15-06 Episode 1000: New best greedy reward 3.90, model saved.
2026-07-09_15-15-49 Episode 1086: New best reward 8.50, training model saved.
2026-07-09_15-16-04 Episode 1113: New best reward 8.60, training model saved.
2026-07-09_15-16-31 Episode 1167: New best reward 11.10, training model saved.
2026-07-09_15-16-50 Episode 1197: New best reward 15.50, training model saved.
2026-07-09_15-20-25 Episode 1545: New best reward 15.70, training model saved.
2026-07-09_15-21-04 Episode 1606: New best reward 29.50, training model saved.
2026-07-09_15-22-41 Episode 1732: New best reward 36.90, training model saved.
2026-07-09_15-22-49: Training starting...
Device: cuda
2026-07-09_15-22-49 Episode 0: New best reward -8.10, training model saved.
2026-07-09_15-22-49 Episode 0: New best greedy reward 2.00, model saved.
2026-07-09_15-22-50 Episode 1: New best reward -5.70, training model saved.
2026-07-09_15-23-19 Episode 63: New best reward -4.50, training model saved.
2026-07-09_15-23-19 Episode 64: New best reward -1.50, training model saved.
2026-07-09_15-23-23 Episode 73: New best reward 0.90, training model saved.
2026-07-09_15-23-29 Episode 85: New best reward 2.70, training model saved.
2026-07-09_15-23-33 Episode 96: New best reward 3.90, training model saved.
2026-07-09_15-23-50 Episode 131: New best reward 4.20, training model saved.
2026-07-09_15-24-03 Episode 162: New best reward 4.70, training model saved.
2026-07-09_15-25-33 Episode 357: New best reward 4.90, training model saved.
2026-07-09_15-25-43 Episode 378: New best reward 5.00, training model saved.
2026-07-09_15-25-49 Episode 389: New best reward 8.90, training model saved.
2026-07-09_15-26-17 Episode 445: New best reward 11.00, training model saved.
2026-07-09_15-30-36 Episode 1000: New best greedy reward 3.90, model saved.
2026-07-09_15-38-14: Training starting...
Device: cuda
2026-07-09_15-38-15 Episode 0: New best reward -8.10, training model saved.
2026-07-09_15-38-15 Episode 0: New best greedy reward 2.00, model saved.
2026-07-09_15-38-16 Episode 1: New best reward -5.70, training model saved.
2026-07-09_15-38-51 Episode 81: New best reward -2.10, training model saved.
2026-07-09_15-38-53 Episode 85: New best reward 0.30, training model saved.
2026-07-09_15-39-43 Episode 200: New best reward 3.90, training model saved.
2026-07-09_15-40-14 Episode 266: New best reward 4.20, training model saved.
2026-07-09_15-40-24 Episode 287: New best reward 4.70, training model saved.
2026-07-09_15-41-06 Episode 381: New best reward 7.80, training model saved.
2026-07-09_15-42-39 Episode 584: New best reward 8.40, training model saved.
2026-07-09_15-42-51 Episode 607: New best reward 10.60, training model saved.
2026-07-09_15-46-09 Episode 985: New best reward 11.30, training model saved.
2026-07-09_15-46-16 Episode 994: New best reward 12.90, training model saved.
2026-07-09_15-46-19 Episode 1000: New best greedy reward 6.60, model saved.
2026-07-09_15-48-31 Episode 1210: New best reward 13.00, training model saved.
2026-07-09_15-52-30 Episode 1546: New best reward 13.70, training model saved.
2026-07-09_15-53-17: Training starting...
Device: cuda
2026-07-09_15-53-17 Episode 0: New best reward -8.10, training model saved.
2026-07-09_15-53-18 Episode 0: New best greedy reward 2.00, model saved.
2026-07-09_15-53-18 Episode 1: New best reward -5.70, training model saved.
2026-07-09_15-53-54 Episode 81: New best reward -2.10, training model saved.
2026-07-09_15-54-39 Episode 187: New best reward 0.30, training model saved.
2026-07-09_15-54-50 Episode 211: New best reward 2.70, training model saved.
2026-07-09_15-55-07 Episode 250: New best reward 3.90, training model saved.
2026-07-09_15-55-42 Episode 329: New best reward 4.20, training model saved.
2026-07-09_15-55-44 Episode 334: New best reward 4.70, training model saved.
2026-07-09_15-56-23 Episode 422: New best reward 8.40, training model saved.
2026-07-09_15-57-31 Episode 571: New best reward 8.50, training model saved.
2026-07-09_15-58-37 Episode 722: New best reward 8.60, training model saved.
2026-07-09_15-58-41: Training starting...
Device: cuda
2026-07-09_15-58-41 Episode 0: New best reward -8.10, training model saved.
2026-07-09_15-58-41 Episode 0: New best greedy reward 2.00, model saved.
2026-07-09_15-58-42 Episode 1: New best reward -5.70, training model saved.
2026-07-09_15-59-17 Episode 81: New best reward -2.10, training model saved.
2026-07-09_15-59-19 Episode 85: New best reward 0.30, training model saved.
2026-07-09_15-59-53 Episode 162: New best reward 1.50, training model saved.
2026-07-09_16-00-15 Episode 211: New best reward 3.30, training model saved.
2026-07-09_16-00-25 Episode 235: New best reward 3.90, training model saved.
2026-07-09_16-00-48 Episode 286: New best reward 4.10, training model saved.
2026-07-09_16-00-49 Episode 287: New best reward 4.90, training model saved.
2026-07-09_16-01-18 Episode 355: New best reward 5.00, training model saved.
2026-07-09_16-01-40 Episode 404: New best reward 8.40, training model saved.
2026-07-09_16-02-20 Episode 492: New best reward 8.70, training model saved.
2026-07-09_16-03-49: Training starting...
Device: cuda
2026-07-09_16-03-50 Episode 0: New best reward -8.10, training model saved.
2026-07-09_16-03-50 Episode 0: New best greedy reward 2.00, model saved.
2026-07-09_16-03-51 Episode 1: New best reward -5.70, training model saved.
2026-07-09_16-04-22 Episode 73: New best reward -5.10, training model saved.
2026-07-09_16-04-26 Episode 81: New best reward -1.50, training model saved.
2026-07-09_16-04-27 Episode 85: New best reward 0.30, training model saved.
2026-07-09_16-04-29 Episode 89: New best reward 3.30, training model saved.
2026-07-09_16-04-32 Episode 96: New best reward 3.90, training model saved.
2026-07-09_16-04-44 Episode 123: New best reward 4.40, training model saved.
2026-07-09_16-05-11 Episode 185: New best reward 6.10, training model saved.
2026-07-09_16-05-15 Episode 193: New best reward 6.50, training model saved.
2026-07-09_16-05-23 Episode 209: New best reward 6.60, training model saved.
2026-07-09_16-05-31 Episode 226: New best reward 8.40, training model saved.
2026-07-09_16-05-56 Episode 278: New best reward 8.90, training model saved.
2026-07-09_16-06-43 Episode 373: New best reward 12.90, training model saved.
2026-07-09_16-07-37 Episode 474: New best reward 13.00, training model saved.
2026-07-09_16-07-39 Episode 478: New best reward 15.60, training model saved.
2026-07-09_16-07-49 Episode 489: New best reward 34.30, training model saved.
2026-07-09_16-09-37 Episode 637: New best reward 47.00, training model saved.
2026-07-09_16-12-20 Episode 805: New best reward 69.00, training model saved.
2026-07-09_16-12-48 Episode 823: New best reward 79.20, training model saved.
2026-07-09_16-15-46 Episode 1000: New best greedy reward 4.80, model saved.
2026-07-09_16-18-32: Training starting...
Device: cuda
2026-07-09_16-18-33 Episode 0: New best reward -8.10, training model saved.
2026-07-09_16-18-33 Episode 0: New best greedy reward 2.00, model saved.
2026-07-09_16-18-33 Episode 1: New best reward -5.70, training model saved.
2026-07-09_16-19-09 Episode 81: New best reward -2.70, training model saved.
2026-07-09_16-19-11 Episode 85: New best reward 0.30, training model saved.
2026-07-09_16-19-12 Episode 89: New best reward 2.70, training model saved.
2026-07-09_16-19-15 Episode 96: New best reward 3.90, training model saved.
2026-07-09_16-19-24 Episode 116: New best reward 4.30, training model saved.
2026-07-09_16-19-28 Episode 123: New best reward 4.80, training model saved.
2026-07-09_16-19-34 Episode 137: New best reward 6.50, training model saved.
2026-07-09_16-19-42 Episode 155: New best reward 8.40, training model saved.
2026-07-09_16-19-51 Episode 175: New best reward 8.70, training model saved.
2026-07-09_16-19-57 Episode 186: New best reward 9.30, training model saved.
2026-07-09_16-23-50 Episode 665: New best reward 11.30, training model saved.
2026-07-09_16-24-16 Episode 708: New best reward 12.90, training model saved.
2026-07-09_16-24-22 Episode 717: New best reward 15.50, training model saved.
2026-07-09_16-25-38 Episode 836: New best reward 18.80, training model saved.
2026-07-09_16-25-57 Episode 862: New best reward 23.60, training model saved.
2026-07-09_16-26-43 Episode 923: New best reward 25.10, training model saved.
2026-07-09_16-27-00 Episode 944: New best reward 25.20, training model saved.
2026-07-09_16-27-34 Episode 988: New best reward 28.10, training model saved.
2026-07-09_16-27-48 Episode 1000: New best greedy reward 14.00, model saved.
2026-07-09_16-28-15 Episode 1032: New best reward 33.10, training model saved.
2026-07-09_16-29-26 Episode 1109: New best reward 34.30, training model saved.
2026-07-09_16-29-59 Episode 1140: New best reward 41.80, training model saved.
2026-07-09_16-30-08 Episode 1148: New best reward 46.60, training model saved.
2026-07-09_16-35-29 Episode 1444: New best reward 51.50, training model saved.
2026-07-09_16-37-33 Episode 1548: New best reward 102.70, training model saved.
2026-07-09_16-38-23 Episode 1572: New best reward 150.90, training model saved.
2026-07-09_16-42-17 Episode 1655: New best reward 206.70, training model saved.
2026-07-09_16-46-20 Episode 1720: New best reward 220.60, training model saved.
2026-07-09_16-53-13 Episode 1874: New best reward 246.40, training model saved.
2026-07-09_16-55-22 Episode 1909: New best reward 345.40, training model saved.
[worker] done. total trials in study: 400
2026-07-09_06-39-43: Training starting...
Device: cuda
2026-07-09_06-39-50 Episode 0: New best reward -8.10, training model saved.
2026-07-09_06-39-50 Episode 0: New best greedy reward 2.00, model saved.
2026-07-09_06-39-50 Episode 1: New best reward -5.70, training model saved.
2026-07-09_06-40-26 Episode 81: New best reward -2.10, training model saved.
2026-07-09_06-40-28 Episode 85: New best reward 0.30, training model saved.
2026-07-09_06-41-32 Episode 235: New best reward 2.70, training model saved.
2026-07-09_06-41-36 Episode 243: New best reward 3.90, training model saved.
2026-07-09_06-41-56 Episode 286: New best reward 4.80, training model saved.
2026-07-09_06-42-17 Episode 334: New best reward 5.00, training model saved.
2026-07-09_06-42-27 Episode 358: New best reward 6.40, training model saved.
2026-07-09_06-42-45 Episode 400: New best reward 6.70, training model saved.
2026-07-09_06-42-59 Episode 430: New best reward 8.40, training model saved.
2026-07-09_06-44-42 Episode 654: New best reward 8.70, training model saved.
2026-07-09_06-46-11 Episode 836: New best reward 12.90, training model saved.
2026-07-09_06-47-49 Episode 1000: New best greedy reward 6.50, model saved.
2026-07-09_06-48-32 Episode 1068: New best reward 13.20, training model saved.
2026-07-09_06-48-40 Episode 1080: New best reward 13.30, training model saved.
2026-07-09_06-48-42 Episode 1083: New best reward 13.70, training model saved.
2026-07-09_06-49-13 Episode 1125: New best reward 13.80, training model saved.
2026-07-09_06-49-25 Episode 1140: New best reward 18.60, training model saved.
2026-07-09_06-49-28 Episode 1143: New best reward 20.10, training model saved.
2026-07-09_06-49-34 Episode 1152: New best reward 20.70, training model saved.
2026-07-09_06-49-46 Episode 1166: New best reward 20.80, training model saved.
2026-07-09_06-49-55 Episode 1177: New best reward 25.20, training model saved.
2026-07-09_06-51-05 Episode 1261: New best reward 29.80, training model saved.
2026-07-09_06-51-45 Episode 1302: New best reward 36.40, training model saved.
2026-07-09_06-52-12 Episode 1326: New best reward 57.30, training model saved.
2026-07-09_06-54-51 Episode 1449: New best reward 68.90, training model saved.
2026-07-09_06-55-27 Episode 1471: New best reward 74.60, training model saved.
2026-07-09_06-56-53 Episode 1518: New best reward 93.50, training model saved.
2026-07-09_06-57-00 Episode 1519: New best reward 97.90, training model saved.
2026-07-09_06-57-54 Episode 1541: New best reward 99.60, training model saved.
2026-07-09_07-02-05 Episode 1650: New best reward 101.90, training model saved.
2026-07-09_07-02-32 Episode 1656: New best reward 208.90, training model saved.
2026-07-09_07-11-05 Episode 1812: New best reward 249.10, training model saved.
2026-07-09_07-14-02 Episode 1856: New best reward 368.90, training model saved.
2026-07-09_07-18-26 Episode 1912: New best reward 446.90, training model saved.
2026-07-09_07-21-16 Episode 1940: New best reward 498.40, training model saved.
2026-07-09_07-22-59 Episode 1950: New best reward 610.40, training model saved.
2026-07-09_07-24-43: Training starting...
Device: cuda
2026-07-09_07-24-43 Episode 0: New best reward -8.10, training model saved.
2026-07-09_07-24-43 Episode 0: New best greedy reward 2.00, model saved.
2026-07-09_07-24-44 Episode 1: New best reward -5.70, training model saved.
2026-07-09_07-25-19 Episode 81: New best reward -2.70, training model saved.
2026-07-09_07-25-39 Episode 127: New best reward -0.90, training model saved.
2026-07-09_07-25-54 Episode 162: New best reward -0.30, training model saved.
2026-07-09_07-26-05 Episode 187: New best reward 0.30, training model saved.
2026-07-09_07-26-10 Episode 199: New best reward 3.90, training model saved.
2026-07-09_07-26-55 Episode 299: New best reward 4.30, training model saved.
2026-07-09_07-27-16 Episode 348: New best reward 6.10, training model saved.
2026-07-09_07-27-27 Episode 371: New best reward 8.40, training model saved.
2026-07-09_07-31-05 Episode 855: New best reward 12.90, training model saved.
2026-07-09_07-39-29: Training starting...
Device: cuda
2026-07-09_07-39-30 Episode 0: New best reward -8.10, training model saved.
2026-07-09_07-39-30 Episode 0: New best greedy reward 2.00, model saved.
2026-07-09_07-39-31 Episode 1: New best reward -5.70, training model saved.
2026-07-09_07-40-06 Episode 81: New best reward -2.10, training model saved.
2026-07-09_07-40-07 Episode 85: New best reward 0.30, training model saved.
2026-07-09_07-41-15 Episode 243: New best reward 3.90, training model saved.
2026-07-09_07-42-01 Episode 345: New best reward 4.00, training model saved.
2026-07-09_07-42-08 Episode 361: New best reward 4.70, training model saved.
2026-07-09_07-42-17 Episode 382: New best reward 4.90, training model saved.
2026-07-09_07-42-36 Episode 425: New best reward 6.30, training model saved.
2026-07-09_07-43-06 Episode 490: New best reward 6.80, training model saved.
2026-07-09_07-43-22 Episode 527: New best reward 8.40, training model saved.
2026-07-09_07-43-33 Episode 551: New best reward 8.60, training model saved.
2026-07-09_07-47-16 Episode 1000: New best greedy reward 8.40, model saved.
2026-07-09_07-47-55 Episode 1070: New best reward 9.50, training model saved.
2026-07-09_07-48-10 Episode 1099: New best reward 10.50, training model saved.
2026-07-09_07-48-21 Episode 1116: New best reward 12.90, training model saved.
2026-07-09_07-48-53 Episode 1167: New best reward 17.90, training model saved.
2026-07-09_07-52-26 Episode 1488: New best reward 22.40, training model saved.
2026-07-09_07-52-51 Episode 1520: New best reward 24.60, training model saved.
2026-07-09_07-52-55 Episode 1522: New best reward 27.50, training model saved.
2026-07-09_07-54-36 Episode 1648: New best reward 27.80, training model saved.
2026-07-09_07-54-55 Episode 1667: New best reward 41.40, training model saved.
2026-07-09_07-58-05 Episode 1878: New best reward 45.90, training model saved.
2026-07-09_07-59-47 Episode 2000: New best greedy reward 9.30, model saved.
2026-07-09_08-03-55 Episode 2265: New best reward 54.90, training model saved.
2026-07-09_08-05-48 Episode 2362: New best reward 68.90, training model saved.
2026-07-09_08-12-29 Episode 2749: New best reward 78.40, training model saved.
2026-07-09_08-12-42 Episode 2755: New best reward 101.90, training model saved.
2026-07-09_08-17-14 Episode 2925: New best reward 112.00, training model saved.
2026-07-09_08-19-46 Episode 3000: New best greedy reward 123.00, model saved.
2026-07-09_08-20-06 Episode 3010: New best reward 135.20, training model saved.
2026-07-09_08-24-07: Training starting...
Device: cuda
2026-07-09_08-24-08 Episode 0: New best reward -8.10, training model saved.
2026-07-09_08-24-08 Episode 0: New best greedy reward 2.00, model saved.
2026-07-09_08-24-08 Episode 1: New best reward -5.70, training model saved.
2026-07-09_08-24-44 Episode 81: New best reward -2.10, training model saved.
2026-07-09_08-24-45 Episode 85: New best reward 0.30, training model saved.
2026-07-09_08-25-40 Episode 211: New best reward 2.70, training model saved.
2026-07-09_08-25-58 Episode 250: New best reward 3.90, training model saved.
2026-07-09_08-26-12 Episode 281: New best reward 4.20, training model saved.
2026-07-09_08-26-34 Episode 330: New best reward 8.40, training model saved.
2026-07-09_08-27-19 Episode 433: New best reward 9.30, training model saved.
2026-07-09_08-27-43 Episode 485: New best reward 13.40, training model saved.
2026-07-09_08-31-47 Episode 1000: New best greedy reward 6.80, model saved.
2026-07-09_08-32-52 Episode 1118: New best reward 14.00, training model saved.
2026-07-09_08-33-21 Episode 1162: New best reward 15.30, training model saved.
2026-07-09_08-33-25 Episode 1168: New best reward 18.30, training model saved.
2026-07-09_08-33-29 Episode 1173: New best reward 22.40, training model saved.
2026-07-09_08-33-45 Episode 1192: New best reward 23.00, training model saved.
2026-07-09_08-34-14 Episode 1232: New best reward 24.70, training model saved.
2026-07-09_08-34-23 Episode 1239: New best reward 29.30, training model saved.
2026-07-09_08-35-16 Episode 1296: New best reward 29.80, training model saved.
2026-07-09_08-35-20 Episode 1300: New best reward 31.90, training model saved.
2026-07-09_08-35-25 Episode 1302: New best reward 43.60, training model saved.
2026-07-09_08-36-10 Episode 1331: New best reward 54.90, training model saved.
2026-07-09_08-36-20 Episode 1337: New best reward 57.60, training model saved.
2026-07-09_08-36-36 Episode 1345: New best reward 57.80, training model saved.
2026-07-09_08-36-55 Episode 1351: New best reward 98.10, training model saved.
2026-07-09_08-37-49 Episode 1372: New best reward 155.80, training model saved.
2026-07-09_08-42-41 Episode 1472: New best reward 167.10, training model saved.
2026-07-09_08-43-49 Episode 1490: New best reward 299.10, training model saved.
2026-07-09_08-46-23 Episode 1525: New best reward 561.50, training model saved.
2026-07-09_08-48-03 Episode 1533: New best reward 599.20, training model saved.
2026-07-09_09-05-25 Episode 1679: New best reward 1632.40, training model saved.
2026-07-09_09-08-43: Training starting...
Device: cuda
2026-07-09_09-08-44 Episode 0: New best reward -8.10, training model saved.
2026-07-09_09-08-44 Episode 0: New best greedy reward 2.00, model saved.
2026-07-09_09-08-44 Episode 1: New best reward -5.70, training model saved.
2026-07-09_09-09-21 Episode 81: New best reward -2.70, training model saved.
2026-07-09_09-09-40 Episode 123: New best reward 3.90, training model saved.
2026-07-09_09-10-31 Episode 235: New best reward 4.60, training model saved.
2026-07-09_09-10-55 Episode 287: New best reward 4.90, training model saved.
2026-07-09_09-11-15 Episode 329: New best reward 6.80, training model saved.
2026-07-09_09-11-58 Episode 420: New best reward 8.40, training model saved.
2026-07-09_09-13-58 Episode 640: New best reward 9.30, training model saved.
2026-07-09_09-15-26 Episode 781: New best reward 9.40, training model saved.
2026-07-09_09-15-49 Episode 816: New best reward 10.90, training model saved.
2026-07-09_09-16-36 Episode 888: New best reward 12.90, training model saved.
2026-07-09_09-17-30 Episode 970: New best reward 15.70, training model saved.
2026-07-09_09-17-45 Episode 992: New best reward 22.40, training model saved.
2026-07-09_09-17-52 Episode 1000: New best greedy reward 3.90, model saved.
2026-07-09_09-18-00 Episode 1008: New best reward 33.10, training model saved.
2026-07-09_09-19-28 Episode 1108: New best reward 48.30, training model saved.
2026-07-09_09-19-53 Episode 1129: New best reward 54.90, training model saved.
2026-07-09_09-22-03 Episode 1228: New best reward 56.00, training model saved.
2026-07-09_09-22-22 Episode 1239: New best reward 59.90, training model saved.
2026-07-09_09-22-41 Episode 1244: New best reward 143.90, training model saved.
2026-07-09_09-31-27 Episode 1605: New best reward 211.10, training model saved.
2026-07-09_09-39-10 Episode 1750: New best reward 363.00, training model saved.
2026-07-09_09-49-11 Episode 2000: New best greedy reward 64.90, model saved.
2026-07-09_09-53-55: Training starting...
Device: cuda
2026-07-09_09-53-56 Episode 0: New best reward -8.10, training model saved.
2026-07-09_09-53-56 Episode 0: New best greedy reward 2.00, model saved.
2026-07-09_09-53-56 Episode 1: New best reward -5.70, training model saved.
2026-07-09_09-54-29 Episode 73: New best reward -5.10, training model saved.
2026-07-09_09-54-34 Episode 81: New best reward -1.50, training model saved.
2026-07-09_09-54-35 Episode 85: New best reward 0.30, training model saved.
2026-07-09_09-54-53 Episode 123: New best reward 3.90, training model saved.
2026-07-09_09-55-32 Episode 208: New best reward 4.20, training model saved.
2026-07-09_09-55-33 Episode 211: New best reward 4.70, training model saved.
2026-07-09_09-55-34 Episode 213: New best reward 6.50, training model saved.
2026-07-09_09-56-09 Episode 286: New best reward 6.70, training model saved.
2026-07-09_09-56-42 Episode 358: New best reward 8.40, training model saved.
2026-07-09_09-57-38 Episode 472: New best reward 9.10, training model saved.
2026-07-09_09-59-40 Episode 696: New best reward 12.90, training model saved.
2026-07-09_10-00-06 Episode 740: New best reward 13.60, training model saved.
2026-07-09_10-00-23 Episode 765: New best reward 17.90, training model saved.
2026-07-09_10-02-01 Episode 907: New best reward 20.40, training model saved.
2026-07-09_10-03-08 Episode 1000: New best greedy reward 8.60, model saved.
2026-07-09_10-07-47 Episode 1352: New best reward 22.90, training model saved.
2026-07-09_10-08-41 Episode 1414: New best reward 23.10, training model saved.
2026-07-09_10-09-15: Training starting...
Device: cuda
2026-07-09_10-09-16 Episode 0: New best reward -8.10, training model saved.
2026-07-09_10-09-16 Episode 0: New best greedy reward 2.00, model saved.
2026-07-09_10-09-16 Episode 1: New best reward -5.70, training model saved.
2026-07-09_10-09-45 Episode 66: New best reward -5.10, training model saved.
2026-07-09_10-09-48 Episode 73: New best reward -3.90, training model saved.
2026-07-09_10-09-52 Episode 81: New best reward -1.50, training model saved.
2026-07-09_10-09-53 Episode 85: New best reward 0.30, training model saved.
2026-07-09_10-09-55 Episode 89: New best reward 2.10, training model saved.
2026-07-09_10-09-58 Episode 96: New best reward 3.90, training model saved.
2026-07-09_10-10-12 Episode 127: New best reward 4.10, training model saved.
2026-07-09_10-10-38 Episode 186: New best reward 8.40, training model saved.
2026-07-09_10-14-56 Episode 622: New best reward 8.60, training model saved.
2026-07-09_10-15-08 Episode 639: New best reward 8.90, training model saved.
2026-07-09_10-15-22 Episode 658: New best reward 10.90, training model saved.
2026-07-09_10-15-25 Episode 662: New best reward 11.20, training model saved.
2026-07-09_10-15-31 Episode 671: New best reward 12.90, training model saved.
2026-07-09_10-15-56 Episode 705: New best reward 13.00, training model saved.
2026-07-09_10-16-23 Episode 742: New best reward 15.60, training model saved.
2026-07-09_10-16-34 Episode 757: New best reward 22.40, training model saved.
2026-07-09_10-16-40 Episode 765: New best reward 22.50, training model saved.
2026-07-09_10-16-56 Episode 783: New best reward 24.90, training model saved.
2026-07-09_10-17-03 Episode 791: New best reward 26.90, training model saved.
2026-07-09_10-17-18 Episode 805: New best reward 55.60, training model saved.
2026-07-09_10-18-00 Episode 840: New best reward 64.40, training model saved.
2026-07-09_10-18-24 Episode 850: New best reward 97.70, training model saved.
2026-07-09_10-19-20 Episode 883: New best reward 113.80, training model saved.
2026-07-09_10-20-24 Episode 917: New best reward 120.90, training model saved.
2026-07-09_10-20-44 Episode 922: New best reward 134.60, training model saved.
2026-07-09_10-21-22 Episode 933: New best reward 195.10, training model saved.
2026-07-09_10-23-23 Episode 1000: New best greedy reward 3.90, model saved.
2026-07-09_10-47-27 Episode 2000: New best greedy reward 9.50, model saved.
2026-07-09_10-50-54 Episode 2084: New best reward 207.20, training model saved.
2026-07-09_10-51-57 Episode 2093: New best reward 341.10, training model saved.
2026-07-09_10-53-45: Training starting...
Device: cuda
2026-07-09_10-53-45 Episode 0: New best reward -8.10, training model saved.
2026-07-09_10-53-46 Episode 0: New best greedy reward 2.00, model saved.
2026-07-09_10-53-46 Episode 1: New best reward -5.70, training model saved.
2026-07-09_10-54-21 Episode 81: New best reward -2.70, training model saved.
2026-07-09_10-54-53 Episode 155: New best reward -0.90, training model saved.
2026-07-09_10-54-56 Episode 162: New best reward 3.30, training model saved.
2026-07-09_10-55-13 Episode 199: New best reward 3.90, training model saved.
2026-07-09_10-55-37 Episode 254: New best reward 4.50, training model saved.
2026-07-09_10-55-43 Episode 266: New best reward 4.60, training model saved.
2026-07-09_10-55-52 Episode 289: New best reward 4.70, training model saved.
2026-07-09_10-55-55 Episode 295: New best reward 8.40, training model saved.
2026-07-09_10-56-01 Episode 309: New best reward 9.30, training model saved.
2026-07-09_10-58-05 Episode 580: New best reward 10.50, training model saved.
2026-07-09_10-58-42: Training starting...
Device: cuda
2026-07-09_10-58-42 Episode 0: New best reward -8.10, training model saved.
2026-07-09_10-58-43 Episode 0: New best greedy reward 2.00, model saved.
2026-07-09_10-58-43 Episode 1: New best reward -5.70, training model saved.
2026-07-09_10-59-19 Episode 81: New best reward -1.50, training model saved.
2026-07-09_10-59-20 Episode 85: New best reward 0.30, training model saved.
2026-07-09_10-59-22 Episode 89: New best reward 2.10, training model saved.
2026-07-09_10-59-38 Episode 123: New best reward 3.90, training model saved.
2026-07-09_10-59-39 Episode 127: New best reward 4.20, training model saved.
2026-07-09_10-59-47 Episode 144: New best reward 6.60, training model saved.
2026-07-09_11-00-10 Episode 193: New best reward 11.10, training model saved.
2026-07-09_11-03-41 Episode 628: New best reward 11.20, training model saved.
2026-07-09_11-05-10 Episode 787: New best reward 12.90, training model saved.
2026-07-09_11-05-29 Episode 818: New best reward 13.20, training model saved.
2026-07-09_11-05-33 Episode 824: New best reward 15.60, training model saved.
2026-07-09_11-07-28 Episode 993: New best reward 15.70, training model saved.
2026-07-09_11-07-34 Episode 1000: New best greedy reward 6.40, model saved.
2026-07-09_11-07-52 Episode 1026: New best reward 15.80, training model saved.
2026-07-09_11-08-00 Episode 1036: New best reward 22.80, training model saved.
2026-07-09_11-10-16 Episode 1210: New best reward 23.20, training model saved.
2026-07-09_11-10-25 Episode 1220: New best reward 26.90, training model saved.
2026-07-09_11-10-43 Episode 1239: New best reward 27.40, training model saved.
2026-07-09_11-11-07 Episode 1264: New best reward 32.50, training model saved.
2026-07-09_11-11-53 Episode 1308: New best reward 70.00, training model saved.
2026-07-09_11-13-42: Training starting...
Device: cuda
2026-07-09_11-13-43 Episode 0: New best reward -8.10, training model saved.
2026-07-09_11-13-43 Episode 0: New best greedy reward 2.00, model saved.
2026-07-09_11-13-43 Episode 1: New best reward -5.70, training model saved.
2026-07-09_11-14-19 Episode 81: New best reward -2.70, training model saved.
2026-07-09_11-14-21 Episode 85: New best reward 0.30, training model saved.
2026-07-09_11-14-52 Episode 155: New best reward 3.90, training model saved.
2026-07-09_11-15-20 Episode 218: New best reward 4.30, training model saved.
2026-07-09_11-15-26 Episode 230: New best reward 4.50, training model saved.
2026-07-09_11-15-29 Episode 238: New best reward 4.70, training model saved.
2026-07-09_11-15-35 Episode 249: New best reward 6.10, training model saved.
2026-07-09_11-15-36 Episode 250: New best reward 6.40, training model saved.
2026-07-09_11-15-37 Episode 252: New best reward 9.00, training model saved.
2026-07-09_11-17-13 Episode 444: New best reward 11.10, training model saved.
2026-07-09_11-18-04 Episode 533: New best reward 12.90, training model saved.
2026-07-09_11-19-07 Episode 640: New best reward 13.20, training model saved.
2026-07-09_11-19-55 Episode 713: New best reward 17.90, training model saved.
2026-07-09_11-22-10 Episode 910: New best reward 23.10, training model saved.
2026-07-09_11-23-17 Episode 1000: New best greedy reward 12.90, model saved.
2026-07-09_11-25-26 Episode 1164: New best reward 27.60, training model saved.
2026-07-09_11-25-40 Episode 1181: New best reward 29.80, training model saved.
2026-07-09_11-26-25 Episode 1232: New best reward 38.70, training model saved.
2026-07-09_11-28-16 Episode 1350: New best reward 41.40, training model saved.
2026-07-09_11-28-49: Training starting...
Device: cuda
2026-07-09_11-28-49 Episode 0: New best reward -8.10, training model saved.
2026-07-09_11-28-49 Episode 0: New best greedy reward 2.00, model saved.
2026-07-09_11-28-50 Episode 1: New best reward -5.70, training model saved.
2026-07-09_11-29-21 Episode 73: New best reward -5.10, training model saved.
2026-07-09_11-29-25 Episode 81: New best reward -1.50, training model saved.
2026-07-09_11-29-27 Episode 85: New best reward 0.30, training model saved.
2026-07-09_11-29-29 Episode 89: New best reward 2.10, training model saved.
2026-07-09_11-29-32 Episode 96: New best reward 3.90, training model saved.
2026-07-09_11-29-45 Episode 127: New best reward 6.10, training model saved.
2026-07-09_11-29-47 Episode 130: New best reward 6.60, training model saved.
2026-07-09_11-30-15 Episode 192: New best reward 8.40, training model saved.
2026-07-09_11-31-03 Episode 298: New best reward 8.50, training model saved.
2026-07-09_11-34-02 Episode 612: New best reward 8.80, training model saved.
2026-07-09_11-35-17 Episode 732: New best reward 10.50, training model saved.
2026-07-09_11-35-22 Episode 740: New best reward 10.80, training model saved.
2026-07-09_11-36-11 Episode 814: New best reward 10.90, training model saved.
2026-07-09_11-36-16 Episode 821: New best reward 11.00, training model saved.
2026-07-09_11-36-20 Episode 825: New best reward 20.50, training model saved.
2026-07-09_11-36-58 Episode 866: New best reward 26.90, training model saved.
2026-07-09_11-37-11 Episode 878: New best reward 45.90, training model saved.
2026-07-09_11-37-40 Episode 901: New best reward 46.20, training model saved.
2026-07-09_11-38-41 Episode 956: New best reward 52.70, training model saved.
2026-07-09_11-39-19 Episode 1000: New best greedy reward 4.10, model saved.
2026-07-09_11-40-25 Episode 1061: New best reward 55.30, training model saved.
2026-07-09_11-40-31 Episode 1062: New best reward 74.10, training model saved.
2026-07-09_11-41-34 Episode 1106: New best reward 81.30, training model saved.
2026-07-09_11-43-37 Episode 1198: New best reward 139.50, training model saved.
2026-07-09_11-53-17 Episode 1695: New best reward 223.50, training model saved.
2026-07-09_11-56-35 Episode 1745: New best reward 529.30, training model saved.
2026-07-09_11-59-56 Episode 1789: New best reward 545.50, training model saved.
2026-07-09_12-12-02 Episode 2000: New best greedy reward 90.60, model saved.
2026-07-09_12-12-45: Training starting...
Device: cuda
2026-07-09_12-12-45 Episode 0: New best reward -8.10, training model saved.
2026-07-09_12-12-45 Episode 0: New best greedy reward 2.00, model saved.
2026-07-09_12-12-46 Episode 1: New best reward -5.70, training model saved.
2026-07-09_12-13-21 Episode 81: New best reward -2.10, training model saved.
2026-07-09_12-14-56 Episode 299: New best reward 0.90, training model saved.
2026-07-09_12-15-22 Episode 358: New best reward 1.50, training model saved.
2026-07-09_12-15-42 Episode 405: New best reward 2.70, training model saved.
2026-07-09_12-16-06 Episode 456: New best reward 3.90, training model saved.
2026-07-09_12-16-55 Episode 569: New best reward 4.20, training model saved.
2026-07-09_12-17-16 Episode 617: New best reward 6.50, training model saved.
2026-07-09_12-18-09: Training starting...
Device: cuda
2026-07-09_12-18-09 Episode 0: New best reward -8.10, training model saved.
2026-07-09_12-18-10 Episode 0: New best greedy reward 2.00, model saved.
2026-07-09_12-18-10 Episode 1: New best reward -5.70, training model saved.
2026-07-09_12-18-45 Episode 81: New best reward -2.10, training model saved.
2026-07-09_12-19-41 Episode 211: New best reward 2.70, training model saved.
2026-07-09_12-20-14 Episode 287: New best reward 3.90, training model saved.
2026-07-09_12-21-06 Episode 406: New best reward 4.40, training model saved.
2026-07-09_12-21-12 Episode 418: New best reward 6.00, training model saved.
2026-07-09_12-22-48 Episode 632: New best reward 10.90, training model saved.
2026-07-09_12-26-19 Episode 1076: New best reward 13.30, training model saved.
2026-07-09_12-27-46 Episode 1227: New best reward 15.60, training model saved.
2026-07-09_12-28-04 Episode 1253: New best reward 15.70, training model saved.
2026-07-09_12-28-35 Episode 1298: New best reward 27.10, training model saved.
2026-07-09_12-29-24 Episode 1367: New best reward 31.90, training model saved.
2026-07-09_12-30-10 Episode 1418: New best reward 37.60, training model saved.
2026-07-09_12-30-16 Episode 1421: New best reward 57.70, training model saved.
2026-07-09_12-30-36 Episode 1437: New best reward 69.20, training model saved.
2026-07-09_12-32-04 Episode 1478: New best reward 178.60, training model saved.
2026-07-09_12-36-32 Episode 1578: New best reward 314.40, training model saved.
2026-07-09_12-42-21 Episode 1657: New best reward 316.40, training model saved.
2026-07-09_12-45-46 Episode 1689: New best reward 671.60, training model saved.
2026-07-09_12-52-00 Episode 1720: New best reward 934.70, training model saved.
2026-07-09_13-02-14: Training starting...
Device: cuda
2026-07-09_13-02-14 Episode 0: New best reward -8.10, training model saved.
2026-07-09_13-02-14 Episode 0: New best greedy reward 2.00, model saved.
2026-07-09_13-02-15 Episode 1: New best reward -5.70, training model saved.
2026-07-09_13-02-49 Episode 81: New best reward -2.10, training model saved.
2026-07-09_13-04-22 Episode 299: New best reward -0.30, training model saved.
2026-07-09_13-04-48 Episode 358: New best reward 1.50, training model saved.
2026-07-09_13-04-49 Episode 360: New best reward 3.90, training model saved.
2026-07-09_13-06-18 Episode 569: New best reward 4.00, training model saved.
2026-07-09_13-06-35 Episode 605: New best reward 4.50, training model saved.
2026-07-09_13-06-40 Episode 617: New best reward 6.50, training model saved.
2026-07-09_13-07-47 Episode 769: New best reward 6.80, training model saved.
2026-07-09_13-09-19 Episode 980: New best reward 8.40, training model saved.
2026-07-09_13-10-48 Episode 1183: New best reward 9.00, training model saved.
2026-07-09_13-11-54 Episode 1326: New best reward 10.70, training model saved.
2026-07-09_13-12-26 Episode 1391: New best reward 10.90, training model saved.
2026-07-09_13-12-42 Episode 1422: New best reward 13.70, training model saved.
2026-07-09_13-13-01 Episode 1455: New best reward 13.90, training model saved.
2026-07-09_13-14-41 Episode 1638: New best reward 25.30, training model saved.
2026-07-09_13-17-01: Training starting...
Device: cuda
2026-07-09_13-17-02 Episode 0: New best reward -8.10, training model saved.
2026-07-09_13-17-02 Episode 0: New best greedy reward 2.00, model saved.
2026-07-09_13-17-02 Episode 1: New best reward -5.70, training model saved.
2026-07-09_13-17-30 Episode 63: New best reward -3.90, training model saved.
2026-07-09_13-17-35 Episode 73: New best reward -0.30, training model saved.
2026-07-09_13-17-41 Episode 85: New best reward 0.30, training model saved.
2026-07-09_13-17-42 Episode 89: New best reward 1.50, training model saved.
2026-07-09_13-17-45 Episode 96: New best reward 3.90, training model saved.
2026-07-09_13-18-12 Episode 155: New best reward 4.00, training model saved.
2026-07-09_13-18-31 Episode 196: New best reward 8.40, training model saved.
2026-07-09_13-19-26 Episode 311: New best reward 11.10, training model saved.
2026-07-09_13-21-19 Episode 517: New best reward 11.20, training model saved.
2026-07-09_13-22-13 Episode 610: New best reward 11.30, training model saved.
2026-07-09_13-25-41 Episode 1000: New best greedy reward 4.00, model saved.
2026-07-09_13-25-53 Episode 1019: New best reward 12.90, training model saved.
2026-07-09_13-26-26 Episode 1068: New best reward 13.30, training model saved.
2026-07-09_13-27-09 Episode 1133: New best reward 13.60, training model saved.
2026-07-09_13-28-19 Episode 1256: New best reward 15.40, training model saved.
2026-07-09_13-32-19: Training starting...
Device: cuda
2026-07-09_13-32-20 Episode 0: New best reward -8.10, training model saved.
2026-07-09_13-32-20 Episode 0: New best greedy reward 2.00, model saved.
2026-07-09_13-32-20 Episode 1: New best reward -5.70, training model saved.
2026-07-09_13-32-56 Episode 81: New best reward -2.70, training model saved.
2026-07-09_13-33-14 Episode 123: New best reward -0.90, training model saved.
2026-07-09_13-33-28 Episode 155: New best reward -0.30, training model saved.
2026-07-09_13-33-31 Episode 162: New best reward 3.90, training model saved.
2026-07-09_13-34-09 Episode 248: New best reward 4.10, training model saved.
2026-07-09_13-34-10 Episode 250: New best reward 4.90, training model saved.
2026-07-09_13-34-12 Episode 253: New best reward 6.30, training model saved.
2026-07-09_13-34-31 Episode 297: New best reward 6.50, training model saved.
2026-07-09_13-35-10 Episode 383: New best reward 6.70, training model saved.
2026-07-09_13-35-11 Episode 384: New best reward 8.40, training model saved.
2026-07-09_13-35-30 Episode 424: New best reward 10.60, training model saved.
2026-07-09_13-36-40 Episode 571: New best reward 12.90, training model saved.
2026-07-09_13-37-18: Training starting...
Device: cuda
2026-07-09_13-37-19 Episode 0: New best reward -8.10, training model saved.
2026-07-09_13-37-19 Episode 0: New best greedy reward 2.00, model saved.
2026-07-09_13-37-19 Episode 1: New best reward -5.70, training model saved.
2026-07-09_13-37-55 Episode 81: New best reward -1.50, training model saved.
2026-07-09_13-37-57 Episode 85: New best reward 0.30, training model saved.
2026-07-09_13-38-30 Episode 162: New best reward 4.00, training model saved.
2026-07-09_13-38-50 Episode 206: New best reward 4.60, training model saved.
2026-07-09_13-39-10 Episode 249: New best reward 6.10, training model saved.
2026-07-09_13-39-13 Episode 257: New best reward 6.60, training model saved.
2026-07-09_13-39-14 Episode 258: New best reward 6.70, training model saved.
2026-07-09_13-39-27 Episode 285: New best reward 8.40, training model saved.
2026-07-09_13-40-26 Episode 407: New best reward 9.20, training model saved.
2026-07-09_13-41-37 Episode 531: New best reward 10.70, training model saved.
2026-07-09_13-42-24 Episode 606: New best reward 13.00, training model saved.
2026-07-09_13-43-27 Episode 698: New best reward 15.80, training model saved.
2026-07-09_13-44-14 Episode 764: New best reward 22.40, training model saved.
2026-07-09_13-44-23 Episode 772: New best reward 26.30, training model saved.
2026-07-09_13-45-05 Episode 818: New best reward 31.90, training model saved.
2026-07-09_13-45-08 Episode 819: New best reward 36.40, training model saved.
2026-07-09_13-45-59 Episode 886: New best reward 37.30, training model saved.
2026-07-09_13-46-11 Episode 894: New best reward 48.80, training model saved.
2026-07-09_13-47-01 Episode 936: New best reward 66.60, training model saved.
2026-07-09_13-47-47 Episode 952: New best reward 275.50, training model saved.
2026-07-09_13-49-43 Episode 1000: New best greedy reward 17.90, model saved.
2026-07-09_13-59-40 Episode 1278: New best reward 279.00, training model saved.
2026-07-09_14-03-32 Episode 1355: New best reward 368.60, training model saved.
2026-07-09_14-15-30 Episode 1568: New best reward 508.10, training model saved.
2026-07-09_14-17-38 Episode 1581: New best reward 522.20, training model saved.
2026-07-09_14-21-30: Training starting...
Device: cuda
2026-07-09_14-21-31 Episode 0: New best reward -8.10, training model saved.
2026-07-09_14-21-31 Episode 0: New best greedy reward 2.00, model saved.
2026-07-09_14-21-31 Episode 1: New best reward -5.70, training model saved.
2026-07-09_14-22-07 Episode 81: New best reward -2.10, training model saved.
2026-07-09_14-23-42 Episode 299: New best reward 0.90, training model saved.
2026-07-09_14-24-09 Episode 358: New best reward 1.50, training model saved.
2026-07-09_14-24-28 Episode 405: New best reward 2.10, training model saved.
2026-07-09_14-24-52 Episode 456: New best reward 3.90, training model saved.
2026-07-09_14-25-41 Episode 569: New best reward 4.20, training model saved.
2026-07-09_14-26-03 Episode 617: New best reward 6.50, training model saved.
2026-07-09_14-26-50 Episode 724: New best reward 6.80, training model saved.
2026-07-09_14-26-56: Training starting...
Device: cuda
2026-07-09_14-26-57 Episode 0: New best reward -8.10, training model saved.
2026-07-09_14-26-57 Episode 0: New best greedy reward 2.00, model saved.
2026-07-09_14-26-58 Episode 1: New best reward -5.70, training model saved.
2026-07-09_14-27-33 Episode 81: New best reward -2.70, training model saved.
2026-07-09_14-27-35 Episode 85: New best reward 0.30, training model saved.
2026-07-09_14-27-51 Episode 123: New best reward 4.10, training model saved.
2026-07-09_14-28-16 Episode 179: New best reward 6.00, training model saved.
2026-07-09_14-28-49 Episode 253: New best reward 6.60, training model saved.
2026-07-09_14-29-15 Episode 312: New best reward 11.00, training model saved.
2026-07-09_14-31-17 Episode 571: New best reward 13.30, training model saved.
2026-07-09_14-33-44 Episode 838: New best reward 13.60, training model saved.
2026-07-09_14-34-09 Episode 876: New best reward 22.70, training model saved.
2026-07-09_14-35-18 Episode 977: New best reward 27.40, training model saved.
2026-07-09_14-35-33 Episode 1000: New best greedy reward 6.50, model saved.
2026-07-09_14-37-22 Episode 1143: New best reward 28.00, training model saved.
2026-07-09_14-37-42 Episode 1163: New best reward 36.40, training model saved.
2026-07-09_14-37-56 Episode 1170: New best reward 74.70, training model saved.
2026-07-09_14-41-42 Episode 1344: New best reward 85.50, training model saved.
2026-07-09_14-43-37 Episode 1403: New best reward 110.90, training model saved.
2026-07-09_14-43-49 Episode 1404: New best reward 167.10, training model saved.
2026-07-09_14-52-55 Episode 1669: New best reward 312.50, training model saved.
2026-07-09_14-58-35 Episode 1774: New best reward 316.40, training model saved.
2026-07-09_15-03-22 Episode 1824: New best reward 387.20, training model saved.
2026-07-09_15-11-20: Training starting...
Device: cuda
2026-07-09_15-11-21 Episode 0: New best reward -8.10, training model saved.
2026-07-09_15-11-21 Episode 0: New best greedy reward 2.00, model saved.
2026-07-09_15-11-21 Episode 1: New best reward -5.70, training model saved.
2026-07-09_15-11-58 Episode 81: New best reward -2.10, training model saved.
2026-07-09_15-12-00 Episode 85: New best reward 0.30, training model saved.
2026-07-09_15-12-34 Episode 162: New best reward 2.10, training model saved.
2026-07-09_15-12-58 Episode 211: New best reward 3.30, training model saved.
2026-07-09_15-13-09 Episode 235: New best reward 3.90, training model saved.
2026-07-09_15-13-34 Episode 287: New best reward 4.90, training model saved.
2026-07-09_15-14-07 Episode 360: New best reward 6.00, training model saved.
2026-07-09_15-14-18 Episode 381: New best reward 8.40, training model saved.
2026-07-09_15-16-54 Episode 705: New best reward 9.30, training model saved.
2026-07-09_15-18-15 Episode 868: New best reward 10.90, training model saved.
2026-07-09_15-20-01 Episode 1067: New best reward 11.20, training model saved.
2026-07-09_15-20-11 Episode 1087: New best reward 12.90, training model saved.
2026-07-09_15-21-01 Episode 1174: New best reward 13.30, training model saved.
2026-07-09_15-23-50 Episode 1463: New best reward 17.90, training model saved.
2026-07-09_15-26-51: Training starting...
Device: cuda
2026-07-09_15-26-51 Episode 0: New best reward -8.10, training model saved.
2026-07-09_15-26-51 Episode 0: New best greedy reward 2.00, model saved.
2026-07-09_15-26-52 Episode 1: New best reward -5.70, training model saved.
2026-07-09_15-27-23 Episode 73: New best reward -5.10, training model saved.
2026-07-09_15-27-27 Episode 81: New best reward -2.70, training model saved.
2026-07-09_15-27-29 Episode 85: New best reward 0.30, training model saved.
2026-07-09_15-28-02 Episode 162: New best reward 3.90, training model saved.
2026-07-09_15-28-42 Episode 250: New best reward 4.30, training model saved.
2026-07-09_15-29-04 Episode 302: New best reward 6.80, training model saved.
2026-07-09_15-29-17 Episode 329: New best reward 8.40, training model saved.
2026-07-09_15-30-49 Episode 516: New best reward 8.60, training model saved.
2026-07-09_15-31-01 Episode 536: New best reward 8.70, training model saved.
2026-07-09_15-31-10 Episode 551: New best reward 11.10, training model saved.
2026-07-09_15-31-22 Episode 572: New best reward 11.20, training model saved.
2026-07-09_15-31-44 Episode 611: New best reward 12.90, training model saved.
2026-07-09_15-32-17 Episode 660: New best reward 18.50, training model saved.
2026-07-09_15-33-10 Episode 730: New best reward 19.10, training model saved.
2026-07-09_15-33-43 Episode 770: New best reward 23.20, training model saved.
2026-07-09_15-33-57 Episode 781: New best reward 27.70, training model saved.
2026-07-09_15-35-01 Episode 852: New best reward 34.70, training model saved.
2026-07-09_15-35-37 Episode 890: New best reward 36.40, training model saved.
2026-07-09_15-35-47 Episode 896: New best reward 45.90, training model saved.
2026-07-09_15-35-56 Episode 902: New best reward 53.20, training model saved.
2026-07-09_15-36-11 Episode 910: New best reward 61.10, training model saved.
2026-07-09_15-37-25 Episode 946: New best reward 113.10, training model saved.
2026-07-09_15-37-54 Episode 957: New best reward 120.40, training model saved.
2026-07-09_15-39-07 Episode 984: New best reward 124.90, training model saved.
2026-07-09_15-40-14 Episode 1000: New best greedy reward 550.00, model saved.
2026-07-09_15-41-19 Episode 1024: New best reward 155.80, training model saved.
2026-07-09_15-44-06 Episode 1071: New best reward 158.00, training model saved.
2026-07-09_15-47-10 Episode 1167: New best reward 216.60, training model saved.
2026-07-09_15-48-27 Episode 1194: New best reward 340.40, training model saved.
2026-07-09_15-56-18 Episode 1356: New best reward 447.60, training model saved.
2026-07-09_16-07-09 Episode 1477: New best reward 466.40, training model saved.
2026-07-09_16-20-20: Training starting...
Device: cuda
2026-07-09_16-20-21 Episode 0: New best reward -8.10, training model saved.
2026-07-09_16-20-21 Episode 0: New best greedy reward 2.00, model saved.
2026-07-09_16-20-21 Episode 1: New best reward -5.70, training model saved.
2026-07-09_16-20-49 Episode 63: New best reward -3.90, training model saved.
2026-07-09_16-20-53 Episode 73: New best reward -0.30, training model saved.
2026-07-09_16-20-58 Episode 85: New best reward 0.30, training model saved.
2026-07-09_16-21-00 Episode 89: New best reward 3.30, training model saved.
2026-07-09_16-21-03 Episode 96: New best reward 3.90, training model saved.
2026-07-09_16-21-10 Episode 113: New best reward 4.60, training model saved.
2026-07-09_16-21-21 Episode 137: New best reward 6.70, training model saved.
2026-07-09_16-21-38 Episode 173: New best reward 8.90, training model saved.
2026-07-09_16-23-52 Episode 436: New best reward 10.80, training model saved.
2026-07-09_16-26-08 Episode 640: New best reward 12.90, training model saved.
2026-07-09_16-26-12 Episode 646: New best reward 13.60, training model saved.
2026-07-09_16-26-24 Episode 659: New best reward 17.90, training model saved.
2026-07-09_16-26-35 Episode 675: New best reward 20.70, training model saved.
2026-07-09_16-27-01 Episode 708: New best reward 27.40, training model saved.
2026-07-09_16-27-18 Episode 726: New best reward 29.50, training model saved.
2026-07-09_16-28-25 Episode 807: New best reward 34.60, training model saved.
2026-07-09_16-30-07 Episode 913: New best reward 41.60, training model saved.
2026-07-09_16-31-27 Episode 992: New best reward 46.20, training model saved.
2026-07-09_16-31-35 Episode 997: New best reward 48.70, training model saved.
2026-07-09_16-31-42 Episode 1000: New best greedy reward 17.90, model saved.
2026-07-09_16-32-14 Episode 1021: New best reward 55.10, training model saved.
2026-07-09_16-32-39 Episode 1036: New best reward 60.00, training model saved.
2026-07-09_16-33-23 Episode 1057: New best reward 80.80, training model saved.
2026-07-09_16-33-41 Episode 1062: New best reward 103.00, training model saved.
2026-07-09_16-35-29 Episode 1096: New best reward 135.00, training model saved.
2026-07-09_16-37-03 Episode 1126: New best reward 163.20, training model saved.
2026-07-09_16-37-57 Episode 1134: New best reward 190.40, training model saved.
2026-07-09_16-38-54 Episode 1148: New best reward 260.50, training model saved.
2026-07-09_16-41-25 Episode 1184: New best reward 657.00, training model saved.
[worker] done. total trials in study: 400
2026-07-09_06-39-43: Training starting...
Device: cuda
2026-07-09_06-39-50 Episode 0: New best reward -8.10, training model saved.
2026-07-09_06-39-50 Episode 0: New best greedy reward 2.00, model saved.
2026-07-09_06-39-51 Episode 1: New best reward -5.70, training model saved.
2026-07-09_06-40-27 Episode 81: New best reward -2.10, training model saved.
2026-07-09_06-40-29 Episode 85: New best reward 0.30, training model saved.
2026-07-09_06-41-04 Episode 164: New best reward 1.50, training model saved.
2026-07-09_06-41-14 Episode 187: New best reward 3.90, training model saved.
2026-07-09_06-41-43 Episode 250: New best reward 6.50, training model saved.
2026-07-09_06-42-37 Episode 375: New best reward 6.70, training model saved.
2026-07-09_06-42-49 Episode 403: New best reward 8.40, training model saved.
2026-07-09_06-45-20: Training starting...
Device: cuda
2026-07-09_06-45-21 Episode 0: New best reward -8.10, training model saved.
2026-07-09_06-45-21 Episode 0: New best greedy reward 2.00, model saved.
2026-07-09_06-45-22 Episode 1: New best reward -5.70, training model saved.
2026-07-09_06-45-49 Episode 63: New best reward -3.30, training model saved.
2026-07-09_06-45-57 Episode 81: New best reward -1.50, training model saved.
2026-07-09_06-45-59 Episode 85: New best reward 0.30, training model saved.
2026-07-09_06-46-01 Episode 89: New best reward 1.50, training model saved.
2026-07-09_06-46-16 Episode 123: New best reward 4.00, training model saved.
2026-07-09_06-46-18 Episode 127: New best reward 4.20, training model saved.
2026-07-09_06-46-25 Episode 144: New best reward 4.40, training model saved.
2026-07-09_06-46-32 Episode 160: New best reward 4.60, training model saved.
2026-07-09_06-46-39 Episode 175: New best reward 8.40, training model saved.
2026-07-09_06-48-26 Episode 404: New best reward 8.90, training model saved.
2026-07-09_06-49-19 Episode 509: New best reward 11.20, training model saved.
2026-07-09_06-49-30 Episode 527: New best reward 11.30, training model saved.
2026-07-09_06-49-31 Episode 529: New best reward 17.90, training model saved.
2026-07-09_06-49-34 Episode 532: New best reward 20.80, training model saved.
2026-07-09_06-53-30 Episode 1000: New best greedy reward 3.90, model saved.
2026-07-09_07-00-19: Training starting...
Device: cuda
2026-07-09_07-00-19 Episode 0: New best reward -8.10, training model saved.
2026-07-09_07-00-20 Episode 0: New best greedy reward 2.00, model saved.
2026-07-09_07-00-20 Episode 1: New best reward -5.70, training model saved.
2026-07-09_07-00-56 Episode 81: New best reward -2.10, training model saved.
2026-07-09_07-02-32 Episode 299: New best reward -0.30, training model saved.
2026-07-09_07-02-58 Episode 358: New best reward 1.50, training model saved.
2026-07-09_07-02-59 Episode 360: New best reward 3.90, training model saved.
2026-07-09_07-04-31 Episode 569: New best reward 4.00, training model saved.
2026-07-09_07-04-47 Episode 601: New best reward 4.60, training model saved.
2026-07-09_07-05-34 Episode 708: New best reward 4.90, training model saved.
2026-07-09_07-05-45 Episode 734: New best reward 6.30, training model saved.
2026-07-09_07-05-48: Training starting...
Device: cuda
2026-07-09_07-05-48 Episode 0: New best reward -8.10, training model saved.
2026-07-09_07-05-48 Episode 0: New best greedy reward 2.00, model saved.
2026-07-09_07-05-49 Episode 1: New best reward -5.70, training model saved.
2026-07-09_07-06-26 Episode 81: New best reward -2.10, training model saved.
2026-07-09_07-08-03 Episode 299: New best reward 0.90, training model saved.
2026-07-09_07-08-31 Episode 358: New best reward 1.50, training model saved.
2026-07-09_07-08-32 Episode 360: New best reward 3.90, training model saved.
2026-07-09_07-08-41 Episode 382: New best reward 4.80, training model saved.
2026-07-09_07-10-37 Episode 634: New best reward 5.00, training model saved.
2026-07-09_07-10-38 Episode 636: New best reward 8.40, training model saved.
2026-07-09_07-11-26: Training starting...
Device: cuda
2026-07-09_07-11-27 Episode 0: New best reward -8.10, training model saved.
2026-07-09_07-11-27 Episode 0: New best greedy reward 2.00, model saved.
2026-07-09_07-11-27 Episode 1: New best reward -5.70, training model saved.
2026-07-09_07-12-05 Episode 81: New best reward -2.10, training model saved.
2026-07-09_07-13-43 Episode 299: New best reward 0.30, training model saved.
2026-07-09_07-14-11 Episode 358: New best reward 1.50, training model saved.
2026-07-09_07-14-12 Episode 360: New best reward 3.90, training model saved.
2026-07-09_07-14-22 Episode 382: New best reward 4.50, training model saved.
2026-07-09_07-16-06 Episode 605: New best reward 8.40, training model saved.
2026-07-09_07-24-37 Episode 1636: New best reward 8.50, training model saved.
2026-07-09_07-25-31 Episode 1731: New best reward 9.40, training model saved.
2026-07-09_07-28-08 Episode 2000: New best greedy reward 6.40, model saved.
2026-07-09_07-39-11 Episode 3000: New best greedy reward 6.80, model saved.
2026-07-09_07-48-44 Episode 3750: New best reward 12.90, training model saved.
2026-07-09_07-49-23 Episode 3798: New best reward 13.50, training model saved.
2026-07-09_07-50-55 Episode 3913: New best reward 13.90, training model saved.
2026-07-09_07-52-01 Episode 4000: New best greedy reward 8.60, model saved.
2026-07-09_07-52-17 Episode 4017: New best reward 18.60, training model saved.
2026-07-09_07-53-00 Episode 4066: New best reward 22.40, training model saved.
2026-07-09_07-53-05 Episode 4071: New best reward 27.70, training model saved.
2026-07-09_07-53-46 Episode 4116: New best reward 29.20, training model saved.
2026-07-09_07-54-47 Episode 4178: New best reward 37.30, training model saved.
2026-07-09_07-55-01 Episode 4193: New best reward 40.90, training model saved.
2026-07-09_07-56-29 Episode 4269: New best reward 43.10, training model saved.
2026-07-09_07-56-57 Episode 4288: New best reward 43.60, training model saved.
2026-07-09_07-58-33: Training starting...
Device: cuda
2026-07-09_07-58-34 Episode 0: New best reward -8.10, training model saved.
2026-07-09_07-58-34 Episode 0: New best greedy reward 2.00, model saved.
2026-07-09_07-58-34 Episode 1: New best reward -5.70, training model saved.
2026-07-09_07-59-12 Episode 81: New best reward -2.10, training model saved.
2026-07-09_07-59-14 Episode 85: New best reward 0.30, training model saved.
2026-07-09_08-00-04 Episode 195: New best reward 1.50, training model saved.
2026-07-09_08-00-21 Episode 235: New best reward 2.70, training model saved.
2026-07-09_08-00-24 Episode 243: New best reward 3.90, training model saved.
2026-07-09_08-01-09 Episode 329: New best reward 8.40, training model saved.
2026-07-09_08-06-36 Episode 1000: New best greedy reward 6.10, model saved.
2026-07-09_08-08-23 Episode 1195: New best reward 9.30, training model saved.
2026-07-09_08-08-45 Episode 1235: New best reward 12.90, training model saved.
2026-07-09_08-11-26 Episode 1513: New best reward 20.20, training model saved.
2026-07-09_08-14-35: Training starting...
Device: cuda
2026-07-09_08-14-35 Episode 0: New best reward -8.10, training model saved.
2026-07-09_08-14-35 Episode 0: New best greedy reward 2.00, model saved.
2026-07-09_08-14-36 Episode 1: New best reward -5.70, training model saved.
2026-07-09_08-15-11 Episode 81: New best reward -2.70, training model saved.
2026-07-09_08-15-30 Episode 123: New best reward -1.50, training model saved.
2026-07-09_08-15-46 Episode 162: New best reward 3.90, training model saved.
2026-07-09_08-16-26 Episode 250: New best reward 7.80, training model saved.
2026-07-09_08-16-49 Episode 301: New best reward 8.40, training model saved.
2026-07-09_08-18-03 Episode 447: New best reward 11.10, training model saved.
2026-07-09_08-19-41 Episode 603: New best reward 11.30, training model saved.
2026-07-09_08-19-52 Episode 618: New best reward 13.50, training model saved.
2026-07-09_08-20-32 Episode 674: New best reward 15.10, training model saved.
2026-07-09_08-21-09 Episode 719: New best reward 15.60, training model saved.
2026-07-09_08-21-15 Episode 726: New best reward 20.80, training model saved.
2026-07-09_08-22-28 Episode 819: New best reward 22.40, training model saved.
2026-07-09_08-22-45 Episode 840: New best reward 23.20, training model saved.
2026-07-09_08-23-30 Episode 896: New best reward 28.10, training model saved.
2026-07-09_08-24-16 Episode 945: New best reward 29.60, training model saved.
2026-07-09_08-24-38 Episode 966: New best reward 31.90, training model saved.
2026-07-09_08-24-46 Episode 972: New best reward 40.90, training model saved.
2026-07-09_08-24-54 Episode 978: New best reward 50.40, training model saved.
2026-07-09_08-25-17 Episode 1000: New best greedy reward 37.00, model saved.
2026-07-09_08-25-44 Episode 1015: New best reward 92.40, training model saved.
2026-07-09_08-33-50 Episode 1362: New best reward 101.90, training model saved.
2026-07-09_08-34-09 Episode 1365: New best reward 154.00, training model saved.
2026-07-09_08-36-15 Episode 1404: New best reward 176.40, training model saved.
2026-07-09_08-55-11 Episode 2079: New best reward 213.90, training model saved.
2026-07-09_08-55-57 Episode 2089: New best reward 289.10, training model saved.
2026-07-09_08-59-26: Training starting...
Device: cuda
2026-07-09_08-59-27 Episode 0: New best reward -8.10, training model saved.
2026-07-09_08-59-27 Episode 0: New best greedy reward 2.00, model saved.
2026-07-09_08-59-27 Episode 1: New best reward -5.70, training model saved.
2026-07-09_09-00-03 Episode 81: New best reward -2.10, training model saved.
2026-07-09_09-01-39 Episode 299: New best reward -0.30, training model saved.
2026-07-09_09-02-05 Episode 358: New best reward 0.90, training model saved.
2026-07-09_09-02-25 Episode 405: New best reward 2.10, training model saved.
2026-07-09_09-02-34 Episode 423: New best reward 3.90, training model saved.
2026-07-09_09-03-38 Episode 569: New best reward 4.20, training model saved.
2026-07-09_09-04-35 Episode 699: New best reward 4.30, training model saved.
2026-07-09_09-04-44 Episode 719: New best reward 4.70, training model saved.
2026-07-09_09-04-53: Training starting...
Device: cuda
2026-07-09_09-04-54 Episode 0: New best reward -8.10, training model saved.
2026-07-09_09-04-54 Episode 0: New best greedy reward 2.00, model saved.
2026-07-09_09-04-54 Episode 1: New best reward -5.70, training model saved.
2026-07-09_09-05-30 Episode 81: New best reward -1.50, training model saved.
2026-07-09_09-05-31 Episode 85: New best reward 0.30, training model saved.
2026-07-09_09-05-33 Episode 89: New best reward 2.10, training model saved.
2026-07-09_09-05-49 Episode 123: New best reward 3.90, training model saved.
2026-07-09_09-06-06 Episode 162: New best reward 4.10, training model saved.
2026-07-09_09-06-29 Episode 211: New best reward 4.60, training model saved.
2026-07-09_09-06-47 Episode 252: New best reward 6.10, training model saved.
2026-07-09_09-07-10 Episode 301: New best reward 8.40, training model saved.
2026-07-09_09-08-08 Episode 413: New best reward 12.90, training model saved.
2026-07-09_09-14-24 Episode 1000: New best greedy reward 6.80, model saved.
2026-07-09_09-15-42 Episode 1108: New best reward 13.60, training model saved.
2026-07-09_09-15-43 Episode 1109: New best reward 13.70, training model saved.
2026-07-09_09-15-59 Episode 1128: New best reward 18.30, training model saved.
2026-07-09_09-18-59 Episode 1353: New best reward 18.50, training model saved.
2026-07-09_09-20-01: Training starting...
Device: cuda
2026-07-09_09-20-01 Episode 0: New best reward -8.10, training model saved.
2026-07-09_09-20-01 Episode 0: New best greedy reward 2.00, model saved.
2026-07-09_09-20-02 Episode 1: New best reward -5.70, training model saved.
2026-07-09_09-20-37 Episode 81: New best reward -2.10, training model saved.
2026-07-09_09-20-39 Episode 85: New best reward 0.30, training model saved.
2026-07-09_09-21-34 Episode 211: New best reward 3.30, training model saved.
2026-07-09_09-21-45 Episode 235: New best reward 3.90, training model saved.
2026-07-09_09-22-08 Episode 287: New best reward 4.90, training model saved.
2026-07-09_09-23-14 Episode 436: New best reward 6.10, training model saved.
2026-07-09_09-23-16 Episode 441: New best reward 8.40, training model saved.
2026-07-09_09-26-06 Episode 804: New best reward 10.80, training model saved.
2026-07-09_09-26-12 Episode 817: New best reward 11.10, training model saved.
2026-07-09_09-26-49 Episode 886: New best reward 17.90, training model saved.
2026-07-09_09-29-36 Episode 1187: New best reward 18.00, training model saved.
2026-07-09_09-33-24 Episode 1542: New best reward 20.20, training model saved.
2026-07-09_09-34-31 Episode 1634: New best reward 22.40, training model saved.
2026-07-09_09-34-45: Training starting...
Device: cuda
2026-07-09_09-34-46 Episode 0: New best reward -8.10, training model saved.
2026-07-09_09-34-46 Episode 0: New best greedy reward 2.00, model saved.
2026-07-09_09-34-46 Episode 1: New best reward -5.70, training model saved.
2026-07-09_09-35-21 Episode 81: New best reward -2.10, training model saved.
2026-07-09_09-35-23 Episode 85: New best reward 0.30, training model saved.
2026-07-09_09-36-16 Episode 211: New best reward 2.70, training model saved.
2026-07-09_09-36-26 Episode 235: New best reward 3.90, training model saved.
2026-07-09_09-36-50 Episode 287: New best reward 4.10, training model saved.
2026-07-09_09-37-09 Episode 330: New best reward 4.40, training model saved.
2026-07-09_09-37-18 Episode 351: New best reward 6.00, training model saved.
2026-07-09_09-38-10 Episode 470: New best reward 8.40, training model saved.
2026-07-09_09-39-30 Episode 650: New best reward 12.90, training model saved.
2026-07-09_09-40-42 Episode 803: New best reward 13.60, training model saved.
2026-07-09_09-41-59 Episode 935: New best reward 13.70, training model saved.
2026-07-09_09-42-38 Episode 996: New best reward 15.40, training model saved.
2026-07-09_09-42-41 Episode 1000: New best greedy reward 4.40, model saved.
2026-07-09_09-43-04 Episode 1032: New best reward 17.90, training model saved.
2026-07-09_09-43-58 Episode 1110: New best reward 23.10, training model saved.
2026-07-09_09-44-43 Episode 1164: New best reward 26.90, training model saved.
2026-07-09_09-44-47 Episode 1167: New best reward 31.90, training model saved.
2026-07-09_09-45-46 Episode 1227: New best reward 36.90, training model saved.
2026-07-09_09-47-04 Episode 1299: New best reward 46.20, training model saved.
2026-07-09_09-47-27 Episode 1316: New best reward 48.30, training model saved.
2026-07-09_09-47-38 Episode 1323: New best reward 54.90, training model saved.
2026-07-09_09-47-57 Episode 1331: New best reward 74.00, training model saved.
2026-07-09_09-48-02 Episode 1332: New best reward 74.70, training model saved.
2026-07-09_09-48-46 Episode 1354: New best reward 124.90, training model saved.
2026-07-09_09-50-56 Episode 1404: New best reward 180.90, training model saved.
2026-07-09_09-52-42 Episode 1427: New best reward 279.20, training model saved.
2026-07-09_09-55-38 Episode 1469: New best reward 318.60, training model saved.
2026-07-09_09-56-25 Episode 1475: New best reward 519.60, training model saved.
2026-07-09_10-07-08 Episode 1609: New best reward 713.10, training model saved.
2026-07-09_10-12-02 Episode 1643: New best reward 879.30, training model saved.
2026-07-09_10-19-19: Training starting...
Device: cuda
2026-07-09_10-19-19 Episode 0: New best reward -8.10, training model saved.
2026-07-09_10-19-20 Episode 0: New best greedy reward 2.00, model saved.
2026-07-09_10-19-20 Episode 1: New best reward -5.70, training model saved.
2026-07-09_10-19-55 Episode 81: New best reward -2.10, training model saved.
2026-07-09_10-19-57 Episode 85: New best reward 0.30, training model saved.
2026-07-09_10-20-30 Episode 162: New best reward 1.50, training model saved.
2026-07-09_10-20-45 Episode 195: New best reward 2.10, training model saved.
2026-07-09_10-20-47 Episode 200: New best reward 3.90, training model saved.
2026-07-09_10-21-17 Episode 266: New best reward 4.20, training model saved.
2026-07-09_10-21-26 Episode 287: New best reward 4.70, training model saved.
2026-07-09_10-21-45 Episode 329: New best reward 6.00, training model saved.
2026-07-09_10-22-12 Episode 390: New best reward 8.40, training model saved.
2026-07-09_10-23-12 Episode 525: New best reward 8.80, training model saved.
2026-07-09_10-24-16 Episode 659: New best reward 11.00, training model saved.
2026-07-09_10-24-27: Training starting...
Device: cuda
2026-07-09_10-24-27 Episode 0: New best reward -8.10, training model saved.
2026-07-09_10-24-28 Episode 0: New best greedy reward 2.00, model saved.
2026-07-09_10-24-28 Episode 1: New best reward -5.70, training model saved.
2026-07-09_10-25-04 Episode 81: New best reward -2.10, training model saved.
2026-07-09_10-25-06 Episode 85: New best reward 0.30, training model saved.
2026-07-09_10-25-39 Episode 162: New best reward 1.50, training model saved.
2026-07-09_10-25-54 Episode 195: New best reward 2.10, training model saved.
2026-07-09_10-26-02 Episode 211: New best reward 3.30, training model saved.
2026-07-09_10-26-12 Episode 235: New best reward 3.90, training model saved.
2026-07-09_10-26-36 Episode 287: New best reward 4.10, training model saved.
2026-07-09_10-27-39 Episode 429: New best reward 4.40, training model saved.
2026-07-09_10-27-56 Episode 466: New best reward 4.60, training model saved.
2026-07-09_10-28-08 Episode 491: New best reward 4.70, training model saved.
2026-07-09_10-28-10 Episode 497: New best reward 4.90, training model saved.
2026-07-09_10-28-41 Episode 567: New best reward 6.70, training model saved.
2026-07-09_10-29-29 Episode 671: New best reward 8.40, training model saved.
2026-07-09_10-29-39: Training starting...
Device: cuda
2026-07-09_10-29-40 Episode 0: New best reward -8.10, training model saved.
2026-07-09_10-29-40 Episode 0: New best greedy reward 2.00, model saved.
2026-07-09_10-29-40 Episode 1: New best reward -5.70, training model saved.
2026-07-09_10-30-18 Episode 81: New best reward -2.10, training model saved.
2026-07-09_10-30-19 Episode 85: New best reward 0.30, training model saved.
2026-07-09_10-31-18 Episode 211: New best reward 3.30, training model saved.
2026-07-09_10-31-28 Episode 235: New best reward 3.90, training model saved.
2026-07-09_10-31-54 Episode 287: New best reward 4.90, training model saved.
2026-07-09_10-32-26 Episode 358: New best reward 6.40, training model saved.
2026-07-09_10-32-38 Episode 381: New best reward 6.60, training model saved.
2026-07-09_10-33-35 Episode 504: New best reward 8.40, training model saved.
2026-07-09_10-33-41 Episode 517: New best reward 8.80, training model saved.
2026-07-09_10-34-47 Episode 641: New best reward 8.90, training model saved.
2026-07-09_10-35-05: Training starting...
Device: cuda
2026-07-09_10-35-06 Episode 0: New best reward -8.10, training model saved.
2026-07-09_10-35-06 Episode 0: New best greedy reward 2.00, model saved.
2026-07-09_10-35-07 Episode 1: New best reward -5.70, training model saved.
2026-07-09_10-35-38 Episode 73: New best reward -5.10, training model saved.
2026-07-09_10-35-42 Episode 81: New best reward -2.10, training model saved.
2026-07-09_10-35-44 Episode 85: New best reward 0.30, training model saved.
2026-07-09_10-35-46 Episode 89: New best reward 2.70, training model saved.
2026-07-09_10-35-49 Episode 96: New best reward 3.90, training model saved.
2026-07-09_10-36-01 Episode 123: New best reward 4.10, training model saved.
2026-07-09_10-36-26 Episode 180: New best reward 4.70, training model saved.
2026-07-09_10-36-33 Episode 198: New best reward 6.10, training model saved.
2026-07-09_10-36-40 Episode 213: New best reward 6.70, training model saved.
2026-07-09_10-36-53 Episode 242: New best reward 11.10, training model saved.
2026-07-09_10-40-25 Episode 637: New best reward 15.80, training model saved.
2026-07-09_10-40-49 Episode 671: New best reward 20.60, training model saved.
2026-07-09_10-42-05 Episode 778: New best reward 23.10, training model saved.
2026-07-09_10-42-21 Episode 797: New best reward 29.30, training model saved.
2026-07-09_10-43-01 Episode 843: New best reward 40.90, training model saved.
2026-07-09_10-44-21 Episode 920: New best reward 41.20, training model saved.
2026-07-09_10-44-47 Episode 936: New best reward 60.20, training model saved.
2026-07-09_10-46-09 Episode 1000: New best greedy reward 43.80, model saved.
2026-07-09_10-48-59 Episode 1128: New best reward 71.50, training model saved.
2026-07-09_10-50-06 Episode 1163: New best reward 116.00, training model saved.
2026-07-09_10-55-29 Episode 1393: New best reward 152.90, training model saved.
2026-07-09_10-56-26 Episode 1416: New best reward 166.90, training model saved.
2026-07-09_10-58-00 Episode 1442: New best reward 174.20, training model saved.
2026-07-09_10-59-28 Episode 1460: New best reward 230.20, training model saved.
2026-07-09_10-59-53 Episode 1461: New best reward 347.30, training model saved.
2026-07-09_11-19-41: Training starting...
Device: cuda
2026-07-09_11-19-41 Episode 0: New best reward -8.10, training model saved.
2026-07-09_11-19-41 Episode 0: New best greedy reward 2.00, model saved.
2026-07-09_11-19-42 Episode 1: New best reward -5.70, training model saved.
2026-07-09_11-20-13 Episode 73: New best reward -4.50, training model saved.
2026-07-09_11-20-18 Episode 81: New best reward -1.50, training model saved.
2026-07-09_11-20-20 Episode 85: New best reward 0.30, training model saved.
2026-07-09_11-20-21 Episode 89: New best reward 2.70, training model saved.
2026-07-09_11-20-37 Episode 123: New best reward 3.90, training model saved.
2026-07-09_11-21-07 Episode 190: New best reward 4.00, training model saved.
2026-07-09_11-21-16 Episode 208: New best reward 4.30, training model saved.
2026-07-09_11-21-17 Episode 211: New best reward 4.80, training model saved.
2026-07-09_11-21-18 Episode 213: New best reward 6.70, training model saved.
2026-07-09_11-21-36 Episode 250: New best reward 8.40, training model saved.
2026-07-09_11-23-19 Episode 471: New best reward 8.50, training model saved.
2026-07-09_11-24-25 Episode 607: New best reward 8.60, training model saved.
2026-07-09_11-24-55: Training starting...
Device: cuda
2026-07-09_11-24-55 Episode 0: New best reward -8.10, training model saved.
2026-07-09_11-24-56 Episode 0: New best greedy reward 2.00, model saved.
2026-07-09_11-24-56 Episode 1: New best reward -5.70, training model saved.
2026-07-09_11-25-31 Episode 81: New best reward -2.70, training model saved.
2026-07-09_11-25-33 Episode 85: New best reward 0.30, training model saved.
2026-07-09_11-25-49 Episode 123: New best reward 3.90, training model saved.
2026-07-09_11-26-17 Episode 187: New best reward 4.00, training model saved.
2026-07-09_11-26-19 Episode 190: New best reward 4.80, training model saved.
2026-07-09_11-26-23 Episode 199: New best reward 8.40, training model saved.
2026-07-09_11-26-44 Episode 243: New best reward 10.70, training model saved.
2026-07-09_11-29-02 Episode 531: New best reward 13.60, training model saved.
2026-07-09_11-30-08 Episode 646: New best reward 13.70, training model saved.
2026-07-09_11-30-13 Episode 654: New best reward 15.60, training model saved.
2026-07-09_11-30-55 Episode 718: New best reward 29.10, training model saved.
2026-07-09_11-32-14 Episode 806: New best reward 55.90, training model saved.
2026-07-09_11-32-33 Episode 823: New best reward 69.60, training model saved.
2026-07-09_11-35-16 Episode 948: New best reward 69.70, training model saved.
2026-07-09_11-36-27 Episode 982: New best reward 83.10, training model saved.
2026-07-09_11-37-04 Episode 1000: New best greedy reward 6.30, model saved.
2026-07-09_11-39-20 Episode 1068: New best reward 183.80, training model saved.
2026-07-09_11-44-24 Episode 1155: New best reward 197.30, training model saved.
2026-07-09_11-49-21 Episode 1250: New best reward 202.80, training model saved.
2026-07-09_11-50-22 Episode 1258: New best reward 334.90, training model saved.
2026-07-09_11-54-55 Episode 1307: New best reward 404.90, training model saved.
2026-07-09_12-01-14 Episode 1357: New best reward 496.80, training model saved.
2026-07-09_12-09-51: Training starting...
Device: cuda
2026-07-09_12-09-52 Episode 0: New best reward -8.10, training model saved.
2026-07-09_12-09-52 Episode 0: New best greedy reward 2.00, model saved.
2026-07-09_12-09-52 Episode 1: New best reward -5.70, training model saved.
2026-07-09_12-10-20 Episode 63: New best reward -2.10, training model saved.
2026-07-09_12-10-25 Episode 73: New best reward -0.30, training model saved.
2026-07-09_12-10-30 Episode 85: New best reward 0.30, training model saved.
2026-07-09_12-10-32 Episode 89: New best reward 3.90, training model saved.
2026-07-09_12-10-44 Episode 116: New best reward 4.10, training model saved.
2026-07-09_12-10-48 Episode 123: New best reward 4.70, training model saved.
2026-07-09_12-11-04 Episode 160: New best reward 4.90, training model saved.
2026-07-09_12-11-07 Episode 164: New best reward 6.70, training model saved.
2026-07-09_12-11-16 Episode 185: New best reward 6.80, training model saved.
2026-07-09_12-11-23 Episode 202: New best reward 8.40, training model saved.
2026-07-09_12-11-29 Episode 213: New best reward 8.70, training model saved.
2026-07-09_12-12-34 Episode 351: New best reward 12.90, training model saved.
2026-07-09_12-16-25 Episode 758: New best reward 15.80, training model saved.
2026-07-09_12-17-18 Episode 840: New best reward 23.10, training model saved.
2026-07-09_12-19-09 Episode 1000: New best greedy reward 4.40, model saved.
2026-07-09_12-21-34 Episode 1188: New best reward 26.30, training model saved.
2026-07-09_12-22-16 Episode 1235: New best reward 40.90, training model saved.
2026-07-09_12-23-14 Episode 1281: New best reward 50.70, training model saved.
2026-07-09_12-24-10 Episode 1325: New best reward 51.10, training model saved.
2026-07-09_12-24-35 Episode 1343: New best reward 57.80, training model saved.
2026-07-09_12-24-59: Training starting...
Device: cuda
2026-07-09_12-24-59 Episode 0: New best reward -8.10, training model saved.
2026-07-09_12-25-00 Episode 0: New best greedy reward 2.00, model saved.
2026-07-09_12-25-00 Episode 1: New best reward -5.70, training model saved.
2026-07-09_12-25-27 Episode 63: New best reward -4.50, training model saved.
2026-07-09_12-25-31 Episode 73: New best reward -0.30, training model saved.
2026-07-09_12-25-37 Episode 85: New best reward 0.30, training model saved.
2026-07-09_12-25-39 Episode 89: New best reward 1.50, training model saved.
2026-07-09_12-25-42 Episode 96: New best reward 3.90, training model saved.
2026-07-09_12-25-54 Episode 123: New best reward 4.00, training model saved.
2026-07-09_12-26-11 Episode 163: New best reward 4.40, training model saved.
2026-07-09_12-26-21 Episode 185: New best reward 8.40, training model saved.
2026-07-09_12-30-24 Episode 608: New best reward 9.20, training model saved.
2026-07-09_12-31-51 Episode 729: New best reward 12.90, training model saved.
2026-07-09_12-31-52 Episode 730: New best reward 13.00, training model saved.
2026-07-09_12-32-00 Episode 740: New best reward 13.40, training model saved.
2026-07-09_12-33-03 Episode 823: New best reward 13.50, training model saved.
2026-07-09_12-33-06 Episode 825: New best reward 27.20, training model saved.
2026-07-09_12-33-59 Episode 882: New best reward 40.90, training model saved.
2026-07-09_12-35-57 Episode 983: New best reward 54.90, training model saved.
2026-07-09_12-36-22 Episode 1000: New best greedy reward 26.90, model saved.
2026-07-09_12-36-56 Episode 1022: New best reward 64.90, training model saved.
2026-07-09_12-38-24 Episode 1070: New best reward 69.30, training model saved.
2026-07-09_12-39-36 Episode 1111: New best reward 102.00, training model saved.
2026-07-09_12-40-26 Episode 1137: New best reward 107.30, training model saved.
2026-07-09_12-41-03 Episode 1152: New best reward 153.50, training model saved.
2026-07-09_12-41-37 Episode 1166: New best reward 167.10, training model saved.
2026-07-09_12-43-19 Episode 1196: New best reward 270.00, training model saved.
2026-07-09_12-51-48 Episode 1329: New best reward 303.00, training model saved.
2026-07-09_12-52-29 Episode 1332: New best reward 407.80, training model saved.
2026-07-09_13-06-12 Episode 1629: New best reward 446.90, training model saved.
2026-07-09_13-09-15 Episode 1671: New best reward 452.80, training model saved.
2026-07-09_13-09-36: Training starting...
Device: cuda
2026-07-09_13-09-36 Episode 0: New best reward -8.10, training model saved.
2026-07-09_13-09-36 Episode 0: New best greedy reward 2.00, model saved.
2026-07-09_13-09-37 Episode 1: New best reward -5.70, training model saved.
2026-07-09_13-10-12 Episode 81: New best reward -2.10, training model saved.
2026-07-09_13-10-58 Episode 187: New best reward 0.30, training model saved.
2026-07-09_13-11-08 Episode 211: New best reward 2.70, training model saved.
2026-07-09_13-11-17 Episode 235: New best reward 3.90, training model saved.
2026-07-09_13-11-41 Episode 287: New best reward 4.10, training model saved.
2026-07-09_13-12-02 Episode 334: New best reward 4.80, training model saved.
2026-07-09_13-12-40 Episode 420: New best reward 8.40, training model saved.
2026-07-09_13-13-45 Episode 566: New best reward 9.30, training model saved.
2026-07-09_13-14-58: Training starting...
Device: cuda
2026-07-09_13-14-58 Episode 0: New best reward -8.10, training model saved.
2026-07-09_13-14-59 Episode 0: New best greedy reward 2.00, model saved.
2026-07-09_13-14-59 Episode 1: New best reward -5.70, training model saved.
2026-07-09_13-15-28 Episode 66: New best reward -5.10, training model saved.
2026-07-09_13-15-30 Episode 73: New best reward -0.30, training model saved.
2026-07-09_13-15-36 Episode 85: New best reward 0.30, training model saved.
2026-07-09_13-15-38 Episode 89: New best reward 2.10, training model saved.
2026-07-09_13-15-53 Episode 123: New best reward 3.90, training model saved.
2026-07-09_13-16-09 Episode 162: New best reward 4.00, training model saved.
2026-07-09_13-16-25 Episode 198: New best reward 4.50, training model saved.
2026-07-09_13-16-26 Episode 199: New best reward 5.00, training model saved.
2026-07-09_13-16-33 Episode 213: New best reward 6.30, training model saved.
2026-07-09_13-16-35 Episode 217: New best reward 8.40, training model saved.
2026-07-09_13-18-50 Episode 486: New best reward 9.00, training model saved.
2026-07-09_13-20-07 Episode 616: New best reward 9.20, training model saved.
2026-07-09_13-20-11 Episode 622: New best reward 12.30, training model saved.
2026-07-09_13-21-12 Episode 719: New best reward 12.90, training model saved.
2026-07-09_13-21-26 Episode 740: New best reward 13.50, training model saved.
2026-07-09_13-21-37 Episode 752: New best reward 15.80, training model saved.
2026-07-09_13-22-14 Episode 800: New best reward 18.00, training model saved.
2026-07-09_13-22-38 Episode 827: New best reward 22.50, training model saved.
2026-07-09_13-22-41 Episode 828: New best reward 39.00, training model saved.
2026-07-09_13-23-45 Episode 886: New best reward 43.70, training model saved.
2026-07-09_13-24-23 Episode 914: New best reward 71.70, training model saved.
2026-07-09_13-25-40 Episode 996: New best reward 95.30, training model saved.
2026-07-09_13-25-45 Episode 1000: New best greedy reward 25.30, model saved.
2026-07-09_13-29-08 Episode 1111: New best reward 152.90, training model saved.
2026-07-09_13-29-48 Episode 1123: New best reward 158.10, training model saved.
2026-07-09_13-31-10 Episode 1158: New best reward 160.80, training model saved.
2026-07-09_13-33-29 Episode 1228: New best reward 179.20, training model saved.
2026-07-09_13-34-20 Episode 1238: New best reward 278.90, training model saved.
2026-07-09_13-36-44 Episode 1254: New best reward 400.50, training model saved.
2026-07-09_13-39-14 Episode 1295: New best reward 531.30, training model saved.
2026-07-09_13-51-04 Episode 1422: New best reward 1345.80, training model saved.
2026-07-09_13-58-50: Training starting...
Device: cuda
2026-07-09_13-58-51 Episode 0: New best reward -8.10, training model saved.
2026-07-09_13-58-51 Episode 0: New best greedy reward 2.00, model saved.
2026-07-09_13-58-51 Episode 1: New best reward -5.70, training model saved.
2026-07-09_13-59-28 Episode 81: New best reward -1.50, training model saved.
2026-07-09_13-59-30 Episode 85: New best reward 0.30, training model saved.
2026-07-09_13-59-47 Episode 123: New best reward 1.50, training model saved.
2026-07-09_14-00-01 Episode 155: New best reward 3.30, training model saved.
2026-07-09_14-00-04 Episode 162: New best reward 3.90, training model saved.
2026-07-09_14-00-26 Episode 211: New best reward 4.50, training model saved.
2026-07-09_14-00-37 Episode 234: New best reward 6.40, training model saved.
2026-07-09_14-00-55 Episode 272: New best reward 6.80, training model saved.
2026-07-09_14-01-07 Episode 298: New best reward 8.40, training model saved.
2026-07-09_14-01-31 Episode 348: New best reward 8.60, training model saved.
2026-07-09_14-02-21 Episode 443: New best reward 9.00, training model saved.
2026-07-09_14-03-09 Episode 529: New best reward 9.20, training model saved.
2026-07-09_14-04-15 Episode 644: New best reward 10.90, training model saved.
2026-07-09_14-04-57 Episode 714: New best reward 13.80, training model saved.
2026-07-09_14-04-59 Episode 715: New best reward 20.80, training model saved.
2026-07-09_14-06-27 Episode 838: New best reward 29.10, training model saved.
2026-07-09_14-06-56 Episode 873: New best reward 36.70, training model saved.
2026-07-09_14-08-16 Episode 954: New best reward 39.10, training model saved.
2026-07-09_14-09-07 Episode 1000: New best greedy reward 13.90, model saved.
2026-07-09_14-09-32 Episode 1024: New best reward 43.50, training model saved.
2026-07-09_14-11-20 Episode 1108: New best reward 84.00, training model saved.
2026-07-09_14-14-08: Training starting...
Device: cuda
2026-07-09_14-14-09 Episode 0: New best reward -8.10, training model saved.
2026-07-09_14-14-09 Episode 0: New best greedy reward 2.00, model saved.
2026-07-09_14-14-10 Episode 1: New best reward -5.70, training model saved.
2026-07-09_14-14-45 Episode 81: New best reward -2.70, training model saved.
2026-07-09_14-14-47 Episode 85: New best reward 0.30, training model saved.
2026-07-09_14-15-20 Episode 162: New best reward 4.00, training model saved.
2026-07-09_14-15-42 Episode 211: New best reward 4.60, training model saved.
2026-07-09_14-16-13 Episode 282: New best reward 6.20, training model saved.
2026-07-09_14-16-17 Episode 289: New best reward 6.80, training model saved.
2026-07-09_14-16-43 Episode 347: New best reward 8.40, training model saved.
2026-07-09_14-17-11 Episode 408: New best reward 10.60, training model saved.
2026-07-09_14-18-13 Episode 536: New best reward 10.80, training model saved.
2026-07-09_14-19-07: Training starting...
Device: cuda
2026-07-09_14-19-07 Episode 0: New best reward -8.10, training model saved.
2026-07-09_14-19-07 Episode 0: New best greedy reward 2.00, model saved.
2026-07-09_14-19-08 Episode 1: New best reward -5.70, training model saved.
2026-07-09_14-19-43 Episode 81: New best reward -2.10, training model saved.
2026-07-09_14-20-04 Episode 127: New best reward -1.50, training model saved.
2026-07-09_14-20-15 Episode 155: New best reward -0.90, training model saved.
2026-07-09_14-20-18 Episode 162: New best reward -0.30, training model saved.
2026-07-09_14-20-30 Episode 187: New best reward 0.30, training model saved.
2026-07-09_14-20-41 Episode 211: New best reward 3.30, training model saved.
2026-07-09_14-20-51 Episode 235: New best reward 3.90, training model saved.
2026-07-09_14-21-15 Episode 287: New best reward 4.10, training model saved.
2026-07-09_14-22-15 Episode 423: New best reward 4.90, training model saved.
2026-07-09_14-22-35 Episode 467: New best reward 6.80, training model saved.
2026-07-09_14-22-56 Episode 514: New best reward 8.40, training model saved.
2026-07-09_14-23-49 Episode 630: New best reward 8.90, training model saved.
2026-07-09_14-24-15: Training starting...
Device: cuda
2026-07-09_14-24-16 Episode 0: New best reward -8.10, training model saved.
2026-07-09_14-24-16 Episode 0: New best greedy reward 2.00, model saved.
2026-07-09_14-24-16 Episode 1: New best reward -5.70, training model saved.
2026-07-09_14-24-48 Episode 73: New best reward -5.10, training model saved.
2026-07-09_14-24-52 Episode 81: New best reward -1.50, training model saved.
2026-07-09_14-24-54 Episode 85: New best reward 0.30, training model saved.
2026-07-09_14-25-11 Episode 123: New best reward 3.90, training model saved.
2026-07-09_14-25-28 Episode 162: New best reward 4.00, training model saved.
2026-07-09_14-26-07 Episode 250: New best reward 4.40, training model saved.
2026-07-09_14-26-17 Episode 273: New best reward 4.80, training model saved.
2026-07-09_14-26-21 Episode 283: New best reward 6.00, training model saved.
2026-07-09_14-26-25 Episode 289: New best reward 6.30, training model saved.
2026-07-09_14-26-30 Episode 302: New best reward 6.60, training model saved.
2026-07-09_14-26-35 Episode 313: New best reward 6.80, training model saved.
2026-07-09_14-26-42 Episode 327: New best reward 8.40, training model saved.
2026-07-09_14-27-41 Episode 455: New best reward 8.70, training model saved.
2026-07-09_14-29-06 Episode 609: New best reward 10.60, training model saved.
2026-07-09_14-29-10 Episode 613: New best reward 12.90, training model saved.
2026-07-09_14-31-00 Episode 788: New best reward 13.20, training model saved.
2026-07-09_14-31-55 Episode 867: New best reward 23.40, training model saved.
2026-07-09_14-33-30 Episode 1000: New best greedy reward 6.40, model saved.
2026-07-09_14-35-46 Episode 1166: New best reward 32.10, training model saved.
2026-07-09_14-35-51 Episode 1169: New best reward 34.50, training model saved.
2026-07-09_14-36-02 Episode 1178: New best reward 34.80, training model saved.
2026-07-09_14-36-47 Episode 1221: New best reward 37.00, training model saved.
2026-07-09_14-37-42 Episode 1273: New best reward 64.40, training model saved.
2026-07-09_14-41-41 Episode 1451: New best reward 67.10, training model saved.
2026-07-09_14-41-57 Episode 1456: New best reward 81.20, training model saved.
2026-07-09_14-42-37 Episode 1475: New best reward 90.80, training model saved.
2026-07-09_14-43-43 Episode 1505: New best reward 120.70, training model saved.
2026-07-09_14-44-08 Episode 1509: New best reward 181.40, training model saved.
2026-07-09_14-44-44 Episode 1517: New best reward 197.80, training model saved.
2026-07-09_14-50-54 Episode 1641: New best reward 214.30, training model saved.
2026-07-09_14-59-35 Episode 1758: New best reward 247.10, training model saved.
2026-07-09_15-00-04 Episode 1761: New best reward 263.30, training model saved.
2026-07-09_15-00-40 Episode 1763: New best reward 316.40, training model saved.
2026-07-09_15-08-18 Episode 1817: New best reward 2561.00, training model saved.
2026-07-09_15-09-11: Training starting...
Device: cuda
2026-07-09_15-09-12 Episode 0: New best reward -8.10, training model saved.
2026-07-09_15-09-12 Episode 0: New best greedy reward 2.00, model saved.
2026-07-09_15-09-12 Episode 1: New best reward -5.70, training model saved.
2026-07-09_15-09-40 Episode 63: New best reward -4.50, training model saved.
2026-07-09_15-09-44 Episode 73: New best reward -0.30, training model saved.
2026-07-09_15-09-50 Episode 85: New best reward 0.30, training model saved.
2026-07-09_15-09-52 Episode 89: New best reward 3.30, training model saved.
2026-07-09_15-09-55 Episode 96: New best reward 3.90, training model saved.
2026-07-09_15-10-07 Episode 123: New best reward 4.10, training model saved.
2026-07-09_15-10-11 Episode 132: New best reward 4.20, training model saved.
2026-07-09_15-10-13 Episode 137: New best reward 6.70, training model saved.
2026-07-09_15-10-31 Episode 174: New best reward 6.80, training model saved.
2026-07-09_15-10-38 Episode 189: New best reward 8.40, training model saved.
2026-07-09_15-10-39 Episode 192: New best reward 8.50, training model saved.
2026-07-09_15-13-14 Episode 488: New best reward 9.00, training model saved.
2026-07-09_15-13-36 Episode 531: New best reward 9.40, training model saved.
2026-07-09_15-13-39 Episode 535: New best reward 11.20, training model saved.
2026-07-09_15-15-19 Episode 713: New best reward 13.30, training model saved.
2026-07-09_15-15-48 Episode 757: New best reward 13.70, training model saved.
2026-07-09_15-17-18 Episode 890: New best reward 13.80, training model saved.
2026-07-09_15-17-25 Episode 902: New best reward 23.40, training model saved.
2026-07-09_15-18-29 Episode 1000: New best greedy reward 6.80, model saved.
2026-07-09_15-18-41 Episode 1019: New best reward 27.20, training model saved.
2026-07-09_15-20-51 Episode 1221: New best reward 63.80, training model saved.
2026-07-09_15-21-01 Episode 1224: New best reward 69.20, training model saved.
2026-07-09_15-21-16 Episode 1229: New best reward 90.60, training model saved.
2026-07-09_15-24-10: Training starting...
Device: cuda
2026-07-09_15-24-10 Episode 0: New best reward -8.10, training model saved.
2026-07-09_15-24-11 Episode 0: New best greedy reward 2.00, model saved.
2026-07-09_15-24-11 Episode 1: New best reward -5.70, training model saved.
2026-07-09_15-24-46 Episode 81: New best reward -2.70, training model saved.
2026-07-09_15-24-48 Episode 85: New best reward 0.30, training model saved.
2026-07-09_15-24-49 Episode 89: New best reward 2.10, training model saved.
2026-07-09_15-24-52 Episode 96: New best reward 3.90, training model saved.
2026-07-09_15-25-04 Episode 123: New best reward 4.00, training model saved.
2026-07-09_15-25-28 Episode 179: New best reward 4.40, training model saved.
2026-07-09_15-25-31 Episode 184: New best reward 5.00, training model saved.
2026-07-09_15-25-34 Episode 191: New best reward 6.10, training model saved.
2026-07-09_15-25-34 Episode 192: New best reward 8.40, training model saved.
2026-07-09_15-27-34 Episode 440: New best reward 9.00, training model saved.
2026-07-09_15-28-59 Episode 608: New best reward 15.60, training model saved.
2026-07-09_15-29-30 Episode 659: New best reward 18.80, training model saved.
2026-07-09_15-29-47 Episode 688: New best reward 25.00, training model saved.
2026-07-09_15-30-30 Episode 739: New best reward 54.90, training model saved.
2026-07-09_15-31-15 Episode 777: New best reward 57.50, training model saved.
2026-07-09_15-32-12 Episode 829: New best reward 83.70, training model saved.
2026-07-09_15-35-31 Episode 1000: New best greedy reward 29.20, model saved.
2026-07-09_15-39-18 Episode 1137: New best reward 87.90, training model saved.
2026-07-09_15-39-26 Episode 1138: New best reward 120.40, training model saved.
2026-07-09_15-40-33 Episode 1159: New best reward 194.90, training model saved.
2026-07-09_15-41-38 Episode 1166: New best reward 432.90, training model saved.
2026-07-09_15-51-08 Episode 1413: New best reward 452.50, training model saved.
2026-07-09_16-05-34 Episode 1630: New best reward 475.00, training model saved.
2026-07-09_16-07-57: Training starting...
Device: cuda
2026-07-09_16-07-57 Episode 0: New best reward -8.10, training model saved.
2026-07-09_16-07-58 Episode 0: New best greedy reward 2.00, model saved.
2026-07-09_16-07-58 Episode 1: New best reward -5.70, training model saved.
2026-07-09_16-08-37 Episode 81: New best reward -2.10, training model saved.
2026-07-09_16-08-38 Episode 85: New best reward 0.30, training model saved.
2026-07-09_16-09-37 Episode 211: New best reward 3.30, training model saved.
2026-07-09_16-09-47 Episode 235: New best reward 3.90, training model saved.
2026-07-09_16-10-40 Episode 334: New best reward 4.50, training model saved.
2026-07-09_16-11-01 Episode 382: New best reward 4.60, training model saved.
2026-07-09_16-11-18 Episode 410: New best reward 6.80, training model saved.
2026-07-09_16-11-19 Episode 413: New best reward 8.40, training model saved.
2026-07-09_16-11-34 Episode 448: New best reward 11.10, training model saved.
2026-07-09_16-12-24 Episode 556: New best reward 12.90, training model saved.
2026-07-09_16-20-38 Episode 1463: New best reward 13.20, training model saved.
2026-07-09_16-22-00 Episode 1580: New best reward 22.40, training model saved.
2026-07-09_16-24-38: Training starting...
Device: cuda
2026-07-09_16-24-38 Episode 0: New best reward -8.10, training model saved.
2026-07-09_16-24-39 Episode 0: New best greedy reward 2.00, model saved.
2026-07-09_16-24-39 Episode 1: New best reward -5.70, training model saved.
2026-07-09_16-25-15 Episode 81: New best reward -2.10, training model saved.
2026-07-09_16-26-01 Episode 187: New best reward -0.30, training model saved.
2026-07-09_16-26-12 Episode 211: New best reward 2.70, training model saved.
2026-07-09_16-26-31 Episode 254: New best reward 4.10, training model saved.
2026-07-09_16-26-36 Episode 266: New best reward 4.20, training model saved.
2026-07-09_16-26-45 Episode 287: New best reward 4.70, training model saved.
2026-07-09_16-27-22 Episode 369: New best reward 4.90, training model saved.
2026-07-09_16-27-33 Episode 395: New best reward 8.60, training model saved.
2026-07-09_16-27-45 Episode 418: New best reward 8.90, training model saved.
2026-07-09_16-28-24 Episode 511: New best reward 9.00, training model saved.
2026-07-09_16-28-41 Episode 548: New best reward 13.40, training model saved.
2026-07-09_16-30-07: Training starting...
Device: cuda
2026-07-09_16-30-07 Episode 0: New best reward -8.10, training model saved.
2026-07-09_16-30-07 Episode 0: New best greedy reward 2.00, model saved.
2026-07-09_16-30-08 Episode 1: New best reward -5.70, training model saved.
2026-07-09_16-30-44 Episode 81: New best reward -2.70, training model saved.
2026-07-09_16-30-45 Episode 85: New best reward 0.30, training model saved.
2026-07-09_16-30-47 Episode 89: New best reward 2.10, training model saved.
2026-07-09_16-31-03 Episode 123: New best reward 6.10, training model saved.
2026-07-09_16-31-26 Episode 175: New best reward 8.40, training model saved.
2026-07-09_16-32-27 Episode 310: New best reward 10.80, training model saved.
2026-07-09_16-33-04 Episode 387: New best reward 11.20, training model saved.
2026-07-09_16-35-39 Episode 672: New best reward 15.20, training model saved.
2026-07-09_16-36-05 Episode 717: New best reward 15.30, training model saved.
2026-07-09_16-36-15 Episode 730: New best reward 18.90, training model saved.
2026-07-09_16-36-25 Episode 741: New best reward 26.90, training model saved.
2026-07-09_16-37-40 Episode 834: New best reward 29.50, training model saved.
2026-07-09_16-38-26 Episode 880: New best reward 41.80, training model saved.
2026-07-09_16-39-58 Episode 953: New best reward 45.90, training model saved.
2026-07-09_16-40-47 Episode 993: New best reward 48.10, training model saved.
2026-07-09_16-40-58 Episode 1000: New best greedy reward 5.00, model saved.
2026-07-09_16-41-59 Episode 1045: New best reward 64.50, training model saved.
2026-07-09_16-42-21 Episode 1054: New best reward 78.40, training model saved.
2026-07-09_16-45-07 Episode 1157: New best reward 84.10, training model saved.
2026-07-09_16-47-14 Episode 1215: New best reward 93.50, training model saved.
2026-07-09_16-47-30 Episode 1220: New best reward 110.90, training model saved.
2026-07-09_16-49-07 Episode 1266: New best reward 135.50, training model saved.
2026-07-09_16-51-41 Episode 1327: New best reward 166.90, training model saved.
2026-07-09_16-53-59 Episode 1378: New best reward 169.20, training model saved.
2026-07-09_16-55-20 Episode 1396: New best reward 202.80, training model saved.
2026-07-09_16-58-40 Episode 1449: New best reward 293.70, training model saved.
2026-07-09_17-08-32 Episode 1655: New best reward 418.90, training model saved.
[worker] done. total trials in study: 400
2026-07-09_06-39-43: Training starting...
Device: cuda
2026-07-09_06-39-50 Episode 0: New best reward -8.10, training model saved.
2026-07-09_06-39-50 Episode 0: New best greedy reward 2.00, model saved.
2026-07-09_06-39-51 Episode 1: New best reward -5.70, training model saved.
2026-07-09_06-40-26 Episode 81: New best reward -2.10, training model saved.
2026-07-09_06-42-01 Episode 299: New best reward -0.30, training model saved.
2026-07-09_06-42-28 Episode 358: New best reward 1.50, training model saved.
2026-07-09_06-42-29 Episode 360: New best reward 3.90, training model saved.
2026-07-09_06-43-59 Episode 569: New best reward 4.00, training model saved.
2026-07-09_06-44-34 Episode 647: New best reward 4.20, training model saved.
2026-07-09_06-44-49 Episode 677: New best reward 4.60, training model saved.
2026-07-09_06-45-10 Episode 728: New best reward 4.70, training model saved.
2026-07-09_06-47-06 Episode 988: New best reward 6.70, training model saved.
2026-07-09_06-48-16 Episode 1143: New best reward 8.40, training model saved.
2026-07-09_06-48-48 Episode 1215: New best reward 8.60, training model saved.
2026-07-09_06-48-57 Episode 1229: New best reward 11.10, training model saved.
2026-07-09_06-50-33 Episode 1414: New best reward 12.90, training model saved.
2026-07-09_06-51-34 Episode 1526: New best reward 13.70, training model saved.
2026-07-09_06-51-58 Episode 1564: New best reward 18.30, training model saved.
2026-07-09_06-52-38 Episode 1628: New best reward 20.80, training model saved.
2026-07-09_06-54-30 Episode 1807: New best reward 22.40, training model saved.
2026-07-09_06-54-52: Training starting...
Device: cuda
2026-07-09_06-54-53 Episode 0: New best reward -8.10, training model saved.
2026-07-09_06-54-53 Episode 0: New best greedy reward 2.00, model saved.
2026-07-09_06-54-54 Episode 1: New best reward -5.70, training model saved.
2026-07-09_06-55-29 Episode 81: New best reward -2.10, training model saved.
2026-07-09_06-55-30 Episode 85: New best reward 0.30, training model saved.
2026-07-09_06-56-03 Episode 162: New best reward 1.50, training model saved.
2026-07-09_06-56-18 Episode 195: New best reward 2.10, training model saved.
2026-07-09_06-56-20 Episode 200: New best reward 3.90, training model saved.
2026-07-09_06-56-43 Episode 250: New best reward 6.70, training model saved.
2026-07-09_06-57-18 Episode 328: New best reward 8.40, training model saved.
2026-07-09_06-57-39 Episode 377: New best reward 9.20, training model saved.
2026-07-09_06-59-57 Episode 672: New best reward 11.00, training model saved.
2026-07-09_07-00-17: Training starting...
Device: cuda
2026-07-09_07-00-17 Episode 0: New best reward -8.10, training model saved.
2026-07-09_07-00-18 Episode 0: New best greedy reward 2.00, model saved.
2026-07-09_07-00-18 Episode 1: New best reward -5.70, training model saved.
2026-07-09_07-00-54 Episode 81: New best reward -2.10, training model saved.
2026-07-09_07-00-55 Episode 85: New best reward 0.30, training model saved.
2026-07-09_07-01-40 Episode 187: New best reward 1.50, training model saved.
2026-07-09_07-01-44 Episode 195: New best reward 2.10, training model saved.
2026-07-09_07-01-46 Episode 200: New best reward 3.90, training model saved.
2026-07-09_07-02-24 Episode 286: New best reward 4.80, training model saved.
2026-07-09_07-02-47 Episode 337: New best reward 6.50, training model saved.
2026-07-09_07-02-48 Episode 338: New best reward 8.40, training model saved.
2026-07-09_07-03-46 Episode 469: New best reward 9.50, training model saved.
2026-07-09_07-05-44: Training starting...
Device: cuda
2026-07-09_07-05-45 Episode 0: New best reward -8.10, training model saved.
2026-07-09_07-05-45 Episode 0: New best greedy reward 2.00, model saved.
2026-07-09_07-05-46 Episode 1: New best reward -5.70, training model saved.
2026-07-09_07-06-23 Episode 81: New best reward -2.10, training model saved.
2026-07-09_07-08-02 Episode 299: New best reward -0.30, training model saved.
2026-07-09_07-08-30 Episode 358: New best reward 1.50, training model saved.
2026-07-09_07-08-50 Episode 405: New best reward 2.10, training model saved.
2026-07-09_07-09-00 Episode 423: New best reward 3.90, training model saved.
2026-07-09_07-10-06 Episode 569: New best reward 4.00, training model saved.
2026-07-09_07-11-06 Episode 699: New best reward 4.20, training model saved.
2026-07-09_07-11-08 Episode 703: New best reward 4.40, training model saved.
2026-07-09_07-11-21 Episode 734: New best reward 4.50, training model saved.
2026-07-09_07-11-25: Training starting...
Device: cuda
2026-07-09_07-11-25 Episode 0: New best reward -8.10, training model saved.
2026-07-09_07-11-25 Episode 0: New best greedy reward 2.00, model saved.
2026-07-09_07-11-26 Episode 1: New best reward -5.70, training model saved.
2026-07-09_07-12-02 Episode 81: New best reward -2.10, training model saved.
2026-07-09_07-12-04 Episode 85: New best reward 0.30, training model saved.
2026-07-09_07-13-01 Episode 211: New best reward 2.10, training model saved.
2026-07-09_07-13-14 Episode 243: New best reward 3.90, training model saved.
2026-07-09_07-13-34 Episode 286: New best reward 4.10, training model saved.
2026-07-09_07-14-07 Episode 360: New best reward 6.50, training model saved.
2026-07-09_07-14-31 Episode 410: New best reward 8.40, training model saved.
2026-07-09_07-17-58 Episode 816: New best reward 8.60, training model saved.
2026-07-09_07-18-26 Episode 861: New best reward 12.90, training model saved.
2026-07-09_07-19-57 Episode 1000: New best greedy reward 3.90, model saved.
2026-07-09_07-20-25 Episode 1036: New best reward 22.40, training model saved.
2026-07-09_07-21-41 Episode 1134: New best reward 27.30, training model saved.
2026-07-09_07-22-16 Episode 1173: New best reward 27.50, training model saved.
2026-07-09_07-22-58 Episode 1219: New best reward 36.40, training model saved.
2026-07-09_07-23-16 Episode 1232: New best reward 41.60, training model saved.
2026-07-09_07-23-35 Episode 1248: New best reward 46.00, training model saved.
2026-07-09_07-24-28 Episode 1289: New best reward 54.90, training model saved.
2026-07-09_07-24-40 Episode 1295: New best reward 65.20, training model saved.
2026-07-09_07-24-47 Episode 1298: New best reward 78.40, training model saved.
2026-07-09_07-25-40 Episode 1325: New best reward 98.00, training model saved.
2026-07-09_07-26-12 Episode 1333: New best reward 134.90, training model saved.
2026-07-09_07-30-40 Episode 1419: New best reward 174.80, training model saved.
2026-07-09_07-32-03 Episode 1441: New best reward 211.80, training model saved.
2026-07-09_07-33-17 Episode 1460: New best reward 274.40, training model saved.
2026-07-09_07-35-39 Episode 1476: New best reward 561.80, training model saved.
2026-07-09_07-44-40 Episode 1609: New best reward 573.30, training model saved.
2026-07-09_07-56-17: Training starting...
Device: cuda
2026-07-09_07-56-17 Episode 0: New best reward -8.10, training model saved.
2026-07-09_07-56-18 Episode 0: New best greedy reward 2.00, model saved.
2026-07-09_07-56-18 Episode 1: New best reward -5.70, training model saved.
2026-07-09_07-56-46 Episode 63: New best reward -4.50, training model saved.
2026-07-09_07-56-50 Episode 73: New best reward -0.30, training model saved.
2026-07-09_07-56-56 Episode 85: New best reward 0.30, training model saved.
2026-07-09_07-56-58 Episode 89: New best reward 2.10, training model saved.
2026-07-09_07-57-01 Episode 96: New best reward 3.90, training model saved.
2026-07-09_07-57-13 Episode 123: New best reward 4.00, training model saved.
2026-07-09_07-57-35 Episode 173: New best reward 4.10, training model saved.
2026-07-09_07-57-36 Episode 174: New best reward 8.40, training model saved.
2026-07-09_07-58-12 Episode 249: New best reward 12.90, training model saved.
2026-07-09_08-00-25 Episode 492: New best reward 13.60, training model saved.
2026-07-09_08-00-35 Episode 509: New best reward 15.00, training model saved.
2026-07-09_08-00-40 Episode 512: New best reward 27.10, training model saved.
2026-07-09_08-01-22 Episode 564: New best reward 29.10, training model saved.
2026-07-09_08-02-16 Episode 632: New best reward 32.50, training model saved.
2026-07-09_08-02-25 Episode 637: New best reward 68.90, training model saved.
2026-07-09_08-02-34 Episode 643: New best reward 69.80, training model saved.
2026-07-09_08-08-38 Episode 1000: New best greedy reward 13.70, model saved.
2026-07-09_08-11-50 Episode 1162: New best reward 83.80, training model saved.
2026-07-09_08-13-14 Episode 1213: New best reward 92.40, training model saved.
2026-07-09_08-13-26 Episode 1215: New best reward 106.40, training model saved.
2026-07-09_08-14-38 Episode 1238: New best reward 120.40, training model saved.
2026-07-09_08-14-54 Episode 1242: New best reward 148.40, training model saved.
2026-07-09_08-16-38 Episode 1270: New best reward 309.80, training model saved.
2026-07-09_08-32-01 Episode 2000: New best greedy reward 51.00, model saved.
2026-07-09_08-34-27 Episode 2018: New best reward 317.30, training model saved.
2026-07-09_08-43-32: Training starting...
Device: cuda
2026-07-09_08-43-32 Episode 0: New best reward -8.10, training model saved.
2026-07-09_08-43-32 Episode 0: New best greedy reward 2.00, model saved.
2026-07-09_08-43-33 Episode 1: New best reward -5.70, training model saved.
2026-07-09_08-44-00 Episode 62: New best reward -5.10, training model saved.
2026-07-09_08-44-00 Episode 63: New best reward -1.50, training model saved.
2026-07-09_08-44-04 Episode 73: New best reward -0.30, training model saved.
2026-07-09_08-44-10 Episode 85: New best reward 3.90, training model saved.
2026-07-09_08-44-27 Episode 123: New best reward 4.20, training model saved.
2026-07-09_08-44-28 Episode 124: New best reward 6.60, training model saved.
2026-07-09_08-44-35 Episode 140: New best reward 6.80, training model saved.
2026-07-09_08-47-38 Episode 543: New best reward 8.40, training model saved.
2026-07-09_08-49-41 Episode 780: New best reward 8.70, training model saved.
2026-07-09_08-50-30 Episode 865: New best reward 10.50, training model saved.
2026-07-09_08-51-03 Episode 919: New best reward 10.70, training model saved.
2026-07-09_08-51-05 Episode 922: New best reward 13.50, training model saved.
2026-07-09_08-51-26 Episode 957: New best reward 14.00, training model saved.
2026-07-09_08-51-56 Episode 999: New best reward 20.10, training model saved.
2026-07-09_08-51-58 Episode 1000: New best greedy reward 6.80, model saved.
2026-07-09_08-53-30 Episode 1134: New best reward 32.10, training model saved.
2026-07-09_08-54-05 Episode 1172: New best reward 37.10, training model saved.
2026-07-09_08-54-18 Episode 1181: New best reward 37.60, training model saved.
2026-07-09_08-54-23 Episode 1184: New best reward 42.10, training model saved.
2026-07-09_08-54-38 Episode 1193: New best reward 43.60, training model saved.
2026-07-09_08-54-48 Episode 1197: New best reward 93.60, training model saved.
2026-07-09_08-58-31: Training starting...
Device: cuda
2026-07-09_08-58-31 Episode 0: New best reward -8.10, training model saved.
2026-07-09_08-58-31 Episode 0: New best greedy reward 2.00, model saved.
2026-07-09_08-58-32 Episode 1: New best reward -5.70, training model saved.
2026-07-09_08-59-09 Episode 81: New best reward -2.10, training model saved.
2026-07-09_09-00-48 Episode 299: New best reward -0.30, training model saved.
2026-07-09_09-01-17 Episode 358: New best reward 1.50, training model saved.
2026-07-09_09-01-18 Episode 360: New best reward 3.90, training model saved.
2026-07-09_09-02-22 Episode 494: New best reward 5.00, training model saved.
2026-07-09_09-04-28 Episode 766: New best reward 8.40, training model saved.
2026-07-09_09-06-19 Episode 1000: New best greedy reward 3.90, model saved.
2026-07-09_09-11-42 Episode 1626: New best reward 11.10, training model saved.
2026-07-09_09-14-25: Training starting...
Device: cuda
2026-07-09_09-14-26 Episode 0: New best reward -8.10, training model saved.
2026-07-09_09-14-26 Episode 0: New best greedy reward 2.00, model saved.
2026-07-09_09-14-27 Episode 1: New best reward -5.70, training model saved.
2026-07-09_09-14-54 Episode 63: New best reward -2.10, training model saved.
2026-07-09_09-14-58 Episode 73: New best reward -0.30, training model saved.
2026-07-09_09-15-04 Episode 85: New best reward 0.30, training model saved.
2026-07-09_09-15-06 Episode 89: New best reward 3.30, training model saved.
2026-07-09_09-15-09 Episode 96: New best reward 3.90, training model saved.
2026-07-09_09-15-40 Episode 167: New best reward 4.60, training model saved.
2026-07-09_09-15-42 Episode 171: New best reward 8.40, training model saved.
2026-07-09_09-17-33 Episode 409: New best reward 8.90, training model saved.
2026-07-09_09-18-40 Episode 543: New best reward 9.50, training model saved.
2026-07-09_09-18-44 Episode 548: New best reward 10.50, training model saved.
2026-07-09_09-19-13 Episode 604: New best reward 11.10, training model saved.
2026-07-09_09-19-34 Episode 645: New best reward 11.20, training model saved.
2026-07-09_09-19-58 Episode 688: New best reward 13.60, training model saved.
2026-07-09_09-20-51 Episode 784: New best reward 14.00, training model saved.
2026-07-09_09-21-02 Episode 800: New best reward 15.00, training model saved.
2026-07-09_09-21-43 Episode 866: New best reward 22.40, training model saved.
2026-07-09_09-22-07 Episode 896: New best reward 26.90, training model saved.
2026-07-09_09-23-24 Episode 1000: New best greedy reward 3.90, model saved.
2026-07-09_09-23-28 Episode 1003: New best reward 32.00, training model saved.
2026-07-09_09-23-34 Episode 1008: New best reward 33.10, training model saved.
2026-07-09_09-24-38 Episode 1086: New best reward 51.50, training model saved.
2026-07-09_09-29-28: Training starting...
Device: cuda
2026-07-09_09-29-28 Episode 0: New best reward -8.10, training model saved.
2026-07-09_09-29-29 Episode 0: New best greedy reward 2.00, model saved.
2026-07-09_09-29-29 Episode 1: New best reward -5.70, training model saved.
2026-07-09_09-30-04 Episode 73: New best reward -4.50, training model saved.
2026-07-09_09-30-09 Episode 81: New best reward -1.50, training model saved.
2026-07-09_09-30-10 Episode 85: New best reward 0.30, training model saved.
2026-07-09_09-30-30 Episode 123: New best reward 3.90, training model saved.
2026-07-09_09-30-48 Episode 162: New best reward 4.00, training model saved.
2026-07-09_09-31-13 Episode 211: New best reward 4.50, training model saved.
2026-07-09_09-31-35 Episode 254: New best reward 4.60, training model saved.
2026-07-09_09-31-49 Episode 282: New best reward 6.50, training model saved.
2026-07-09_09-31-55 Episode 292: New best reward 6.80, training model saved.
2026-07-09_09-32-14 Episode 327: New best reward 8.40, training model saved.
2026-07-09_09-36-30 Episode 772: New best reward 11.30, training model saved.
2026-07-09_09-38-57 Episode 1000: New best greedy reward 6.40, model saved.
2026-07-09_09-44-49 Episode 1516: New best reward 12.90, training model saved.
2026-07-09_09-45-29 Episode 1566: New best reward 13.60, training model saved.
2026-07-09_09-45-36 Episode 1573: New best reward 15.70, training model saved.
2026-07-09_09-46-06: Training starting...
Device: cuda
2026-07-09_09-46-07 Episode 0: New best reward -8.10, training model saved.
2026-07-09_09-46-07 Episode 0: New best greedy reward 2.00, model saved.
2026-07-09_09-46-07 Episode 1: New best reward -5.70, training model saved.
2026-07-09_09-46-44 Episode 81: New best reward -2.10, training model saved.
2026-07-09_09-48-18 Episode 299: New best reward 0.90, training model saved.
2026-07-09_09-48-44 Episode 358: New best reward 1.50, training model saved.
2026-07-09_09-48-45 Episode 360: New best reward 2.10, training model saved.
2026-07-09_09-49-04 Episode 405: New best reward 3.90, training model saved.
2026-07-09_09-50-16 Episode 569: New best reward 4.50, training model saved.
2026-07-09_09-50-33 Episode 605: New best reward 4.70, training model saved.
2026-07-09_09-50-44 Episode 631: New best reward 4.80, training model saved.
2026-07-09_09-51-18 Episode 707: New best reward 6.40, training model saved.
2026-07-09_09-51-32: Training starting...
Device: cuda
2026-07-09_09-51-32 Episode 0: New best reward -8.10, training model saved.
2026-07-09_09-51-32 Episode 0: New best greedy reward 2.00, model saved.
2026-07-09_09-51-33 Episode 1: New best reward -5.70, training model saved.
2026-07-09_09-52-05 Episode 73: New best reward -3.90, training model saved.
2026-07-09_09-52-09 Episode 81: New best reward -1.50, training model saved.
2026-07-09_09-52-11 Episode 85: New best reward 0.30, training model saved.
2026-07-09_09-52-28 Episode 123: New best reward 3.90, training model saved.
2026-07-09_09-52-45 Episode 162: New best reward 4.90, training model saved.
2026-07-09_09-53-06 Episode 206: New best reward 6.10, training model saved.
2026-07-09_09-53-19 Episode 234: New best reward 8.40, training model saved.
2026-07-09_09-54-39 Episode 405: New best reward 8.80, training model saved.
2026-07-09_09-54-54 Episode 435: New best reward 10.50, training model saved.
2026-07-09_09-55-11 Episode 465: New best reward 10.60, training model saved.
2026-07-09_09-57-41 Episode 720: New best reward 12.90, training model saved.
2026-07-09_09-58-16 Episode 770: New best reward 18.60, training model saved.
2026-07-09_09-59-35 Episode 883: New best reward 23.10, training model saved.
2026-07-09_10-00-34 Episode 956: New best reward 23.40, training model saved.
2026-07-09_10-00-38 Episode 958: New best reward 32.60, training model saved.
2026-07-09_10-00-45 Episode 963: New best reward 50.90, training model saved.
2026-07-09_10-01-21 Episode 1000: New best greedy reward 12.90, model saved.
2026-07-09_10-03-37 Episode 1119: New best reward 67.20, training model saved.
2026-07-09_10-05-48 Episode 1211: New best reward 99.20, training model saved.
2026-07-09_10-14-17 Episode 1484: New best reward 143.90, training model saved.
2026-07-09_10-14-48 Episode 1491: New best reward 185.90, training model saved.
2026-07-09_10-15-02 Episode 1492: New best reward 197.50, training model saved.
2026-07-09_10-15-19 Episode 1493: New best reward 211.30, training model saved.
2026-07-09_10-21-17 Episode 1580: New best reward 252.00, training model saved.
2026-07-09_10-25-13 Episode 1641: New best reward 255.90, training model saved.
2026-07-09_10-34-44 Episode 1784: New best reward 283.90, training model saved.
2026-07-09_10-37-25: Training starting...
Device: cuda
2026-07-09_10-37-26 Episode 0: New best reward -8.10, training model saved.
2026-07-09_10-37-26 Episode 0: New best greedy reward 2.00, model saved.
2026-07-09_10-37-26 Episode 1: New best reward -5.70, training model saved.
2026-07-09_10-38-04 Episode 81: New best reward -2.10, training model saved.
2026-07-09_10-38-51 Episode 187: New best reward 0.30, training model saved.
2026-07-09_10-39-01 Episode 211: New best reward 2.70, training model saved.
2026-07-09_10-39-15 Episode 243: New best reward 3.90, training model saved.
2026-07-09_10-40-08 Episode 355: New best reward 4.80, training model saved.
2026-07-09_10-40-11 Episode 360: New best reward 8.80, training model saved.
2026-07-09_10-41-03 Episode 476: New best reward 9.00, training model saved.
2026-07-09_10-42-21 Episode 646: New best reward 9.20, training model saved.
2026-07-09_10-45-10 Episode 1000: New best greedy reward 4.70, model saved.
2026-07-09_10-45-12 Episode 1002: New best reward 13.20, training model saved.
2026-07-09_10-48-09 Episode 1326: New best reward 15.10, training model saved.
2026-07-09_10-48-25 Episode 1354: New best reward 15.30, training model saved.
2026-07-09_10-48-47 Episode 1388: New best reward 15.70, training model saved.
2026-07-09_10-48-58 Episode 1405: New best reward 20.80, training model saved.
2026-07-09_10-50-17 Episode 1508: New best reward 25.20, training model saved.
2026-07-09_10-51-15 Episode 1570: New best reward 29.70, training model saved.
2026-07-09_10-51-53 Episode 1609: New best reward 34.60, training model saved.
2026-07-09_10-52-41 Episode 1650: New best reward 42.00, training model saved.
2026-07-09_10-53-49 Episode 1701: New best reward 81.20, training model saved.
2026-07-09_10-55-29 Episode 1768: New best reward 94.60, training model saved.
2026-07-09_11-02-16 Episode 2000: New best greedy reward 53.30, model saved.
2026-07-09_11-03-27 Episode 2029: New best reward 141.80, training model saved.
2026-07-09_11-05-43 Episode 2079: New best reward 208.90, training model saved.
2026-07-09_11-06-22 Episode 2084: New best reward 246.40, training model saved.
2026-07-09_11-18-16 Episode 2266: New best reward 327.00, training model saved.
2026-07-09_11-22-09 Episode 2294: New best reward 807.50, training model saved.
2026-07-09_11-25-29: Training starting...
Device: cuda
2026-07-09_11-25-29 Episode 0: New best reward -8.10, training model saved.
2026-07-09_11-25-30 Episode 0: New best greedy reward 2.00, model saved.
2026-07-09_11-25-30 Episode 1: New best reward -5.70, training model saved.
2026-07-09_11-26-06 Episode 81: New best reward -2.70, training model saved.
2026-07-09_11-26-08 Episode 85: New best reward 0.30, training model saved.
2026-07-09_11-26-10 Episode 89: New best reward 0.90, training model saved.
2026-07-09_11-26-25 Episode 123: New best reward 3.90, training model saved.
2026-07-09_11-26-29 Episode 133: New best reward 4.00, training model saved.
2026-07-09_11-27-03 Episode 207: New best reward 4.30, training model saved.
2026-07-09_11-27-07 Episode 218: New best reward 5.00, training model saved.
2026-07-09_11-27-15 Episode 234: New best reward 8.40, training model saved.
2026-07-09_11-31-36 Episode 689: New best reward 9.20, training model saved.
2026-07-09_11-33-18 Episode 840: New best reward 9.30, training model saved.
2026-07-09_11-34-25 Episode 930: New best reward 10.60, training model saved.
2026-07-09_11-34-27 Episode 932: New best reward 12.90, training model saved.
2026-07-09_11-34-35 Episode 943: New best reward 13.60, training model saved.
2026-07-09_11-34-40 Episode 949: New best reward 18.30, training model saved.
2026-07-09_11-35-21 Episode 1000: New best greedy reward 4.50, model saved.
2026-07-09_11-35-30 Episode 1010: New best reward 18.80, training model saved.
2026-07-09_11-35-49 Episode 1031: New best reward 25.30, training model saved.
2026-07-09_11-37-07 Episode 1121: New best reward 28.10, training model saved.
2026-07-09_11-37-28 Episode 1142: New best reward 60.20, training model saved.
2026-07-09_11-40-33: Training starting...
Device: cuda
2026-07-09_11-40-33 Episode 0: New best reward -8.10, training model saved.
2026-07-09_11-40-33 Episode 0: New best greedy reward 2.00, model saved.
2026-07-09_11-40-34 Episode 1: New best reward -5.70, training model saved.
2026-07-09_11-41-10 Episode 81: New best reward -2.10, training model saved.
2026-07-09_11-41-12 Episode 85: New best reward 0.30, training model saved.
2026-07-09_11-41-13 Episode 89: New best reward 1.50, training model saved.
2026-07-09_11-41-29 Episode 123: New best reward 3.90, training model saved.
2026-07-09_11-41-45 Episode 162: New best reward 4.10, training model saved.
2026-07-09_11-42-06 Episode 207: New best reward 8.40, training model saved.
2026-07-09_11-42-29 Episode 257: New best reward 11.10, training model saved.
2026-07-09_11-43-39 Episode 403: New best reward 12.90, training model saved.
2026-07-09_11-44-49 Episode 533: New best reward 13.30, training model saved.
2026-07-09_11-45-11 Episode 569: New best reward 15.70, training model saved.
2026-07-09_11-45-47 Episode 625: New best reward 17.90, training model saved.
2026-07-09_11-45-56 Episode 636: New best reward 22.70, training model saved.
2026-07-09_11-46-17 Episode 663: New best reward 29.50, training model saved.
2026-07-09_11-47-05 Episode 718: New best reward 38.60, training model saved.
2026-07-09_11-47-17 Episode 733: New best reward 41.50, training model saved.
2026-07-09_11-48-16 Episode 787: New best reward 43.50, training model saved.
2026-07-09_11-49-27 Episode 845: New best reward 45.90, training model saved.
2026-07-09_11-49-36 Episode 851: New best reward 81.10, training model saved.
2026-07-09_11-50-40 Episode 887: New best reward 139.80, training model saved.
2026-07-09_11-54-44 Episode 1000: New best greedy reward 32.80, model saved.
2026-07-09_11-59-50 Episode 1141: New best reward 141.50, training model saved.
2026-07-09_12-00-22 Episode 1150: New best reward 154.00, training model saved.
2026-07-09_12-01-05 Episode 1161: New best reward 186.80, training model saved.
2026-07-09_12-07-52 Episode 1288: New best reward 223.80, training model saved.
2026-07-09_12-08-57 Episode 1303: New best reward 244.70, training model saved.
2026-07-09_12-09-23 Episode 1304: New best reward 347.30, training model saved.
2026-07-09_12-10-08 Episode 1310: New best reward 391.30, training model saved.
2026-07-09_12-19-54 Episode 1379: New best reward 692.80, training model saved.
2026-07-09_12-26-37: Training starting...
Device: cuda
2026-07-09_12-26-37 Episode 0: New best reward -8.10, training model saved.
2026-07-09_12-26-37 Episode 0: New best greedy reward 2.00, model saved.
2026-07-09_12-26-38 Episode 1: New best reward -5.70, training model saved.
2026-07-09_12-27-09 Episode 73: New best reward -4.50, training model saved.
2026-07-09_12-27-14 Episode 81: New best reward -1.50, training model saved.
2026-07-09_12-27-15 Episode 85: New best reward 0.30, training model saved.
2026-07-09_12-27-17 Episode 89: New best reward 1.50, training model saved.
2026-07-09_12-27-33 Episode 123: New best reward 3.90, training model saved.
2026-07-09_12-28-13 Episode 213: New best reward 4.80, training model saved.
2026-07-09_12-28-17 Episode 222: New best reward 8.40, training model saved.
2026-07-09_12-30-21 Episode 482: New best reward 8.60, training model saved.
2026-07-09_12-30-40 Episode 517: New best reward 10.90, training model saved.
2026-07-09_12-30-47 Episode 528: New best reward 12.90, training model saved.
2026-07-09_12-31-35 Episode 607: New best reward 15.00, training model saved.
2026-07-09_12-31-42 Episode 618: New best reward 15.30, training model saved.
2026-07-09_12-31-49 Episode 629: New best reward 18.60, training model saved.
2026-07-09_12-31-58 Episode 641: New best reward 22.40, training model saved.
2026-07-09_12-32-25 Episode 680: New best reward 25.10, training model saved.
2026-07-09_12-35-17 Episode 991: New best reward 29.10, training model saved.
2026-07-09_12-37-43 Episode 1172: New best reward 53.20, training model saved.
2026-07-09_12-41-01 Episode 1339: New best reward 69.20, training model saved.
2026-07-09_12-41-17 Episode 1345: New best reward 96.90, training model saved.
2026-07-09_12-41-39: Training starting...
Device: cuda
2026-07-09_12-41-40 Episode 0: New best reward -8.10, training model saved.
2026-07-09_12-41-40 Episode 0: New best greedy reward 2.00, model saved.
2026-07-09_12-41-40 Episode 1: New best reward -5.70, training model saved.
2026-07-09_12-42-12 Episode 73: New best reward -5.10, training model saved.
2026-07-09_12-42-16 Episode 81: New best reward -1.50, training model saved.
2026-07-09_12-42-17 Episode 85: New best reward 0.30, training model saved.
2026-07-09_12-42-51 Episode 162: New best reward 4.00, training model saved.
2026-07-09_12-43-21 Episode 230: New best reward 4.30, training model saved.
2026-07-09_12-43-30 Episode 248: New best reward 4.40, training model saved.
2026-07-09_12-43-32 Episode 253: New best reward 6.60, training model saved.
2026-07-09_12-43-34 Episode 258: New best reward 8.60, training model saved.
2026-07-09_12-45-05 Episode 456: New best reward 9.50, training model saved.
2026-07-09_12-45-44 Episode 537: New best reward 13.10, training model saved.
2026-07-09_12-46-37: Training starting...
Device: cuda
2026-07-09_12-46-38 Episode 0: New best reward -8.10, training model saved.
2026-07-09_12-46-38 Episode 0: New best greedy reward 2.00, model saved.
2026-07-09_12-46-39 Episode 1: New best reward -5.70, training model saved.
2026-07-09_12-47-15 Episode 81: New best reward -2.10, training model saved.
2026-07-09_12-48-04 Episode 187: New best reward 0.30, training model saved.
2026-07-09_12-48-07 Episode 195: New best reward 2.10, training model saved.
2026-07-09_12-48-09 Episode 200: New best reward 3.90, training model saved.
2026-07-09_12-48-36 Episode 254: New best reward 4.10, training model saved.
2026-07-09_12-48-41 Episode 266: New best reward 4.20, training model saved.
2026-07-09_12-48-50 Episode 287: New best reward 4.80, training model saved.
2026-07-09_12-49-10 Episode 327: New best reward 6.00, training model saved.
2026-07-09_12-49-15 Episode 337: New best reward 8.40, training model saved.
2026-07-09_12-54-17 Episode 966: New best reward 9.00, training model saved.
2026-07-09_12-54-30 Episode 990: New best reward 9.10, training model saved.
2026-07-09_12-57-05 Episode 1246: New best reward 11.20, training model saved.
2026-07-09_12-58-30 Episode 1376: New best reward 12.90, training model saved.
2026-07-09_12-58-45 Episode 1396: New best reward 13.60, training model saved.
2026-07-09_12-59-58 Episode 1497: New best reward 20.60, training model saved.
2026-07-09_13-00-58 Episode 1573: New best reward 22.80, training model saved.
2026-07-09_13-01-45 Episode 1627: New best reward 32.80, training model saved.
2026-07-09_13-02-13 Episode 1655: New best reward 37.00, training model saved.
2026-07-09_13-02-29: Training starting...
Device: cuda
2026-07-09_13-02-29 Episode 0: New best reward -8.10, training model saved.
2026-07-09_13-02-30 Episode 0: New best greedy reward 2.00, model saved.
2026-07-09_13-02-30 Episode 1: New best reward -5.70, training model saved.
2026-07-09_13-03-02 Episode 73: New best reward -4.50, training model saved.
2026-07-09_13-03-06 Episode 81: New best reward -1.50, training model saved.
2026-07-09_13-03-07 Episode 85: New best reward 0.30, training model saved.
2026-07-09_13-03-09 Episode 89: New best reward 2.70, training model saved.
2026-07-09_13-03-12 Episode 96: New best reward 3.90, training model saved.
2026-07-09_13-03-54 Episode 190: New best reward 4.00, training model saved.
2026-07-09_13-04-02 Episode 208: New best reward 4.40, training model saved.
2026-07-09_13-04-04 Episode 211: New best reward 4.80, training model saved.
2026-07-09_13-04-05 Episode 213: New best reward 6.70, training model saved.
2026-07-09_13-04-14 Episode 233: New best reward 8.40, training model saved.
2026-07-09_13-04-28 Episode 262: New best reward 10.60, training model saved.
2026-07-09_13-06-32 Episode 511: New best reward 11.00, training model saved.
2026-07-09_13-07-22 Episode 601: New best reward 11.10, training model saved.
2026-07-09_13-09-17 Episode 796: New best reward 12.90, training model saved.
2026-07-09_13-09-53 Episode 850: New best reward 13.00, training model saved.
2026-07-09_13-10-34 Episode 909: New best reward 13.50, training model saved.
2026-07-09_13-10-37 Episode 913: New best reward 15.70, training model saved.
2026-07-09_13-10-53 Episode 936: New best reward 20.80, training model saved.
2026-07-09_13-11-39 Episode 1000: New best greedy reward 4.20, model saved.
2026-07-09_13-13-48 Episode 1159: New best reward 22.60, training model saved.
2026-07-09_13-14-04 Episode 1177: New best reward 26.90, training model saved.
2026-07-09_13-14-16 Episode 1189: New best reward 27.20, training model saved.
2026-07-09_13-15-09 Episode 1246: New best reward 39.30, training model saved.
2026-07-09_13-17-27 Episode 1367: New best reward 45.90, training model saved.
2026-07-09_13-17-37 Episode 1374: New best reward 55.60, training model saved.
2026-07-09_13-20-26 Episode 1512: New best reward 62.60, training model saved.
2026-07-09_13-21-21 Episode 1556: New best reward 74.40, training model saved.
2026-07-09_13-26-49 Episode 1784: New best reward 76.60, training model saved.
2026-07-09_13-30-06 Episode 1906: New best reward 81.20, training model saved.
2026-07-09_13-30-20 Episode 1912: New best reward 84.00, training model saved.
2026-07-09_13-32-38 Episode 2000: New best greedy reward 9.10, model saved.
2026-07-09_13-35-43 Episode 2117: New best reward 111.80, training model saved.
2026-07-09_13-37-38 Episode 2166: New best reward 127.80, training model saved.
2026-07-09_13-39-47 Episode 2203: New best reward 379.30, training model saved.
2026-07-09_13-47-22: Training starting...
Device: cuda
2026-07-09_13-47-23 Episode 0: New best reward -8.10, training model saved.
2026-07-09_13-47-23 Episode 0: New best greedy reward 2.00, model saved.
2026-07-09_13-47-23 Episode 1: New best reward -5.70, training model saved.
2026-07-09_13-47-59 Episode 81: New best reward -2.70, training model saved.
2026-07-09_13-48-27 Episode 144: New best reward -1.50, training model saved.
2026-07-09_13-48-32 Episode 155: New best reward -0.30, training model saved.
2026-07-09_13-48-35 Episode 162: New best reward 3.90, training model saved.
2026-07-09_13-49-04 Episode 226: New best reward 8.40, training model saved.
2026-07-09_13-49-43 Episode 309: New best reward 10.60, training model saved.
2026-07-09_13-53-28 Episode 787: New best reward 11.10, training model saved.
2026-07-09_13-53-52 Episode 834: New best reward 11.30, training model saved.
2026-07-09_13-55-52 Episode 1058: New best reward 12.90, training model saved.
2026-07-09_13-56-37 Episode 1134: New best reward 13.10, training model saved.
2026-07-09_13-58-21 Episode 1306: New best reward 13.50, training model saved.
2026-07-09_13-59-06 Episode 1376: New best reward 13.60, training model saved.
2026-07-09_13-59-19 Episode 1396: New best reward 18.20, training model saved.
2026-07-09_14-00-07 Episode 1467: New best reward 22.90, training model saved.
2026-07-09_14-02-26 Episode 1660: New best reward 23.50, training model saved.
2026-07-09_14-03-39 Episode 1750: New best reward 32.80, training model saved.
2026-07-09_14-04-48 Episode 1830: New best reward 36.40, training model saved.
2026-07-09_14-06-53 Episode 1967: New best reward 55.60, training model saved.
2026-07-09_14-07-24 Episode 2000: New best greedy reward 4.00, model saved.
2026-07-09_14-09-49 Episode 2106: New best reward 60.50, training model saved.
2026-07-09_14-11-03 Episode 2146: New best reward 98.10, training model saved.
2026-07-09_14-12-19 Episode 2181: New best reward 145.10, training model saved.
2026-07-09_14-21-43 Episode 2401: New best reward 155.40, training model saved.
2026-07-09_14-22-29 Episode 2416: New best reward 164.60, training model saved.
2026-07-09_14-23-12 Episode 2433: New best reward 211.80, training model saved.
2026-07-09_14-28-27 Episode 2534: New best reward 250.90, training model saved.
2026-07-09_14-32-35: Training starting...
Device: cuda
2026-07-09_14-32-36 Episode 0: New best reward -8.10, training model saved.
2026-07-09_14-32-36 Episode 0: New best greedy reward 2.00, model saved.
2026-07-09_14-32-36 Episode 1: New best reward -5.70, training model saved.
2026-07-09_14-33-13 Episode 81: New best reward -2.10, training model saved.
2026-07-09_14-33-47 Episode 162: New best reward -0.30, training model saved.
2026-07-09_14-34-00 Episode 187: New best reward 0.30, training model saved.
2026-07-09_14-34-10 Episode 211: New best reward 2.70, training model saved.
2026-07-09_14-34-20 Episode 235: New best reward 3.90, training model saved.
2026-07-09_14-34-44 Episode 287: New best reward 4.10, training model saved.
2026-07-09_14-35-10 Episode 341: New best reward 4.30, training model saved.
2026-07-09_14-35-11 Episode 343: New best reward 4.50, training model saved.
2026-07-09_14-35-27 Episode 382: New best reward 4.60, training model saved.
2026-07-09_14-35-43 Episode 414: New best reward 6.10, training model saved.
2026-07-09_14-35-55 Episode 440: New best reward 8.40, training model saved.
2026-07-09_14-36-04 Episode 459: New best reward 12.90, training model saved.
2026-07-09_14-38-09: Training starting...
Device: cuda
2026-07-09_14-38-10 Episode 0: New best reward -8.10, training model saved.
2026-07-09_14-38-10 Episode 0: New best greedy reward 2.00, model saved.
2026-07-09_14-38-10 Episode 1: New best reward -5.70, training model saved.
2026-07-09_14-38-47 Episode 81: New best reward -2.10, training model saved.
2026-07-09_14-38-49 Episode 85: New best reward 0.30, training model saved.
2026-07-09_14-39-23 Episode 162: New best reward 2.10, training model saved.
2026-07-09_14-39-41 Episode 200: New best reward 3.90, training model saved.
2026-07-09_14-40-12 Episode 266: New best reward 4.30, training model saved.
2026-07-09_14-40-23 Episode 287: New best reward 4.80, training model saved.
2026-07-09_14-40-42 Episode 329: New best reward 4.90, training model saved.
2026-07-09_14-41-11 Episode 392: New best reward 8.40, training model saved.
2026-07-09_14-42-44 Episode 587: New best reward 8.80, training model saved.
2026-07-09_14-43-33: Training starting...
Device: cuda
2026-07-09_14-43-33 Episode 0: New best reward -8.10, training model saved.
2026-07-09_14-43-34 Episode 0: New best greedy reward 2.00, model saved.
2026-07-09_14-43-34 Episode 1: New best reward -5.70, training model saved.
2026-07-09_14-44-09 Episode 81: New best reward -2.10, training model saved.
2026-07-09_14-44-56 Episode 187: New best reward 0.30, training model saved.
2026-07-09_14-45-06 Episode 211: New best reward 3.30, training model saved.
2026-07-09_14-45-17 Episode 235: New best reward 3.90, training model saved.
2026-07-09_14-45-40 Episode 287: New best reward 4.10, training model saved.
2026-07-09_14-46-04 Episode 341: New best reward 4.30, training model saved.
2026-07-09_14-46-22 Episode 382: New best reward 6.40, training model saved.
2026-07-09_14-47-06 Episode 482: New best reward 6.50, training model saved.
2026-07-09_14-47-11 Episode 490: New best reward 8.80, training model saved.
2026-07-09_14-48-58: Training starting...
Device: cuda
2026-07-09_14-48-58 Episode 0: New best reward -8.10, training model saved.
2026-07-09_14-48-59 Episode 0: New best greedy reward 2.00, model saved.
2026-07-09_14-48-59 Episode 1: New best reward -5.70, training model saved.
2026-07-09_14-49-35 Episode 81: New best reward -2.10, training model saved.
2026-07-09_14-49-37 Episode 85: New best reward 0.30, training model saved.
2026-07-09_14-50-34 Episode 211: New best reward 3.30, training model saved.
2026-07-09_14-50-44 Episode 235: New best reward 3.90, training model saved.
2026-07-09_14-51-08 Episode 287: New best reward 4.90, training model saved.
2026-07-09_14-52-03 Episode 408: New best reward 6.10, training model saved.
2026-07-09_14-52-06 Episode 414: New best reward 6.30, training model saved.
2026-07-09_14-52-17 Episode 441: New best reward 8.40, training model saved.
2026-07-09_14-53-26 Episode 585: New best reward 10.70, training model saved.
2026-07-09_14-54-09 Episode 676: New best reward 11.10, training model saved.
2026-07-09_14-54-12: Training starting...
Device: cuda
2026-07-09_14-54-13 Episode 0: New best reward -8.10, training model saved.
2026-07-09_14-54-13 Episode 0: New best greedy reward 2.00, model saved.
2026-07-09_14-54-13 Episode 1: New best reward -5.70, training model saved.
2026-07-09_14-54-49 Episode 81: New best reward -2.70, training model saved.
2026-07-09_14-54-51 Episode 85: New best reward 0.30, training model saved.
2026-07-09_14-55-08 Episode 123: New best reward 3.90, training model saved.
2026-07-09_14-55-25 Episode 162: New best reward 4.00, training model saved.
2026-07-09_14-55-58 Episode 235: New best reward 4.60, training model saved.
2026-07-09_14-56-19 Episode 282: New best reward 8.40, training model saved.
2026-07-09_14-57-25 Episode 422: New best reward 10.50, training model saved.
2026-07-09_14-57-35 Episode 440: New best reward 17.90, training model saved.
2026-07-09_14-59-19: Training starting...
Device: cuda
2026-07-09_14-59-19 Episode 0: New best reward -8.10, training model saved.
2026-07-09_14-59-19 Episode 0: New best greedy reward 2.00, model saved.
2026-07-09_14-59-20 Episode 1: New best reward -5.70, training model saved.
2026-07-09_14-59-51 Episode 73: New best reward -5.10, training model saved.
2026-07-09_14-59-55 Episode 81: New best reward -1.50, training model saved.
2026-07-09_14-59-57 Episode 85: New best reward 0.30, training model saved.
2026-07-09_15-00-14 Episode 123: New best reward 3.90, training model saved.
2026-07-09_15-00-31 Episode 162: New best reward 4.00, training model saved.
2026-07-09_15-01-20 Episode 272: New best reward 6.50, training model saved.
2026-07-09_15-01-31 Episode 295: New best reward 8.40, training model saved.
2026-07-09_15-08-10 Episode 1000: New best greedy reward 8.40, model saved.
2026-07-09_15-12-37 Episode 1387: New best reward 8.60, training model saved.
2026-07-09_15-12-48 Episode 1401: New best reward 12.90, training model saved.
2026-07-09_15-13-40 Episode 1471: New best reward 13.50, training model saved.
2026-07-09_15-13-49 Episode 1482: New best reward 22.70, training model saved.
2026-07-09_15-14-13 Episode 1511: New best reward 23.60, training model saved.
2026-07-09_15-14-18 Episode 1515: New best reward 26.90, training model saved.
2026-07-09_15-14-37 Episode 1536: New best reward 39.20, training model saved.
2026-07-09_15-14-50 Episode 1547: New best reward 43.20, training model saved.
2026-07-09_15-18-21 Episode 1771: New best reward 43.80, training model saved.
2026-07-09_15-18-32 Episode 1776: New best reward 78.40, training model saved.
2026-07-09_15-19-11 Episode 1806: New best reward 85.20, training model saved.
2026-07-09_15-21-25 Episode 1896: New best reward 103.00, training model saved.
2026-07-09_15-22-50 Episode 1932: New best reward 181.00, training model saved.
2026-07-09_15-24-56 Episode 2000: New best greedy reward 71.80, model saved.
2026-07-09_15-29-08 Episode 2083: New best reward 222.90, training model saved.
2026-07-09_15-29-37 Episode 2087: New best reward 246.90, training model saved.
2026-07-09_15-31-47 Episode 2107: New best reward 391.00, training model saved.
2026-07-09_15-38-19 Episode 2208: New best reward 797.60, training model saved.
2026-07-09_15-43-27: Training starting...
Device: cuda
2026-07-09_15-43-27 Episode 0: New best reward -8.10, training model saved.
2026-07-09_15-43-28 Episode 0: New best greedy reward 2.00, model saved.
2026-07-09_15-43-28 Episode 1: New best reward -5.70, training model saved.
2026-07-09_15-44-03 Episode 81: New best reward -2.10, training model saved.
2026-07-09_15-44-50 Episode 187: New best reward 0.30, training model saved.
2026-07-09_15-45-00 Episode 211: New best reward 2.70, training model saved.
2026-07-09_15-45-33 Episode 287: New best reward 3.90, training model saved.
2026-07-09_15-45-52 Episode 329: New best reward 4.20, training model saved.
2026-07-09_15-46-03 Episode 355: New best reward 4.60, training model saved.
2026-07-09_15-46-15 Episode 382: New best reward 4.70, training model saved.
2026-07-09_15-46-28 Episode 410: New best reward 8.40, training model saved.
2026-07-09_15-46-56 Episode 474: New best reward 9.30, training model saved.
2026-07-09_15-48-48 Episode 726: New best reward 11.30, training model saved.
2026-07-09_15-48-52: Training starting...
Device: cuda
2026-07-09_15-48-53 Episode 0: New best reward -8.10, training model saved.
2026-07-09_15-48-53 Episode 0: New best greedy reward 2.00, model saved.
2026-07-09_15-48-53 Episode 1: New best reward -5.70, training model saved.
2026-07-09_15-49-30 Episode 81: New best reward -2.70, training model saved.
2026-07-09_15-49-31 Episode 85: New best reward -0.90, training model saved.
2026-07-09_15-49-49 Episode 123: New best reward 3.90, training model saved.
2026-07-09_15-49-51 Episode 127: New best reward 4.90, training model saved.
2026-07-09_15-50-09 Episode 167: New best reward 6.60, training model saved.
2026-07-09_15-50-46 Episode 250: New best reward 8.40, training model saved.
2026-07-09_15-51-50 Episode 380: New best reward 8.90, training model saved.
2026-07-09_15-52-15 Episode 426: New best reward 12.90, training model saved.
2026-07-09_15-54-20 Episode 641: New best reward 20.20, training model saved.
2026-07-09_15-55-10 Episode 718: New best reward 23.30, training model saved.
2026-07-09_15-56-40 Episode 838: New best reward 50.50, training model saved.
2026-07-09_15-57-51 Episode 900: New best reward 69.70, training model saved.
2026-07-09_15-58-03 Episode 904: New best reward 76.10, training model saved.
2026-07-09_16-00-14 Episode 1000: New best greedy reward 6.70, model saved.
2026-07-09_16-02-53 Episode 1093: New best reward 237.70, training model saved.
2026-07-09_16-09-40 Episode 1223: New best reward 365.80, training model saved.
2026-07-09_16-28-18 Episode 1871: New best reward 401.10, training model saved.
2026-07-09_16-33-29: Training starting...
Device: cuda
2026-07-09_16-33-29 Episode 0: New best reward -8.10, training model saved.
2026-07-09_16-33-29 Episode 0: New best greedy reward 2.00, model saved.
2026-07-09_16-33-30 Episode 1: New best reward -5.70, training model saved.
2026-07-09_16-34-05 Episode 81: New best reward -2.70, training model saved.
2026-07-09_16-34-24 Episode 123: New best reward -1.50, training model saved.
2026-07-09_16-34-40 Episode 162: New best reward 3.90, training model saved.
2026-07-09_16-35-37 Episode 287: New best reward 4.60, training model saved.
2026-07-09_16-35-55 Episode 327: New best reward 4.90, training model saved.
2026-07-09_16-36-04 Episode 349: New best reward 8.40, training model saved.
2026-07-09_16-36-52 Episode 452: New best reward 8.80, training model saved.
2026-07-09_16-40-06 Episode 777: New best reward 12.30, training model saved.
2026-07-09_16-40-30 Episode 811: New best reward 12.90, training model saved.
2026-07-09_16-40-45 Episode 833: New best reward 18.90, training model saved.
2026-07-09_16-40-59 Episode 849: New best reward 27.70, training model saved.
2026-07-09_16-41-34 Episode 885: New best reward 38.90, training model saved.
2026-07-09_16-41-44 Episode 890: New best reward 48.70, training model saved.
2026-07-09_16-41-48 Episode 891: New best reward 57.20, training model saved.
2026-07-09_16-41-53 Episode 892: New best reward 65.00, training model saved.
2026-07-09_16-42-26 Episode 911: New best reward 104.80, training model saved.
2026-07-09_16-43-08 Episode 929: New best reward 110.90, training model saved.
2026-07-09_16-44-09 Episode 947: New best reward 137.30, training model saved.
2026-07-09_16-46-05 Episode 1000: New best greedy reward 34.80, model saved.
2026-07-09_16-46-35 Episode 1012: New best reward 163.10, training model saved.
2026-07-09_16-50-19 Episode 1107: New best reward 176.40, training model saved.
2026-07-09_16-51-08 Episode 1117: New best reward 239.20, training model saved.
2026-07-09_16-51-43 Episode 1134: New best reward 260.40, training model saved.
2026-07-09_16-56-42 Episode 1228: New best reward 286.70, training model saved.
2026-07-09_16-58-56 Episode 1257: New best reward 314.80, training model saved.
2026-07-09_17-00-15 Episode 1284: New best reward 386.60, training model saved.
2026-07-09_17-06-05 Episode 1372: New best reward 527.20, training model saved.
2026-07-09_17-09-00 Episode 1417: New best reward 694.40, training model saved.
[worker] done. total trials in study: 400
2026-07-09_06-39-43: Training starting...
Device: cuda
2026-07-09_06-39-50 Episode 0: New best reward -8.10, training model saved.
2026-07-09_06-39-50 Episode 0: New best greedy reward 2.00, model saved.
2026-07-09_06-39-51 Episode 1: New best reward -5.70, training model saved.
2026-07-09_06-40-27 Episode 81: New best reward -2.10, training model saved.
2026-07-09_06-40-29 Episode 85: New best reward 0.30, training model saved.
2026-07-09_06-40-46 Episode 123: New best reward 4.10, training model saved.
2026-07-09_06-41-44 Episode 248: New best reward 4.50, training model saved.
2026-07-09_06-41-46 Episode 254: New best reward 4.60, training model saved.
2026-07-09_06-41-51 Episode 266: New best reward 6.40, training model saved.
2026-07-09_06-42-13 Episode 312: New best reward 9.00, training model saved.
2026-07-09_06-45-31 Episode 734: New best reward 12.90, training model saved.
2026-07-09_06-55-06: Training starting...
Device: cuda
2026-07-09_06-55-07 Episode 0: New best reward -8.10, training model saved.
2026-07-09_06-55-07 Episode 0: New best greedy reward 2.00, model saved.
2026-07-09_06-55-08 Episode 1: New best reward -5.70, training model saved.
2026-07-09_06-55-44 Episode 81: New best reward -2.10, training model saved.
2026-07-09_06-57-20 Episode 299: New best reward 0.90, training model saved.
2026-07-09_06-57-47 Episode 358: New best reward 1.50, training model saved.
2026-07-09_06-57-48 Episode 360: New best reward 3.90, training model saved.
2026-07-09_06-58-48 Episode 494: New best reward 5.00, training model saved.
2026-07-09_06-59-38 Episode 605: New best reward 6.10, training model saved.
2026-07-09_07-00-22 Episode 707: New best reward 6.20, training model saved.
2026-07-09_07-01-08 Episode 809: New best reward 6.40, training model saved.
2026-07-09_07-01-20 Episode 832: New best reward 6.80, training model saved.
2026-07-09_07-02-09 Episode 943: New best reward 8.40, training model saved.
2026-07-09_07-05-41 Episode 1368: New best reward 11.30, training model saved.
2026-07-09_07-09-11 Episode 1725: New best reward 12.90, training model saved.
2026-07-09_07-10-06 Episode 1810: New best reward 13.60, training model saved.
2026-07-09_07-11-55 Episode 1961: New best reward 18.00, training model saved.
2026-07-09_07-12-22 Episode 1994: New best reward 22.40, training model saved.
2026-07-09_07-12-25 Episode 1997: New best reward 26.90, training model saved.
2026-07-09_07-12-28 Episode 2000: New best greedy reward 12.90, model saved.
2026-07-09_07-14-11 Episode 2112: New best reward 34.80, training model saved.
2026-07-09_07-14-40 Episode 2139: New best reward 36.40, training model saved.
2026-07-09_07-15-22 Episode 2171: New best reward 42.10, training model saved.
2026-07-09_07-15-54 Episode 2195: New best reward 50.40, training model saved.
2026-07-09_07-16-08 Episode 2206: New best reward 64.40, training model saved.
2026-07-09_07-18-38 Episode 2302: New best reward 87.90, training model saved.
2026-07-09_07-19-17 Episode 2317: New best reward 163.60, training model saved.
2026-07-09_07-24-15 Episode 2422: New best reward 194.90, training model saved.
2026-07-09_07-26-19 Episode 2446: New best reward 319.10, training model saved.
2026-07-09_07-35-20 Episode 2535: New best reward 473.20, training model saved.
2026-07-09_07-40-08: Training starting...
Device: cuda
2026-07-09_07-40-09 Episode 0: New best reward -8.10, training model saved.
2026-07-09_07-40-09 Episode 0: New best greedy reward 2.00, model saved.
2026-07-09_07-40-09 Episode 1: New best reward -5.70, training model saved.
2026-07-09_07-40-45 Episode 81: New best reward -2.10, training model saved.
2026-07-09_07-42-22 Episode 299: New best reward 1.50, training model saved.
2026-07-09_07-42-50 Episode 360: New best reward 3.90, training model saved.
2026-07-09_07-44-22 Episode 569: New best reward 4.00, training model saved.
2026-07-09_07-44-44 Episode 617: New best reward 4.30, training model saved.
2026-07-09_07-46-04 Episode 799: New best reward 4.40, training model saved.
2026-07-09_07-46-19 Episode 829: New best reward 4.50, training model saved.
2026-07-09_07-46-27 Episode 849: New best reward 4.60, training model saved.
2026-07-09_07-46-28 Episode 850: New best reward 8.40, training model saved.
2026-07-09_07-49-31 Episode 1253: New best reward 9.30, training model saved.
2026-07-09_07-51-11 Episode 1438: New best reward 11.30, training model saved.
2026-07-09_07-51-18 Episode 1449: New best reward 12.90, training model saved.
2026-07-09_07-55-15: Training starting...
Device: cuda
2026-07-09_07-55-16 Episode 0: New best reward -8.10, training model saved.
2026-07-09_07-55-16 Episode 0: New best greedy reward 2.00, model saved.
2026-07-09_07-55-17 Episode 1: New best reward -5.70, training model saved.
2026-07-09_07-55-51 Episode 81: New best reward -2.10, training model saved.
2026-07-09_07-55-53 Episode 85: New best reward 0.30, training model saved.
2026-07-09_07-55-55 Episode 89: New best reward 1.50, training model saved.
2026-07-09_07-56-10 Episode 123: New best reward 3.90, training model saved.
2026-07-09_07-56-48 Episode 211: New best reward 4.70, training model saved.
2026-07-09_07-57-07 Episode 254: New best reward 6.70, training model saved.
2026-07-09_07-57-31 Episode 309: New best reward 8.40, training model saved.
2026-07-09_08-02-38 Episode 854: New best reward 9.00, training model saved.
2026-07-09_08-03-09 Episode 898: New best reward 9.10, training model saved.
2026-07-09_08-04-19 Episode 1000: New best greedy reward 8.40, model saved.
2026-07-09_08-04-59 Episode 1055: New best reward 9.20, training model saved.
2026-07-09_08-06-21 Episode 1170: New best reward 9.30, training model saved.
2026-07-09_08-09-51: Training starting...
Device: cuda
2026-07-09_08-09-51 Episode 0: New best reward -8.10, training model saved.
2026-07-09_08-09-51 Episode 0: New best greedy reward 2.00, model saved.
2026-07-09_08-09-52 Episode 1: New best reward -5.70, training model saved.
2026-07-09_08-10-27 Episode 81: New best reward -2.10, training model saved.
2026-07-09_08-10-28 Episode 85: New best reward 0.30, training model saved.
2026-07-09_08-11-24 Episode 211: New best reward 2.10, training model saved.
2026-07-09_08-11-37 Episode 243: New best reward 3.90, training model saved.
2026-07-09_08-12-29 Episode 361: New best reward 4.20, training model saved.
2026-07-09_08-12-44 Episode 396: New best reward 6.00, training model saved.
2026-07-09_08-13-16 Episode 466: New best reward 6.30, training model saved.
2026-07-09_08-13-24 Episode 486: New best reward 6.50, training model saved.
2026-07-09_08-13-32 Episode 503: New best reward 6.60, training model saved.
2026-07-09_08-13-33 Episode 505: New best reward 8.40, training model saved.
2026-07-09_08-15-52 Episode 786: New best reward 8.90, training model saved.
2026-07-09_08-16-21 Episode 838: New best reward 12.90, training model saved.
2026-07-09_08-18-03 Episode 1000: New best greedy reward 13.60, model saved.
2026-07-09_08-24-31: Training starting...
Device: cuda
2026-07-09_08-24-31 Episode 0: New best reward -8.10, training model saved.
2026-07-09_08-24-31 Episode 0: New best greedy reward 2.00, model saved.
2026-07-09_08-24-32 Episode 1: New best reward -5.70, training model saved.
2026-07-09_08-25-11 Episode 81: New best reward -2.10, training model saved.
2026-07-09_08-26-01 Episode 187: New best reward -0.30, training model saved.
2026-07-09_08-26-11 Episode 211: New best reward 1.50, training model saved.
2026-07-09_08-26-49 Episode 287: New best reward 2.10, training model saved.
2026-07-09_08-26-54 Episode 299: New best reward 3.90, training model saved.
2026-07-09_08-27-45 Episode 405: New best reward 4.10, training model saved.
2026-07-09_08-27-46 Episode 406: New best reward 4.40, training model saved.
2026-07-09_08-27-57 Episode 420: New best reward 6.50, training model saved.
2026-07-09_08-27-59 Episode 424: New best reward 8.40, training model saved.
2026-07-09_08-32-46 Episode 988: New best reward 8.80, training model saved.
2026-07-09_08-32-51 Episode 996: New best reward 12.90, training model saved.
2026-07-09_08-33-30 Episode 1061: New best reward 15.30, training model saved.
2026-07-09_08-34-43 Episode 1163: New best reward 15.70, training model saved.
2026-07-09_08-34-55 Episode 1179: New best reward 17.90, training model saved.
2026-07-09_08-34-59 Episode 1184: New best reward 29.50, training model saved.
2026-07-09_08-37-41 Episode 1367: New best reward 36.70, training model saved.
2026-07-09_08-38-37 Episode 1417: New best reward 41.40, training model saved.
2026-07-09_08-44-54 Episode 1807: New best reward 54.90, training model saved.
2026-07-09_08-46-05 Episode 1853: New best reward 76.80, training model saved.
2026-07-09_08-48-54 Episode 1939: New best reward 95.70, training model saved.
2026-07-09_08-50-51 Episode 1990: New best reward 124.90, training model saved.
2026-07-09_08-51-28 Episode 1999: New best reward 146.20, training model saved.
2026-07-09_08-51-29 Episode 2000: New best greedy reward 6.50, model saved.
2026-07-09_08-52-05 Episode 2010: New best reward 151.30, training model saved.
2026-07-09_08-56-00 Episode 2081: New best reward 194.90, training model saved.
2026-07-09_08-57-36 Episode 2104: New best reward 204.40, training model saved.
2026-07-09_09-01-50 Episode 2169: New best reward 241.90, training model saved.
2026-07-09_09-14-12: Training starting...
Device: cuda
2026-07-09_09-14-12 Episode 0: New best reward -8.10, training model saved.
2026-07-09_09-14-13 Episode 0: New best greedy reward 2.00, model saved.
2026-07-09_09-14-13 Episode 1: New best reward -5.70, training model saved.
2026-07-09_09-14-49 Episode 81: New best reward -2.70, training model saved.
2026-07-09_09-14-51 Episode 85: New best reward 0.30, training model saved.
2026-07-09_09-15-08 Episode 123: New best reward 3.90, training model saved.
2026-07-09_09-15-25 Episode 162: New best reward 4.00, training model saved.
2026-07-09_09-15-45 Episode 206: New best reward 4.70, training model saved.
2026-07-09_09-15-57 Episode 233: New best reward 6.20, training model saved.
2026-07-09_09-16-00 Episode 238: New best reward 8.40, training model saved.
2026-07-09_09-19-54 Episode 691: New best reward 8.50, training model saved.
2026-07-09_09-20-02 Episode 702: New best reward 12.90, training model saved.
2026-07-09_09-20-46 Episode 765: New best reward 17.90, training model saved.
2026-07-09_09-21-32 Episode 828: New best reward 20.40, training model saved.
2026-07-09_09-21-51 Episode 852: New best reward 20.70, training model saved.
2026-07-09_09-22-21 Episode 893: New best reward 40.90, training model saved.
2026-07-09_09-23-59 Episode 1000: New best greedy reward 4.30, model saved.
2026-07-09_09-25-33 Episode 1096: New best reward 41.60, training model saved.
2026-07-09_09-26-42 Episode 1154: New best reward 50.60, training model saved.
2026-07-09_09-27-10 Episode 1179: New best reward 54.90, training model saved.
2026-07-09_09-29-14: Training starting...
Device: cuda
2026-07-09_09-29-15 Episode 0: New best reward -8.10, training model saved.
2026-07-09_09-29-15 Episode 0: New best greedy reward 2.00, model saved.
2026-07-09_09-29-15 Episode 1: New best reward -5.70, training model saved.
2026-07-09_09-29-45 Episode 66: New best reward -5.10, training model saved.
2026-07-09_09-29-48 Episode 73: New best reward -1.50, training model saved.
2026-07-09_09-29-54 Episode 85: New best reward 0.30, training model saved.
2026-07-09_09-29-56 Episode 89: New best reward 2.10, training model saved.
2026-07-09_09-30-12 Episode 123: New best reward 3.90, training model saved.
2026-07-09_09-30-29 Episode 162: New best reward 4.00, training model saved.
2026-07-09_09-30-53 Episode 211: New best reward 4.40, training model saved.
2026-07-09_09-31-03 Episode 235: New best reward 4.70, training model saved.
2026-07-09_09-31-11 Episode 250: New best reward 4.80, training model saved.
2026-07-09_09-31-28 Episode 287: New best reward 4.90, training model saved.
2026-07-09_09-31-29 Episode 290: New best reward 8.40, training model saved.
2026-07-09_09-34-29 Episode 608: New best reward 8.70, training model saved.
2026-07-09_09-35-23 Episode 693: New best reward 12.90, training model saved.
2026-07-09_09-35-26 Episode 698: New best reward 13.10, training model saved.
2026-07-09_09-36-03 Episode 749: New best reward 13.20, training model saved.
2026-07-09_09-36-21 Episode 773: New best reward 13.70, training model saved.
2026-07-09_09-36-29 Episode 784: New best reward 17.90, training model saved.
2026-07-09_09-38-30 Episode 956: New best reward 22.40, training model saved.
2026-07-09_09-38-38 Episode 963: New best reward 36.80, training model saved.
2026-07-09_09-39-07 Episode 1000: New best greedy reward 6.00, model saved.
2026-07-09_09-42-35 Episode 1245: New best reward 40.90, training model saved.
2026-07-09_09-44-02 Episode 1334: New best reward 41.70, training model saved.
2026-07-09_09-44-08 Episode 1337: New best reward 50.40, training model saved.
2026-07-09_09-47-45 Episode 1538: New best reward 52.60, training model saved.
2026-07-09_09-48-17 Episode 1560: New best reward 79.10, training model saved.
2026-07-09_09-48-54 Episode 1589: New best reward 81.30, training model saved.
2026-07-09_09-49-36 Episode 1615: New best reward 93.20, training model saved.
2026-07-09_09-49-56 Episode 1624: New best reward 148.40, training model saved.
2026-07-09_09-57-47 Episode 1852: New best reward 188.70, training model saved.
2026-07-09_09-58-24 Episode 1861: New best reward 237.30, training model saved.
2026-07-09_10-04-04 Episode 2000: New best greedy reward 81.30, model saved.
2026-07-09_10-15-04: Training starting...
Device: cuda
2026-07-09_10-15-04 Episode 0: New best reward -8.10, training model saved.
2026-07-09_10-15-05 Episode 0: New best greedy reward 2.00, model saved.
2026-07-09_10-15-05 Episode 1: New best reward -5.70, training model saved.
2026-07-09_10-15-41 Episode 81: New best reward -2.10, training model saved.
2026-07-09_10-17-18 Episode 299: New best reward -0.30, training model saved.
2026-07-09_10-17-45 Episode 358: New best reward 1.50, training model saved.
2026-07-09_10-18-05 Episode 405: New best reward 3.90, training model saved.
2026-07-09_10-19-43 Episode 617: New best reward 4.00, training model saved.
2026-07-09_10-19-55 Episode 647: New best reward 4.20, training model saved.
2026-07-09_10-20-21 Episode 703: New best reward 4.40, training model saved.
2026-07-09_10-20-23 Episode 707: New best reward 4.50, training model saved.
2026-07-09_10-23-46 Episode 1147: New best reward 4.90, training model saved.
2026-07-09_10-25-23 Episode 1362: New best reward 6.30, training model saved.
2026-07-09_10-26-42 Episode 1529: New best reward 8.40, training model saved.
2026-07-09_10-27-09 Episode 1581: New best reward 8.50, training model saved.
2026-07-09_10-28-18 Episode 1715: New best reward 9.20, training model saved.
2026-07-09_10-28-59 Episode 1794: New best reward 10.60, training model saved.
2026-07-09_10-29-41 Episode 1874: New best reward 12.90, training model saved.
2026-07-09_10-30-31: Training starting...
Device: cuda
2026-07-09_10-30-31 Episode 0: New best reward -8.10, training model saved.
2026-07-09_10-30-31 Episode 0: New best greedy reward 2.00, model saved.
2026-07-09_10-30-32 Episode 1: New best reward -5.70, training model saved.
2026-07-09_10-31-09 Episode 81: New best reward -2.10, training model saved.
2026-07-09_10-31-10 Episode 85: New best reward 0.30, training model saved.
2026-07-09_10-31-45 Episode 162: New best reward 2.10, training model saved.
2026-07-09_10-32-03 Episode 200: New best reward 3.90, training model saved.
2026-07-09_10-32-40 Episode 281: New best reward 4.20, training model saved.
2026-07-09_10-33-29 Episode 386: New best reward 4.30, training model saved.
2026-07-09_10-33-34 Episode 396: New best reward 4.70, training model saved.
2026-07-09_10-33-37 Episode 404: New best reward 6.20, training model saved.
2026-07-09_10-34-15 Episode 483: New best reward 8.40, training model saved.
2026-07-09_10-35-09 Episode 594: New best reward 8.50, training model saved.
2026-07-09_10-36-06 Episode 714: New best reward 8.70, training model saved.
2026-07-09_10-36-23 Episode 745: New best reward 9.20, training model saved.
2026-07-09_10-37-37 Episode 894: New best reward 12.90, training model saved.
2026-07-09_10-38-03 Episode 946: New best reward 13.50, training model saved.
2026-07-09_10-42-43 Episode 1455: New best reward 13.70, training model saved.
2026-07-09_10-44-21 Episode 1618: New best reward 13.90, training model saved.
2026-07-09_10-44-28 Episode 1627: New best reward 20.70, training model saved.
2026-07-09_10-45-58: Training starting...
Device: cuda
2026-07-09_10-45-59 Episode 0: New best reward -8.10, training model saved.
2026-07-09_10-45-59 Episode 0: New best greedy reward 2.00, model saved.
2026-07-09_10-45-59 Episode 1: New best reward -5.70, training model saved.
2026-07-09_10-46-35 Episode 81: New best reward -2.10, training model saved.
2026-07-09_10-47-30 Episode 211: New best reward 2.70, training model saved.
2026-07-09_10-48-03 Episode 287: New best reward 3.90, training model saved.
2026-07-09_10-48-54 Episode 405: New best reward 4.20, training model saved.
2026-07-09_10-48-58 Episode 410: New best reward 8.40, training model saved.
2026-07-09_10-49-03 Episode 420: New best reward 11.10, training model saved.
2026-07-09_10-52-31 Episode 884: New best reward 13.80, training model saved.
2026-07-09_10-53-34 Episode 1000: New best greedy reward 6.70, model saved.
2026-07-09_10-53-57 Episode 1040: New best reward 18.40, training model saved.
2026-07-09_10-59-29 Episode 1512: New best reward 22.40, training model saved.
2026-07-09_10-59-41 Episode 1523: New best reward 31.90, training model saved.
2026-07-09_10-59-51 Episode 1534: New best reward 34.80, training model saved.
2026-07-09_11-00-29 Episode 1570: New best reward 36.40, training model saved.
2026-07-09_11-00-52 Episode 1591: New best reward 40.90, training model saved.
2026-07-09_11-01-20 Episode 1614: New best reward 45.90, training model saved.
2026-07-09_11-01-28 Episode 1619: New best reward 50.40, training model saved.
2026-07-09_11-01-32 Episode 1620: New best reward 53.20, training model saved.
2026-07-09_11-03-22 Episode 1706: New best reward 74.80, training model saved.
2026-07-09_11-03-43 Episode 1715: New best reward 125.70, training model saved.
2026-07-09_11-04-32 Episode 1726: New best reward 204.40, training model saved.
2026-07-09_11-09-09 Episode 1812: New best reward 215.10, training model saved.
2026-07-09_11-09-32 Episode 1815: New best reward 275.20, training model saved.
2026-07-09_11-11-59 Episode 1843: New best reward 275.40, training model saved.
2026-07-09_11-21-05 Episode 1989: New best reward 292.90, training model saved.
2026-07-09_11-22-58 Episode 2000: New best reward 323.70, training model saved.
2026-07-09_11-23-00 Episode 2000: New best greedy reward 40.90, model saved.
2026-07-09_11-53-17: Training starting...
Device: cuda
2026-07-09_11-53-17 Episode 0: New best reward -8.10, training model saved.
2026-07-09_11-53-18 Episode 0: New best greedy reward 2.00, model saved.
2026-07-09_11-53-18 Episode 1: New best reward -5.70, training model saved.
2026-07-09_11-53-53 Episode 81: New best reward -2.10, training model saved.
2026-07-09_11-55-07 Episode 253: New best reward -0.90, training model saved.
2026-07-09_11-55-21 Episode 287: New best reward 2.10, training model saved.
2026-07-09_11-55-41 Episode 331: New best reward 3.90, training model saved.
2026-07-09_11-56-02 Episode 382: New best reward 4.50, training model saved.
2026-07-09_11-56-22 Episode 425: New best reward 4.60, training model saved.
2026-07-09_11-56-32 Episode 449: New best reward 8.40, training model saved.
2026-07-09_11-58-38: Training starting...
Device: cuda
2026-07-09_11-58-38 Episode 0: New best reward -8.10, training model saved.
2026-07-09_11-58-39 Episode 0: New best greedy reward 2.00, model saved.
2026-07-09_11-58-39 Episode 1: New best reward -5.70, training model saved.
2026-07-09_11-59-14 Episode 81: New best reward -2.10, training model saved.
2026-07-09_12-00-09 Episode 211: New best reward 2.70, training model saved.
2026-07-09_12-00-27 Episode 250: New best reward 3.90, training model saved.
2026-07-09_12-00-43 Episode 287: New best reward 4.10, training model saved.
2026-07-09_12-01-02 Episode 330: New best reward 4.40, training model saved.
2026-07-09_12-01-12 Episode 355: New best reward 4.90, training model saved.
2026-07-09_12-01-43 Episode 425: New best reward 9.40, training model saved.
2026-07-09_12-04-44 Episode 816: New best reward 15.80, training model saved.
2026-07-09_12-06-17 Episode 1000: New best greedy reward 4.30, model saved.
2026-07-09_12-06-22 Episode 1005: New best reward 22.80, training model saved.
2026-07-09_12-09-42 Episode 1316: New best reward 22.90, training model saved.
2026-07-09_12-09-50 Episode 1327: New best reward 23.00, training model saved.
2026-07-09_12-10-40 Episode 1385: New best reward 26.90, training model saved.
2026-07-09_12-11-17 Episode 1429: New best reward 28.10, training model saved.
2026-07-09_12-11-41 Episode 1453: New best reward 37.20, training model saved.
2026-07-09_12-12-04 Episode 1472: New best reward 41.50, training model saved.
2026-07-09_12-13-13 Episode 1525: New best reward 56.00, training model saved.
2026-07-09_12-14-24 Episode 1574: New best reward 70.00, training model saved.
2026-07-09_12-14-59 Episode 1589: New best reward 87.90, training model saved.
2026-07-09_12-15-25 Episode 1603: New best reward 120.40, training model saved.
2026-07-09_12-17-23 Episode 1655: New best reward 153.80, training model saved.
2026-07-09_12-19-41 Episode 1719: New best reward 163.20, training model saved.
2026-07-09_12-23-02 Episode 1778: New best reward 260.40, training model saved.
2026-07-09_12-31-02 Episode 1886: New best reward 558.90, training model saved.
2026-07-09_12-39-18 Episode 2000: New best greedy reward 325.90, model saved.
2026-07-09_12-40-41 Episode 2009: New best reward 580.80, training model saved.
2026-07-09_12-49-08: Training starting...
Device: cuda
2026-07-09_12-49-09 Episode 0: New best reward -8.10, training model saved.
2026-07-09_12-49-09 Episode 0: New best greedy reward 2.00, model saved.
2026-07-09_12-49-10 Episode 1: New best reward -5.70, training model saved.
2026-07-09_12-49-45 Episode 81: New best reward -2.10, training model saved.
2026-07-09_12-50-03 Episode 123: New best reward -0.30, training model saved.
2026-07-09_12-50-20 Episode 162: New best reward 2.10, training model saved.
2026-07-09_12-50-34 Episode 195: New best reward 2.70, training model saved.
2026-07-09_12-50-37 Episode 200: New best reward 3.90, training model saved.
2026-07-09_12-50-45 Episode 218: New best reward 4.40, training model saved.
2026-07-09_12-51-01 Episode 254: New best reward 4.50, training model saved.
2026-07-09_12-51-17 Episode 290: New best reward 4.80, training model saved.
2026-07-09_12-51-30 Episode 321: New best reward 6.10, training model saved.
2026-07-09_12-51-36 Episode 334: New best reward 6.70, training model saved.
2026-07-09_12-51-44 Episode 351: New best reward 15.40, training model saved.
2026-07-09_13-02-15 Episode 1703: New best reward 17.90, training model saved.
2026-07-09_13-03-54: Training starting...
Device: cuda
2026-07-09_13-03-55 Episode 0: New best reward -8.10, training model saved.
2026-07-09_13-03-55 Episode 0: New best greedy reward 2.00, model saved.
2026-07-09_13-03-55 Episode 1: New best reward -5.70, training model saved.
2026-07-09_13-04-31 Episode 81: New best reward -2.70, training model saved.
2026-07-09_13-04-32 Episode 85: New best reward 0.30, training model saved.
2026-07-09_13-05-06 Episode 162: New best reward 4.00, training model saved.
2026-07-09_13-05-34 Episode 225: New best reward 4.50, training model saved.
2026-07-09_13-05-45 Episode 249: New best reward 8.40, training model saved.
2026-07-09_13-05-55 Episode 271: New best reward 8.80, training model saved.
2026-07-09_13-07-42 Episode 489: New best reward 12.90, training model saved.
2026-07-09_13-13-31 Episode 1000: New best greedy reward 8.60, model saved.
2026-07-09_13-14-04 Episode 1042: New best reward 13.40, training model saved.
2026-07-09_13-14-17 Episode 1060: New best reward 15.60, training model saved.
2026-07-09_13-14-28 Episode 1071: New best reward 23.00, training model saved.
2026-07-09_13-14-59 Episode 1101: New best reward 56.00, training model saved.
2026-07-09_13-15-31 Episode 1122: New best reward 57.70, training model saved.
2026-07-09_13-16-28 Episode 1162: New best reward 59.90, training model saved.
2026-07-09_13-17-06 Episode 1188: New best reward 65.60, training model saved.
2026-07-09_13-17-35 Episode 1200: New best reward 81.20, training model saved.
2026-07-09_13-22-47 Episode 1395: New best reward 346.80, training model saved.
2026-07-09_13-31-22 Episode 1523: New best reward 400.60, training model saved.
2026-07-09_13-43-47 Episode 1693: New best reward 410.30, training model saved.
2026-07-09_13-45-48 Episode 1712: New best reward 852.90, training model saved.
2026-07-09_13-48-39: Training starting...
Device: cuda
2026-07-09_13-48-40 Episode 0: New best reward -8.10, training model saved.
2026-07-09_13-48-40 Episode 0: New best greedy reward 2.00, model saved.
2026-07-09_13-48-40 Episode 1: New best reward -5.70, training model saved.
2026-07-09_13-49-16 Episode 81: New best reward -2.10, training model saved.
2026-07-09_13-50-12 Episode 211: New best reward 2.70, training model saved.
2026-07-09_13-50-45 Episode 287: New best reward 3.90, training model saved.
2026-07-09_13-51-18 Episode 360: New best reward 4.30, training model saved.
2026-07-09_13-51-27 Episode 382: New best reward 4.90, training model saved.
2026-07-09_13-51-49 Episode 429: New best reward 5.00, training model saved.
2026-07-09_13-52-10 Episode 477: New best reward 6.00, training model saved.
2026-07-09_13-52-36 Episode 534: New best reward 8.40, training model saved.
2026-07-09_13-56-00 Episode 987: New best reward 8.90, training model saved.
2026-07-09_13-56-47 Episode 1088: New best reward 9.00, training model saved.
2026-07-09_13-56-48 Episode 1089: New best reward 12.90, training model saved.
2026-07-09_13-58-16 Episode 1256: New best reward 13.50, training model saved.
2026-07-09_14-01-55 Episode 1623: New best reward 18.40, training model saved.
2026-07-09_14-02-58 Episode 1721: New best reward 22.80, training model saved.
2026-07-09_14-03-55 Episode 1800: New best reward 22.90, training model saved.
2026-07-09_14-04-21 Episode 1832: New best reward 32.70, training model saved.
2026-07-09_14-05-35 Episode 1916: New best reward 51.40, training model saved.
2026-07-09_14-06-37 Episode 1972: New best reward 53.10, training model saved.
2026-07-09_14-07-17 Episode 2000: New best greedy reward 36.40, model saved.
2026-07-09_14-08-05 Episode 2031: New best reward 55.70, training model saved.
2026-07-09_14-09-30 Episode 2098: New best reward 55.90, training model saved.
2026-07-09_14-11-24 Episode 2160: New best reward 69.70, training model saved.
2026-07-09_14-12-30 Episode 2192: New best reward 106.40, training model saved.
2026-07-09_14-13-12 Episode 2211: New best reward 113.10, training model saved.
2026-07-09_14-13-40 Episode 2218: New best reward 172.80, training model saved.
2026-07-09_14-18-47 Episode 2325: New best reward 194.90, training model saved.
2026-07-09_14-21-32 Episode 2374: New best reward 195.50, training model saved.
2026-07-09_14-22-14 Episode 2382: New best reward 277.30, training model saved.
2026-07-09_14-27-04 Episode 2460: New best reward 323.70, training model saved.
2026-07-09_14-33-25: Training starting...
Device: cuda
2026-07-09_14-33-26 Episode 0: New best reward -8.10, training model saved.
2026-07-09_14-33-26 Episode 0: New best greedy reward 2.00, model saved.
2026-07-09_14-33-27 Episode 1: New best reward -5.70, training model saved.
2026-07-09_14-34-02 Episode 81: New best reward -2.10, training model saved.
2026-07-09_14-34-49 Episode 187: New best reward 0.30, training model saved.
2026-07-09_14-34-59 Episode 211: New best reward 2.70, training model saved.
2026-07-09_14-35-18 Episode 250: New best reward 3.90, training model saved.
2026-07-09_14-36-06 Episode 360: New best reward 6.60, training model saved.
2026-07-09_14-36-50 Episode 456: New best reward 8.60, training model saved.
2026-07-09_14-38-56: Training starting...
Device: cuda
2026-07-09_14-38-56 Episode 0: New best reward -8.10, training model saved.
2026-07-09_14-38-56 Episode 0: New best greedy reward 2.00, model saved.
2026-07-09_14-38-57 Episode 1: New best reward -5.70, training model saved.
2026-07-09_14-39-33 Episode 81: New best reward -2.10, training model saved.
2026-07-09_14-40-32 Episode 211: New best reward -1.50, training model saved.
2026-07-09_14-40-40 Episode 230: New best reward 0.30, training model saved.
2026-07-09_14-40-51 Episode 254: New best reward 2.10, training model saved.
2026-07-09_14-41-09 Episode 293: New best reward 3.30, training model saved.
2026-07-09_14-41-25 Episode 329: New best reward 4.20, training model saved.
2026-07-09_14-41-38 Episode 360: New best reward 6.30, training model saved.
2026-07-09_14-42-43 Episode 502: New best reward 6.80, training model saved.
2026-07-09_14-42-55 Episode 529: New best reward 8.40, training model saved.
2026-07-09_14-44-12: Training starting...
Device: cuda
2026-07-09_14-44-12 Episode 0: New best reward -8.10, training model saved.
2026-07-09_14-44-12 Episode 0: New best greedy reward 2.00, model saved.
2026-07-09_14-44-13 Episode 1: New best reward -5.70, training model saved.
2026-07-09_14-44-48 Episode 81: New best reward -2.10, training model saved.
2026-07-09_14-45-44 Episode 211: New best reward 2.70, training model saved.
2026-07-09_14-45-54 Episode 235: New best reward 3.90, training model saved.
2026-07-09_14-46-49 Episode 360: New best reward 6.70, training model saved.
2026-07-09_14-47-19 Episode 425: New best reward 6.80, training model saved.
2026-07-09_14-47-25 Episode 440: New best reward 12.90, training model saved.
2026-07-09_14-48-54 Episode 640: New best reward 13.60, training model saved.
2026-07-09_14-50-24 Episode 830: New best reward 15.60, training model saved.
2026-07-09_14-51-39 Episode 975: New best reward 20.80, training model saved.
2026-07-09_14-55-16 Episode 1335: New best reward 22.50, training model saved.
2026-07-09_14-55-57 Episode 1392: New best reward 26.90, training model saved.
2026-07-09_14-56-40 Episode 1446: New best reward 37.10, training model saved.
2026-07-09_14-58-10 Episode 1555: New best reward 41.70, training model saved.
2026-07-09_14-58-51 Episode 1603: New best reward 41.90, training model saved.
2026-07-09_15-00-06 Episode 1672: New best reward 56.10, training model saved.
2026-07-09_15-00-44 Episode 1699: New best reward 98.00, training model saved.
2026-07-09_15-02-10 Episode 1750: New best reward 113.70, training model saved.
2026-07-09_15-04-07 Episode 1815: New best reward 169.50, training model saved.
2026-07-09_15-08-50 Episode 1913: New best reward 216.60, training model saved.
2026-07-09_15-13-28 Episode 1994: New best reward 230.80, training model saved.
2026-07-09_15-13-50 Episode 2000: New best greedy reward 9.30, model saved.
2026-07-09_15-16-50 Episode 2052: New best reward 244.80, training model saved.
2026-07-09_15-19-52 Episode 2092: New best reward 290.70, training model saved.
2026-07-09_15-20-50 Episode 2096: New best reward 736.40, training model saved.
2026-07-09_15-30-43: Training starting...
Device: cuda
2026-07-09_15-30-43 Episode 0: New best reward -8.10, training model saved.
2026-07-09_15-30-43 Episode 0: New best greedy reward 2.00, model saved.
2026-07-09_15-30-44 Episode 1: New best reward -5.70, training model saved.
2026-07-09_15-31-19 Episode 81: New best reward -2.10, training model saved.
2026-07-09_15-32-05 Episode 187: New best reward -0.30, training model saved.
2026-07-09_15-32-49 Episode 287: New best reward 2.10, training model saved.
2026-07-09_15-32-54 Episode 299: New best reward 2.70, training model saved.
2026-07-09_15-32-56 Episode 303: New best reward 3.30, training model saved.
2026-07-09_15-32-57 Episode 305: New best reward 3.90, training model saved.
2026-07-09_15-33-09 Episode 329: New best reward 4.00, training model saved.
2026-07-09_15-33-41 Episode 405: New best reward 4.20, training model saved.
2026-07-09_15-33-42 Episode 406: New best reward 4.30, training model saved.
2026-07-09_15-33-50 Episode 420: New best reward 8.40, training model saved.
2026-07-09_15-36-09: Training starting...
Device: cuda
2026-07-09_15-36-10 Episode 0: New best reward -8.10, training model saved.
2026-07-09_15-36-10 Episode 0: New best greedy reward 2.00, model saved.
2026-07-09_15-36-11 Episode 1: New best reward -5.70, training model saved.
2026-07-09_15-36-46 Episode 81: New best reward -2.10, training model saved.
2026-07-09_15-37-32 Episode 187: New best reward -0.30, training model saved.
2026-07-09_15-37-42 Episode 211: New best reward 1.50, training model saved.
2026-07-09_15-38-01 Episode 254: New best reward 3.90, training model saved.
2026-07-09_15-38-35 Episode 329: New best reward 4.20, training model saved.
2026-07-09_15-38-38 Episode 337: New best reward 4.70, training model saved.
2026-07-09_15-39-10 Episode 410: New best reward 4.80, training model saved.
2026-07-09_15-39-15 Episode 421: New best reward 9.00, training model saved.
2026-07-09_15-39-31 Episode 459: New best reward 9.20, training model saved.
2026-07-09_15-39-34 Episode 465: New best reward 11.00, training model saved.
2026-07-09_15-40-27 Episode 579: New best reward 12.90, training model saved.
2026-07-09_15-41-32: Training starting...
Device: cuda
2026-07-09_15-41-33 Episode 0: New best reward -8.10, training model saved.
2026-07-09_15-41-33 Episode 0: New best greedy reward 2.00, model saved.
2026-07-09_15-41-34 Episode 1: New best reward -5.70, training model saved.
2026-07-09_15-42-09 Episode 81: New best reward -2.10, training model saved.
2026-07-09_15-42-43 Episode 162: New best reward -0.30, training model saved.
2026-07-09_15-42-55 Episode 187: New best reward 0.30, training model saved.
2026-07-09_15-43-05 Episode 211: New best reward 2.70, training model saved.
2026-07-09_15-43-15 Episode 235: New best reward 3.90, training model saved.
2026-07-09_15-43-38 Episode 287: New best reward 4.10, training model saved.
2026-07-09_15-44-02 Episode 341: New best reward 4.30, training model saved.
2026-07-09_15-44-09 Episode 358: New best reward 4.50, training model saved.
2026-07-09_15-44-19 Episode 382: New best reward 4.60, training model saved.
2026-07-09_15-44-32 Episode 409: New best reward 6.70, training model saved.
2026-07-09_15-44-43 Episode 434: New best reward 8.40, training model saved.
2026-07-09_15-46-55: Training starting...
Device: cuda
2026-07-09_15-46-55 Episode 0: New best reward -8.10, training model saved.
2026-07-09_15-46-55 Episode 0: New best greedy reward 2.00, model saved.
2026-07-09_15-46-56 Episode 1: New best reward -5.70, training model saved.
2026-07-09_15-47-31 Episode 81: New best reward -2.10, training model saved.
2026-07-09_15-48-17 Episode 187: New best reward 0.30, training model saved.
2026-07-09_15-48-27 Episode 211: New best reward 2.70, training model saved.
2026-07-09_15-48-37 Episode 235: New best reward 3.90, training model saved.
2026-07-09_15-49-00 Episode 287: New best reward 4.10, training model saved.
2026-07-09_15-49-30 Episode 355: New best reward 4.80, training model saved.
2026-07-09_15-49-41 Episode 382: New best reward 4.90, training model saved.
2026-07-09_15-49-48 Episode 398: New best reward 6.00, training model saved.
2026-07-09_15-49-55 Episode 410: New best reward 10.80, training model saved.
2026-07-09_15-50-08 Episode 438: New best reward 11.20, training model saved.
2026-07-09_15-54-27 Episode 1021: New best reward 13.70, training model saved.
2026-07-09_15-59-51 Episode 1667: New best reward 20.40, training model saved.
2026-07-09_16-03-03 Episode 2000: New best greedy reward 6.20, model saved.
2026-07-09_16-06-03 Episode 2281: New best reward 24.90, training model saved.
2026-07-09_16-11-19 Episode 2727: New best reward 38.60, training model saved.
2026-07-09_16-13-03 Episode 2844: New best reward 48.60, training model saved.
2026-07-09_16-15-39 Episode 3000: New best greedy reward 9.10, model saved.
2026-07-09_16-19-44 Episode 3210: New best reward 71.70, training model saved.
2026-07-09_16-20-28 Episode 3240: New best reward 78.80, training model saved.
2026-07-09_16-22-31 Episode 3316: New best reward 89.10, training model saved.
2026-07-09_16-23-33 Episode 3347: New best reward 107.10, training model saved.
2026-07-09_16-26-09 Episode 3431: New best reward 121.10, training model saved.
2026-07-09_16-31-04 Episode 3562: New best reward 126.00, training model saved.
2026-07-09_16-31-12: Training starting...
Device: cuda
2026-07-09_16-31-12 Episode 0: New best reward -8.10, training model saved.
2026-07-09_16-31-13 Episode 0: New best greedy reward 2.00, model saved.
2026-07-09_16-31-13 Episode 1: New best reward -5.70, training model saved.
2026-07-09_16-31-49 Episode 81: New best reward -2.70, training model saved.
2026-07-09_16-31-51 Episode 85: New best reward 0.30, training model saved.
2026-07-09_16-31-52 Episode 89: New best reward 2.10, training model saved.
2026-07-09_16-31-59 Episode 105: New best reward 2.70, training model saved.
2026-07-09_16-32-08 Episode 123: New best reward 6.10, training model saved.
2026-07-09_16-32-42 Episode 199: New best reward 8.70, training model saved.
2026-07-09_16-34-25 Episode 422: New best reward 12.90, training model saved.
2026-07-09_16-37-14 Episode 732: New best reward 14.00, training model saved.
2026-07-09_16-37-47 Episode 787: New best reward 32.30, training model saved.
2026-07-09_16-39-50 Episode 966: New best reward 48.20, training model saved.
2026-07-09_16-40-27 Episode 1000: New best greedy reward 6.60, model saved.
2026-07-09_16-42-20 Episode 1119: New best reward 65.00, training model saved.
2026-07-09_16-42-40 Episode 1127: New best reward 116.90, training model saved.
2026-07-09_16-44-12 Episode 1180: New best reward 117.10, training model saved.
2026-07-09_17-03-25 Episode 1939: New best reward 124.90, training model saved.
2026-07-09_17-03-54 Episode 1949: New best reward 188.80, training model saved.
2026-07-09_17-04-44 Episode 1963: New best reward 197.80, training model saved.
2026-07-09_17-05-22 Episode 1968: New best reward 223.30, training model saved.
2026-07-09_17-05-56 Episode 2000: New best greedy reward 9.40, model saved.
2026-07-09_17-10-03 Episode 2070: New best reward 318.80, training model saved.
2026-07-09_17-11-15 Episode 2081: New best reward 524.80, training model saved.
[worker] done. total trials in study: 400
2026-07-09_06-39-43: Training starting...
Device: cuda
2026-07-09_06-39-50 Episode 0: New best reward -8.10, training model saved.
2026-07-09_06-39-50 Episode 0: New best greedy reward 2.00, model saved.
2026-07-09_06-39-50 Episode 1: New best reward -5.70, training model saved.
2026-07-09_06-40-22 Episode 73: New best reward -5.10, training model saved.
2026-07-09_06-40-27 Episode 81: New best reward -2.10, training model saved.
2026-07-09_06-40-29 Episode 85: New best reward 0.30, training model saved.
2026-07-09_06-40-30 Episode 89: New best reward 0.90, training model saved.
2026-07-09_06-40-46 Episode 123: New best reward 3.90, training model saved.
2026-07-09_06-41-33 Episode 228: New best reward 4.00, training model saved.
2026-07-09_06-41-48 Episode 259: New best reward 6.10, training model saved.
2026-07-09_06-42-01 Episode 285: New best reward 6.60, training model saved.
2026-07-09_06-42-12 Episode 310: New best reward 8.40, training model saved.
2026-07-09_06-43-34 Episode 484: New best reward 11.00, training model saved.
2026-07-09_06-43-55 Episode 522: New best reward 11.20, training model saved.
2026-07-09_06-45-01 Episode 646: New best reward 13.80, training model saved.
2026-07-09_06-51-19 Episode 1220: New best reward 15.80, training model saved.
2026-07-09_06-51-24 Episode 1226: New best reward 23.00, training model saved.
2026-07-09_06-51-28 Episode 1231: New best reward 23.30, training model saved.
2026-07-09_06-51-43 Episode 1242: New best reward 24.80, training model saved.
2026-07-09_06-52-07 Episode 1268: New best reward 29.80, training model saved.
2026-07-09_06-55-45 Episode 1494: New best reward 39.10, training model saved.
2026-07-09_06-56-09 Episode 1512: New best reward 42.10, training model saved.
2026-07-09_06-56-34 Episode 1529: New best reward 45.90, training model saved.
2026-07-09_06-57-46 Episode 1578: New best reward 51.30, training model saved.
2026-07-09_06-58-31 Episode 1603: New best reward 59.90, training model saved.
2026-07-09_07-00-35 Episode 1689: New best reward 112.00, training model saved.
2026-07-09_07-04-48 Episode 1817: New best reward 139.00, training model saved.
2026-07-09_07-07-09 Episode 1861: New best reward 186.00, training model saved.
2026-07-09_07-09-32 Episode 1899: New best reward 219.40, training model saved.
2026-07-09_07-14-14 Episode 2000: New best greedy reward 37.20, model saved.
2026-07-09_07-16-00 Episode 2028: New best reward 295.80, training model saved.
2026-07-09_07-17-09 Episode 2038: New best reward 308.10, training model saved.
2026-07-09_07-25-30: Training starting...
Device: cuda
2026-07-09_07-25-31 Episode 0: New best reward -8.10, training model saved.
2026-07-09_07-25-31 Episode 0: New best greedy reward 2.00, model saved.
2026-07-09_07-25-31 Episode 1: New best reward -5.70, training model saved.
2026-07-09_07-26-06 Episode 81: New best reward -2.10, training model saved.
2026-07-09_07-27-41 Episode 299: New best reward 0.90, training model saved.
2026-07-09_07-28-07 Episode 358: New best reward 1.50, training model saved.
2026-07-09_07-28-08 Episode 360: New best reward 3.90, training model saved.
2026-07-09_07-29-07 Episode 494: New best reward 4.80, training model saved.
2026-07-09_07-30-47 Episode 724: New best reward 6.30, training model saved.
2026-07-09_07-30-53: Training starting...
Device: cuda
2026-07-09_07-30-53 Episode 0: New best reward -8.10, training model saved.
2026-07-09_07-30-54 Episode 0: New best greedy reward 2.00, model saved.
2026-07-09_07-30-54 Episode 1: New best reward -5.70, training model saved.
2026-07-09_07-31-30 Episode 81: New best reward -2.10, training model saved.
2026-07-09_07-32-26 Episode 211: New best reward 2.70, training model saved.
2026-07-09_07-33-00 Episode 287: New best reward 3.90, training model saved.
2026-07-09_07-33-30 Episode 355: New best reward 4.50, training model saved.
2026-07-09_07-33-41 Episode 382: New best reward 4.80, training model saved.
2026-07-09_07-36-06 Episode 700: New best reward 6.70, training model saved.
2026-07-09_07-37-12 Episode 846: New best reward 7.80, training model saved.
2026-07-09_07-38-08 Episode 969: New best reward 8.40, training model saved.
2026-07-09_07-38-17 Episode 981: New best reward 12.90, training model saved.
2026-07-09_07-38-26 Episode 1000: New best greedy reward 3.90, model saved.
2026-07-09_07-40-04 Episode 1177: New best reward 22.40, training model saved.
2026-07-09_07-42-14 Episode 1382: New best reward 25.00, training model saved.
2026-07-09_07-42-42 Episode 1417: New best reward 26.90, training model saved.
2026-07-09_07-43-27 Episode 1477: New best reward 31.90, training model saved.
2026-07-09_07-44-02 Episode 1521: New best reward 36.40, training model saved.
2026-07-09_07-48-11 Episode 1842: New best reward 40.90, training model saved.
2026-07-09_07-48-23 Episode 1856: New best reward 41.90, training model saved.
2026-07-09_07-48-29 Episode 1858: New best reward 52.60, training model saved.
2026-07-09_07-48-51 Episode 1878: New best reward 79.10, training model saved.
2026-07-09_07-51-13 Episode 2000: New best greedy reward 4.20, model saved.
2026-07-09_07-59-06 Episode 2443: New best reward 80.60, training model saved.
2026-07-09_07-59-46 Episode 2458: New best reward 143.90, training model saved.
2026-07-09_08-00-22 Episode 2465: New best reward 213.90, training model saved.
2026-07-09_08-15-10: Training starting...
Device: cuda
2026-07-09_08-15-11 Episode 0: New best reward -8.10, training model saved.
2026-07-09_08-15-11 Episode 0: New best greedy reward 2.00, model saved.
2026-07-09_08-15-11 Episode 1: New best reward -5.70, training model saved.
2026-07-09_08-15-45 Episode 81: New best reward -2.10, training model saved.
2026-07-09_08-16-30 Episode 187: New best reward -0.30, training model saved.
2026-07-09_08-16-50 Episode 235: New best reward 0.30, training model saved.
2026-07-09_08-16-53 Episode 243: New best reward 3.90, training model saved.
2026-07-09_08-17-12 Episode 286: New best reward 4.10, training model saved.
2026-07-09_08-17-32 Episode 329: New best reward 4.80, training model saved.
2026-07-09_08-17-44 Episode 358: New best reward 6.40, training model saved.
2026-07-09_08-18-19 Episode 441: New best reward 8.40, training model saved.
2026-07-09_08-18-29 Episode 465: New best reward 8.60, training model saved.
2026-07-09_08-18-37 Episode 482: New best reward 9.30, training model saved.
2026-07-09_08-19-22 Episode 581: New best reward 12.90, training model saved.
2026-07-09_08-20-26: Training starting...
Device: cuda
2026-07-09_08-20-27 Episode 0: New best reward -8.10, training model saved.
2026-07-09_08-20-27 Episode 0: New best greedy reward 2.00, model saved.
2026-07-09_08-20-28 Episode 1: New best reward -5.70, training model saved.
2026-07-09_08-21-03 Episode 81: New best reward -2.10, training model saved.
2026-07-09_08-21-04 Episode 85: New best reward 0.30, training model saved.
2026-07-09_08-21-49 Episode 187: New best reward 0.90, training model saved.
2026-07-09_08-21-59 Episode 211: New best reward 3.30, training model saved.
2026-07-09_08-22-10 Episode 235: New best reward 3.90, training model saved.
2026-07-09_08-22-33 Episode 286: New best reward 5.00, training model saved.
2026-07-09_08-23-05 Episode 360: New best reward 6.70, training model saved.
2026-07-09_08-23-28 Episode 409: New best reward 8.40, training model saved.
2026-07-09_08-23-35 Episode 424: New best reward 8.50, training model saved.
2026-07-09_08-23-52 Episode 463: New best reward 8.60, training model saved.
2026-07-09_08-24-49 Episode 589: New best reward 12.90, training model saved.
2026-07-09_08-25-50: Training starting...
Device: cuda
2026-07-09_08-25-51 Episode 0: New best reward -8.10, training model saved.
2026-07-09_08-25-51 Episode 0: New best greedy reward 2.00, model saved.
2026-07-09_08-25-51 Episode 1: New best reward -5.70, training model saved.
2026-07-09_08-26-28 Episode 81: New best reward -2.10, training model saved.
2026-07-09_08-26-29 Episode 85: New best reward 0.30, training model saved.
2026-07-09_08-26-31 Episode 89: New best reward 1.50, training model saved.
2026-07-09_08-26-46 Episode 123: New best reward 3.90, training model saved.
2026-07-09_08-27-02 Episode 162: New best reward 4.10, training model saved.
2026-07-09_08-27-42 Episode 248: New best reward 4.30, training model saved.
2026-07-09_08-27-47 Episode 261: New best reward 4.60, training model saved.
2026-07-09_08-28-03 Episode 296: New best reward 6.70, training model saved.
2026-07-09_08-28-55 Episode 409: New best reward 8.40, training model saved.
2026-07-09_08-29-22 Episode 465: New best reward 10.60, training model saved.
2026-07-09_08-31-04: Training starting...
Device: cuda
2026-07-09_08-31-05 Episode 0: New best reward -8.10, training model saved.
2026-07-09_08-31-05 Episode 0: New best greedy reward 2.00, model saved.
2026-07-09_08-31-05 Episode 1: New best reward -5.70, training model saved.
2026-07-09_08-31-40 Episode 81: New best reward -2.10, training model saved.
2026-07-09_08-32-26 Episode 187: New best reward -0.30, training model saved.
2026-07-09_08-32-36 Episode 211: New best reward 1.50, training model saved.
2026-07-09_08-32-49 Episode 243: New best reward 3.90, training model saved.
2026-07-09_08-33-06 Episode 281: New best reward 4.10, training model saved.
2026-07-09_08-33-28 Episode 328: New best reward 4.40, training model saved.
2026-07-09_08-33-28 Episode 330: New best reward 6.00, training model saved.
2026-07-09_08-33-30 Episode 334: New best reward 6.20, training model saved.
2026-07-09_08-33-36 Episode 348: New best reward 8.50, training model saved.
2026-07-09_08-34-09 Episode 423: New best reward 8.70, training model saved.
2026-07-09_08-36-27: Training starting...
Device: cuda
2026-07-09_08-36-28 Episode 0: New best reward -8.10, training model saved.
2026-07-09_08-36-28 Episode 0: New best greedy reward 2.00, model saved.
2026-07-09_08-36-29 Episode 1: New best reward -5.70, training model saved.
2026-07-09_08-36-57 Episode 63: New best reward -1.50, training model saved.
2026-07-09_08-37-01 Episode 73: New best reward -0.30, training model saved.
2026-07-09_08-37-06 Episode 83: New best reward 2.70, training model saved.
2026-07-09_08-37-07 Episode 85: New best reward 3.90, training model saved.
2026-07-09_08-37-20 Episode 116: New best reward 4.10, training model saved.
2026-07-09_08-37-24 Episode 123: New best reward 4.50, training model saved.
2026-07-09_08-37-27 Episode 129: New best reward 6.30, training model saved.
2026-07-09_08-37-44 Episode 168: New best reward 8.70, training model saved.
2026-07-09_08-38-34 Episode 277: New best reward 8.90, training model saved.
2026-07-09_08-38-57 Episode 321: New best reward 11.10, training model saved.
2026-07-09_08-39-45 Episode 407: New best reward 15.80, training model saved.
2026-07-09_08-39-56 Episode 421: New best reward 18.30, training model saved.
2026-07-09_08-40-05 Episode 432: New best reward 18.50, training model saved.
2026-07-09_08-40-06 Episode 433: New best reward 18.80, training model saved.
2026-07-09_08-40-22 Episode 455: New best reward 22.60, training model saved.
2026-07-09_08-40-37 Episode 471: New best reward 28.00, training model saved.
2026-07-09_08-43-43 Episode 675: New best reward 37.10, training model saved.
2026-07-09_08-44-00 Episode 693: New best reward 41.60, training model saved.
2026-07-09_08-44-24 Episode 716: New best reward 41.70, training model saved.
2026-07-09_08-44-31 Episode 721: New best reward 51.30, training model saved.
2026-07-09_08-48-32 Episode 1000: New best greedy reward 6.10, model saved.
2026-07-09_08-51-23: Training starting...
Device: cuda
2026-07-09_08-51-24 Episode 0: New best reward -8.10, training model saved.
2026-07-09_08-51-24 Episode 0: New best greedy reward 2.00, model saved.
2026-07-09_08-51-24 Episode 1: New best reward -5.70, training model saved.
2026-07-09_08-52-00 Episode 81: New best reward -2.10, training model saved.
2026-07-09_08-53-36 Episode 299: New best reward 0.90, training model saved.
2026-07-09_08-54-03 Episode 358: New best reward 1.50, training model saved.
2026-07-09_08-54-04 Episode 360: New best reward 3.90, training model saved.
2026-07-09_08-55-37 Episode 569: New best reward 4.40, training model saved.
2026-07-09_08-55-54 Episode 605: New best reward 4.80, training model saved.
2026-07-09_08-55-59 Episode 617: New best reward 6.00, training model saved.
2026-07-09_08-56-38 Episode 703: New best reward 8.40, training model saved.
2026-07-09_08-57-20 Episode 796: New best reward 8.70, training model saved.
2026-07-09_08-58-30 Episode 947: New best reward 9.00, training model saved.
2026-07-09_08-59-21 Episode 1054: New best reward 9.40, training model saved.
2026-07-09_09-00-27 Episode 1192: New best reward 11.10, training model saved.
2026-07-09_09-01-15 Episode 1277: New best reward 12.90, training model saved.
2026-07-09_09-03-38 Episode 1534: New best reward 13.00, training model saved.
2026-07-09_09-04-20 Episode 1603: New best reward 13.70, training model saved.
2026-07-09_09-04-22 Episode 1606: New best reward 18.40, training model saved.
2026-07-09_09-04-44 Episode 1639: New best reward 20.20, training model saved.
2026-07-09_09-05-11 Episode 1678: New best reward 22.40, training model saved.
2026-07-09_09-06-41: Training starting...
Device: cuda
2026-07-09_09-06-42 Episode 0: New best reward -8.10, training model saved.
2026-07-09_09-06-42 Episode 0: New best greedy reward 2.00, model saved.
2026-07-09_09-06-43 Episode 1: New best reward -5.70, training model saved.
2026-07-09_09-07-19 Episode 81: New best reward -2.70, training model saved.
2026-07-09_09-07-20 Episode 85: New best reward 0.30, training model saved.
2026-07-09_09-07-55 Episode 162: New best reward 3.90, training model saved.
2026-07-09_09-08-21 Episode 218: New best reward 4.10, training model saved.
2026-07-09_09-08-26 Episode 230: New best reward 4.20, training model saved.
2026-07-09_09-08-34 Episode 246: New best reward 6.20, training model saved.
2026-07-09_09-08-35 Episode 249: New best reward 6.50, training model saved.
2026-07-09_09-08-49 Episode 280: New best reward 6.80, training model saved.
2026-07-09_09-09-20 Episode 347: New best reward 8.40, training model saved.
2026-07-09_09-11-53 Episode 616: New best reward 11.70, training model saved.
2026-07-09_09-12-04 Episode 632: New best reward 12.90, training model saved.
2026-07-09_09-15-20 Episode 936: New best reward 13.40, training model saved.
2026-07-09_09-15-31 Episode 950: New best reward 23.00, training model saved.
2026-07-09_09-15-54 Episode 976: New best reward 23.20, training model saved.
2026-07-09_09-16-15 Episode 1000: New best greedy reward 4.40, model saved.
2026-07-09_09-17-03 Episode 1058: New best reward 27.20, training model saved.
2026-07-09_09-18-14 Episode 1142: New best reward 41.80, training model saved.
2026-07-09_09-18-54 Episode 1180: New best reward 42.00, training model saved.
2026-07-09_09-19-27 Episode 1206: New best reward 48.60, training model saved.
2026-07-09_09-19-50 Episode 1224: New best reward 68.90, training model saved.
2026-07-09_09-22-02 Episode 1328: New best reward 102.90, training model saved.
2026-07-09_09-28-41 Episode 1593: New best reward 123.30, training model saved.
2026-07-09_09-34-49 Episode 1803: New best reward 135.00, training model saved.
2026-07-09_09-39-47 Episode 2000: New best greedy reward 29.50, model saved.
2026-07-09_09-42-49 Episode 2091: New best reward 148.60, training model saved.
2026-07-09_09-43-19 Episode 2098: New best reward 174.50, training model saved.
2026-07-09_09-44-05 Episode 2106: New best reward 344.40, training model saved.
2026-07-09_09-52-42: Training starting...
Device: cuda
2026-07-09_09-52-42 Episode 0: New best reward -8.10, training model saved.
2026-07-09_09-52-43 Episode 0: New best greedy reward 2.00, model saved.
2026-07-09_09-52-43 Episode 1: New best reward -5.70, training model saved.
2026-07-09_09-53-18 Episode 81: New best reward -2.10, training model saved.
2026-07-09_09-54-14 Episode 211: New best reward 2.70, training model saved.
2026-07-09_09-54-24 Episode 235: New best reward 3.90, training model saved.
2026-07-09_09-54-31 Episode 250: New best reward 4.50, training model saved.
2026-07-09_09-55-06 Episode 329: New best reward 4.60, training model saved.
2026-07-09_09-55-26 Episode 378: New best reward 8.40, training model saved.
2026-07-09_09-57-59 Episode 712: New best reward 8.70, training model saved.
2026-07-09_09-58-03: Training starting...
Device: cuda
2026-07-09_09-58-04 Episode 0: New best reward -8.10, training model saved.
2026-07-09_09-58-04 Episode 0: New best greedy reward 2.00, model saved.
2026-07-09_09-58-04 Episode 1: New best reward -5.70, training model saved.
2026-07-09_09-58-33 Episode 62: New best reward -5.10, training model saved.
2026-07-09_09-58-33 Episode 63: New best reward -1.50, training model saved.
2026-07-09_09-58-37 Episode 73: New best reward -0.30, training model saved.
2026-07-09_09-58-44 Episode 85: New best reward 2.70, training model saved.
2026-07-09_09-58-48 Episode 96: New best reward 3.90, training model saved.
2026-07-09_09-58-56 Episode 113: New best reward 4.30, training model saved.
2026-07-09_09-59-02 Episode 124: New best reward 8.50, training model saved.
2026-07-09_10-03-20: Training starting...
Device: cuda
2026-07-09_10-03-21 Episode 0: New best reward -8.10, training model saved.
2026-07-09_10-03-21 Episode 0: New best greedy reward 2.00, model saved.
2026-07-09_10-03-21 Episode 1: New best reward -5.70, training model saved.
2026-07-09_10-03-49 Episode 63: New best reward -3.30, training model saved.
2026-07-09_10-03-53 Episode 73: New best reward -0.30, training model saved.
2026-07-09_10-03-59 Episode 85: New best reward 2.70, training model saved.
2026-07-09_10-04-00 Episode 86: New best reward 3.90, training model saved.
2026-07-09_10-04-12 Episode 113: New best reward 4.30, training model saved.
2026-07-09_10-04-17 Episode 124: New best reward 4.90, training model saved.
2026-07-09_10-04-33 Episode 159: New best reward 6.50, training model saved.
2026-07-09_10-06-31 Episode 404: New best reward 8.40, training model saved.
2026-07-09_10-06-37 Episode 414: New best reward 9.20, training model saved.
2026-07-09_10-07-10 Episode 473: New best reward 9.30, training model saved.
2026-07-09_10-07-32 Episode 511: New best reward 10.50, training model saved.
2026-07-09_10-07-56 Episode 547: New best reward 12.90, training model saved.
2026-07-09_10-09-39 Episode 725: New best reward 15.00, training model saved.
2026-07-09_10-10-53 Episode 841: New best reward 17.90, training model saved.
2026-07-09_10-11-13 Episode 866: New best reward 20.10, training model saved.
2026-07-09_10-11-51 Episode 910: New best reward 23.00, training model saved.
2026-07-09_10-12-01 Episode 921: New best reward 23.40, training model saved.
2026-07-09_10-12-06 Episode 925: New best reward 24.70, training model saved.
2026-07-09_10-12-56 Episode 979: New best reward 27.60, training model saved.
2026-07-09_10-13-17 Episode 1000: New best greedy reward 6.50, model saved.
2026-07-09_10-15-21 Episode 1159: New best reward 46.80, training model saved.
2026-07-09_10-17-18 Episode 1253: New best reward 60.60, training model saved.
2026-07-09_10-18-11 Episode 1293: New best reward 112.00, training model saved.
2026-07-09_10-21-14 Episode 1398: New best reward 127.80, training model saved.
2026-07-09_10-49-04: Training starting...
Device: cuda
2026-07-09_10-49-05 Episode 0: New best reward -8.10, training model saved.
2026-07-09_10-49-05 Episode 0: New best greedy reward 2.00, model saved.
2026-07-09_10-49-06 Episode 1: New best reward -5.70, training model saved.
2026-07-09_10-49-41 Episode 81: New best reward -2.70, training model saved.
2026-07-09_10-49-43 Episode 85: New best reward 0.30, training model saved.
2026-07-09_10-49-59 Episode 123: New best reward 3.90, training model saved.
2026-07-09_10-50-37 Episode 211: New best reward 4.70, training model saved.
2026-07-09_10-50-46 Episode 230: New best reward 8.40, training model saved.
2026-07-09_10-51-16 Episode 296: New best reward 8.60, training model saved.
2026-07-09_10-51-54 Episode 377: New best reward 13.60, training model saved.
2026-07-09_10-57-12 Episode 961: New best reward 17.90, training model saved.
2026-07-09_10-57-26 Episode 980: New best reward 18.50, training model saved.
2026-07-09_10-57-40 Episode 1000: New best greedy reward 6.30, model saved.
2026-07-09_10-57-57 Episode 1024: New best reward 24.80, training model saved.
2026-07-09_10-59-15 Episode 1132: New best reward 27.60, training model saved.
2026-07-09_11-01-55 Episode 1336: New best reward 37.60, training model saved.
2026-07-09_11-03-13 Episode 1420: New best reward 48.70, training model saved.
2026-07-09_11-03-45: Training starting...
Device: cuda
2026-07-09_11-03-45 Episode 0: New best reward -8.10, training model saved.
2026-07-09_11-03-46 Episode 0: New best greedy reward 2.00, model saved.
2026-07-09_11-03-46 Episode 1: New best reward -5.70, training model saved.
2026-07-09_11-04-21 Episode 81: New best reward -2.10, training model saved.
2026-07-09_11-05-17 Episode 211: New best reward 1.50, training model saved.
2026-07-09_11-05-52 Episode 287: New best reward 2.10, training model saved.
2026-07-09_11-05-57 Episode 299: New best reward 3.90, training model saved.
2026-07-09_11-06-43 Episode 405: New best reward 4.10, training model saved.
2026-07-09_11-06-44 Episode 406: New best reward 4.40, training model saved.
2026-07-09_11-06-51 Episode 418: New best reward 5.00, training model saved.
2026-07-09_11-07-57 Episode 567: New best reward 6.40, training model saved.
2026-07-09_11-09-14: Training starting...
Device: cuda
2026-07-09_11-09-14 Episode 0: New best reward -8.10, training model saved.
2026-07-09_11-09-14 Episode 0: New best greedy reward 2.00, model saved.
2026-07-09_11-09-15 Episode 1: New best reward -5.70, training model saved.
2026-07-09_11-09-50 Episode 81: New best reward -2.70, training model saved.
2026-07-09_11-09-52 Episode 85: New best reward 0.30, training model saved.
2026-07-09_11-10-36 Episode 187: New best reward 0.90, training model saved.
2026-07-09_11-10-39 Episode 195: New best reward 1.50, training model saved.
2026-07-09_11-10-41 Episode 200: New best reward 3.90, training model saved.
2026-07-09_11-11-04 Episode 250: New best reward 4.80, training model saved.
2026-07-09_11-11-19 Episode 285: New best reward 6.30, training model saved.
2026-07-09_11-11-28 Episode 304: New best reward 6.60, training model saved.
2026-07-09_11-11-38 Episode 327: New best reward 8.40, training model saved.
2026-07-09_11-13-19 Episode 532: New best reward 12.90, training model saved.
2026-07-09_11-17-24 Episode 929: New best reward 19.00, training model saved.
2026-07-09_11-17-40 Episode 949: New best reward 22.90, training model saved.
2026-07-09_11-18-06 Episode 978: New best reward 31.90, training model saved.
2026-07-09_11-18-30 Episode 1000: New best greedy reward 11.30, model saved.
2026-07-09_11-18-43 Episode 1011: New best reward 34.80, training model saved.
2026-07-09_11-19-01 Episode 1021: New best reward 94.70, training model saved.
2026-07-09_11-20-35 Episode 1079: New best reward 179.30, training model saved.
2026-07-09_11-23-20 Episode 1128: New best reward 235.30, training model saved.
2026-07-09_11-26-59 Episode 1181: New best reward 260.40, training model saved.
2026-07-09_11-27-35 Episode 1184: New best reward 316.50, training model saved.
2026-07-09_11-36-06 Episode 1306: New best reward 561.80, training model saved.
2026-07-09_11-44-09 Episode 1364: New best reward 946.40, training model saved.
2026-07-09_11-52-16 Episode 1423: New best reward 1180.00, training model saved.
2026-07-09_11-53-43: Training starting...
Device: cuda
2026-07-09_11-53-43 Episode 0: New best reward -8.10, training model saved.
2026-07-09_11-53-44 Episode 0: New best greedy reward 2.00, model saved.
2026-07-09_11-53-44 Episode 1: New best reward -5.70, training model saved.
2026-07-09_11-54-21 Episode 81: New best reward -2.10, training model saved.
2026-07-09_11-54-22 Episode 85: New best reward 0.30, training model saved.
2026-07-09_11-55-11 Episode 195: New best reward 2.10, training model saved.
2026-07-09_11-55-13 Episode 200: New best reward 3.90, training model saved.
2026-07-09_11-55-54 Episode 286: New best reward 4.10, training model saved.
2026-07-09_11-56-05 Episode 312: New best reward 4.30, training model saved.
2026-07-09_11-56-14 Episode 330: New best reward 6.20, training model saved.
2026-07-09_11-57-13 Episode 454: New best reward 6.50, training model saved.
2026-07-09_11-57-32 Episode 495: New best reward 8.40, training model saved.
2026-07-09_12-01-06 Episode 912: New best reward 12.90, training model saved.
2026-07-09_12-01-55 Episode 1000: New best greedy reward 3.90, model saved.
2026-07-09_12-09-10: Training starting...
Device: cuda
2026-07-09_12-09-10 Episode 0: New best reward -8.10, training model saved.
2026-07-09_12-09-10 Episode 0: New best greedy reward 2.00, model saved.
2026-07-09_12-09-11 Episode 1: New best reward -5.70, training model saved.
2026-07-09_12-09-46 Episode 81: New best reward -2.10, training model saved.
2026-07-09_12-10-18 Episode 155: New best reward -0.90, training model saved.
2026-07-09_12-10-21 Episode 162: New best reward 0.90, training model saved.
2026-07-09_12-10-44 Episode 211: New best reward 2.70, training model saved.
2026-07-09_12-11-18 Episode 287: New best reward 3.90, training model saved.
2026-07-09_12-11-36 Episode 329: New best reward 4.50, training model saved.
2026-07-09_12-12-03 Episode 390: New best reward 4.90, training model saved.
2026-07-09_12-12-11 Episode 408: New best reward 6.80, training model saved.
2026-07-09_12-12-12 Episode 409: New best reward 8.40, training model saved.
2026-07-09_12-12-42 Episode 475: New best reward 13.10, training model saved.
2026-07-09_12-14-19: Training starting...
Device: cuda
2026-07-09_12-14-19 Episode 0: New best reward -8.10, training model saved.
2026-07-09_12-14-19 Episode 0: New best greedy reward 2.00, model saved.
2026-07-09_12-14-20 Episode 1: New best reward -5.70, training model saved.
2026-07-09_12-14-56 Episode 81: New best reward -2.10, training model saved.
2026-07-09_12-14-58 Episode 85: New best reward 0.30, training model saved.
2026-07-09_12-15-00 Episode 89: New best reward 0.90, training model saved.
2026-07-09_12-15-15 Episode 123: New best reward 3.90, training model saved.
2026-07-09_12-15-54 Episode 211: New best reward 4.20, training model saved.
2026-07-09_12-16-04 Episode 235: New best reward 4.90, training model saved.
2026-07-09_12-16-14 Episode 254: New best reward 7.80, training model saved.
2026-07-09_12-16-26 Episode 281: New best reward 8.40, training model saved.
2026-07-09_12-17-13 Episode 373: New best reward 8.60, training model saved.
2026-07-09_12-18-34 Episode 513: New best reward 9.00, training model saved.
2026-07-09_12-19-57 Episode 639: New best reward 11.20, training model saved.
2026-07-09_12-20-24 Episode 679: New best reward 12.90, training model saved.
2026-07-09_12-20-53 Episode 718: New best reward 22.40, training model saved.
2026-07-09_12-24-19 Episode 1000: New best greedy reward 3.90, model saved.
2026-07-09_12-26-15 Episode 1159: New best reward 27.60, training model saved.
2026-07-09_12-26-22 Episode 1163: New best reward 27.70, training model saved.
2026-07-09_12-26-48 Episode 1193: New best reward 36.70, training model saved.
2026-07-09_12-27-21 Episode 1223: New best reward 41.50, training model saved.
2026-07-09_12-27-45 Episode 1242: New best reward 84.10, training model saved.
2026-07-09_12-31-53 Episode 1395: New best reward 88.50, training model saved.
2026-07-09_12-33-52 Episode 1448: New best reward 103.00, training model saved.
2026-07-09_12-34-12 Episode 1456: New best reward 104.80, training model saved.
2026-07-09_12-35-09 Episode 1479: New best reward 138.90, training model saved.
2026-07-09_12-43-02 Episode 1688: New best reward 151.10, training model saved.
2026-07-09_12-43-48 Episode 1698: New best reward 172.20, training model saved.
2026-07-09_12-48-40 Episode 1838: New best reward 218.40, training model saved.
2026-07-09_12-49-04 Episode 1839: New best reward 328.50, training model saved.
2026-07-09_12-55-41 Episode 1919: New best reward 358.90, training model saved.
2026-07-09_12-56-30 Episode 1923: New best reward 410.00, training model saved.
2026-07-09_12-57-50 Episode 1930: New best reward 454.50, training model saved.
2026-07-09_12-59-43: Training starting...
Device: cuda
2026-07-09_12-59-44 Episode 0: New best reward -8.10, training model saved.
2026-07-09_12-59-44 Episode 0: New best greedy reward 2.00, model saved.
2026-07-09_12-59-44 Episode 1: New best reward -5.70, training model saved.
2026-07-09_13-00-19 Episode 81: New best reward -2.70, training model saved.
2026-07-09_13-00-21 Episode 85: New best reward 0.30, training model saved.
2026-07-09_13-00-54 Episode 162: New best reward 1.50, training model saved.
2026-07-09_13-01-05 Episode 187: New best reward 3.30, training model saved.
2026-07-09_13-01-10 Episode 199: New best reward 3.90, training model saved.
2026-07-09_13-01-32 Episode 247: New best reward 4.10, training model saved.
2026-07-09_13-01-32 Episode 248: New best reward 4.20, training model saved.
2026-07-09_13-01-37 Episode 260: New best reward 4.70, training model saved.
2026-07-09_13-01-47 Episode 281: New best reward 4.80, training model saved.
2026-07-09_13-01-50 Episode 288: New best reward 6.00, training model saved.
2026-07-09_13-01-51 Episode 291: New best reward 6.70, training model saved.
2026-07-09_13-02-16 Episode 347: New best reward 8.40, training model saved.
2026-07-09_13-04-19 Episode 602: New best reward 9.20, training model saved.
2026-07-09_13-04-28 Episode 620: New best reward 10.50, training model saved.
2026-07-09_13-05-02 Episode 686: New best reward 10.70, training model saved.
2026-07-09_13-06-00 Episode 797: New best reward 10.90, training model saved.
2026-07-09_13-06-05 Episode 805: New best reward 12.90, training model saved.
2026-07-09_13-06-11 Episode 813: New best reward 20.40, training model saved.
2026-07-09_13-07-45 Episode 974: New best reward 24.60, training model saved.
2026-07-09_13-07-55 Episode 984: New best reward 27.80, training model saved.
2026-07-09_13-08-07 Episode 1000: New best greedy reward 3.90, model saved.
2026-07-09_13-09-13 Episode 1081: New best reward 32.10, training model saved.
2026-07-09_13-09-27 Episode 1090: New best reward 51.40, training model saved.
2026-07-09_13-13-17 Episode 1283: New best reward 57.70, training model saved.
2026-07-09_13-13-47 Episode 1296: New best reward 106.40, training model saved.
2026-07-09_13-13-56 Episode 1297: New best reward 116.50, training model saved.
2026-07-09_13-14-12 Episode 1301: New best reward 151.00, training model saved.
2026-07-09_13-17-20 Episode 1410: New best reward 265.40, training model saved.
2026-07-09_13-24-17 Episode 1515: New best reward 345.10, training model saved.
2026-07-09_13-25-50 Episode 1528: New best reward 526.50, training model saved.
2026-07-09_13-37-59 Episode 1696: New best reward 723.30, training model saved.
2026-07-09_13-43-44: Training starting...
Device: cuda
2026-07-09_13-43-45 Episode 0: New best reward -8.10, training model saved.
2026-07-09_13-43-45 Episode 0: New best greedy reward 2.00, model saved.
2026-07-09_13-43-46 Episode 1: New best reward -5.70, training model saved.
2026-07-09_13-44-21 Episode 81: New best reward -2.70, training model saved.
2026-07-09_13-44-52 Episode 155: New best reward -0.90, training model saved.
2026-07-09_13-44-55 Episode 162: New best reward 1.50, training model saved.
2026-07-09_13-45-06 Episode 187: New best reward 3.30, training model saved.
2026-07-09_13-45-11 Episode 199: New best reward 3.90, training model saved.
2026-07-09_13-45-35 Episode 254: New best reward 4.40, training model saved.
2026-07-09_13-45-51 Episode 290: New best reward 4.50, training model saved.
2026-07-09_13-46-02 Episode 315: New best reward 4.70, training model saved.
2026-07-09_13-46-08 Episode 329: New best reward 6.10, training model saved.
2026-07-09_13-46-39 Episode 399: New best reward 6.30, training model saved.
2026-07-09_13-46-46 Episode 415: New best reward 6.60, training model saved.
2026-07-09_13-46-49 Episode 422: New best reward 6.70, training model saved.
2026-07-09_13-46-56 Episode 437: New best reward 8.40, training model saved.
2026-07-09_13-48-38: Training starting...
Device: cuda
2026-07-09_13-48-39 Episode 0: New best reward -8.10, training model saved.
2026-07-09_13-48-39 Episode 0: New best greedy reward 2.00, model saved.
2026-07-09_13-48-39 Episode 1: New best reward -5.70, training model saved.
2026-07-09_13-49-00 Episode 46: New best reward -3.90, training model saved.
2026-07-09_13-49-04 Episode 56: New best reward -3.30, training model saved.
2026-07-09_13-49-11 Episode 73: New best reward -0.30, training model saved.
2026-07-09_13-49-17 Episode 85: New best reward 2.70, training model saved.
2026-07-09_13-49-22 Episode 96: New best reward 3.90, training model saved.
2026-07-09_13-50-00 Episode 183: New best reward 4.60, training model saved.
2026-07-09_13-50-09 Episode 202: New best reward 8.40, training model saved.
2026-07-09_13-52-58 Episode 559: New best reward 10.80, training model saved.
2026-07-09_13-53-05 Episode 571: New best reward 11.30, training model saved.
2026-07-09_13-53-44 Episode 646: New best reward 15.40, training model saved.
2026-07-09_13-57-03 Episode 1000: New best greedy reward 11.20, model saved.
2026-07-09_13-58-25 Episode 1146: New best reward 15.80, training model saved.
2026-07-09_14-00-06 Episode 1318: New best reward 17.90, training model saved.
2026-07-09_14-00-23 Episode 1340: New best reward 22.40, training model saved.
2026-07-09_14-00-35 Episode 1356: New best reward 37.20, training model saved.
2026-07-09_14-03-16 Episode 1589: New best reward 62.80, training model saved.
2026-07-09_14-03-32: Training starting...
Device: cuda
2026-07-09_14-03-33 Episode 0: New best reward -8.10, training model saved.
2026-07-09_14-03-33 Episode 0: New best greedy reward 2.00, model saved.
2026-07-09_14-03-34 Episode 1: New best reward -5.70, training model saved.
2026-07-09_14-04-01 Episode 62: New best reward -5.10, training model saved.
2026-07-09_14-04-01 Episode 63: New best reward -2.10, training model saved.
2026-07-09_14-04-06 Episode 73: New best reward 0.30, training model saved.
2026-07-09_14-04-13 Episode 89: New best reward 3.90, training model saved.
2026-07-09_14-04-25 Episode 116: New best reward 4.00, training model saved.
2026-07-09_14-04-28 Episode 123: New best reward 4.40, training model saved.
2026-07-09_14-04-30 Episode 126: New best reward 6.70, training model saved.
2026-07-09_14-04-56 Episode 185: New best reward 7.80, training model saved.
2026-07-09_14-05-09 Episode 213: New best reward 8.40, training model saved.
2026-07-09_14-07-01 Episode 440: New best reward 8.70, training model saved.
2026-07-09_14-07-09 Episode 455: New best reward 9.10, training model saved.
2026-07-09_14-07-21 Episode 474: New best reward 18.50, training model saved.
2026-07-09_14-07-26 Episode 482: New best reward 18.80, training model saved.
2026-07-09_14-12-16 Episode 1000: New best greedy reward 6.00, model saved.
2026-07-09_14-14-26 Episode 1209: New best reward 26.90, training model saved.
2026-07-09_14-17-02 Episode 1416: New best reward 45.90, training model saved.
2026-07-09_14-17-12 Episode 1424: New best reward 46.70, training model saved.
2026-07-09_14-19-12 Episode 1543: New best reward 50.40, training model saved.
2026-07-09_14-24-43 Episode 2000: New best greedy reward 8.70, model saved.
2026-07-09_14-27-39 Episode 2248: New best reward 53.00, training model saved.
2026-07-09_14-30-04 Episode 2373: New best reward 55.40, training model saved.
2026-07-09_14-30-52 Episode 2409: New best reward 60.00, training model saved.
2026-07-09_14-31-22 Episode 2425: New best reward 62.80, training model saved.
2026-07-09_14-33-20 Episode 2516: New best reward 71.80, training model saved.
2026-07-09_14-34-20 Episode 2540: New best reward 120.40, training model saved.
2026-07-09_14-34-33 Episode 2541: New best reward 177.20, training model saved.
2026-07-09_14-48-18: Training starting...
Device: cuda
2026-07-09_14-48-18 Episode 0: New best reward -8.10, training model saved.
2026-07-09_14-48-18 Episode 0: New best greedy reward 2.00, model saved.
2026-07-09_14-48-19 Episode 1: New best reward -5.70, training model saved.
2026-07-09_14-48-55 Episode 81: New best reward -1.50, training model saved.
2026-07-09_14-48-56 Episode 85: New best reward 0.30, training model saved.
2026-07-09_14-49-13 Episode 123: New best reward 3.90, training model saved.
2026-07-09_14-49-15 Episode 127: New best reward 4.90, training model saved.
2026-07-09_14-49-47 Episode 199: New best reward 8.40, training model saved.
2026-07-09_14-51-15 Episode 367: New best reward 8.80, training model saved.
2026-07-09_14-51-33 Episode 397: New best reward 9.20, training model saved.
2026-07-09_14-55-11 Episode 713: New best reward 11.10, training model saved.
2026-07-09_14-56-00 Episode 780: New best reward 13.50, training model saved.
2026-07-09_14-56-34 Episode 825: New best reward 17.90, training model saved.
2026-07-09_14-58-46 Episode 978: New best reward 36.40, training model saved.
2026-07-09_14-59-07 Episode 1000: New best greedy reward 13.60, model saved.
2026-07-09_15-00-22 Episode 1080: New best reward 41.20, training model saved.
2026-07-09_15-00-49 Episode 1106: New best reward 62.40, training model saved.
2026-07-09_15-03-19: Training starting...
Device: cuda
2026-07-09_15-03-20 Episode 0: New best reward -8.10, training model saved.
2026-07-09_15-03-20 Episode 0: New best greedy reward 2.00, model saved.
2026-07-09_15-03-20 Episode 1: New best reward -5.70, training model saved.
2026-07-09_15-03-57 Episode 81: New best reward -2.70, training model saved.
2026-07-09_15-04-16 Episode 123: New best reward -1.50, training model saved.
2026-07-09_15-04-33 Episode 162: New best reward 3.90, training model saved.
2026-07-09_15-04-55 Episode 211: New best reward 4.20, training model saved.
2026-07-09_15-05-28 Episode 283: New best reward 4.40, training model saved.
2026-07-09_15-05-32 Episode 292: New best reward 4.50, training model saved.
2026-07-09_15-05-33 Episode 295: New best reward 5.00, training model saved.
2026-07-09_15-05-37 Episode 304: New best reward 6.30, training model saved.
2026-07-09_15-05-39 Episode 307: New best reward 6.60, training model saved.
2026-07-09_15-05-53 Episode 337: New best reward 8.40, training model saved.
2026-07-09_15-08-39 Episode 622: New best reward 8.90, training model saved.
2026-07-09_15-09-07 Episode 666: New best reward 11.30, training model saved.
2026-07-09_15-10-19 Episode 774: New best reward 12.90, training model saved.
2026-07-09_15-10-49 Episode 815: New best reward 22.40, training model saved.
2026-07-09_15-12-16 Episode 936: New best reward 22.70, training model saved.
2026-07-09_15-12-30 Episode 956: New best reward 23.60, training model saved.
2026-07-09_15-12-46 Episode 976: New best reward 32.10, training model saved.
2026-07-09_15-13-09 Episode 1000: New best greedy reward 3.90, model saved.
2026-07-09_15-13-33 Episode 1025: New best reward 69.70, training model saved.
2026-07-09_15-18-24: Training starting...
Device: cuda
2026-07-09_15-18-24 Episode 0: New best reward -8.10, training model saved.
2026-07-09_15-18-25 Episode 0: New best greedy reward 2.00, model saved.
2026-07-09_15-18-25 Episode 1: New best reward -5.70, training model saved.
2026-07-09_15-19-00 Episode 81: New best reward -1.50, training model saved.
2026-07-09_15-19-02 Episode 85: New best reward 0.30, training model saved.
2026-07-09_15-19-36 Episode 162: New best reward 4.00, training model saved.
2026-07-09_15-20-06 Episode 230: New best reward 4.30, training model saved.
2026-07-09_15-20-36 Episode 298: New best reward 6.30, training model saved.
2026-07-09_15-20-42 Episode 311: New best reward 6.60, training model saved.
2026-07-09_15-20-56 Episode 343: New best reward 8.40, training model saved.
2026-07-09_15-21-20 Episode 393: New best reward 8.80, training model saved.
2026-07-09_15-22-20 Episode 517: New best reward 9.10, training model saved.
2026-07-09_15-22-35 Episode 547: New best reward 10.90, training model saved.
2026-07-09_15-22-39 Episode 552: New best reward 11.30, training model saved.
2026-07-09_15-23-06 Episode 600: New best reward 12.90, training model saved.
2026-07-09_15-24-56 Episode 783: New best reward 15.40, training model saved.
2026-07-09_15-25-44 Episode 849: New best reward 22.60, training model saved.
2026-07-09_15-25-56 Episode 865: New best reward 27.10, training model saved.
2026-07-09_15-27-02 Episode 940: New best reward 27.70, training model saved.
2026-07-09_15-27-20 Episode 957: New best reward 43.30, training model saved.
2026-07-09_15-28-08 Episode 998: New best reward 55.30, training model saved.
2026-07-09_15-28-12 Episode 1000: New best greedy reward 27.70, model saved.
2026-07-09_15-28-39 Episode 1019: New best reward 81.20, training model saved.
2026-07-09_15-29-50 Episode 1053: New best reward 106.90, training model saved.
2026-07-09_15-33-15: Training starting...
Device: cuda
2026-07-09_15-33-15 Episode 0: New best reward -8.10, training model saved.
2026-07-09_15-33-16 Episode 0: New best greedy reward 2.00, model saved.
2026-07-09_15-33-16 Episode 1: New best reward -5.70, training model saved.
2026-07-09_15-33-51 Episode 81: New best reward -2.70, training model saved.
2026-07-09_15-33-53 Episode 85: New best reward 0.30, training model saved.
2026-07-09_15-33-54 Episode 89: New best reward 2.10, training model saved.
2026-07-09_15-34-09 Episode 123: New best reward 3.90, training model saved.
2026-07-09_15-34-26 Episode 162: New best reward 4.20, training model saved.
2026-07-09_15-34-33 Episode 179: New best reward 4.60, training model saved.
2026-07-09_15-34-35 Episode 183: New best reward 4.90, training model saved.
2026-07-09_15-34-36 Episode 185: New best reward 6.50, training model saved.
2026-07-09_15-34-46 Episode 206: New best reward 8.40, training model saved.
2026-07-09_15-34-54 Episode 224: New best reward 9.20, training model saved.
2026-07-09_15-38-24 Episode 611: New best reward 11.20, training model saved.
2026-07-09_15-38-50 Episode 652: New best reward 11.30, training model saved.
2026-07-09_15-39-36 Episode 726: New best reward 13.90, training model saved.
2026-07-09_15-39-42 Episode 734: New best reward 15.50, training model saved.
2026-07-09_15-40-22 Episode 804: New best reward 23.10, training model saved.
2026-07-09_15-40-39 Episode 827: New best reward 32.60, training model saved.
2026-07-09_15-41-27 Episode 892: New best reward 37.30, training model saved.
2026-07-09_15-41-43 Episode 908: New best reward 40.90, training model saved.
2026-07-09_15-42-28 Episode 951: New best reward 50.80, training model saved.
2026-07-09_15-43-28 Episode 1000: New best greedy reward 6.80, model saved.
2026-07-09_15-45-55 Episode 1140: New best reward 52.90, training model saved.
2026-07-09_15-46-04 Episode 1144: New best reward 62.60, training model saved.
2026-07-09_15-46-29 Episode 1159: New best reward 104.70, training model saved.
2026-07-09_15-47-54: Training starting...
Device: cuda
2026-07-09_15-47-54 Episode 0: New best reward -8.10, training model saved.
2026-07-09_15-47-54 Episode 0: New best greedy reward 2.00, model saved.
2026-07-09_15-47-55 Episode 1: New best reward -5.70, training model saved.
2026-07-09_15-48-32 Episode 81: New best reward -2.70, training model saved.
2026-07-09_15-48-34 Episode 85: New best reward 0.30, training model saved.
2026-07-09_15-48-51 Episode 123: New best reward 3.90, training model saved.
2026-07-09_15-49-31 Episode 211: New best reward 4.70, training model saved.
2026-07-09_15-49-42 Episode 234: New best reward 8.40, training model saved.
2026-07-09_15-51-07 Episode 410: New best reward 9.00, training model saved.
2026-07-09_15-51-44 Episode 480: New best reward 11.00, training model saved.
2026-07-09_15-52-29 Episode 561: New best reward 11.20, training model saved.
2026-07-09_15-55-31 Episode 862: New best reward 15.30, training model saved.
2026-07-09_15-56-21 Episode 934: New best reward 22.70, training model saved.
2026-07-09_15-57-10 Episode 1000: New best greedy reward 2.40, model saved.
2026-07-09_15-58-07 Episode 1071: New best reward 25.00, training model saved.
2026-07-09_15-58-24 Episode 1090: New best reward 27.80, training model saved.
2026-07-09_15-58-39 Episode 1105: New best reward 28.10, training model saved.
2026-07-09_15-59-28 Episode 1150: New best reward 32.90, training model saved.
2026-07-09_15-59-36 Episode 1155: New best reward 52.80, training model saved.
2026-07-09_15-59-52 Episode 1163: New best reward 57.60, training model saved.
2026-07-09_16-00-29 Episode 1187: New best reward 71.50, training model saved.
2026-07-09_16-02-18 Episode 1264: New best reward 106.40, training model saved.
2026-07-09_16-06-15 Episode 1404: New best reward 116.90, training model saved.
2026-07-09_16-11-51 Episode 1548: New best reward 221.30, training model saved.
2026-07-09_16-15-33 Episode 1615: New best reward 236.90, training model saved.
2026-07-09_16-22-45 Episode 1738: New best reward 260.70, training model saved.
2026-07-09_16-23-10 Episode 1742: New best reward 278.90, training model saved.
2026-07-09_16-31-46 Episode 1924: New best reward 344.70, training model saved.
2026-07-09_16-33-56: Training starting...
Device: cuda
2026-07-09_16-33-57 Episode 0: New best reward -8.10, training model saved.
2026-07-09_16-33-57 Episode 0: New best greedy reward 2.00, model saved.
2026-07-09_16-33-57 Episode 1: New best reward -5.70, training model saved.
2026-07-09_16-34-33 Episode 81: New best reward -2.70, training model saved.
2026-07-09_16-34-34 Episode 85: New best reward 0.30, training model saved.
2026-07-09_16-34-36 Episode 89: New best reward 2.70, training model saved.
2026-07-09_16-34-39 Episode 96: New best reward 3.90, training model saved.
2026-07-09_16-34-48 Episode 116: New best reward 4.30, training model saved.
2026-07-09_16-34-52 Episode 123: New best reward 8.40, training model saved.
2026-07-09_16-35-45 Episode 239: New best reward 10.90, training model saved.
2026-07-09_16-35-59 Episode 272: New best reward 11.30, training model saved.
2026-07-09_16-37-13 Episode 428: New best reward 12.90, training model saved.
2026-07-09_16-39-53 Episode 718: New best reward 15.70, training model saved.
2026-07-09_16-40-49 Episode 801: New best reward 20.60, training model saved.
2026-07-09_16-41-45 Episode 879: New best reward 26.90, training model saved.
2026-07-09_16-42-47 Episode 952: New best reward 74.50, training model saved.
2026-07-09_16-43-34 Episode 1000: New best greedy reward 11.30, model saved.
2026-07-09_16-49-11 Episode 1282: New best reward 82.90, training model saved.
2026-07-09_16-50-43 Episode 1335: New best reward 108.70, training model saved.
2026-07-09_16-51-54 Episode 1376: New best reward 127.20, training model saved.
2026-07-09_16-55-05 Episode 1460: New best reward 146.50, training model saved.
2026-07-09_17-00-52 Episode 1650: New best reward 155.40, training model saved.
2026-07-09_17-01-55 Episode 1676: New best reward 167.50, training model saved.
2026-07-09_17-03-15 Episode 1701: New best reward 167.70, training model saved.
2026-07-09_17-03-41 Episode 1709: New best reward 202.10, training model saved.
2026-07-09_17-04-24 Episode 1714: New best reward 405.90, training model saved.
[worker] done. total trials in study: 400
2026-07-09_06-39-43: Training starting...
Device: cuda
2026-07-09_06-39-50 Episode 0: New best reward -8.10, training model saved.
2026-07-09_06-39-50 Episode 0: New best greedy reward 2.00, model saved.
2026-07-09_06-39-50 Episode 1: New best reward -5.70, training model saved.
2026-07-09_06-40-26 Episode 81: New best reward -2.10, training model saved.
2026-07-09_06-40-28 Episode 85: New best reward 0.30, training model saved.
2026-07-09_06-40-29 Episode 89: New best reward 1.50, training model saved.
2026-07-09_06-40-45 Episode 123: New best reward 3.90, training model saved.
2026-07-09_06-41-22 Episode 208: New best reward 4.10, training model saved.
2026-07-09_06-41-25 Episode 216: New best reward 6.00, training model saved.
2026-07-09_06-41-40 Episode 247: New best reward 6.70, training model saved.
2026-07-09_06-42-11 Episode 319: New best reward 8.40, training model saved.
2026-07-09_06-44-27 Episode 580: New best reward 10.50, training model saved.
2026-07-09_06-46-17 Episode 771: New best reward 10.80, training model saved.
2026-07-09_06-46-22 Episode 779: New best reward 11.20, training model saved.
2026-07-09_06-46-28 Episode 787: New best reward 12.90, training model saved.
2026-07-09_06-46-52 Episode 823: New best reward 20.20, training model saved.
2026-07-09_06-46-56 Episode 829: New best reward 20.80, training model saved.
2026-07-09_06-47-39 Episode 886: New best reward 23.60, training model saved.
2026-07-09_06-47-47 Episode 895: New best reward 25.30, training model saved.
2026-07-09_06-47-57 Episode 905: New best reward 27.80, training model saved.
2026-07-09_06-48-21 Episode 931: New best reward 57.10, training model saved.
2026-07-09_06-49-11 Episode 987: New best reward 59.90, training model saved.
2026-07-09_06-49-35 Episode 1000: New best greedy reward 65.00, model saved.
2026-07-09_06-52-11 Episode 1104: New best reward 85.80, training model saved.
2026-07-09_06-52-27 Episode 1110: New best reward 95.10, training model saved.
2026-07-09_06-55-22 Episode 1198: New best reward 96.90, training model saved.
2026-07-09_06-55-33 Episode 1199: New best reward 158.70, training model saved.
2026-07-09_06-59-45 Episode 1292: New best reward 181.70, training model saved.
2026-07-09_07-12-08 Episode 1603: New best reward 202.70, training model saved.
2026-07-09_07-12-43 Episode 1612: New best reward 219.50, training model saved.
2026-07-09_07-25-49: Training starting...
Device: cuda
2026-07-09_07-25-49 Episode 0: New best reward -8.10, training model saved.
2026-07-09_07-25-50 Episode 0: New best greedy reward 2.00, model saved.
2026-07-09_07-25-50 Episode 1: New best reward -5.70, training model saved.
2026-07-09_07-26-21 Episode 73: New best reward -4.50, training model saved.
2026-07-09_07-26-25 Episode 81: New best reward -1.50, training model saved.
2026-07-09_07-26-27 Episode 85: New best reward 0.30, training model saved.
2026-07-09_07-26-28 Episode 89: New best reward 2.70, training model saved.
2026-07-09_07-26-31 Episode 96: New best reward 3.90, training model saved.
2026-07-09_07-27-00 Episode 162: New best reward 4.30, training model saved.
2026-07-09_07-27-25 Episode 216: New best reward 8.40, training model saved.
2026-07-09_07-28-43 Episode 383: New best reward 11.10, training model saved.
2026-07-09_07-28-56 Episode 406: New best reward 13.20, training model saved.
2026-07-09_07-31-05 Episode 628: New best reward 13.50, training model saved.
2026-07-09_07-33-25 Episode 825: New best reward 13.60, training model saved.
2026-07-09_07-33-31 Episode 834: New best reward 15.80, training model saved.
2026-07-09_07-33-53 Episode 861: New best reward 25.20, training model saved.
2026-07-09_07-34-44 Episode 923: New best reward 29.50, training model saved.
2026-07-09_07-35-01 Episode 941: New best reward 41.70, training model saved.
2026-07-09_07-35-54 Episode 1000: New best greedy reward 13.90, model saved.
2026-07-09_07-37-48 Episode 1130: New best reward 42.00, training model saved.
2026-07-09_07-38-05 Episode 1142: New best reward 48.60, training model saved.
2026-07-09_07-40-00 Episode 1238: New best reward 57.70, training model saved.
2026-07-09_07-41-56 Episode 1324: New best reward 94.90, training model saved.
2026-07-09_07-46-10 Episode 1488: New best reward 103.00, training model saved.
2026-07-09_07-47-03 Episode 1506: New best reward 194.90, training model saved.
2026-07-09_07-55-56 Episode 1723: New best reward 237.10, training model saved.
2026-07-09_08-06-29 Episode 2000: New best greedy reward 76.40, model saved.
2026-07-09_08-10-25: Training starting...
Device: cuda
2026-07-09_08-10-26 Episode 0: New best reward -8.10, training model saved.
2026-07-09_08-10-26 Episode 0: New best greedy reward 2.00, model saved.
2026-07-09_08-10-27 Episode 1: New best reward -5.70, training model saved.
2026-07-09_08-11-04 Episode 81: New best reward -2.10, training model saved.
2026-07-09_08-12-40 Episode 299: New best reward 1.50, training model saved.
2026-07-09_08-12-59 Episode 338: New best reward 3.90, training model saved.
2026-07-09_08-13-17 Episode 382: New best reward 4.50, training model saved.
2026-07-09_08-13-36 Episode 423: New best reward 4.80, training model saved.
2026-07-09_08-13-37 Episode 424: New best reward 4.90, training model saved.
2026-07-09_08-13-39 Episode 428: New best reward 6.20, training model saved.
2026-07-09_08-14-03 Episode 485: New best reward 6.50, training model saved.
2026-07-09_08-15-35 Episode 683: New best reward 8.60, training model saved.
2026-07-09_08-16-10 Episode 759: New best reward 8.70, training model saved.
2026-07-09_08-17-58 Episode 981: New best reward 9.20, training model saved.
2026-07-09_08-18-07 Episode 1000: New best greedy reward 6.20, model saved.
2026-07-09_08-19-09 Episode 1107: New best reward 11.30, training model saved.
2026-07-09_08-19-47 Episode 1174: New best reward 12.90, training model saved.
2026-07-09_08-22-26 Episode 1452: New best reward 13.80, training model saved.
2026-07-09_08-22-44 Episode 1475: New best reward 26.90, training model saved.
2026-07-09_08-23-04 Episode 1500: New best reward 29.80, training model saved.
2026-07-09_08-24-18 Episode 1571: New best reward 53.10, training model saved.
2026-07-09_08-24-41 Episode 1586: New best reward 60.60, training model saved.
2026-07-09_08-31-43 Episode 2000: New best greedy reward 8.80, model saved.
2026-07-09_08-33-14 Episode 2099: New best reward 71.60, training model saved.
2026-07-09_08-35-26 Episode 2224: New best reward 73.90, training model saved.
2026-07-09_08-37-07 Episode 2304: New best reward 74.40, training model saved.
2026-07-09_08-55-50: Training starting...
Device: cuda
2026-07-09_08-55-50 Episode 0: New best reward -8.10, training model saved.
2026-07-09_08-55-51 Episode 0: New best greedy reward 2.00, model saved.
2026-07-09_08-55-51 Episode 1: New best reward -5.70, training model saved.
2026-07-09_08-56-28 Episode 81: New best reward -2.10, training model saved.
2026-07-09_08-56-29 Episode 85: New best reward 0.30, training model saved.
2026-07-09_08-57-25 Episode 211: New best reward 2.70, training model saved.
2026-07-09_08-57-35 Episode 235: New best reward 3.90, training model saved.
2026-07-09_08-58-19 Episode 329: New best reward 6.00, training model saved.
2026-07-09_08-59-28 Episode 485: New best reward 8.40, training model saved.
2026-07-09_09-01-21: Training starting...
Device: cuda
2026-07-09_09-01-21 Episode 0: New best reward -8.10, training model saved.
2026-07-09_09-01-21 Episode 0: New best greedy reward 2.00, model saved.
2026-07-09_09-01-22 Episode 1: New best reward -5.70, training model saved.
2026-07-09_09-01-58 Episode 81: New best reward -2.10, training model saved.
2026-07-09_09-03-34 Episode 299: New best reward -0.30, training model saved.
2026-07-09_09-04-01 Episode 358: New best reward 0.90, training model saved.
2026-07-09_09-04-21 Episode 405: New best reward 2.10, training model saved.
2026-07-09_09-04-44 Episode 456: New best reward 3.90, training model saved.
2026-07-09_09-05-33 Episode 569: New best reward 4.00, training model saved.
2026-07-09_09-06-23 Episode 677: New best reward 4.70, training model saved.
2026-07-09_09-07-29 Episode 824: New best reward 4.80, training model saved.
2026-07-09_09-07-36 Episode 839: New best reward 8.40, training model saved.
2026-07-09_09-09-06 Episode 1038: New best reward 8.50, training model saved.
2026-07-09_09-09-35 Episode 1100: New best reward 8.70, training model saved.
2026-07-09_09-11-46 Episode 1370: New best reward 9.10, training model saved.
2026-07-09_09-12-19 Episode 1433: New best reward 11.00, training model saved.
2026-07-09_09-13-22 Episode 1547: New best reward 13.50, training model saved.
2026-07-09_09-13-46 Episode 1583: New best reward 17.90, training model saved.
2026-07-09_09-14-34 Episode 1662: New best reward 18.10, training model saved.
2026-07-09_09-16-02 Episode 1786: New best reward 19.10, training model saved.
2026-07-09_09-16-14 Episode 1799: New best reward 20.30, training model saved.
2026-07-09_09-16-31: Training starting...
Device: cuda
2026-07-09_09-16-32 Episode 0: New best reward -8.10, training model saved.
2026-07-09_09-16-32 Episode 0: New best greedy reward 2.00, model saved.
2026-07-09_09-16-33 Episode 1: New best reward -5.70, training model saved.
2026-07-09_09-17-00 Episode 63: New best reward -4.50, training model saved.
2026-07-09_09-17-04 Episode 73: New best reward -3.90, training model saved.
2026-07-09_09-17-08 Episode 81: New best reward -0.30, training model saved.
2026-07-09_09-17-10 Episode 85: New best reward 0.30, training model saved.
2026-07-09_09-17-12 Episode 89: New best reward 2.10, training model saved.
2026-07-09_09-17-15 Episode 96: New best reward 3.90, training model saved.
2026-07-09_09-18-01 Episode 199: New best reward 4.40, training model saved.
2026-07-09_09-18-17 Episode 234: New best reward 4.50, training model saved.
2026-07-09_09-18-43 Episode 292: New best reward 6.60, training model saved.
2026-07-09_09-18-53 Episode 313: New best reward 8.40, training model saved.
2026-07-09_09-20-25 Episode 489: New best reward 8.60, training model saved.
2026-07-09_09-20-34 Episode 505: New best reward 9.10, training model saved.
2026-07-09_09-23-19 Episode 792: New best reward 9.30, training model saved.
2026-07-09_09-25-25 Episode 993: New best reward 10.90, training model saved.
2026-07-09_09-25-30 Episode 1000: New best reward 12.90, training model saved.
2026-07-09_09-25-31 Episode 1000: New best greedy reward 13.60, model saved.
2026-07-09_09-26-52 Episode 1112: New best reward 15.20, training model saved.
2026-07-09_09-28-22 Episode 1232: New best reward 32.70, training model saved.
2026-07-09_09-29-11 Episode 1288: New best reward 65.00, training model saved.
2026-07-09_09-31-44 Episode 1385: New best reward 169.70, training model saved.
2026-07-09_09-33-09 Episode 1409: New best reward 181.90, training model saved.
2026-07-09_09-35-43 Episode 1452: New best reward 204.60, training model saved.
2026-07-09_09-40-25 Episode 1539: New best reward 249.30, training model saved.
2026-07-09_09-42-47 Episode 1566: New best reward 294.00, training model saved.
2026-07-09_09-45-48 Episode 1594: New best reward 358.60, training model saved.
2026-07-09_09-58-32 Episode 1978: New best reward 512.40, training model saved.
2026-07-09_09-59-43 Episode 2000: New best greedy reward 45.90, model saved.
2026-07-09_10-01-09: Training starting...
Device: cuda
2026-07-09_10-01-09 Episode 0: New best reward -8.10, training model saved.
2026-07-09_10-01-09 Episode 0: New best greedy reward 2.00, model saved.
2026-07-09_10-01-10 Episode 1: New best reward -5.70, training model saved.
2026-07-09_10-01-45 Episode 81: New best reward -2.10, training model saved.
2026-07-09_10-02-17 Episode 155: New best reward -0.90, training model saved.
2026-07-09_10-02-20 Episode 162: New best reward -0.30, training model saved.
2026-07-09_10-02-31 Episode 187: New best reward 0.30, training model saved.
2026-07-09_10-02-42 Episode 211: New best reward 3.30, training model saved.
2026-07-09_10-02-52 Episode 235: New best reward 3.90, training model saved.
2026-07-09_10-04-07 Episode 406: New best reward 4.70, training model saved.
2026-07-09_10-04-15 Episode 423: New best reward 4.80, training model saved.
2026-07-09_10-04-33 Episode 466: New best reward 6.70, training model saved.
2026-07-09_10-04-34 Episode 467: New best reward 6.80, training model saved.
2026-07-09_10-04-45 Episode 490: New best reward 8.40, training model saved.
2026-07-09_10-06-14: Training starting...
Device: cuda
2026-07-09_10-06-14 Episode 0: New best reward -8.10, training model saved.
2026-07-09_10-06-14 Episode 0: New best greedy reward 2.00, model saved.
2026-07-09_10-06-15 Episode 1: New best reward -5.70, training model saved.
2026-07-09_10-06-50 Episode 81: New best reward -2.70, training model saved.
2026-07-09_10-06-51 Episode 85: New best reward 0.30, training model saved.
2026-07-09_10-06-53 Episode 89: New best reward 2.10, training model saved.
2026-07-09_10-07-08 Episode 123: New best reward 3.90, training model saved.
2026-07-09_10-07-27 Episode 166: New best reward 4.50, training model saved.
2026-07-09_10-07-34 Episode 183: New best reward 6.30, training model saved.
2026-07-09_10-07-42 Episode 202: New best reward 6.40, training model saved.
2026-07-09_10-07-48 Episode 213: New best reward 8.60, training model saved.
2026-07-09_10-08-07 Episode 255: New best reward 9.00, training model saved.
2026-07-09_10-08-50 Episode 350: New best reward 11.10, training model saved.
2026-07-09_10-09-23 Episode 418: New best reward 12.90, training model saved.
2026-07-09_10-11-53 Episode 708: New best reward 13.30, training model saved.
2026-07-09_10-11-55 Episode 709: New best reward 13.60, training model saved.
2026-07-09_10-12-23 Episode 754: New best reward 24.70, training model saved.
2026-07-09_10-12-42 Episode 779: New best reward 31.90, training model saved.
2026-07-09_10-15-30 Episode 1000: New best greedy reward 6.30, model saved.
2026-07-09_10-16-02 Episode 1035: New best reward 32.40, training model saved.
2026-07-09_10-16-21 Episode 1051: New best reward 46.80, training model saved.
2026-07-09_10-16-28 Episode 1054: New best reward 57.80, training model saved.
2026-07-09_10-19-25 Episode 1178: New best reward 78.50, training model saved.
2026-07-09_10-20-02 Episode 1200: New best reward 93.40, training model saved.
2026-07-09_10-22-21 Episode 1275: New best reward 148.40, training model saved.
2026-07-09_10-24-19 Episode 1325: New best reward 155.40, training model saved.
2026-07-09_10-29-37 Episode 1440: New best reward 167.40, training model saved.
2026-07-09_10-30-48 Episode 1453: New best reward 281.40, training model saved.
2026-07-09_10-34-57 Episode 1513: New best reward 291.30, training model saved.
2026-07-09_10-36-11 Episode 1522: New best reward 362.90, training model saved.
2026-07-09_10-40-21 Episode 1567: New best reward 419.60, training model saved.
2026-07-09_10-45-14 Episode 1605: New best reward 507.90, training model saved.
2026-07-09_10-45-59 Episode 1607: New best reward 544.90, training model saved.
2026-07-09_10-50-29: Training starting...
Device: cuda
2026-07-09_10-50-29 Episode 0: New best reward -8.10, training model saved.
2026-07-09_10-50-30 Episode 0: New best greedy reward 2.00, model saved.
2026-07-09_10-50-30 Episode 1: New best reward -5.70, training model saved.
2026-07-09_10-51-05 Episode 81: New best reward -2.70, training model saved.
2026-07-09_10-51-32 Episode 144: New best reward -2.10, training model saved.
2026-07-09_10-51-37 Episode 155: New best reward -0.30, training model saved.
2026-07-09_10-51-40 Episode 162: New best reward 4.00, training model saved.
2026-07-09_10-52-20 Episode 254: New best reward 4.50, training model saved.
2026-07-09_10-52-35 Episode 289: New best reward 4.90, training model saved.
2026-07-09_10-52-42 Episode 306: New best reward 6.80, training model saved.
2026-07-09_10-53-07 Episode 362: New best reward 8.40, training model saved.
2026-07-09_10-53-40 Episode 438: New best reward 9.20, training model saved.
2026-07-09_10-55-03 Episode 616: New best reward 12.90, training model saved.
2026-07-09_10-58-26 Episode 1016: New best reward 18.00, training model saved.
2026-07-09_11-00-36 Episode 1244: New best reward 23.20, training model saved.
2026-07-09_11-01-01 Episode 1279: New best reward 27.10, training model saved.
2026-07-09_11-02-35 Episode 1396: New best reward 34.50, training model saved.
2026-07-09_11-03-59 Episode 1494: New best reward 39.20, training model saved.
2026-07-09_11-05-49 Episode 1597: New best reward 50.70, training model saved.
2026-07-09_11-06-03 Episode 1608: New best reward 62.70, training model saved.
2026-07-09_11-07-45 Episode 1687: New best reward 65.10, training model saved.
2026-07-09_11-07-51 Episode 1688: New best reward 78.40, training model saved.
2026-07-09_11-07-58 Episode 1690: New best reward 78.60, training model saved.
2026-07-09_11-10-45 Episode 1791: New best reward 121.10, training model saved.
2026-07-09_11-14-45 Episode 1899: New best reward 134.40, training model saved.
2026-07-09_11-16-42 Episode 1938: New best reward 137.20, training model saved.
2026-07-09_11-18-27 Episode 1969: New best reward 183.10, training model saved.
2026-07-09_11-19-46 Episode 1991: New best reward 183.20, training model saved.
2026-07-09_11-20-41 Episode 2000: New best greedy reward 263.30, model saved.
2026-07-09_11-23-41 Episode 2054: New best reward 232.40, training model saved.
2026-07-09_11-28-01 Episode 2127: New best reward 339.90, training model saved.
2026-07-09_11-32-03 Episode 2172: New best reward 391.80, training model saved.
2026-07-09_11-40-28: Training starting...
Device: cuda
2026-07-09_11-40-28 Episode 0: New best reward -8.10, training model saved.
2026-07-09_11-40-28 Episode 0: New best greedy reward 2.00, model saved.
2026-07-09_11-40-29 Episode 1: New best reward -5.70, training model saved.
2026-07-09_11-41-06 Episode 81: New best reward -2.10, training model saved.
2026-07-09_11-41-53 Episode 187: New best reward -0.30, training model saved.
2026-07-09_11-42-03 Episode 211: New best reward 2.70, training model saved.
2026-07-09_11-42-38 Episode 287: New best reward 3.90, training model saved.
2026-07-09_11-43-13 Episode 360: New best reward 6.80, training model saved.
2026-07-09_11-43-44 Episode 424: New best reward 8.40, training model saved.
2026-07-09_11-48-47 Episode 1068: New best reward 10.70, training model saved.
2026-07-09_11-54-20 Episode 1634: New best reward 12.30, training model saved.
2026-07-09_11-55-40 Episode 1752: New best reward 12.90, training model saved.
2026-07-09_11-56-06: Training starting...
Device: cuda
2026-07-09_11-56-07 Episode 0: New best reward -8.10, training model saved.
2026-07-09_11-56-07 Episode 0: New best greedy reward 2.00, model saved.
2026-07-09_11-56-08 Episode 1: New best reward -5.70, training model saved.
2026-07-09_11-56-34 Episode 63: New best reward -3.90, training model saved.
2026-07-09_11-56-39 Episode 73: New best reward -0.30, training model saved.
2026-07-09_11-56-44 Episode 85: New best reward 0.30, training model saved.
2026-07-09_11-56-46 Episode 89: New best reward 2.10, training model saved.
2026-07-09_11-56-49 Episode 96: New best reward 3.90, training model saved.
2026-07-09_11-57-03 Episode 127: New best reward 4.10, training model saved.
2026-07-09_11-57-17 Episode 162: New best reward 4.50, training model saved.
2026-07-09_11-57-19 Episode 164: New best reward 4.80, training model saved.
2026-07-09_11-57-20 Episode 166: New best reward 6.10, training model saved.
2026-07-09_11-57-37 Episode 205: New best reward 6.60, training model saved.
2026-07-09_11-57-40 Episode 213: New best reward 6.80, training model saved.
2026-07-09_11-57-49 Episode 232: New best reward 8.40, training model saved.
2026-07-09_11-59-43 Episode 450: New best reward 8.90, training model saved.
2026-07-09_12-00-22 Episode 516: New best reward 9.20, training model saved.
2026-07-09_12-00-45 Episode 549: New best reward 13.60, training model saved.
2026-07-09_12-02-34 Episode 713: New best reward 13.90, training model saved.
2026-07-09_12-02-53 Episode 737: New best reward 20.50, training model saved.
2026-07-09_12-03-03 Episode 749: New best reward 22.40, training model saved.
2026-07-09_12-03-33 Episode 787: New best reward 24.60, training model saved.
2026-07-09_12-04-22 Episode 851: New best reward 27.50, training model saved.
2026-07-09_12-05-59 Episode 996: New best reward 34.40, training model saved.
2026-07-09_12-06-03 Episode 1000: New best greedy reward 6.50, model saved.
2026-07-09_12-06-21 Episode 1017: New best reward 83.90, training model saved.
2026-07-09_12-08-43 Episode 1119: New best reward 92.40, training model saved.
2026-07-09_12-08-54 Episode 1123: New best reward 97.80, training model saved.
2026-07-09_12-09-08 Episode 1128: New best reward 118.70, training model saved.
2026-07-09_12-12-34 Episode 1255: New best reward 148.50, training model saved.
2026-07-09_12-26-24 Episode 1719: New best reward 165.20, training model saved.
2026-07-09_12-29-34 Episode 1783: New best reward 188.60, training model saved.
2026-07-09_12-31-50 Episode 1809: New best reward 447.80, training model saved.
2026-07-09_12-32-58 Episode 1811: New best reward 774.00, training model saved.
2026-07-09_12-40-26: Training starting...
Device: cuda
2026-07-09_12-40-26 Episode 0: New best reward -8.10, training model saved.
2026-07-09_12-40-27 Episode 0: New best greedy reward 2.00, model saved.
2026-07-09_12-40-27 Episode 1: New best reward -5.70, training model saved.
2026-07-09_12-41-02 Episode 81: New best reward -2.70, training model saved.
2026-07-09_12-41-03 Episode 85: New best reward 0.30, training model saved.
2026-07-09_12-41-36 Episode 162: New best reward 4.00, training model saved.
2026-07-09_12-42-08 Episode 235: New best reward 4.80, training model saved.
2026-07-09_12-42-16 Episode 253: New best reward 6.60, training model saved.
2026-07-09_12-42-40 Episode 308: New best reward 8.40, training model saved.
2026-07-09_12-43-15 Episode 386: New best reward 10.50, training model saved.
2026-07-09_12-44-11 Episode 499: New best reward 13.20, training model saved.
2026-07-09_12-45-15 Episode 621: New best reward 13.40, training model saved.
2026-07-09_12-46-37 Episode 765: New best reward 17.90, training model saved.
2026-07-09_12-48-25 Episode 917: New best reward 32.50, training model saved.
2026-07-09_12-48-59 Episode 951: New best reward 37.60, training model saved.
2026-07-09_12-49-47 Episode 1000: New best greedy reward 50.60, model saved.
2026-07-09_12-50-28 Episode 1037: New best reward 41.60, training model saved.
2026-07-09_12-50-59 Episode 1058: New best reward 51.10, training model saved.
2026-07-09_12-51-28 Episode 1074: New best reward 137.10, training model saved.
2026-07-09_12-54-26 Episode 1176: New best reward 149.50, training model saved.
2026-07-09_12-58-49 Episode 1292: New best reward 153.00, training model saved.
2026-07-09_13-03-21 Episode 1428: New best reward 264.90, training model saved.
2026-07-09_13-10-26 Episode 1560: New best reward 320.90, training model saved.
2026-07-09_13-10-51 Episode 1561: New best reward 358.40, training model saved.
2026-07-09_13-11-38 Episode 1564: New best reward 449.10, training model saved.
2026-07-09_13-25-04: Training starting...
Device: cuda
2026-07-09_13-25-05 Episode 0: New best reward -8.10, training model saved.
2026-07-09_13-25-05 Episode 0: New best greedy reward 2.00, model saved.
2026-07-09_13-25-05 Episode 1: New best reward -5.70, training model saved.
2026-07-09_13-25-28 Episode 54: New best reward -5.10, training model saved.
2026-07-09_13-25-29 Episode 56: New best reward -3.30, training model saved.
2026-07-09_13-25-37 Episode 73: New best reward -0.30, training model saved.
2026-07-09_13-25-42 Episode 85: New best reward 0.30, training model saved.
2026-07-09_13-25-44 Episode 89: New best reward 2.70, training model saved.
2026-07-09_13-25-47 Episode 96: New best reward 3.90, training model saved.
2026-07-09_13-26-02 Episode 129: New best reward 4.00, training model saved.
2026-07-09_13-26-18 Episode 166: New best reward 4.80, training model saved.
2026-07-09_13-26-26 Episode 183: New best reward 8.40, training model saved.
2026-07-09_13-30-34 Episode 634: New best reward 8.70, training model saved.
2026-07-09_13-30-37 Episode 639: New best reward 11.10, training model saved.
2026-07-09_13-31-14 Episode 693: New best reward 12.90, training model saved.
2026-07-09_13-32-23 Episode 789: New best reward 13.80, training model saved.
2026-07-09_13-32-45 Episode 817: New best reward 22.70, training model saved.
2026-07-09_13-32-50 Episode 823: New best reward 23.00, training model saved.
2026-07-09_13-33-43 Episode 886: New best reward 29.40, training model saved.
2026-07-09_13-33-53 Episode 892: New best reward 55.90, training model saved.
2026-07-09_13-35-47 Episode 1000: New best greedy reward 13.80, model saved.
2026-07-09_13-36-04 Episode 1012: New best reward 62.10, training model saved.
2026-07-09_13-36-46 Episode 1043: New best reward 71.50, training model saved.
2026-07-09_13-40-49 Episode 1211: New best reward 88.50, training model saved.
2026-07-09_13-44-44 Episode 1341: New best reward 107.00, training model saved.
2026-07-09_13-58-45 Episode 1906: New best reward 111.20, training model saved.
2026-07-09_14-01-00 Episode 2000: New best greedy reward 79.50, model saved.
2026-07-09_14-06-59 Episode 2239: New best reward 120.50, training model saved.
2026-07-09_14-09-23: Training starting...
Device: cuda
2026-07-09_14-09-24 Episode 0: New best reward -8.10, training model saved.
2026-07-09_14-09-24 Episode 0: New best greedy reward 2.00, model saved.
2026-07-09_14-09-24 Episode 1: New best reward -5.70, training model saved.
2026-07-09_14-10-00 Episode 81: New best reward -2.10, training model saved.
2026-07-09_14-10-56 Episode 211: New best reward 2.70, training model saved.
2026-07-09_14-12-01 Episode 360: New best reward 3.90, training model saved.
2026-07-09_14-13-31 Episode 569: New best reward 4.50, training model saved.
2026-07-09_14-14-52 Episode 751: New best reward 6.70, training model saved.
2026-07-09_14-15-37 Episode 851: New best reward 8.40, training model saved.
2026-07-09_14-16-23 Episode 956: New best reward 8.90, training model saved.
2026-07-09_14-16-47 Episode 1005: New best reward 12.90, training model saved.
2026-07-09_14-24-18: Training starting...
Device: cuda
2026-07-09_14-24-19 Episode 0: New best reward -8.10, training model saved.
2026-07-09_14-24-19 Episode 0: New best greedy reward 2.00, model saved.
2026-07-09_14-24-20 Episode 1: New best reward -5.70, training model saved.
2026-07-09_14-24-55 Episode 81: New best reward -2.10, training model saved.
2026-07-09_14-26-29 Episode 299: New best reward -0.30, training model saved.
2026-07-09_14-26-56 Episode 358: New best reward 0.90, training model saved.
2026-07-09_14-27-16 Episode 405: New best reward 2.10, training model saved.
2026-07-09_14-27-39 Episode 456: New best reward 3.90, training model saved.
2026-07-09_14-28-28 Episode 569: New best reward 4.00, training model saved.
2026-07-09_14-28-49 Episode 617: New best reward 4.10, training model saved.
2026-07-09_14-29-27 Episode 703: New best reward 4.40, training model saved.
2026-07-09_14-29-59 Episode 775: New best reward 5.00, training model saved.
2026-07-09_14-30-41 Episode 868: New best reward 8.40, training model saved.
2026-07-09_14-36-40 Episode 1590: New best reward 8.80, training model saved.
2026-07-09_14-36-53 Episode 1613: New best reward 11.20, training model saved.
2026-07-09_14-38-31 Episode 1769: New best reward 12.90, training model saved.
2026-07-09_14-39-20: Training starting...
Device: cuda
2026-07-09_14-39-21 Episode 0: New best reward -8.10, training model saved.
2026-07-09_14-39-21 Episode 0: New best greedy reward 2.00, model saved.
2026-07-09_14-39-21 Episode 1: New best reward -5.70, training model saved.
2026-07-09_14-39-57 Episode 81: New best reward -2.10, training model saved.
2026-07-09_14-40-43 Episode 187: New best reward 0.30, training model saved.
2026-07-09_14-40-53 Episode 211: New best reward 2.70, training model saved.
2026-07-09_14-41-03 Episode 235: New best reward 3.90, training model saved.
2026-07-09_14-41-27 Episode 287: New best reward 4.10, training model saved.
2026-07-09_14-41-47 Episode 330: New best reward 4.80, training model saved.
2026-07-09_14-42-09 Episode 382: New best reward 6.50, training model saved.
2026-07-09_14-42-29 Episode 425: New best reward 9.10, training model saved.
2026-07-09_14-46-10 Episode 899: New best reward 11.10, training model saved.
2026-07-09_14-47-21 Episode 1032: New best reward 13.10, training model saved.
2026-07-09_14-48-37 Episode 1163: New best reward 13.70, training model saved.
2026-07-09_14-48-52 Episode 1191: New best reward 15.80, training model saved.
2026-07-09_14-50-02 Episode 1301: New best reward 20.40, training model saved.
2026-07-09_14-50-53 Episode 1377: New best reward 22.80, training model saved.
2026-07-09_14-52-09 Episode 1480: New best reward 25.30, training model saved.
2026-07-09_14-52-36 Episode 1514: New best reward 26.90, training model saved.
2026-07-09_14-52-46 Episode 1521: New best reward 41.70, training model saved.
2026-07-09_14-54-23 Episode 1621: New best reward 48.70, training model saved.
2026-07-09_14-54-38 Episode 1630: New best reward 56.00, training model saved.
2026-07-09_14-57-47 Episode 1762: New best reward 110.90, training model saved.
2026-07-09_15-01-04 Episode 1866: New best reward 141.40, training model saved.
2026-07-09_15-02-30 Episode 1904: New best reward 172.70, training model saved.
2026-07-09_15-07-00 Episode 2000: New best greedy reward 36.40, model saved.
2026-07-09_15-07-31 Episode 2006: New best reward 191.50, training model saved.
2026-07-09_15-13-00 Episode 2080: New best reward 208.90, training model saved.
2026-07-09_15-14-35 Episode 2101: New best reward 246.40, training model saved.
2026-07-09_15-14-55 Episode 2102: New best reward 264.90, training model saved.
2026-07-09_15-15-56 Episode 2111: New best reward 288.40, training model saved.
2026-07-09_15-17-42 Episode 2128: New best reward 370.80, training model saved.
2026-07-09_15-26-45: Training starting...
Device: cuda
2026-07-09_15-26-46 Episode 0: New best reward -8.10, training model saved.
2026-07-09_15-26-46 Episode 0: New best greedy reward 2.00, model saved.
2026-07-09_15-26-46 Episode 1: New best reward -5.70, training model saved.
2026-07-09_15-27-22 Episode 81: New best reward -2.70, training model saved.
2026-07-09_15-27-23 Episode 85: New best reward 0.30, training model saved.
2026-07-09_15-27-42 Episode 127: New best reward 1.50, training model saved.
2026-07-09_15-27-57 Episode 162: New best reward 3.90, training model saved.
2026-07-09_15-28-27 Episode 229: New best reward 4.10, training model saved.
2026-07-09_15-28-27 Episode 230: New best reward 4.30, training model saved.
2026-07-09_15-28-38 Episode 254: New best reward 4.40, training model saved.
2026-07-09_15-28-54 Episode 289: New best reward 6.10, training model saved.
2026-07-09_15-29-01 Episode 306: New best reward 6.60, training model saved.
2026-07-09_15-29-02 Episode 308: New best reward 6.80, training model saved.
2026-07-09_15-29-51 Episode 414: New best reward 11.10, training model saved.
2026-07-09_15-30-26 Episode 486: New best reward 12.90, training model saved.
2026-07-09_15-31-31 Episode 617: New best reward 15.00, training model saved.
2026-07-09_15-31-43: Training starting...
Device: cuda
2026-07-09_15-31-44 Episode 0: New best reward -8.10, training model saved.
2026-07-09_15-31-44 Episode 0: New best greedy reward 2.00, model saved.
2026-07-09_15-31-44 Episode 1: New best reward -5.70, training model saved.
2026-07-09_15-32-16 Episode 73: New best reward -5.10, training model saved.
2026-07-09_15-32-20 Episode 81: New best reward -1.50, training model saved.
2026-07-09_15-32-21 Episode 85: New best reward 0.30, training model saved.
2026-07-09_15-32-23 Episode 89: New best reward 2.10, training model saved.
2026-07-09_15-32-52 Episode 155: New best reward 3.90, training model saved.
2026-07-09_15-32-55 Episode 162: New best reward 4.00, training model saved.
2026-07-09_15-33-17 Episode 211: New best reward 4.50, training model saved.
2026-07-09_15-33-49 Episode 285: New best reward 6.60, training model saved.
2026-07-09_15-34-08 Episode 325: New best reward 6.70, training model saved.
2026-07-09_15-34-33 Episode 382: New best reward 8.40, training model saved.
2026-07-09_15-35-49 Episode 530: New best reward 8.50, training model saved.
2026-07-09_15-39-33 Episode 882: New best reward 12.90, training model saved.
2026-07-09_15-40-57 Episode 1000: New best greedy reward 8.90, model saved.
2026-07-09_15-42-55 Episode 1155: New best reward 13.60, training model saved.
2026-07-09_15-43-04 Episode 1166: New best reward 22.70, training model saved.
2026-07-09_15-43-52 Episode 1216: New best reward 36.40, training model saved.
2026-07-09_15-43-55 Episode 1217: New best reward 40.90, training model saved.
2026-07-09_15-45-05 Episode 1275: New best reward 53.20, training model saved.
2026-07-09_15-45-27 Episode 1290: New best reward 64.70, training model saved.
2026-07-09_15-45-47 Episode 1301: New best reward 82.90, training model saved.
2026-07-09_15-46-25: Training starting...
Device: cuda
2026-07-09_15-46-26 Episode 0: New best reward -8.10, training model saved.
2026-07-09_15-46-26 Episode 0: New best greedy reward 2.00, model saved.
2026-07-09_15-46-26 Episode 1: New best reward -5.70, training model saved.
2026-07-09_15-47-01 Episode 81: New best reward -2.10, training model saved.
2026-07-09_15-47-48 Episode 187: New best reward 0.30, training model saved.
2026-07-09_15-47-58 Episode 211: New best reward 2.70, training model saved.
2026-07-09_15-48-11 Episode 243: New best reward 3.90, training model saved.
2026-07-09_15-48-50 Episode 329: New best reward 4.00, training model saved.
2026-07-09_15-48-54 Episode 338: New best reward 4.20, training model saved.
2026-07-09_15-49-01 Episode 355: New best reward 4.50, training model saved.
2026-07-09_15-49-13 Episode 382: New best reward 6.50, training model saved.
2026-07-09_15-49-32 Episode 424: New best reward 8.70, training model saved.
2026-07-09_15-50-28 Episode 551: New best reward 9.50, training model saved.
2026-07-09_15-51-49: Training starting...
Device: cuda
2026-07-09_15-51-49 Episode 0: New best reward -8.10, training model saved.
2026-07-09_15-51-49 Episode 0: New best greedy reward 2.00, model saved.
2026-07-09_15-51-50 Episode 1: New best reward -5.70, training model saved.
2026-07-09_15-52-24 Episode 81: New best reward -2.10, training model saved.
2026-07-09_15-52-26 Episode 85: New best reward 0.30, training model saved.
2026-07-09_15-52-58 Episode 162: New best reward 1.50, training model saved.
2026-07-09_15-53-13 Episode 195: New best reward 2.10, training model saved.
2026-07-09_15-53-15 Episode 200: New best reward 3.90, training model saved.
2026-07-09_15-53-38 Episode 250: New best reward 4.40, training model saved.
2026-07-09_15-53-53 Episode 287: New best reward 4.50, training model saved.
2026-07-09_15-54-11 Episode 327: New best reward 8.40, training model saved.
2026-07-09_15-59-10 Episode 1000: New best greedy reward 5.00, model saved.
2026-07-09_15-59-38 Episode 1053: New best reward 8.60, training model saved.
2026-07-09_15-59-40 Episode 1056: New best reward 12.90, training model saved.
2026-07-09_16-00-43 Episode 1160: New best reward 13.20, training model saved.
2026-07-09_16-00-46 Episode 1162: New best reward 41.40, training model saved.
2026-07-09_16-01-58 Episode 1234: New best reward 57.80, training model saved.
2026-07-09_16-02-14 Episode 1239: New best reward 94.80, training model saved.
2026-07-09_16-02-23 Episode 1241: New best reward 109.30, training model saved.
2026-07-09_16-03-48 Episode 1280: New best reward 117.00, training model saved.
2026-07-09_16-05-24 Episode 1324: New best reward 125.40, training model saved.
2026-07-09_16-06-35 Episode 1346: New best reward 194.90, training model saved.
2026-07-09_16-08-20 Episode 1366: New best reward 213.90, training model saved.
2026-07-09_16-09-29 Episode 1371: New best reward 559.00, training model saved.
2026-07-09_16-14-05 Episode 1407: New best reward 667.00, training model saved.
2026-07-09_16-15-11 Episode 1409: New best reward 764.40, training model saved.
2026-07-09_16-23-36 Episode 1491: New best reward 860.70, training model saved.
2026-07-09_16-29-35 Episode 1508: New best reward 1576.40, training model saved.
2026-07-09_16-35-52: Training starting...
Device: cuda
2026-07-09_16-35-52 Episode 0: New best reward -8.10, training model saved.
2026-07-09_16-35-52 Episode 0: New best greedy reward 2.00, model saved.
2026-07-09_16-35-53 Episode 1: New best reward -5.70, training model saved.
2026-07-09_16-36-24 Episode 73: New best reward -5.10, training model saved.
2026-07-09_16-36-28 Episode 81: New best reward -1.50, training model saved.
2026-07-09_16-36-30 Episode 85: New best reward 0.30, training model saved.
2026-07-09_16-36-32 Episode 89: New best reward 2.10, training model saved.
2026-07-09_16-36-47 Episode 123: New best reward 3.90, training model saved.
2026-07-09_16-37-05 Episode 164: New best reward 6.50, training model saved.
2026-07-09_16-37-15 Episode 185: New best reward 8.40, training model saved.
2026-07-09_16-38-36 Episode 353: New best reward 11.20, training model saved.
2026-07-09_16-40-00 Episode 511: New best reward 13.40, training model saved.
2026-07-09_16-40-06 Episode 518: New best reward 15.10, training model saved.
2026-07-09_16-40-13 Episode 528: New best reward 24.80, training model saved.
2026-07-09_16-42-28 Episode 713: New best reward 25.20, training model saved.
2026-07-09_16-42-47 Episode 729: New best reward 26.90, training model saved.
2026-07-09_16-42-55 Episode 737: New best reward 27.40, training model saved.
2026-07-09_16-43-04 Episode 745: New best reward 46.70, training model saved.
2026-07-09_16-44-04 Episode 796: New best reward 90.60, training model saved.
2026-07-09_16-45-42 Episode 868: New best reward 106.40, training model saved.
2026-07-09_16-47-55 Episode 1000: New best greedy reward 23.60, model saved.
2026-07-09_16-50-08 Episode 1085: New best reward 125.90, training model saved.
2026-07-09_16-52-01 Episode 1122: New best reward 195.70, training model saved.
2026-07-09_16-52-35 Episode 1130: New best reward 221.10, training model saved.
2026-07-09_16-59-26 Episode 1325: New best reward 642.90, training model saved.
[worker] done. total trials in study: 400
2026-07-09_06-39-43: Training starting...
Device: cuda
2026-07-09_06-39-50 Episode 0: New best reward -8.10, training model saved.
2026-07-09_06-39-50 Episode 0: New best greedy reward 2.00, model saved.
2026-07-09_06-39-50 Episode 1: New best reward -5.70, training model saved.
2026-07-09_06-40-26 Episode 81: New best reward -2.10, training model saved.
2026-07-09_06-41-01 Episode 162: New best reward -1.50, training model saved.
2026-07-09_06-41-24 Episode 211: New best reward 2.70, training model saved.
2026-07-09_06-42-03 Episode 299: New best reward 3.90, training model saved.
2026-07-09_06-43-26 Episode 486: New best reward 8.40, training model saved.
2026-07-09_06-46-07 Episode 850: New best reward 9.20, training model saved.
2026-07-09_06-46-26 Episode 892: New best reward 10.90, training model saved.
2026-07-09_06-53-41 Episode 1858: New best reward 12.90, training model saved.
2026-07-09_07-07-34 Episode 3628: New best reward 18.30, training model saved.
2026-07-09_07-24-35: Training starting...
Device: cuda
2026-07-09_07-24-36 Episode 0: New best reward -8.10, training model saved.
2026-07-09_07-24-36 Episode 0: New best greedy reward 2.00, model saved.
2026-07-09_07-24-37 Episode 1: New best reward -5.70, training model saved.
2026-07-09_07-25-12 Episode 81: New best reward -2.70, training model saved.
2026-07-09_07-25-32 Episode 127: New best reward -0.90, training model saved.
2026-07-09_07-25-44 Episode 155: New best reward 0.30, training model saved.
2026-07-09_07-25-47 Episode 162: New best reward 3.90, training model saved.
2026-07-09_07-26-16 Episode 226: New best reward 8.40, training model saved.
2026-07-09_07-27-26 Episode 383: New best reward 12.90, training model saved.
2026-07-09_07-39-17: Training starting...
Device: cuda
2026-07-09_07-39-17 Episode 0: New best reward -8.10, training model saved.
2026-07-09_07-39-18 Episode 0: New best greedy reward 2.00, model saved.
2026-07-09_07-39-18 Episode 1: New best reward -5.70, training model saved.
2026-07-09_07-39-54 Episode 81: New best reward -1.50, training model saved.
2026-07-09_07-39-55 Episode 85: New best reward 0.30, training model saved.
2026-07-09_07-39-57 Episode 89: New best reward 1.50, training model saved.
2026-07-09_07-40-00 Episode 96: New best reward 3.90, training model saved.
2026-07-09_07-40-29 Episode 162: New best reward 4.10, training model saved.
2026-07-09_07-40-50 Episode 208: New best reward 4.20, training model saved.
2026-07-09_07-40-51 Episode 211: New best reward 4.70, training model saved.
2026-07-09_07-40-52 Episode 213: New best reward 8.40, training model saved.
2026-07-09_07-42-22 Episode 405: New best reward 8.90, training model saved.
2026-07-09_07-42-30 Episode 420: New best reward 10.90, training model saved.
2026-07-09_07-43-35 Episode 538: New best reward 11.20, training model saved.
2026-07-09_07-43-54 Episode 568: New best reward 22.60, training model saved.
2026-07-09_07-45-59 Episode 747: New best reward 37.30, training model saved.
2026-07-09_07-46-44 Episode 798: New best reward 51.00, training model saved.
2026-07-09_07-47-58 Episode 865: New best reward 57.80, training model saved.
2026-07-09_07-48-24 Episode 880: New best reward 69.80, training model saved.
2026-07-09_07-48-50 Episode 892: New best reward 92.70, training model saved.
2026-07-09_07-49-25 Episode 906: New best reward 112.10, training model saved.
2026-07-09_07-51-35 Episode 1000: New best greedy reward 62.80, model saved.
2026-07-09_07-54-10: Training starting...
Device: cuda
2026-07-09_07-54-11 Episode 0: New best reward -8.10, training model saved.
2026-07-09_07-54-11 Episode 0: New best greedy reward 2.00, model saved.
2026-07-09_07-54-11 Episode 1: New best reward -5.70, training model saved.
2026-07-09_07-54-48 Episode 81: New best reward -2.10, training model saved.
2026-07-09_07-55-45 Episode 211: New best reward 2.70, training model saved.
2026-07-09_07-56-53 Episode 360: New best reward 3.90, training model saved.
2026-07-09_07-58-24 Episode 569: New best reward 4.50, training model saved.
2026-07-09_07-59-32 Episode 720: New best reward 6.60, training model saved.
2026-07-09_07-59-56 Episode 772: New best reward 8.40, training model saved.
2026-07-09_08-01-31 Episode 984: New best reward 8.50, training model saved.
2026-07-09_08-01-44 Episode 1011: New best reward 9.30, training model saved.
2026-07-09_08-01-54 Episode 1034: New best reward 10.60, training model saved.
2026-07-09_08-04-41 Episode 1372: New best reward 11.10, training model saved.
2026-07-09_08-05-13 Episode 1434: New best reward 12.90, training model saved.
2026-07-09_08-07-55 Episode 1731: New best reward 13.40, training model saved.
2026-07-09_08-08-32 Episode 1795: New best reward 15.10, training model saved.
2026-07-09_08-09-08 Episode 1854: New best reward 15.70, training model saved.
2026-07-09_08-13-15 Episode 2257: New best reward 20.40, training model saved.
2026-07-09_08-16-22 Episode 2530: New best reward 22.90, training model saved.
2026-07-09_08-18-12 Episode 2684: New best reward 31.90, training model saved.
2026-07-09_08-22-23 Episode 3000: New best greedy reward 9.10, model saved.
2026-07-09_08-25-50 Episode 3236: New best reward 32.40, training model saved.
2026-07-09_08-26-27 Episode 3277: New best reward 37.40, training model saved.
2026-07-09_08-27-59 Episode 3365: New best reward 39.20, training model saved.
2026-07-09_08-28-42 Episode 3402: New best reward 62.80, training model saved.
2026-07-09_08-31-06 Episode 3503: New best reward 67.10, training model saved.
2026-07-09_08-36-28 Episode 3740: New best reward 96.90, training model saved.
2026-07-09_08-39-24: Training starting...
Device: cuda
2026-07-09_08-39-24 Episode 0: New best reward -8.10, training model saved.
2026-07-09_08-39-24 Episode 0: New best greedy reward 2.00, model saved.
2026-07-09_08-39-25 Episode 1: New best reward -5.70, training model saved.
2026-07-09_08-40-01 Episode 81: New best reward -2.10, training model saved.
2026-07-09_08-40-02 Episode 85: New best reward -0.30, training model saved.
2026-07-09_08-40-04 Episode 89: New best reward 0.90, training model saved.
2026-07-09_08-40-19 Episode 123: New best reward 3.90, training model saved.
2026-07-09_08-40-59 Episode 211: New best reward 6.30, training model saved.
2026-07-09_08-41-00 Episode 214: New best reward 8.40, training model saved.
2026-07-09_08-44-05 Episode 611: New best reward 11.00, training model saved.
2026-07-09_08-44-28 Episode 653: New best reward 12.90, training model saved.
2026-07-09_08-47-19 Episode 908: New best reward 22.90, training model saved.
2026-07-09_08-47-25 Episode 913: New best reward 26.90, training model saved.
2026-07-09_08-48-01 Episode 953: New best reward 27.80, training model saved.
2026-07-09_08-48-48 Episode 997: New best reward 29.10, training model saved.
2026-07-09_08-48-50 Episode 1000: New best greedy reward 6.50, model saved.
2026-07-09_08-48-54 Episode 1002: New best reward 29.30, training model saved.
2026-07-09_08-49-04 Episode 1010: New best reward 34.60, training model saved.
2026-07-09_08-49-35 Episode 1041: New best reward 45.90, training model saved.
2026-07-09_08-50-13 Episode 1070: New best reward 60.70, training model saved.
2026-07-09_08-52-02 Episode 1158: New best reward 78.40, training model saved.
2026-07-09_08-53-35 Episode 1210: New best reward 127.80, training model saved.
2026-07-09_09-12-55 Episode 2000: New best greedy reward 135.00, model saved.
2026-07-09_09-15-22 Episode 2053: New best reward 152.90, training model saved.
2026-07-09_09-15-39 Episode 2055: New best reward 209.70, training model saved.
2026-07-09_09-17-57 Episode 2105: New best reward 237.00, training model saved.
2026-07-09_09-24-12: Training starting...
Device: cuda
2026-07-09_09-24-13 Episode 0: New best reward -8.10, training model saved.
2026-07-09_09-24-13 Episode 0: New best greedy reward 2.00, model saved.
2026-07-09_09-24-13 Episode 1: New best reward -5.70, training model saved.
2026-07-09_09-24-48 Episode 81: New best reward -2.10, training model saved.
2026-07-09_09-24-50 Episode 85: New best reward 0.30, training model saved.
2026-07-09_09-25-23 Episode 162: New best reward 1.50, training model saved.
2026-07-09_09-25-45 Episode 211: New best reward 3.30, training model saved.
2026-07-09_09-25-55 Episode 235: New best reward 3.90, training model saved.
2026-07-09_09-26-41 Episode 338: New best reward 8.40, training model saved.
2026-07-09_09-28-11 Episode 536: New best reward 8.80, training model saved.
2026-07-09_09-29-11 Episode 664: New best reward 12.90, training model saved.
2026-07-09_09-31-47 Episode 956: New best reward 17.90, training model saved.
2026-07-09_09-32-24 Episode 1019: New best reward 20.40, training model saved.
2026-07-09_09-37-10 Episode 1444: New best reward 29.80, training model saved.
2026-07-09_09-37-59 Episode 1503: New best reward 34.50, training model saved.
2026-07-09_09-39-20 Episode 1594: New best reward 51.00, training model saved.
2026-07-09_09-43-33 Episode 1828: New best reward 51.30, training model saved.
2026-07-09_09-44-29 Episode 1871: New best reward 57.60, training model saved.
2026-07-09_09-47-10 Episode 1971: New best reward 127.70, training model saved.
2026-07-09_09-48-13 Episode 2000: New best greedy reward 96.90, model saved.
2026-07-09_09-57-20 Episode 2245: New best reward 153.10, training model saved.
2026-07-09_09-58-58 Episode 2274: New best reward 167.30, training model saved.
2026-07-09_10-02-27 Episode 2324: New best reward 278.90, training model saved.
2026-07-09_10-07-03 Episode 2390: New best reward 295.10, training model saved.
2026-07-09_10-12-05: Training starting...
Device: cuda
2026-07-09_10-12-06 Episode 0: New best reward -8.10, training model saved.
2026-07-09_10-12-06 Episode 0: New best greedy reward 2.00, model saved.
2026-07-09_10-12-06 Episode 1: New best reward -5.70, training model saved.
2026-07-09_10-12-35 Episode 63: New best reward -4.50, training model saved.
2026-07-09_10-12-39 Episode 73: New best reward -3.90, training model saved.
2026-07-09_10-12-43 Episode 81: New best reward -0.30, training model saved.
2026-07-09_10-12-45 Episode 85: New best reward 0.30, training model saved.
2026-07-09_10-12-47 Episode 89: New best reward 2.70, training model saved.
2026-07-09_10-12-50 Episode 96: New best reward 3.90, training model saved.
2026-07-09_10-13-16 Episode 155: New best reward 4.30, training model saved.
2026-07-09_10-13-19 Episode 162: New best reward 4.70, training model saved.
2026-07-09_10-13-21 Episode 167: New best reward 6.50, training model saved.
2026-07-09_10-14-09 Episode 272: New best reward 7.20, training model saved.
2026-07-09_10-14-38 Episode 338: New best reward 8.40, training model saved.
2026-07-09_10-15-45 Episode 469: New best reward 8.60, training model saved.
2026-07-09_10-17-23 Episode 634: New best reward 9.00, training model saved.
2026-07-09_10-17-29 Episode 642: New best reward 12.30, training model saved.
2026-07-09_10-18-20 Episode 719: New best reward 12.90, training model saved.
2026-07-09_10-18-38 Episode 743: New best reward 13.60, training model saved.
2026-07-09_10-19-29 Episode 807: New best reward 34.50, training model saved.
2026-07-09_10-20-20 Episode 865: New best reward 43.20, training model saved.
2026-07-09_10-22-42 Episode 999: New best reward 52.90, training model saved.
2026-07-09_10-22-47 Episode 1000: New best greedy reward 41.10, model saved.
2026-07-09_10-23-46 Episode 1028: New best reward 134.80, training model saved.
2026-07-09_10-27-17 Episode 1130: New best reward 160.80, training model saved.
2026-07-09_10-28-56 Episode 1159: New best reward 204.50, training model saved.
2026-07-09_10-38-37 Episode 1385: New best reward 291.10, training model saved.
2026-07-09_10-41-42 Episode 1427: New best reward 350.00, training model saved.
2026-07-09_10-53-44 Episode 1637: New best reward 433.20, training model saved.
2026-07-09_10-58-06: Training starting...
Device: cuda
2026-07-09_10-58-07 Episode 0: New best reward -8.10, training model saved.
2026-07-09_10-58-07 Episode 0: New best greedy reward 2.00, model saved.
2026-07-09_10-58-07 Episode 1: New best reward -5.70, training model saved.
2026-07-09_10-58-42 Episode 81: New best reward -2.70, training model saved.
2026-07-09_10-59-17 Episode 162: New best reward -0.30, training model saved.
2026-07-09_10-59-22 Episode 175: New best reward 0.30, training model saved.
2026-07-09_10-59-28 Episode 187: New best reward 3.30, training model saved.
2026-07-09_10-59-33 Episode 199: New best reward 3.90, training model saved.
2026-07-09_10-59-41 Episode 218: New best reward 4.10, training model saved.
2026-07-09_10-59-57 Episode 254: New best reward 4.50, training model saved.
2026-07-09_11-00-11 Episode 289: New best reward 6.00, training model saved.
2026-07-09_11-00-14 Episode 295: New best reward 8.40, training model saved.
2026-07-09_11-02-59: Training starting...
Device: cuda
2026-07-09_11-02-59 Episode 0: New best reward -8.10, training model saved.
2026-07-09_11-02-59 Episode 0: New best greedy reward 2.00, model saved.
2026-07-09_11-03-00 Episode 1: New best reward -5.70, training model saved.
2026-07-09_11-03-27 Episode 63: New best reward -2.10, training model saved.
2026-07-09_11-03-31 Episode 73: New best reward -0.30, training model saved.
2026-07-09_11-03-37 Episode 85: New best reward 0.30, training model saved.
2026-07-09_11-03-39 Episode 89: New best reward 3.90, training model saved.
2026-07-09_11-03-50 Episode 116: New best reward 4.20, training model saved.
2026-07-09_11-03-54 Episode 123: New best reward 6.60, training model saved.
2026-07-09_11-04-05 Episode 146: New best reward 6.80, training model saved.
2026-07-09_11-04-33 Episode 209: New best reward 8.40, training model saved.
2026-07-09_11-04-34 Episode 210: New best reward 8.70, training model saved.
2026-07-09_11-05-45 Episode 357: New best reward 10.60, training model saved.
2026-07-09_11-06-38 Episode 458: New best reward 11.10, training model saved.
2026-07-09_11-07-12 Episode 516: New best reward 11.20, training model saved.
2026-07-09_11-07-43 Episode 567: New best reward 15.60, training model saved.
2026-07-09_11-08-08 Episode 605: New best reward 15.80, training model saved.
2026-07-09_11-10-29 Episode 828: New best reward 22.80, training model saved.
2026-07-09_11-11-10 Episode 890: New best reward 26.90, training model saved.
2026-07-09_11-11-59 Episode 944: New best reward 31.90, training model saved.
2026-07-09_11-12-52 Episode 994: New best reward 92.70, training model saved.
2026-07-09_11-12-59 Episode 1000: New best greedy reward 5.00, model saved.
2026-07-09_11-19-10 Episode 1271: New best reward 96.90, training model saved.
2026-07-09_11-22-47 Episode 1358: New best reward 99.80, training model saved.
2026-07-09_11-24-30 Episode 1391: New best reward 118.80, training model saved.
2026-07-09_11-27-16 Episode 1477: New best reward 132.30, training model saved.
2026-07-09_11-30-47 Episode 1560: New best reward 135.30, training model saved.
2026-07-09_11-33-03 Episode 1600: New best reward 144.70, training model saved.
2026-07-09_11-33-15 Episode 1601: New best reward 158.00, training model saved.
2026-07-09_11-34-24 Episode 1615: New best reward 321.10, training model saved.
2026-07-09_11-46-11 Episode 1762: New best reward 424.00, training model saved.
2026-07-09_11-48-20: Training starting...
Device: cuda
2026-07-09_11-48-21 Episode 0: New best reward -8.10, training model saved.
2026-07-09_11-48-21 Episode 0: New best greedy reward 2.00, model saved.
2026-07-09_11-48-21 Episode 1: New best reward -5.70, training model saved.
2026-07-09_11-48-56 Episode 81: New best reward -2.10, training model saved.
2026-07-09_11-48-58 Episode 85: New best reward 0.30, training model saved.
2026-07-09_11-49-00 Episode 89: New best reward 0.90, training model saved.
2026-07-09_11-49-15 Episode 123: New best reward 3.90, training model saved.
2026-07-09_11-49-53 Episode 211: New best reward 4.20, training model saved.
2026-07-09_11-50-03 Episode 235: New best reward 4.80, training model saved.
2026-07-09_11-50-34 Episode 304: New best reward 8.40, training model saved.
2026-07-09_11-51-24 Episode 412: New best reward 8.60, training model saved.
2026-07-09_11-53-26 Episode 645: New best reward 8.70, training model saved.
2026-07-09_11-54-29 Episode 745: New best reward 9.20, training model saved.
2026-07-09_11-56-37 Episode 932: New best reward 12.90, training model saved.
2026-07-09_11-57-19 Episode 988: New best reward 15.00, training model saved.
2026-07-09_11-57-29 Episode 1000: New best greedy reward 8.90, model saved.
2026-07-09_11-58-29 Episode 1074: New best reward 15.10, training model saved.
2026-07-09_11-58-35 Episode 1079: New best reward 23.10, training model saved.
2026-07-09_11-58-38 Episode 1081: New best reward 28.00, training model saved.
2026-07-09_11-59-23 Episode 1123: New best reward 37.20, training model saved.
2026-07-09_11-59-45 Episode 1139: New best reward 60.70, training model saved.
2026-07-09_12-00-35 Episode 1181: New best reward 65.10, training model saved.
2026-07-09_12-01-07 Episode 1197: New best reward 118.80, training model saved.
2026-07-09_12-11-14 Episode 1824: New best reward 146.80, training model saved.
2026-07-09_12-11-55 Episode 1833: New best reward 152.90, training model saved.
2026-07-09_12-13-41 Episode 1858: New best reward 199.90, training model saved.
2026-07-09_12-15-28 Episode 1873: New best reward 334.90, training model saved.
2026-07-09_12-19-36 Episode 2000: New best greedy reward 13.80, model saved.
2026-07-09_12-31-47 Episode 2434: New best reward 384.80, training model saved.
2026-07-09_12-32-34 Episode 2437: New best reward 389.30, training model saved.
2026-07-09_12-32-40: Training starting...
Device: cuda
2026-07-09_12-32-40 Episode 0: New best reward -8.10, training model saved.
2026-07-09_12-32-40 Episode 0: New best greedy reward 2.00, model saved.
2026-07-09_12-32-41 Episode 1: New best reward -5.70, training model saved.
2026-07-09_12-33-17 Episode 81: New best reward -2.10, training model saved.
2026-07-09_12-33-18 Episode 85: New best reward 0.30, training model saved.
2026-07-09_12-33-36 Episode 123: New best reward 3.90, training model saved.
2026-07-09_12-33-52 Episode 162: New best reward 4.10, training model saved.
2026-07-09_12-34-14 Episode 208: New best reward 4.30, training model saved.
2026-07-09_12-34-24 Episode 230: New best reward 4.40, training model saved.
2026-07-09_12-34-33 Episode 249: New best reward 6.20, training model saved.
2026-07-09_12-34-34 Episode 252: New best reward 6.80, training model saved.
2026-07-09_12-34-38 Episode 261: New best reward 8.40, training model saved.
2026-07-09_12-35-21 Episode 358: New best reward 8.70, training model saved.
2026-07-09_12-37-55: Training starting...
Device: cuda
2026-07-09_12-37-55 Episode 0: New best reward -8.10, training model saved.
2026-07-09_12-37-55 Episode 0: New best greedy reward 2.00, model saved.
2026-07-09_12-37-56 Episode 1: New best reward -5.70, training model saved.
2026-07-09_12-38-32 Episode 81: New best reward -2.10, training model saved.
2026-07-09_12-38-34 Episode 85: New best reward 0.30, training model saved.
2026-07-09_12-38-51 Episode 123: New best reward 3.90, training model saved.
2026-07-09_12-39-47 Episode 248: New best reward 6.00, training model saved.
2026-07-09_12-40-05 Episode 289: New best reward 6.30, training model saved.
2026-07-09_12-40-07 Episode 293: New best reward 6.80, training model saved.
2026-07-09_12-40-11 Episode 302: New best reward 8.40, training model saved.
2026-07-09_12-40-51 Episode 390: New best reward 9.20, training model saved.
2026-07-09_12-42-06 Episode 555: New best reward 11.30, training model saved.
2026-07-09_12-45-51 Episode 1009: New best reward 13.00, training model saved.
2026-07-09_12-50-31 Episode 1484: New best reward 13.60, training model saved.
2026-07-09_12-50-54 Episode 1517: New best reward 15.40, training model saved.
2026-07-09_12-51-46 Episode 1594: New best reward 15.70, training model saved.
2026-07-09_12-51-49 Episode 1598: New best reward 15.80, training model saved.
2026-07-09_12-52-25 Episode 1648: New best reward 20.20, training model saved.
2026-07-09_12-52-53 Episode 1690: New best reward 20.60, training model saved.
2026-07-09_12-52-54: Training starting...
Device: cuda
2026-07-09_12-52-55 Episode 0: New best reward -8.10, training model saved.
2026-07-09_12-52-55 Episode 0: New best greedy reward 2.00, model saved.
2026-07-09_12-52-55 Episode 1: New best reward -5.70, training model saved.
2026-07-09_12-53-35 Episode 81: New best reward -2.10, training model saved.
2026-07-09_12-53-37 Episode 85: New best reward 0.30, training model saved.
2026-07-09_12-54-38 Episode 211: New best reward 3.30, training model saved.
2026-07-09_12-54-52 Episode 243: New best reward 3.90, training model saved.
2026-07-09_12-55-50 Episode 361: New best reward 4.20, training model saved.
2026-07-09_12-56-01 Episode 382: New best reward 6.10, training model saved.
2026-07-09_12-56-21 Episode 422: New best reward 6.70, training model saved.
2026-07-09_12-56-29 Episode 440: New best reward 8.40, training model saved.
2026-07-09_12-56-44 Episode 465: New best reward 8.60, training model saved.
2026-07-09_12-57-32 Episode 566: New best reward 9.50, training model saved.
2026-07-09_12-58-37: Training starting...
Device: cuda
2026-07-09_12-58-37 Episode 0: New best reward -8.10, training model saved.
2026-07-09_12-58-38 Episode 0: New best greedy reward 2.00, model saved.
2026-07-09_12-58-38 Episode 1: New best reward -5.70, training model saved.
2026-07-09_12-59-13 Episode 81: New best reward -2.10, training model saved.
2026-07-09_12-59-59 Episode 187: New best reward 0.30, training model saved.
2026-07-09_13-00-09 Episode 211: New best reward 3.30, training model saved.
2026-07-09_13-00-23 Episode 243: New best reward 3.90, training model saved.
2026-07-09_13-01-02 Episode 329: New best reward 4.20, training model saved.
2026-07-09_13-01-13 Episode 355: New best reward 4.70, training model saved.
2026-07-09_13-01-44 Episode 425: New best reward 8.40, training model saved.
2026-07-09_13-04-46 Episode 831: New best reward 8.50, training model saved.
2026-07-09_13-05-20 Episode 899: New best reward 8.80, training model saved.
2026-07-09_13-06-06 Episode 988: New best reward 9.50, training model saved.
2026-07-09_13-06-44 Episode 1055: New best reward 10.70, training model saved.
2026-07-09_13-07-28 Episode 1132: New best reward 10.80, training model saved.
2026-07-09_13-07-59 Episode 1181: New best reward 11.00, training model saved.
2026-07-09_13-08-19 Episode 1212: New best reward 12.90, training model saved.
2026-07-09_13-09-14 Episode 1295: New best reward 22.40, training model saved.
2026-07-09_13-10-21 Episode 1385: New best reward 22.90, training model saved.
2026-07-09_13-10-45 Episode 1412: New best reward 25.10, training model saved.
2026-07-09_13-11-25 Episode 1459: New best reward 37.00, training model saved.
2026-07-09_13-12-25 Episode 1515: New best reward 37.10, training model saved.
2026-07-09_13-13-35 Episode 1571: New best reward 55.90, training model saved.
2026-07-09_13-14-11 Episode 1591: New best reward 83.60, training model saved.
2026-07-09_13-15-19 Episode 1635: New best reward 121.20, training model saved.
2026-07-09_13-17-52 Episode 1718: New best reward 124.90, training model saved.
2026-07-09_13-19-47 Episode 1759: New best reward 160.70, training model saved.
2026-07-09_13-21-28 Episode 1793: New best reward 169.60, training model saved.
2026-07-09_13-23-13 Episode 1812: New best reward 260.40, training model saved.
2026-07-09_13-23-58 Episode 1819: New best reward 328.80, training model saved.
2026-07-09_13-40-02 Episode 2000: New best greedy reward 51.10, model saved.
2026-07-09_13-47-57: Training starting...
Device: cuda
2026-07-09_13-47-57 Episode 0: New best reward -8.10, training model saved.
2026-07-09_13-47-57 Episode 0: New best greedy reward 2.00, model saved.
2026-07-09_13-47-58 Episode 1: New best reward -5.70, training model saved.
2026-07-09_13-48-33 Episode 81: New best reward -2.10, training model saved.
2026-07-09_13-48-35 Episode 85: New best reward 0.30, training model saved.
2026-07-09_13-49-19 Episode 187: New best reward 0.90, training model saved.
2026-07-09_13-49-29 Episode 211: New best reward 3.30, training model saved.
2026-07-09_13-49-39 Episode 235: New best reward 3.90, training model saved.
2026-07-09_13-50-44 Episode 382: New best reward 4.90, training model saved.
2026-07-09_13-51-21 Episode 467: New best reward 8.40, training model saved.
2026-07-09_13-55-30 Episode 996: New best reward 8.90, training model saved.
2026-07-09_13-55-32 Episode 1000: New best greedy reward 4.50, model saved.
2026-07-09_13-56-58 Episode 1150: New best reward 9.00, training model saved.
2026-07-09_13-57-23 Episode 1194: New best reward 9.10, training model saved.
2026-07-09_13-58-11 Episode 1271: New best reward 13.00, training model saved.
2026-07-09_13-58-28 Episode 1303: New best reward 13.20, training model saved.
2026-07-09_13-59-21 Episode 1384: New best reward 15.60, training model saved.
2026-07-09_14-01-36 Episode 1577: New best reward 22.40, training model saved.
2026-07-09_14-01-52 Episode 1597: New best reward 22.60, training model saved.
2026-07-09_14-02-51: Training starting...
Device: cuda
2026-07-09_14-02-51 Episode 0: New best reward -8.10, training model saved.
2026-07-09_14-02-51 Episode 0: New best greedy reward 2.00, model saved.
2026-07-09_14-02-52 Episode 1: New best reward -5.70, training model saved.
2026-07-09_14-03-27 Episode 81: New best reward -1.50, training model saved.
2026-07-09_14-03-29 Episode 85: New best reward -0.30, training model saved.
2026-07-09_14-03-31 Episode 89: New best reward 0.90, training model saved.
2026-07-09_14-03-34 Episode 96: New best reward 3.90, training model saved.
2026-07-09_14-04-31 Episode 226: New best reward 4.10, training model saved.
2026-07-09_14-05-00 Episode 290: New best reward 4.20, training model saved.
2026-07-09_14-05-01 Episode 292: New best reward 6.20, training model saved.
2026-07-09_14-05-01 Episode 293: New best reward 6.30, training model saved.
2026-07-09_14-05-12 Episode 316: New best reward 6.70, training model saved.
2026-07-09_14-05-48 Episode 396: New best reward 8.40, training model saved.
2026-07-09_14-08-08 Episode 649: New best reward 8.50, training model saved.
2026-07-09_14-09-15 Episode 747: New best reward 12.90, training model saved.
2026-07-09_14-10-15 Episode 835: New best reward 13.60, training model saved.
2026-07-09_14-10-20 Episode 841: New best reward 17.90, training model saved.
2026-07-09_14-10-54 Episode 886: New best reward 22.40, training model saved.
2026-07-09_14-12-01 Episode 964: New best reward 23.40, training model saved.
2026-07-09_14-12-24 Episode 994: New best reward 27.00, training model saved.
2026-07-09_14-12-29 Episode 1000: New best greedy reward 12.90, model saved.
2026-07-09_14-13-00 Episode 1027: New best reward 57.80, training model saved.
2026-07-09_14-14-40 Episode 1095: New best reward 83.70, training model saved.
2026-07-09_14-15-24 Episode 1113: New best reward 96.90, training model saved.
2026-07-09_14-16-52 Episode 1146: New best reward 102.20, training model saved.
2026-07-09_14-17-26 Episode 1159: New best reward 104.60, training model saved.
2026-07-09_14-17-37 Episode 1160: New best reward 152.90, training model saved.
2026-07-09_14-18-26 Episode 1169: New best reward 179.30, training model saved.
2026-07-09_14-19-25 Episode 1180: New best reward 267.70, training model saved.
2026-07-09_14-21-16 Episode 1193: New best reward 278.90, training model saved.
2026-07-09_14-22-12 Episode 1204: New best reward 285.00, training model saved.
2026-07-09_14-30-05 Episode 1407: New best reward 379.10, training model saved.
2026-07-09_14-30-51 Episode 1409: New best reward 559.70, training model saved.
2026-07-09_14-47-32: Training starting...
Device: cuda
2026-07-09_14-47-32 Episode 0: New best reward -8.10, training model saved.
2026-07-09_14-47-33 Episode 0: New best greedy reward 2.00, model saved.
2026-07-09_14-47-33 Episode 1: New best reward -5.70, training model saved.
2026-07-09_14-48-08 Episode 81: New best reward -2.70, training model saved.
2026-07-09_14-48-26 Episode 123: New best reward -0.30, training model saved.
2026-07-09_14-48-38 Episode 151: New best reward 3.90, training model saved.
2026-07-09_14-49-05 Episode 211: New best reward 4.70, training model saved.
2026-07-09_14-49-11 Episode 226: New best reward 6.50, training model saved.
2026-07-09_14-49-23 Episode 250: New best reward 8.40, training model saved.
2026-07-09_14-49-51 Episode 314: New best reward 8.60, training model saved.
2026-07-09_14-51-30 Episode 529: New best reward 10.90, training model saved.
2026-07-09_14-52-30: Training starting...
Device: cuda
2026-07-09_14-52-30 Episode 0: New best reward -8.10, training model saved.
2026-07-09_14-52-30 Episode 0: New best greedy reward 2.00, model saved.
2026-07-09_14-52-31 Episode 1: New best reward -5.70, training model saved.
2026-07-09_14-53-07 Episode 81: New best reward -2.70, training model saved.
2026-07-09_14-53-09 Episode 85: New best reward 0.30, training model saved.
2026-07-09_14-53-26 Episode 123: New best reward 3.90, training model saved.
2026-07-09_14-53-43 Episode 162: New best reward 4.00, training model saved.
2026-07-09_14-54-03 Episode 206: New best reward 4.70, training model saved.
2026-07-09_14-54-07 Episode 213: New best reward 8.40, training model saved.
2026-07-09_14-56-40 Episode 513: New best reward 9.10, training model saved.
2026-07-09_14-59-08 Episode 743: New best reward 12.90, training model saved.
2026-07-09_15-00-44 Episode 876: New best reward 13.10, training model saved.
2026-07-09_15-01-46 Episode 953: New best reward 13.60, training model saved.
2026-07-09_15-02-17 Episode 993: New best reward 15.30, training model saved.
2026-07-09_15-02-23 Episode 1000: New best greedy reward 6.00, model saved.
2026-07-09_15-03-04 Episode 1049: New best reward 22.50, training model saved.
2026-07-09_15-03-10 Episode 1056: New best reward 24.70, training model saved.
2026-07-09_15-03-47 Episode 1092: New best reward 29.60, training model saved.
2026-07-09_15-04-03 Episode 1106: New best reward 43.20, training model saved.
2026-07-09_15-04-35 Episode 1129: New best reward 51.00, training model saved.
2026-07-09_15-06-01 Episode 1192: New best reward 65.60, training model saved.
2026-07-09_15-06-28 Episode 1200: New best reward 118.80, training model saved.
2026-07-09_15-12-13 Episode 1382: New best reward 202.50, training model saved.
2026-07-09_15-12-53 Episode 1394: New best reward 227.90, training model saved.
2026-07-09_15-22-39 Episode 1555: New best reward 389.30, training model saved.
2026-07-09_15-31-25 Episode 1643: New best reward 404.90, training model saved.
2026-07-09_15-32-36 Episode 1657: New best reward 419.00, training model saved.
2026-07-09_15-33-55 Episode 1662: New best reward 709.30, training model saved.
2026-07-09_15-37-52: Training starting...
Device: cuda
2026-07-09_15-37-52 Episode 0: New best reward -8.10, training model saved.
2026-07-09_15-37-53 Episode 0: New best greedy reward 2.00, model saved.
2026-07-09_15-37-53 Episode 1: New best reward -5.70, training model saved.
2026-07-09_15-38-28 Episode 81: New best reward -2.10, training model saved.
2026-07-09_15-39-14 Episode 187: New best reward 0.90, training model saved.
2026-07-09_15-39-24 Episode 211: New best reward 3.30, training model saved.
2026-07-09_15-39-34 Episode 235: New best reward 3.90, training model saved.
2026-07-09_15-39-57 Episode 287: New best reward 4.10, training model saved.
2026-07-09_15-40-15 Episode 329: New best reward 6.80, training model saved.
2026-07-09_15-40-51 Episode 409: New best reward 8.40, training model saved.
2026-07-09_15-42-42 Episode 658: New best reward 9.50, training model saved.
2026-07-09_15-42-57 Episode 690: New best reward 13.10, training model saved.
2026-07-09_15-43-28 Episode 755: New best reward 13.60, training model saved.
2026-07-09_15-45-02 Episode 940: New best reward 18.40, training model saved.
2026-07-09_15-50-17 Episode 1473: New best reward 20.80, training model saved.
2026-07-09_15-51-00 Episode 1530: New best reward 23.00, training model saved.
2026-07-09_15-51-38 Episode 1580: New best reward 23.10, training model saved.
2026-07-09_15-52-47: Training starting...
Device: cuda
2026-07-09_15-52-48 Episode 0: New best reward -8.10, training model saved.
2026-07-09_15-52-48 Episode 0: New best greedy reward 2.00, model saved.
2026-07-09_15-52-48 Episode 1: New best reward -5.70, training model saved.
2026-07-09_15-53-24 Episode 81: New best reward -2.10, training model saved.
2026-07-09_15-54-22 Episode 211: New best reward 2.70, training model saved.
2026-07-09_15-54-56 Episode 287: New best reward 3.90, training model saved.
2026-07-09_15-55-18 Episode 334: New best reward 4.40, training model saved.
2026-07-09_15-55-29 Episode 360: New best reward 5.00, training model saved.
2026-07-09_15-55-59 Episode 425: New best reward 8.40, training model saved.
2026-07-09_16-00-25 Episode 1000: New best greedy reward 4.50, model saved.
2026-07-09_16-01-14 Episode 1099: New best reward 10.70, training model saved.
2026-07-09_16-02-13 Episode 1207: New best reward 11.10, training model saved.
2026-07-09_16-02-23 Episode 1224: New best reward 15.70, training model saved.
2026-07-09_16-02-43 Episode 1255: New best reward 19.10, training model saved.
2026-07-09_16-04-25 Episode 1421: New best reward 25.00, training model saved.
2026-07-09_16-05-51 Episode 1541: New best reward 25.10, training model saved.
2026-07-09_16-09-21 Episode 1832: New best reward 26.90, training model saved.
2026-07-09_16-11-05 Episode 2000: New best greedy reward 9.30, model saved.
2026-07-09_16-12-19 Episode 2108: New best reward 27.40, training model saved.
2026-07-09_16-13-01 Episode 2171: New best reward 29.60, training model saved.
2026-07-09_16-14-35 Episode 2296: New best reward 32.90, training model saved.
2026-07-09_16-18-24 Episode 2613: New best reward 68.90, training model saved.
2026-07-09_16-27-05 Episode 3148: New best reward 71.80, training model saved.
2026-07-09_16-27-40 Episode 3169: New best reward 89.00, training model saved.
2026-07-09_16-38-22: Training starting...
Device: cuda
2026-07-09_16-38-23 Episode 0: New best reward -8.10, training model saved.
2026-07-09_16-38-23 Episode 0: New best greedy reward 2.00, model saved.
2026-07-09_16-38-23 Episode 1: New best reward -5.70, training model saved.
2026-07-09_16-38-51 Episode 63: New best reward -2.70, training model saved.
2026-07-09_16-38-55 Episode 73: New best reward -0.30, training model saved.
2026-07-09_16-39-01 Episode 85: New best reward 0.30, training model saved.
2026-07-09_16-39-02 Episode 89: New best reward 3.30, training model saved.
2026-07-09_16-39-05 Episode 96: New best reward 3.90, training model saved.
2026-07-09_16-39-18 Episode 123: New best reward 4.10, training model saved.
2026-07-09_16-39-22 Episode 133: New best reward 6.30, training model saved.
2026-07-09_16-40-07 Episode 234: New best reward 6.50, training model saved.
2026-07-09_16-40-13 Episode 245: New best reward 8.40, training model saved.
2026-07-09_16-41-11 Episode 367: New best reward 9.40, training model saved.
2026-07-09_16-41-20 Episode 383: New best reward 11.10, training model saved.
2026-07-09_16-42-22 Episode 490: New best reward 11.30, training model saved.
2026-07-09_16-42-47 Episode 531: New best reward 12.90, training model saved.
2026-07-09_16-44-03 Episode 645: New best reward 13.40, training model saved.
2026-07-09_16-44-28 Episode 680: New best reward 20.70, training model saved.
2026-07-09_16-47-12 Episode 885: New best reward 22.40, training model saved.
2026-07-09_16-47-18 Episode 891: New best reward 23.60, training model saved.
2026-07-09_16-47-23 Episode 898: New best reward 25.20, training model saved.
2026-07-09_16-47-32 Episode 904: New best reward 41.60, training model saved.
2026-07-09_16-48-31 Episode 953: New best reward 55.50, training model saved.
2026-07-09_16-49-02 Episode 973: New best reward 57.70, training model saved.
2026-07-09_16-49-22 Episode 982: New best reward 68.90, training model saved.
2026-07-09_16-49-49 Episode 1000: New best greedy reward 43.80, model saved.
2026-07-09_16-50-20 Episode 1019: New best reward 78.80, training model saved.
2026-07-09_16-52-46 Episode 1105: New best reward 95.00, training model saved.
2026-07-09_16-54-07 Episode 1148: New best reward 120.60, training model saved.
2026-07-09_17-00-04 Episode 1285: New best reward 288.50, training model saved.
2026-07-09_17-17-57 Episode 2086: New best reward 375.30, training model saved.
[worker] done. total trials in study: 400
2026-07-09_06-39-43: Training starting...
Device: cuda
2026-07-09_06-39-50 Episode 0: New best reward -8.10, training model saved.
2026-07-09_06-39-50 Episode 0: New best greedy reward 2.00, model saved.
2026-07-09_06-39-50 Episode 1: New best reward -5.70, training model saved.
2026-07-09_06-40-26 Episode 81: New best reward -2.10, training model saved.
2026-07-09_06-41-22 Episode 211: New best reward 2.70, training model saved.
2026-07-09_06-42-37 Episode 382: New best reward 3.90, training model saved.
2026-07-09_06-43-59 Episode 569: New best reward 4.20, training model saved.
2026-07-09_06-44-20 Episode 617: New best reward 6.70, training model saved.
2026-07-09_06-45-13: Training starting...
Device: cuda
2026-07-09_06-45-14 Episode 0: New best reward -8.10, training model saved.
2026-07-09_06-45-14 Episode 0: New best greedy reward 2.00, model saved.
2026-07-09_06-45-14 Episode 1: New best reward -5.70, training model saved.
2026-07-09_06-45-46 Episode 73: New best reward -4.50, training model saved.
2026-07-09_06-45-50 Episode 81: New best reward -1.50, training model saved.
2026-07-09_06-45-52 Episode 85: New best reward 0.30, training model saved.
2026-07-09_06-45-54 Episode 89: New best reward 1.50, training model saved.
2026-07-09_06-46-09 Episode 123: New best reward 3.90, training model saved.
2026-07-09_06-46-49 Episode 211: New best reward 6.80, training model saved.
2026-07-09_06-47-07 Episode 250: New best reward 8.40, training model saved.
2026-07-09_06-47-13 Episode 264: New best reward 10.70, training model saved.
2026-07-09_06-50-04 Episode 607: New best reward 11.20, training model saved.
2026-07-09_06-52-38 Episode 869: New best reward 17.90, training model saved.
2026-07-09_06-54-07 Episode 1000: New best greedy reward 6.30, model saved.
2026-07-09_06-57-30 Episode 1277: New best reward 22.40, training model saved.
2026-07-09_06-58-45 Episode 1366: New best reward 27.40, training model saved.
2026-07-09_06-59-04 Episode 1387: New best reward 27.60, training model saved.
2026-07-09_06-59-20 Episode 1403: New best reward 29.60, training model saved.
2026-07-09_07-00-21: Training starting...
Device: cuda
2026-07-09_07-00-22 Episode 0: New best reward -8.10, training model saved.
2026-07-09_07-00-22 Episode 0: New best greedy reward 2.00, model saved.
2026-07-09_07-00-22 Episode 1: New best reward -5.70, training model saved.
2026-07-09_07-00-57 Episode 81: New best reward -2.10, training model saved.
2026-07-09_07-02-32 Episode 299: New best reward -0.30, training model saved.
2026-07-09_07-02-58 Episode 358: New best reward 1.50, training model saved.
2026-07-09_07-02-59 Episode 360: New best reward 2.70, training model saved.
2026-07-09_07-03-27 Episode 423: New best reward 3.90, training model saved.
2026-07-09_07-04-30 Episode 569: New best reward 4.00, training model saved.
2026-07-09_07-04-52 Episode 617: New best reward 4.10, training model saved.
2026-07-09_07-05-30 Episode 703: New best reward 6.80, training model saved.
2026-07-09_07-06-20 Episode 815: New best reward 8.40, training model saved.
2026-07-09_07-10-21 Episode 1346: New best reward 9.20, training model saved.
2026-07-09_07-11-20 Episode 1465: New best reward 10.50, training model saved.
2026-07-09_07-12-13 Episode 1567: New best reward 11.10, training model saved.
2026-07-09_07-12-37 Episode 1610: New best reward 12.90, training model saved.
2026-07-09_07-13-15 Episode 1674: New best reward 13.80, training model saved.
2026-07-09_07-13-42 Episode 1720: New best reward 17.90, training model saved.
2026-07-09_07-16-34 Episode 2000: New best greedy reward 6.20, model saved.
2026-07-09_07-16-43 Episode 2010: New best reward 23.20, training model saved.
2026-07-09_07-17-02 Episode 2034: New best reward 31.90, training model saved.
2026-07-09_07-17-58 Episode 2102: New best reward 39.20, training model saved.
2026-07-09_07-22-04 Episode 2366: New best reward 41.80, training model saved.
2026-07-09_07-23-18 Episode 2438: New best reward 45.30, training model saved.
2026-07-09_07-23-25 Episode 2443: New best reward 46.80, training model saved.
2026-07-09_07-26-29 Episode 2604: New best reward 55.90, training model saved.
2026-07-09_07-26-45 Episode 2617: New best reward 57.80, training model saved.
2026-07-09_07-27-54 Episode 2667: New best reward 65.30, training model saved.
2026-07-09_07-28-36 Episode 2698: New best reward 65.40, training model saved.
2026-07-09_07-29-36 Episode 2739: New best reward 92.40, training model saved.
2026-07-09_07-36-37 Episode 2984: New best reward 97.90, training model saved.
2026-07-09_07-37-02 Episode 3000: New best greedy reward 23.50, model saved.
2026-07-09_07-37-19 Episode 3004: New best reward 152.90, training model saved.
2026-07-09_07-44-12 Episode 3163: New best reward 167.50, training model saved.
2026-07-09_07-45-00: Training starting...
Device: cuda
2026-07-09_07-45-01 Episode 0: New best reward -8.10, training model saved.
2026-07-09_07-45-01 Episode 0: New best greedy reward 2.00, model saved.
2026-07-09_07-45-01 Episode 1: New best reward -5.70, training model saved.
2026-07-09_07-45-37 Episode 81: New best reward -2.10, training model saved.
2026-07-09_07-47-13 Episode 299: New best reward -0.30, training model saved.
2026-07-09_07-47-40 Episode 358: New best reward 1.50, training model saved.
2026-07-09_07-47-41 Episode 360: New best reward 3.90, training model saved.
2026-07-09_07-49-12 Episode 569: New best reward 4.00, training model saved.
2026-07-09_07-49-47 Episode 647: New best reward 4.30, training model saved.
2026-07-09_07-50-02 Episode 677: New best reward 4.70, training model saved.
2026-07-09_07-50-15 Episode 708: New best reward 4.80, training model saved.
2026-07-09_07-50-46 Episode 775: New best reward 6.00, training model saved.
2026-07-09_07-52-07 Episode 955: New best reward 8.40, training model saved.
2026-07-09_07-55-26 Episode 1368: New best reward 12.90, training model saved.
2026-07-09_07-58-44 Episode 1723: New best reward 15.00, training model saved.
2026-07-09_08-00-18: Training starting...
Device: cuda
2026-07-09_08-00-19 Episode 0: New best reward -8.10, training model saved.
2026-07-09_08-00-19 Episode 0: New best greedy reward 2.00, model saved.
2026-07-09_08-00-19 Episode 1: New best reward -5.70, training model saved.
2026-07-09_08-00-47 Episode 63: New best reward -4.50, training model saved.
2026-07-09_08-00-52 Episode 73: New best reward -3.90, training model saved.
2026-07-09_08-00-56 Episode 81: New best reward -0.30, training model saved.
2026-07-09_08-00-58 Episode 85: New best reward 0.30, training model saved.
2026-07-09_08-00-59 Episode 89: New best reward 1.50, training model saved.
2026-07-09_08-01-02 Episode 96: New best reward 3.90, training model saved.
2026-07-09_08-01-17 Episode 127: New best reward 4.80, training model saved.
2026-07-09_08-02-28 Episode 282: New best reward 8.40, training model saved.
2026-07-09_08-03-38 Episode 427: New best reward 12.90, training model saved.
2026-07-09_08-05-23 Episode 611: New best reward 13.70, training model saved.
2026-07-09_08-06-23 Episode 709: New best reward 20.60, training model saved.
2026-07-09_08-06-32 Episode 720: New best reward 20.80, training model saved.
2026-07-09_08-08-06 Episode 850: New best reward 23.40, training model saved.
2026-07-09_08-09-44 Episode 1000: New best greedy reward 4.60, model saved.
2026-07-09_08-14-44 Episode 1410: New best reward 26.90, training model saved.
2026-07-09_08-15-56 Episode 1506: New best reward 36.40, training model saved.
2026-07-09_08-18-34 Episode 1688: New best reward 46.50, training model saved.
2026-07-09_08-22-56 Episode 1940: New best reward 48.70, training model saved.
2026-07-09_08-23-54 Episode 2000: New best greedy reward 15.00, model saved.
2026-07-09_08-28-10 Episode 2258: New best reward 79.00, training model saved.
2026-07-09_08-28-25 Episode 2264: New best reward 104.50, training model saved.
2026-07-09_08-36-28 Episode 2555: New best reward 118.70, training model saved.
2026-07-09_08-37-30 Episode 2576: New best reward 135.40, training model saved.
2026-07-09_08-38-20 Episode 2593: New best reward 154.10, training model saved.
2026-07-09_08-38-37 Episode 2595: New best reward 194.90, training model saved.
2026-07-09_08-39-11 Episode 2598: New best reward 302.40, training model saved.
2026-07-09_08-46-08: Training starting...
Device: cuda
2026-07-09_08-46-09 Episode 0: New best reward -8.10, training model saved.
2026-07-09_08-46-09 Episode 0: New best greedy reward 2.00, model saved.
2026-07-09_08-46-10 Episode 1: New best reward -5.70, training model saved.
2026-07-09_08-46-38 Episode 63: New best reward -2.10, training model saved.
2026-07-09_08-46-42 Episode 73: New best reward -0.30, training model saved.
2026-07-09_08-46-48 Episode 85: New best reward 0.30, training model saved.
2026-07-09_08-46-50 Episode 89: New best reward 3.90, training model saved.
2026-07-09_08-47-03 Episode 116: New best reward 4.10, training model saved.
2026-07-09_08-47-07 Episode 123: New best reward 4.20, training model saved.
2026-07-09_08-47-16 Episode 144: New best reward 4.50, training model saved.
2026-07-09_08-47-21 Episode 155: New best reward 4.80, training model saved.
2026-07-09_08-47-24 Episode 162: New best reward 8.40, training model saved.
2026-07-09_08-49-31 Episode 403: New best reward 8.80, training model saved.
2026-07-09_08-49-51 Episode 437: New best reward 9.20, training model saved.
2026-07-09_08-50-49 Episode 531: New best reward 9.40, training model saved.
2026-07-09_08-51-25 Episode 592: New best reward 11.10, training model saved.
2026-07-09_08-51-57 Episode 640: New best reward 11.30, training model saved.
2026-07-09_08-52-10 Episode 658: New best reward 15.00, training model saved.
2026-07-09_08-54-45 Episode 899: New best reward 15.10, training model saved.
2026-07-09_08-54-53 Episode 908: New best reward 22.40, training model saved.
2026-07-09_08-55-00 Episode 915: New best reward 23.50, training model saved.
2026-07-09_08-55-24 Episode 943: New best reward 31.90, training model saved.
2026-07-09_08-55-29 Episode 946: New best reward 39.30, training model saved.
2026-07-09_08-56-23 Episode 1000: New best greedy reward 6.00, model saved.
2026-07-09_08-56-53 Episode 1025: New best reward 41.30, training model saved.
2026-07-09_08-58-02 Episode 1089: New best reward 51.60, training model saved.
2026-07-09_08-58-15 Episode 1097: New best reward 54.90, training model saved.
2026-07-09_08-58-58 Episode 1134: New best reward 79.10, training model saved.
2026-07-09_09-00-53 Episode 1204: New best reward 104.80, training model saved.
2026-07-09_09-03-14 Episode 1284: New best reward 121.50, training model saved.
2026-07-09_09-04-37 Episode 1316: New best reward 132.80, training model saved.
2026-07-09_09-05-01 Episode 1328: New best reward 137.20, training model saved.
2026-07-09_09-06-48 Episode 1364: New best reward 139.00, training model saved.
2026-07-09_09-23-58 Episode 1974: New best reward 193.20, training model saved.
2026-07-09_09-26-02 Episode 2000: New best greedy reward 36.40, model saved.
2026-07-09_09-26-39 Episode 2006: New best reward 250.90, training model saved.
2026-07-09_09-27-47 Episode 2012: New best reward 431.30, training model saved.
2026-07-09_09-31-42: Training starting...
Device: cuda
2026-07-09_09-31-43 Episode 0: New best reward -8.10, training model saved.
2026-07-09_09-31-43 Episode 0: New best greedy reward 2.00, model saved.
2026-07-09_09-31-44 Episode 1: New best reward -5.70, training model saved.
2026-07-09_09-32-21 Episode 81: New best reward -2.10, training model saved.
2026-07-09_09-32-22 Episode 85: New best reward 0.30, training model saved.
2026-07-09_09-32-57 Episode 162: New best reward 0.90, training model saved.
2026-07-09_09-33-12 Episode 195: New best reward 2.10, training model saved.
2026-07-09_09-33-14 Episode 200: New best reward 3.90, training model saved.
2026-07-09_09-33-52 Episode 281: New best reward 4.20, training model saved.
2026-07-09_09-33-56 Episode 287: New best reward 4.80, training model saved.
2026-07-09_09-34-16 Episode 330: New best reward 5.00, training model saved.
2026-07-09_09-34-39 Episode 381: New best reward 6.70, training model saved.
2026-07-09_09-34-45 Episode 395: New best reward 8.40, training model saved.
2026-07-09_09-37-46 Episode 746: New best reward 12.90, training model saved.
2026-07-09_09-38-32 Episode 829: New best reward 15.70, training model saved.
2026-07-09_09-42-22 Episode 1201: New best reward 15.80, training model saved.
2026-07-09_09-43-02 Episode 1259: New best reward 18.20, training model saved.
2026-07-09_09-43-13 Episode 1273: New best reward 20.60, training model saved.
2026-07-09_09-43-34 Episode 1302: New best reward 20.80, training model saved.
2026-07-09_09-43-52 Episode 1329: New best reward 23.10, training model saved.
2026-07-09_09-44-13 Episode 1359: New best reward 24.60, training model saved.
2026-07-09_09-47-30 Episode 1613: New best reward 24.90, training model saved.
2026-07-09_09-47-43 Episode 1625: New best reward 29.60, training model saved.
2026-07-09_09-48-03 Episode 1647: New best reward 31.90, training model saved.
2026-07-09_09-49-22 Episode 1738: New best reward 32.70, training model saved.
2026-07-09_09-51-11 Episode 1837: New best reward 40.90, training model saved.
2026-07-09_09-51-55 Episode 1868: New best reward 90.80, training model saved.
2026-07-09_09-55-23 Episode 2000: New best greedy reward 359.30, model saved.
2026-07-09_09-58-24 Episode 2101: New best reward 134.40, training model saved.
2026-07-09_10-08-19 Episode 2365: New best reward 137.30, training model saved.
2026-07-09_10-09-37 Episode 2384: New best reward 183.80, training model saved.
2026-07-09_10-13-04 Episode 2436: New best reward 225.80, training model saved.
2026-07-09_10-16-53 Episode 2482: New best reward 227.90, training model saved.
2026-07-09_10-27-03: Training starting...
Device: cuda
2026-07-09_10-27-04 Episode 0: New best reward -8.10, training model saved.
2026-07-09_10-27-04 Episode 0: New best greedy reward 2.00, model saved.
2026-07-09_10-27-05 Episode 1: New best reward -5.70, training model saved.
2026-07-09_10-27-42 Episode 81: New best reward -2.10, training model saved.
2026-07-09_10-27-43 Episode 85: New best reward 0.30, training model saved.
2026-07-09_10-28-17 Episode 162: New best reward 2.10, training model saved.
2026-07-09_10-28-42 Episode 211: New best reward 3.30, training model saved.
2026-07-09_10-28-45 Episode 218: New best reward 3.90, training model saved.
2026-07-09_10-29-18 Episode 287: New best reward 6.00, training model saved.
2026-07-09_10-29-37 Episode 329: New best reward 8.40, training model saved.
2026-07-09_10-33-21 Episode 783: New best reward 11.10, training model saved.
2026-07-09_10-34-28 Episode 903: New best reward 13.70, training model saved.
2026-07-09_10-41-32 Episode 1577: New best reward 15.70, training model saved.
2026-07-09_10-44-39 Episode 1824: New best reward 15.80, training model saved.
2026-07-09_10-46-35 Episode 1976: New best reward 17.90, training model saved.
2026-07-09_10-46-38 Episode 1979: New best reward 22.90, training model saved.
2026-07-09_10-46-56 Episode 2000: New best greedy reward 8.60, model saved.
2026-07-09_10-57-03 Episode 2713: New best reward 23.00, training model saved.
2026-07-09_11-01-17 Episode 3000: New best greedy reward 9.10, model saved.
2026-07-09_11-02-23 Episode 3069: New best reward 27.60, training model saved.
2026-07-09_11-04-49 Episode 3230: New best reward 32.30, training model saved.
2026-07-09_11-05-00 Episode 3241: New best reward 41.80, training model saved.
2026-07-09_11-06-39 Episode 3327: New best reward 50.40, training model saved.
2026-07-09_11-10-55 Episode 3528: New best reward 85.50, training model saved.
2026-07-09_11-12-59 Episode 3610: New best reward 88.00, training model saved.
2026-07-09_11-13-35: Training starting...
Device: cuda
2026-07-09_11-13-36 Episode 0: New best reward -8.10, training model saved.
2026-07-09_11-13-36 Episode 0: New best greedy reward 2.00, model saved.
2026-07-09_11-13-36 Episode 1: New best reward -5.70, training model saved.
2026-07-09_11-14-07 Episode 63: New best reward -2.10, training model saved.
2026-07-09_11-14-11 Episode 73: New best reward -0.30, training model saved.
2026-07-09_11-14-17 Episode 85: New best reward 0.30, training model saved.
2026-07-09_11-14-22 Episode 96: New best reward 3.90, training model saved.
2026-07-09_11-14-38 Episode 127: New best reward 4.10, training model saved.
2026-07-09_11-15-03 Episode 180: New best reward 4.20, training model saved.
2026-07-09_11-16-03 Episode 302: New best reward 4.70, training model saved.
2026-07-09_11-17-28 Episode 470: New best reward 6.60, training model saved.
2026-07-09_11-17-38 Episode 490: New best reward 6.80, training model saved.
2026-07-09_11-17-49 Episode 511: New best reward 8.40, training model saved.
2026-07-09_11-18-04 Episode 539: New best reward 12.90, training model saved.
2026-07-09_11-19-10: Training starting...
Device: cuda
2026-07-09_11-19-11 Episode 0: New best reward -8.10, training model saved.
2026-07-09_11-19-11 Episode 0: New best greedy reward 2.00, model saved.
2026-07-09_11-19-11 Episode 1: New best reward -5.70, training model saved.
2026-07-09_11-19-40 Episode 66: New best reward -5.10, training model saved.
2026-07-09_11-19-43 Episode 73: New best reward -4.50, training model saved.
2026-07-09_11-19-48 Episode 81: New best reward -0.30, training model saved.
2026-07-09_11-19-49 Episode 85: New best reward 0.30, training model saved.
2026-07-09_11-19-54 Episode 96: New best reward 3.30, training model saved.
2026-07-09_11-20-02 Episode 113: New best reward 3.90, training model saved.
2026-07-09_11-21-52 Episode 356: New best reward 4.10, training model saved.
2026-07-09_11-22-19 Episode 414: New best reward 4.50, training model saved.
2026-07-09_11-22-42 Episode 467: New best reward 4.60, training model saved.
2026-07-09_11-22-49 Episode 481: New best reward 4.70, training model saved.
2026-07-09_11-23-08 Episode 523: New best reward 6.80, training model saved.
2026-07-09_11-23-17 Episode 540: New best reward 9.20, training model saved.
2026-07-09_11-23-21 Episode 547: New best reward 12.90, training model saved.
2026-07-09_11-28-05 Episode 1000: New best greedy reward 8.70, model saved.
2026-07-09_11-28-45 Episode 1061: New best reward 18.50, training model saved.
2026-07-09_11-31-46 Episode 1324: New best reward 22.40, training model saved.
2026-07-09_11-32-31 Episode 1389: New best reward 22.50, training model saved.
2026-07-09_11-33-30 Episode 1466: New best reward 26.90, training model saved.
2026-07-09_11-33-45 Episode 1480: New best reward 36.40, training model saved.
2026-07-09_11-34-15: Training starting...
Device: cuda
2026-07-09_11-34-16 Episode 0: New best reward -8.10, training model saved.
2026-07-09_11-34-16 Episode 0: New best greedy reward 2.00, model saved.
2026-07-09_11-34-16 Episode 1: New best reward -5.70, training model saved.
2026-07-09_11-34-52 Episode 81: New best reward -2.10, training model saved.
2026-07-09_11-34-53 Episode 85: New best reward 0.30, training model saved.
2026-07-09_11-35-41 Episode 195: New best reward 1.50, training model saved.
2026-07-09_11-35-48 Episode 211: New best reward 2.70, training model saved.
2026-07-09_11-35-51 Episode 218: New best reward 3.90, training model saved.
2026-07-09_11-36-07 Episode 250: New best reward 7.80, training model saved.
2026-07-09_11-36-55 Episode 357: New best reward 8.40, training model saved.
2026-07-09_11-37-06 Episode 382: New best reward 12.90, training model saved.
2026-07-09_11-39-40: Training starting...
Device: cuda
2026-07-09_11-39-41 Episode 0: New best reward -8.10, training model saved.
2026-07-09_11-39-41 Episode 0: New best greedy reward 2.00, model saved.
2026-07-09_11-39-41 Episode 1: New best reward -5.70, training model saved.
2026-07-09_11-40-17 Episode 81: New best reward -2.10, training model saved.
2026-07-09_11-41-03 Episode 187: New best reward 0.90, training model saved.
2026-07-09_11-41-13 Episode 211: New best reward 3.30, training model saved.
2026-07-09_11-41-23 Episode 235: New best reward 3.90, training model saved.
2026-07-09_11-42-05 Episode 330: New best reward 6.50, training model saved.
2026-07-09_11-42-18 Episode 360: New best reward 6.70, training model saved.
2026-07-09_11-45-02: Training starting...
Device: cuda
2026-07-09_11-45-03 Episode 0: New best reward -8.10, training model saved.
2026-07-09_11-45-03 Episode 0: New best greedy reward 2.00, model saved.
2026-07-09_11-45-03 Episode 1: New best reward -5.70, training model saved.
2026-07-09_11-45-38 Episode 81: New best reward -2.10, training model saved.
2026-07-09_11-46-33 Episode 211: New best reward 2.70, training model saved.
2026-07-09_11-47-06 Episode 287: New best reward 3.90, training model saved.
2026-07-09_11-47-38 Episode 360: New best reward 8.40, training model saved.
2026-07-09_11-48-47 Episode 515: New best reward 8.80, training model saved.
2026-07-09_11-49-10 Episode 567: New best reward 8.90, training model saved.
2026-07-09_11-50-57 Episode 811: New best reward 10.60, training model saved.
2026-07-09_11-51-03 Episode 824: New best reward 11.10, training model saved.
2026-07-09_11-51-15 Episode 850: New best reward 11.20, training model saved.
2026-07-09_11-51-22 Episode 864: New best reward 12.90, training model saved.
2026-07-09_11-52-06 Episode 951: New best reward 13.50, training model saved.
2026-07-09_11-54-44 Episode 1228: New best reward 13.70, training model saved.
2026-07-09_11-55-06 Episode 1260: New best reward 19.10, training model saved.
2026-07-09_11-57-05 Episode 1431: New best reward 29.10, training model saved.
2026-07-09_11-57-38 Episode 1467: New best reward 29.60, training model saved.
2026-07-09_11-58-07 Episode 1489: New best reward 34.80, training model saved.
2026-07-09_11-58-23 Episode 1504: New best reward 51.20, training model saved.
2026-07-09_11-58-37 Episode 1510: New best reward 90.80, training model saved.
2026-07-09_11-59-53 Episode 1561: New best reward 102.70, training model saved.
2026-07-09_12-00-36 Episode 1590: New best reward 135.10, training model saved.
2026-07-09_12-04-28 Episode 1702: New best reward 239.10, training model saved.
2026-07-09_12-06-03 Episode 1745: New best reward 250.90, training model saved.
2026-07-09_12-11-10 Episode 1820: New best reward 300.80, training model saved.
2026-07-09_12-12-24 Episode 1827: New best reward 365.10, training model saved.
2026-07-09_12-13-20 Episode 1831: New best reward 468.60, training model saved.
2026-07-09_12-23-51 Episode 2000: New best greedy reward 15.50, model saved.
2026-07-09_12-29-09: Training starting...
Device: cuda
2026-07-09_12-29-10 Episode 0: New best reward -8.10, training model saved.
2026-07-09_12-29-10 Episode 0: New best greedy reward 2.00, model saved.
2026-07-09_12-29-11 Episode 1: New best reward -5.70, training model saved.
2026-07-09_12-29-38 Episode 63: New best reward -4.50, training model saved.
2026-07-09_12-29-42 Episode 73: New best reward -3.90, training model saved.
2026-07-09_12-29-46 Episode 81: New best reward -0.30, training model saved.
2026-07-09_12-29-48 Episode 85: New best reward 0.30, training model saved.
2026-07-09_12-29-49 Episode 89: New best reward 2.10, training model saved.
2026-07-09_12-29-52 Episode 96: New best reward 3.90, training model saved.
2026-07-09_12-30-04 Episode 123: New best reward 4.10, training model saved.
2026-07-09_12-30-08 Episode 133: New best reward 4.70, training model saved.
2026-07-09_12-30-31 Episode 184: New best reward 6.10, training model saved.
2026-07-09_12-30-34 Episode 189: New best reward 12.90, training model saved.
2026-07-09_12-36-03 Episode 760: New best reward 18.30, training model saved.
2026-07-09_12-36-14 Episode 776: New best reward 24.90, training model saved.
2026-07-09_12-36-43 Episode 813: New best reward 40.90, training model saved.
2026-07-09_12-38-04 Episode 892: New best reward 48.80, training model saved.
2026-07-09_12-38-18 Episode 898: New best reward 73.90, training model saved.
2026-07-09_12-38-54 Episode 918: New best reward 106.40, training model saved.
2026-07-09_12-40-25 Episode 963: New best reward 140.10, training model saved.
2026-07-09_12-41-24 Episode 1000: New best greedy reward 5.00, model saved.
2026-07-09_12-44-01: Training starting...
Device: cuda
2026-07-09_12-44-01 Episode 0: New best reward -8.10, training model saved.
2026-07-09_12-44-02 Episode 0: New best greedy reward 2.00, model saved.
2026-07-09_12-44-02 Episode 1: New best reward -5.70, training model saved.
2026-07-09_12-44-30 Episode 63: New best reward -2.10, training model saved.
2026-07-09_12-44-34 Episode 73: New best reward -0.30, training model saved.
2026-07-09_12-44-40 Episode 85: New best reward 2.70, training model saved.
2026-07-09_12-44-41 Episode 89: New best reward 3.30, training model saved.
2026-07-09_12-44-44 Episode 96: New best reward 3.90, training model saved.
2026-07-09_12-44-57 Episode 123: New best reward 4.40, training model saved.
2026-07-09_12-44-57 Episode 124: New best reward 6.30, training model saved.
2026-07-09_12-45-40 Episode 218: New best reward 6.70, training model saved.
2026-07-09_12-46-31 Episode 326: New best reward 8.60, training model saved.
2026-07-09_12-46-50 Episode 363: New best reward 13.20, training model saved.
2026-07-09_12-49-24 Episode 625: New best reward 18.30, training model saved.
2026-07-09_12-50-15 Episode 708: New best reward 18.70, training model saved.
2026-07-09_12-51-10 Episode 784: New best reward 20.70, training model saved.
2026-07-09_12-51-36 Episode 819: New best reward 23.30, training model saved.
2026-07-09_12-52-58 Episode 932: New best reward 26.90, training model saved.
2026-07-09_12-53-45 Episode 1000: New best greedy reward 6.70, model saved.
2026-07-09_12-54-39 Episode 1074: New best reward 27.30, training model saved.
2026-07-09_12-55-23 Episode 1121: New best reward 32.20, training model saved.
2026-07-09_12-55-34 Episode 1132: New best reward 36.40, training model saved.
2026-07-09_12-59-04: Training starting...
Device: cuda
2026-07-09_12-59-04 Episode 0: New best reward -8.10, training model saved.
2026-07-09_12-59-05 Episode 0: New best greedy reward 2.00, model saved.
2026-07-09_12-59-05 Episode 1: New best reward -5.70, training model saved.
2026-07-09_12-59-32 Episode 63: New best reward -2.10, training model saved.
2026-07-09_12-59-37 Episode 73: New best reward -0.30, training model saved.
2026-07-09_12-59-41 Episode 81: New best reward 0.30, training model saved.
2026-07-09_12-59-42 Episode 83: New best reward 1.50, training model saved.
2026-07-09_12-59-42 Episode 84: New best reward 2.70, training model saved.
2026-07-09_12-59-42 Episode 85: New best reward 3.90, training model saved.
2026-07-09_12-59-52 Episode 108: New best reward 4.50, training model saved.
2026-07-09_12-59-59 Episode 123: New best reward 6.60, training model saved.
2026-07-09_13-00-04 Episode 134: New best reward 8.40, training model saved.
2026-07-09_13-01-05 Episode 264: New best reward 10.90, training model saved.
2026-07-09_13-01-13 Episode 277: New best reward 11.00, training model saved.
2026-07-09_13-06-46 Episode 863: New best reward 13.30, training model saved.
2026-07-09_13-07-12 Episode 901: New best reward 13.50, training model saved.
2026-07-09_13-07-22 Episode 913: New best reward 13.80, training model saved.
2026-07-09_13-08-22 Episode 1000: New best greedy reward 6.60, model saved.
2026-07-09_13-08-51 Episode 1041: New best reward 15.10, training model saved.
2026-07-09_13-09-09 Episode 1063: New best reward 36.60, training model saved.
2026-07-09_13-12-17 Episode 1262: New best reward 37.30, training model saved.
2026-07-09_13-12-54 Episode 1290: New best reward 60.10, training model saved.
2026-07-09_13-23-48 Episode 2000: New best greedy reward 24.90, model saved.
2026-07-09_13-24-05 Episode 2010: New best reward 62.70, training model saved.
2026-07-09_13-24-46 Episode 2041: New best reward 62.80, training model saved.
2026-07-09_13-25-20 Episode 2061: New best reward 83.00, training model saved.
2026-07-09_13-25-42 Episode 2069: New best reward 90.80, training model saved.
2026-07-09_13-25-56 Episode 2073: New best reward 102.00, training model saved.
2026-07-09_13-37-02 Episode 2528: New best reward 111.60, training model saved.
2026-07-09_13-37-39 Episode 2540: New best reward 112.10, training model saved.
2026-07-09_13-37-52 Episode 2541: New best reward 182.10, training model saved.
2026-07-09_13-42-02 Episode 2627: New best reward 272.10, training model saved.
2026-07-09_13-43-10 Episode 2638: New best reward 373.20, training model saved.
2026-07-09_13-44-06: Training starting...
Device: cuda
2026-07-09_13-44-07 Episode 0: New best reward -8.10, training model saved.
2026-07-09_13-44-07 Episode 0: New best greedy reward 2.00, model saved.
2026-07-09_13-44-07 Episode 1: New best reward -5.70, training model saved.
2026-07-09_13-44-29 Episode 45: New best reward -5.10, training model saved.
2026-07-09_13-44-30 Episode 46: New best reward -3.90, training model saved.
2026-07-09_13-44-34 Episode 56: New best reward -3.30, training model saved.
2026-07-09_13-44-38 Episode 63: New best reward -1.50, training model saved.
2026-07-09_13-44-39 Episode 64: New best reward -0.30, training model saved.
2026-07-09_13-44-43 Episode 73: New best reward 1.50, training model saved.
2026-07-09_13-44-50 Episode 85: New best reward 3.30, training model saved.
2026-07-09_13-44-51 Episode 89: New best reward 3.90, training model saved.
2026-07-09_13-45-00 Episode 106: New best reward 4.60, training model saved.
2026-07-09_13-45-03 Episode 113: New best reward 4.90, training model saved.
2026-07-09_13-45-04 Episode 116: New best reward 6.10, training model saved.
2026-07-09_13-45-10 Episode 125: New best reward 6.60, training model saved.
2026-07-09_13-45-20 Episode 143: New best reward 8.40, training model saved.
2026-07-09_13-52-36 Episode 1000: New best greedy reward 3.90, model saved.
2026-07-09_13-54-05 Episode 1177: New best reward 9.20, training model saved.
2026-07-09_14-00-33: Training starting...
Device: cuda
2026-07-09_14-00-34 Episode 0: New best reward -8.10, training model saved.
2026-07-09_14-00-34 Episode 0: New best greedy reward 2.00, model saved.
2026-07-09_14-00-35 Episode 1: New best reward -5.70, training model saved.
2026-07-09_14-01-07 Episode 73: New best reward -2.10, training model saved.
2026-07-09_14-01-12 Episode 81: New best reward -1.50, training model saved.
2026-07-09_14-01-14 Episode 85: New best reward 0.30, training model saved.
2026-07-09_14-01-16 Episode 89: New best reward 0.90, training model saved.
2026-07-09_14-01-32 Episode 123: New best reward 3.90, training model saved.
2026-07-09_14-01-59 Episode 183: New best reward 4.30, training model saved.
2026-07-09_14-02-13 Episode 211: New best reward 4.40, training model saved.
2026-07-09_14-02-31 Episode 249: New best reward 6.40, training model saved.
2026-07-09_14-02-38 Episode 263: New best reward 8.40, training model saved.
2026-07-09_14-06-13 Episode 688: New best reward 10.80, training model saved.
2026-07-09_14-06-42 Episode 739: New best reward 17.90, training model saved.
2026-07-09_14-08-50 Episode 1000: New best greedy reward 3.90, model saved.
2026-07-09_14-16-21: Training starting...
Device: cuda
2026-07-09_14-16-21 Episode 0: New best reward -8.10, training model saved.
2026-07-09_14-16-22 Episode 0: New best greedy reward 2.00, model saved.
2026-07-09_14-16-22 Episode 1: New best reward -5.70, training model saved.
2026-07-09_14-17-00 Episode 81: New best reward -2.10, training model saved.
2026-07-09_14-17-02 Episode 85: New best reward 0.30, training model saved.
2026-07-09_14-17-59 Episode 211: New best reward 2.70, training model saved.
2026-07-09_14-18-13 Episode 243: New best reward 3.90, training model saved.
2026-07-09_14-18-35 Episode 287: New best reward 4.30, training model saved.
2026-07-09_14-19-01 Episode 338: New best reward 4.70, training model saved.
2026-07-09_14-19-09 Episode 358: New best reward 5.00, training model saved.
2026-07-09_14-19-43 Episode 428: New best reward 6.80, training model saved.
2026-07-09_14-19-57 Episode 459: New best reward 8.40, training model saved.
2026-07-09_14-22-09: Training starting...
Device: cuda
2026-07-09_14-22-10 Episode 0: New best reward -8.10, training model saved.
2026-07-09_14-22-10 Episode 0: New best greedy reward 2.00, model saved.
2026-07-09_14-22-10 Episode 1: New best reward -5.70, training model saved.
2026-07-09_14-22-42 Episode 73: New best reward -5.10, training model saved.
2026-07-09_14-22-46 Episode 81: New best reward -1.50, training model saved.
2026-07-09_14-22-48 Episode 85: New best reward 0.30, training model saved.
2026-07-09_14-22-49 Episode 89: New best reward 2.10, training model saved.
2026-07-09_14-22-52 Episode 96: New best reward 3.90, training model saved.
2026-07-09_14-23-05 Episode 123: New best reward 6.10, training model saved.
2026-07-09_14-23-14 Episode 144: New best reward 6.20, training model saved.
2026-07-09_14-23-24 Episode 165: New best reward 6.40, training model saved.
2026-07-09_14-23-37 Episode 193: New best reward 11.10, training model saved.
2026-07-09_14-25-56 Episode 476: New best reward 13.60, training model saved.
2026-07-09_14-26-45 Episode 557: New best reward 15.60, training model saved.
2026-07-09_14-27-12 Episode 593: New best reward 15.70, training model saved.
2026-07-09_14-27-15 Episode 597: New best reward 17.90, training model saved.
2026-07-09_14-27-39 Episode 629: New best reward 20.80, training model saved.
2026-07-09_14-27-53 Episode 643: New best reward 41.90, training model saved.
2026-07-09_14-29-34 Episode 739: New best reward 45.90, training model saved.
2026-07-09_14-30-01 Episode 763: New best reward 79.40, training model saved.
2026-07-09_14-30-15 Episode 768: New best reward 102.20, training model saved.
2026-07-09_14-35-36 Episode 1000: New best greedy reward 4.00, model saved.
2026-07-09_14-36-03 Episode 1010: New best reward 106.40, training model saved.
2026-07-09_14-36-56 Episode 1033: New best reward 124.90, training model saved.
2026-07-09_14-41-11 Episode 1188: New best reward 148.40, training model saved.
2026-07-09_14-45-06 Episode 1267: New best reward 248.60, training model saved.
2026-07-09_14-50-26 Episode 1334: New best reward 502.90, training model saved.
2026-07-09_14-56-37 Episode 1410: New best reward 764.40, training model saved.
2026-07-09_15-07-50: Training starting...
Device: cuda
2026-07-09_15-07-51 Episode 0: New best reward -8.10, training model saved.
2026-07-09_15-07-51 Episode 0: New best greedy reward 2.00, model saved.
2026-07-09_15-07-52 Episode 1: New best reward -5.70, training model saved.
2026-07-09_15-08-27 Episode 81: New best reward -2.10, training model saved.
2026-07-09_15-08-29 Episode 85: New best reward 0.30, training model saved.
2026-07-09_15-08-45 Episode 123: New best reward 3.90, training model saved.
2026-07-09_15-09-02 Episode 162: New best reward 4.20, training model saved.
2026-07-09_15-09-23 Episode 208: New best reward 4.30, training model saved.
2026-07-09_15-09-25 Episode 211: New best reward 4.90, training model saved.
2026-07-09_15-09-49 Episode 266: New best reward 6.70, training model saved.
2026-07-09_15-10-09 Episode 313: New best reward 8.40, training model saved.
2026-07-09_15-10-42 Episode 384: New best reward 10.50, training model saved.
2026-07-09_15-10-44 Episode 388: New best reward 10.60, training model saved.
2026-07-09_15-10-58 Episode 414: New best reward 12.90, training model saved.
2026-07-09_15-12-27 Episode 594: New best reward 13.40, training model saved.
2026-07-09_15-16-08 Episode 988: New best reward 26.90, training model saved.
2026-07-09_15-16-16 Episode 1000: New best greedy reward 8.40, model saved.
2026-07-09_15-20-16 Episode 1337: New best reward 45.90, training model saved.
2026-07-09_15-26-41 Episode 1788: New best reward 46.80, training model saved.
2026-07-09_15-28-18 Episode 1884: New best reward 48.10, training model saved.
2026-07-09_15-28-36 Episode 1899: New best reward 56.10, training model saved.
2026-07-09_15-30-25 Episode 2000: New best greedy reward 33.00, model saved.
2026-07-09_15-37-02 Episode 2460: New best reward 66.90, training model saved.
2026-07-09_15-38-43 Episode 2535: New best reward 71.60, training model saved.
2026-07-09_15-41-12 Episode 2647: New best reward 83.90, training model saved.
2026-07-09_15-43-56 Episode 2717: New best reward 176.40, training model saved.
2026-07-09_15-52-06: Training starting...
Device: cuda
2026-07-09_15-52-06 Episode 0: New best reward -8.10, training model saved.
2026-07-09_15-52-07 Episode 0: New best greedy reward 2.00, model saved.
2026-07-09_15-52-07 Episode 1: New best reward -5.70, training model saved.
2026-07-09_15-52-42 Episode 81: New best reward -2.10, training model saved.
2026-07-09_15-53-27 Episode 187: New best reward 0.30, training model saved.
2026-07-09_15-53-37 Episode 211: New best reward 2.70, training model saved.
2026-07-09_15-53-47 Episode 235: New best reward 3.90, training model saved.
2026-07-09_15-54-10 Episode 287: New best reward 4.10, training model saved.
2026-07-09_15-54-43 Episode 360: New best reward 6.20, training model saved.
2026-07-09_15-55-11 Episode 425: New best reward 8.40, training model saved.
2026-07-09_15-55-52 Episode 517: New best reward 8.80, training model saved.
2026-07-09_15-57-22 Episode 714: New best reward 12.90, training model saved.
2026-07-09_16-00-19 Episode 1061: New best reward 13.20, training model saved.
2026-07-09_16-01-16 Episode 1163: New best reward 13.60, training model saved.
2026-07-09_16-03-25 Episode 1371: New best reward 15.40, training model saved.
2026-07-09_16-03-49 Episode 1410: New best reward 15.80, training model saved.
2026-07-09_16-04-26 Episode 1467: New best reward 20.60, training model saved.
2026-07-09_16-05-18 Episode 1542: New best reward 22.70, training model saved.
2026-07-09_16-06-31 Episode 1650: New best reward 25.10, training model saved.
2026-07-09_16-06-41 Episode 1662: New best reward 29.60, training model saved.
2026-07-09_16-07-43 Episode 1738: New best reward 41.90, training model saved.
2026-07-09_16-09-39 Episode 1859: New best reward 42.00, training model saved.
2026-07-09_16-10-58 Episode 1925: New best reward 46.50, training model saved.
2026-07-09_16-11-09 Episode 1932: New best reward 57.80, training model saved.
2026-07-09_16-12-38 Episode 2000: New best greedy reward 36.40, model saved.
2026-07-09_16-12-44 Episode 2003: New best reward 67.30, training model saved.
2026-07-09_16-12-57 Episode 2010: New best reward 76.70, training model saved.
2026-07-09_16-14-22 Episode 2050: New best reward 79.50, training model saved.
2026-07-09_16-16-28 Episode 2113: New best reward 113.80, training model saved.
2026-07-09_16-17-11 Episode 2130: New best reward 149.10, training model saved.
2026-07-09_16-17-54 Episode 2139: New best reward 165.30, training model saved.
2026-07-09_16-18-29 Episode 2145: New best reward 200.70, training model saved.
2026-07-09_16-22-53 Episode 2221: New best reward 218.40, training model saved.
2026-07-09_16-24-33 Episode 2242: New best reward 279.90, training model saved.
2026-07-09_16-30-59 Episode 2315: New best reward 619.30, training model saved.
2026-07-09_16-41-39: Training starting...
Device: cuda
2026-07-09_16-41-40 Episode 0: New best reward -8.10, training model saved.
2026-07-09_16-41-40 Episode 0: New best greedy reward 2.00, model saved.
2026-07-09_16-41-41 Episode 1: New best reward -5.70, training model saved.
2026-07-09_16-42-16 Episode 81: New best reward -2.70, training model saved.
2026-07-09_16-42-18 Episode 85: New best reward 0.30, training model saved.
2026-07-09_16-42-19 Episode 89: New best reward 2.10, training model saved.
2026-07-09_16-42-34 Episode 123: New best reward 6.10, training model saved.
2026-07-09_16-42-37 Episode 130: New best reward 6.20, training model saved.
2026-07-09_16-43-17 Episode 222: New best reward 6.70, training model saved.
2026-07-09_16-43-47 Episode 292: New best reward 8.40, training model saved.
2026-07-09_16-43-55 Episode 310: New best reward 9.20, training model saved.
2026-07-09_16-44-34 Episode 394: New best reward 9.30, training model saved.
2026-07-09_16-44-40 Episode 406: New best reward 12.90, training model saved.
2026-07-09_16-46-42 Episode 651: New best reward 17.90, training model saved.
2026-07-09_16-48-25 Episode 819: New best reward 27.30, training model saved.
2026-07-09_16-48-39 Episode 835: New best reward 27.60, training model saved.
2026-07-09_16-50-11 Episode 957: New best reward 32.50, training model saved.
2026-07-09_16-50-49 Episode 1000: New best greedy reward 13.60, model saved.
2026-07-09_16-51-14 Episode 1026: New best reward 34.70, training model saved.
2026-07-09_16-53-20 Episode 1170: New best reward 40.90, training model saved.
2026-07-09_16-53-35 Episode 1181: New best reward 43.10, training model saved.
2026-07-09_16-56-40 Episode 1338: New best reward 75.10, training model saved.
2026-07-09_16-58-12 Episode 1400: New best reward 76.20, training model saved.
2026-07-09_17-00-24 Episode 1482: New best reward 107.30, training model saved.
2026-07-09_17-02-52 Episode 1540: New best reward 126.10, training model saved.
2026-07-09_17-04-47 Episode 1587: New best reward 208.90, training model saved.
2026-07-09_17-05-04 Episode 1589: New best reward 216.20, training model saved.
2026-07-09_17-05-55 Episode 1603: New best reward 232.40, training model saved.
2026-07-09_17-20-07 Episode 1869: New best reward 242.00, training model saved.
2026-07-09_17-20-33 Episode 1870: New best reward 456.40, training model saved.
[worker] done. total trials in study: 400
study: ppo_5841602
algorithm: ppo
completed trials: 68 / 400 total
best value (mean greedy reward): 712.3400
best trial: #160
best params:
  learning_rate_a: 0.00046795361557161886
  ppo_epochs: 3
  ent_coef: 0.0016714398762244184
  clip_eps: 0.2
  gae_lambda: 0.9240035046770071
  vf_coef: 0.6651351269934721
  rollout_steps: 4096
  minibatch_size: 128
  hidden_dim: 512
exported to hyperparams.yml as: flappybird_ppo_tuned
run it with: sbatch train.sh flappybird_ppo_tuned

============================= JOB FEEDBACK =============================

NodeName=uc2n912
Job ID: 5841602
Cluster: uc3
User/Group: ul_lmm50/ul_student
State: COMPLETED (exit code 0)
Nodes: 1
Cores per node: 32
CPU Utilized: 6-21:43:11
CPU Efficiency: 48.18% of 14-07:55:44 core-walltime
Job Wall-clock time: 10:44:52
Memory Utilized: 33.16 GB
Memory Efficiency: 17.68% of 187.50 GB (187.50 GB/node)
